Execute       source -notrace -encoding utf-8 C:/AMDDesignTools/2025.2/Vitis/tps/tcl/tcl8.6/clock.tcl 
Execute         source -encoding utf-8 C:/AMDDesignTools/2025.2/Vitis/tps/tcl/tcl8/8.5/msgcat-1.6.1.tm 
Execute           source C:/AMDDesignTools/2025.2/Vitis/tps/tcl/tcllib2.0/0compatibility/pkgIndex.tcl 
Execute           source C:/AMDDesignTools/2025.2/Vitis/tps/tcl/tcllib2.0/amazon-s3/pkgIndex.tcl 
Execute           source C:/AMDDesignTools/2025.2/Vitis/tps/tcl/tcllib2.0/asn/pkgIndex.tcl 
Execute           source C:/AMDDesignTools/2025.2/Vitis/tps/tcl/tcllib2.0/base32/pkgIndex.tcl 
Execute           source C:/AMDDesignTools/2025.2/Vitis/tps/tcl/tcllib2.0/base64/pkgIndex.tcl 
Execute           source C:/AMDDesignTools/2025.2/Vitis/tps/tcl/tcllib2.0/bee/pkgIndex.tcl 
Execute           source C:/AMDDesignTools/2025.2/Vitis/tps/tcl/tcllib2.0/bench/pkgIndex.tcl 
Execute           source C:/AMDDesignTools/2025.2/Vitis/tps/tcl/tcllib2.0/bibtex/pkgIndex.tcl 
Execute           source C:/AMDDesignTools/2025.2/Vitis/tps/tcl/tcllib2.0/cache/pkgIndex.tcl 
Execute           source C:/AMDDesignTools/2025.2/Vitis/tps/tcl/tcllib2.0/clay/pkgIndex.tcl 
Execute           source C:/AMDDesignTools/2025.2/Vitis/tps/tcl/tcllib2.0/clock/pkgIndex.tcl 
Execute           source C:/AMDDesignTools/2025.2/Vitis/tps/tcl/tcllib2.0/cmdline/pkgIndex.tcl 
Execute           source C:/AMDDesignTools/2025.2/Vitis/tps/tcl/tcllib2.0/comm/pkgIndex.tcl 
Execute           source C:/AMDDesignTools/2025.2/Vitis/tps/tcl/tcllib2.0/control/pkgIndex.tcl 
Execute           source C:/AMDDesignTools/2025.2/Vitis/tps/tcl/tcllib2.0/coroutine/pkgIndex.tcl 
Execute           source C:/AMDDesignTools/2025.2/Vitis/tps/tcl/tcllib2.0/counter/pkgIndex.tcl 
Execute           source C:/AMDDesignTools/2025.2/Vitis/tps/tcl/tcllib2.0/crc/pkgIndex.tcl 
Execute           source C:/AMDDesignTools/2025.2/Vitis/tps/tcl/tcllib2.0/cron/pkgIndex.tcl 
Execute           source C:/AMDDesignTools/2025.2/Vitis/tps/tcl/tcllib2.0/csv/pkgIndex.tcl 
Execute           source C:/AMDDesignTools/2025.2/Vitis/tps/tcl/tcllib2.0/debug/pkgIndex.tcl 
Execute           source C:/AMDDesignTools/2025.2/Vitis/tps/tcl/tcllib2.0/defer/pkgIndex.tcl 
Execute           source C:/AMDDesignTools/2025.2/Vitis/tps/tcl/tcllib2.0/dicttool/pkgIndex.tcl 
Execute           source C:/AMDDesignTools/2025.2/Vitis/tps/tcl/tcllib2.0/dns/pkgIndex.tcl 
Execute           source C:/AMDDesignTools/2025.2/Vitis/tps/tcl/tcllib2.0/docstrip/pkgIndex.tcl 
Execute           source C:/AMDDesignTools/2025.2/Vitis/tps/tcl/tcllib2.0/doctools/pkgIndex.tcl 
Execute           source C:/AMDDesignTools/2025.2/Vitis/tps/tcl/tcllib2.0/doctools2base/pkgIndex.tcl 
Execute           source C:/AMDDesignTools/2025.2/Vitis/tps/tcl/tcllib2.0/doctools2idx/pkgIndex.tcl 
Execute           source C:/AMDDesignTools/2025.2/Vitis/tps/tcl/tcllib2.0/doctools2toc/pkgIndex.tcl 
Execute           source C:/AMDDesignTools/2025.2/Vitis/tps/tcl/tcllib2.0/dtplite/pkgIndex.tcl 
Execute           source C:/AMDDesignTools/2025.2/Vitis/tps/tcl/tcllib2.0/fileutil/pkgIndex.tcl 
Execute           source C:/AMDDesignTools/2025.2/Vitis/tps/tcl/tcllib2.0/ftp/pkgIndex.tcl 
Execute           source C:/AMDDesignTools/2025.2/Vitis/tps/tcl/tcllib2.0/ftpd/pkgIndex.tcl 
Execute           source C:/AMDDesignTools/2025.2/Vitis/tps/tcl/tcllib2.0/fumagic/pkgIndex.tcl 
Execute           source C:/AMDDesignTools/2025.2/Vitis/tps/tcl/tcllib2.0/generator/pkgIndex.tcl 
Execute           source C:/AMDDesignTools/2025.2/Vitis/tps/tcl/tcllib2.0/gpx/pkgIndex.tcl 
Execute           source C:/AMDDesignTools/2025.2/Vitis/tps/tcl/tcllib2.0/grammar_aycock/pkgIndex.tcl 
Execute           source C:/AMDDesignTools/2025.2/Vitis/tps/tcl/tcllib2.0/grammar_fa/pkgIndex.tcl 
Execute           source C:/AMDDesignTools/2025.2/Vitis/tps/tcl/tcllib2.0/grammar_me/pkgIndex.tcl 
Execute           source C:/AMDDesignTools/2025.2/Vitis/tps/tcl/tcllib2.0/grammar_peg/pkgIndex.tcl 
Execute           source C:/AMDDesignTools/2025.2/Vitis/tps/tcl/tcllib2.0/hook/pkgIndex.tcl 
Execute           source C:/AMDDesignTools/2025.2/Vitis/tps/tcl/tcllib2.0/html/pkgIndex.tcl 
Execute           source C:/AMDDesignTools/2025.2/Vitis/tps/tcl/tcllib2.0/htmlparse/pkgIndex.tcl 
Execute           source C:/AMDDesignTools/2025.2/Vitis/tps/tcl/tcllib2.0/http/pkgIndex.tcl 
Execute           source C:/AMDDesignTools/2025.2/Vitis/tps/tcl/tcllib2.0/httpd/pkgIndex.tcl 
Execute           source C:/AMDDesignTools/2025.2/Vitis/tps/tcl/tcllib2.0/httpwget/pkgIndex.tcl 
Execute           source C:/AMDDesignTools/2025.2/Vitis/tps/tcl/tcllib2.0/ident/pkgIndex.tcl 
Execute           source C:/AMDDesignTools/2025.2/Vitis/tps/tcl/tcllib2.0/imap4/pkgIndex.tcl 
Execute           source C:/AMDDesignTools/2025.2/Vitis/tps/tcl/tcllib2.0/inifile/pkgIndex.tcl 
Execute           source C:/AMDDesignTools/2025.2/Vitis/tps/tcl/tcllib2.0/interp/pkgIndex.tcl 
Execute           source C:/AMDDesignTools/2025.2/Vitis/tps/tcl/tcllib2.0/irc/pkgIndex.tcl 
Execute           source C:/AMDDesignTools/2025.2/Vitis/tps/tcl/tcllib2.0/javascript/pkgIndex.tcl 
Execute           source C:/AMDDesignTools/2025.2/Vitis/tps/tcl/tcllib2.0/jpeg/pkgIndex.tcl 
Execute           source C:/AMDDesignTools/2025.2/Vitis/tps/tcl/tcllib2.0/json/pkgIndex.tcl 
Execute           source C:/AMDDesignTools/2025.2/Vitis/tps/tcl/tcllib2.0/lambda/pkgIndex.tcl 
Execute           source C:/AMDDesignTools/2025.2/Vitis/tps/tcl/tcllib2.0/lazyset/pkgIndex.tcl 
Execute           source C:/AMDDesignTools/2025.2/Vitis/tps/tcl/tcllib2.0/ldap/pkgIndex.tcl 
Execute           source C:/AMDDesignTools/2025.2/Vitis/tps/tcl/tcllib2.0/log/pkgIndex.tcl 
Execute           source C:/AMDDesignTools/2025.2/Vitis/tps/tcl/tcllib2.0/map/pkgIndex.tcl 
Execute           source C:/AMDDesignTools/2025.2/Vitis/tps/tcl/tcllib2.0/mapproj/pkgIndex.tcl 
Execute           source C:/AMDDesignTools/2025.2/Vitis/tps/tcl/tcllib2.0/markdown/pkgIndex.tcl 
Execute           source C:/AMDDesignTools/2025.2/Vitis/tps/tcl/tcllib2.0/math/pkgIndex.tcl 
Execute           source C:/AMDDesignTools/2025.2/Vitis/tps/tcl/tcllib2.0/md4/pkgIndex.tcl 
Execute           source C:/AMDDesignTools/2025.2/Vitis/tps/tcl/tcllib2.0/md5/pkgIndex.tcl 
Execute           source C:/AMDDesignTools/2025.2/Vitis/tps/tcl/tcllib2.0/md5crypt/pkgIndex.tcl 
Execute           source C:/AMDDesignTools/2025.2/Vitis/tps/tcl/tcllib2.0/mime/pkgIndex.tcl 
Execute           source C:/AMDDesignTools/2025.2/Vitis/tps/tcl/tcllib2.0/mkdoc/pkgIndex.tcl 
Execute           source C:/AMDDesignTools/2025.2/Vitis/tps/tcl/tcllib2.0/multiplexer/pkgIndex.tcl 
Execute           source C:/AMDDesignTools/2025.2/Vitis/tps/tcl/tcllib2.0/namespacex/pkgIndex.tcl 
Execute           source C:/AMDDesignTools/2025.2/Vitis/tps/tcl/tcllib2.0/ncgi/pkgIndex.tcl 
Execute           source C:/AMDDesignTools/2025.2/Vitis/tps/tcl/tcllib2.0/nettool/pkgIndex.tcl 
Execute           source C:/AMDDesignTools/2025.2/Vitis/tps/tcl/tcllib2.0/nmea/pkgIndex.tcl 
Execute           source C:/AMDDesignTools/2025.2/Vitis/tps/tcl/tcllib2.0/nns/pkgIndex.tcl 
Execute           source C:/AMDDesignTools/2025.2/Vitis/tps/tcl/tcllib2.0/nntp/pkgIndex.tcl 
Execute           source C:/AMDDesignTools/2025.2/Vitis/tps/tcl/tcllib2.0/ntp/pkgIndex.tcl 
Execute           source C:/AMDDesignTools/2025.2/Vitis/tps/tcl/tcllib2.0/oauth/pkgIndex.tcl 
Execute           source C:/AMDDesignTools/2025.2/Vitis/tps/tcl/tcllib2.0/oodialect/pkgIndex.tcl 
Execute           source C:/AMDDesignTools/2025.2/Vitis/tps/tcl/tcllib2.0/oometa/pkgIndex.tcl 
Execute           source C:/AMDDesignTools/2025.2/Vitis/tps/tcl/tcllib2.0/ooutil/pkgIndex.tcl 
Execute           source C:/AMDDesignTools/2025.2/Vitis/tps/tcl/tcllib2.0/otp/pkgIndex.tcl 
Execute           source C:/AMDDesignTools/2025.2/Vitis/tps/tcl/tcllib2.0/page/pkgIndex.tcl 
Execute           source C:/AMDDesignTools/2025.2/Vitis/tps/tcl/tcllib2.0/pluginmgr/pkgIndex.tcl 
Execute           source C:/AMDDesignTools/2025.2/Vitis/tps/tcl/tcllib2.0/png/pkgIndex.tcl 
Execute           source C:/AMDDesignTools/2025.2/Vitis/tps/tcl/tcllib2.0/pop3/pkgIndex.tcl 
Execute           source C:/AMDDesignTools/2025.2/Vitis/tps/tcl/tcllib2.0/pop3d/pkgIndex.tcl 
Execute           source C:/AMDDesignTools/2025.2/Vitis/tps/tcl/tcllib2.0/practcl/pkgIndex.tcl 
Execute           source C:/AMDDesignTools/2025.2/Vitis/tps/tcl/tcllib2.0/processman/pkgIndex.tcl 
Execute           source C:/AMDDesignTools/2025.2/Vitis/tps/tcl/tcllib2.0/profiler/pkgIndex.tcl 
Execute           source C:/AMDDesignTools/2025.2/Vitis/tps/tcl/tcllib2.0/pt/pkgIndex.tcl 
Execute           source C:/AMDDesignTools/2025.2/Vitis/tps/tcl/tcllib2.0/rcs/pkgIndex.tcl 
Execute           source C:/AMDDesignTools/2025.2/Vitis/tps/tcl/tcllib2.0/report/pkgIndex.tcl 
Execute           source C:/AMDDesignTools/2025.2/Vitis/tps/tcl/tcllib2.0/rest/pkgIndex.tcl 
Execute           source C:/AMDDesignTools/2025.2/Vitis/tps/tcl/tcllib2.0/ripemd/pkgIndex.tcl 
Execute           source C:/AMDDesignTools/2025.2/Vitis/tps/tcl/tcllib2.0/sasl/pkgIndex.tcl 
Execute           source C:/AMDDesignTools/2025.2/Vitis/tps/tcl/tcllib2.0/sha1/pkgIndex.tcl 
Execute           source C:/AMDDesignTools/2025.2/Vitis/tps/tcl/tcllib2.0/simulation/pkgIndex.tcl 
Execute           source C:/AMDDesignTools/2025.2/Vitis/tps/tcl/tcllib2.0/smtpd/pkgIndex.tcl 
Execute           source C:/AMDDesignTools/2025.2/Vitis/tps/tcl/tcllib2.0/snit/pkgIndex.tcl 
Execute           source C:/AMDDesignTools/2025.2/Vitis/tps/tcl/tcllib2.0/soundex/pkgIndex.tcl 
Execute           source C:/AMDDesignTools/2025.2/Vitis/tps/tcl/tcllib2.0/stooop/pkgIndex.tcl 
Execute           source C:/AMDDesignTools/2025.2/Vitis/tps/tcl/tcllib2.0/string/pkgIndex.tcl 
Execute           source C:/AMDDesignTools/2025.2/Vitis/tps/tcl/tcllib2.0/stringprep/pkgIndex.tcl 
Execute           source C:/AMDDesignTools/2025.2/Vitis/tps/tcl/tcllib2.0/struct/pkgIndex.tcl 
Execute           source C:/AMDDesignTools/2025.2/Vitis/tps/tcl/tcllib2.0/tar/pkgIndex.tcl 
Execute           source C:/AMDDesignTools/2025.2/Vitis/tps/tcl/tcllib2.0/tepam/pkgIndex.tcl 
Execute           source C:/AMDDesignTools/2025.2/Vitis/tps/tcl/tcllib2.0/term/pkgIndex.tcl 
Execute           source C:/AMDDesignTools/2025.2/Vitis/tps/tcl/tcllib2.0/textutil/pkgIndex.tcl 
Execute           source C:/AMDDesignTools/2025.2/Vitis/tps/tcl/tcllib2.0/tie/pkgIndex.tcl 
Execute           source C:/AMDDesignTools/2025.2/Vitis/tps/tcl/tcllib2.0/tiff/pkgIndex.tcl 
Execute           source C:/AMDDesignTools/2025.2/Vitis/tps/tcl/tcllib2.0/tool/pkgIndex.tcl 
Execute           source C:/AMDDesignTools/2025.2/Vitis/tps/tcl/tcllib2.0/transfer/pkgIndex.tcl 
Execute           source C:/AMDDesignTools/2025.2/Vitis/tps/tcl/tcllib2.0/treeql/pkgIndex.tcl 
Execute           source C:/AMDDesignTools/2025.2/Vitis/tps/tcl/tcllib2.0/try/pkgIndex.tcl 
Execute           source C:/AMDDesignTools/2025.2/Vitis/tps/tcl/tcllib2.0/udpcluster/pkgIndex.tcl 
Execute           source C:/AMDDesignTools/2025.2/Vitis/tps/tcl/tcllib2.0/uev/pkgIndex.tcl 
Execute           source C:/AMDDesignTools/2025.2/Vitis/tps/tcl/tcllib2.0/units/pkgIndex.tcl 
Execute           source C:/AMDDesignTools/2025.2/Vitis/tps/tcl/tcllib2.0/uri/pkgIndex.tcl 
Execute           source C:/AMDDesignTools/2025.2/Vitis/tps/tcl/tcllib2.0/uuid/pkgIndex.tcl 
Execute           source C:/AMDDesignTools/2025.2/Vitis/tps/tcl/tcllib2.0/valtype/pkgIndex.tcl 
Execute           source C:/AMDDesignTools/2025.2/Vitis/tps/tcl/tcllib2.0/virtchannel_base/pkgIndex.tcl 
Execute           source C:/AMDDesignTools/2025.2/Vitis/tps/tcl/tcllib2.0/virtchannel_core/pkgIndex.tcl 
Execute           source C:/AMDDesignTools/2025.2/Vitis/tps/tcl/tcllib2.0/virtchannel_transform/pkgIndex.tcl 
Execute           source C:/AMDDesignTools/2025.2/Vitis/tps/tcl/tcllib2.0/websocket/pkgIndex.tcl 
Execute           source C:/AMDDesignTools/2025.2/Vitis/tps/tcl/tcllib2.0/wip/pkgIndex.tcl 
Execute           source C:/AMDDesignTools/2025.2/Vitis/tps/tcl/tcllib2.0/yaml/pkgIndex.tcl 
Execute           source C:/AMDDesignTools/2025.2/Vitis/tps/tcl/tcllib2.0/zip/pkgIndex.tcl 
Execute           source C:/AMDDesignTools/2025.2/Vitis/tps/tcl/tcllib2.0/pkgIndex.tcl 
Execute             source C:/AMDDesignTools/2025.2/Vitis/tps/tcl/tcllib2.0/0compatibility/pkgIndex.tcl 
Execute             source C:/AMDDesignTools/2025.2/Vitis/tps/tcl/tcllib2.0/amazon-s3/pkgIndex.tcl 
Execute             source C:/AMDDesignTools/2025.2/Vitis/tps/tcl/tcllib2.0/asn/pkgIndex.tcl 
Execute             source C:/AMDDesignTools/2025.2/Vitis/tps/tcl/tcllib2.0/base32/pkgIndex.tcl 
Execute             source C:/AMDDesignTools/2025.2/Vitis/tps/tcl/tcllib2.0/base64/pkgIndex.tcl 
Execute             source C:/AMDDesignTools/2025.2/Vitis/tps/tcl/tcllib2.0/bee/pkgIndex.tcl 
Execute             source C:/AMDDesignTools/2025.2/Vitis/tps/tcl/tcllib2.0/bench/pkgIndex.tcl 
Execute             source C:/AMDDesignTools/2025.2/Vitis/tps/tcl/tcllib2.0/bibtex/pkgIndex.tcl 
Execute             source C:/AMDDesignTools/2025.2/Vitis/tps/tcl/tcllib2.0/cache/pkgIndex.tcl 
Execute             source C:/AMDDesignTools/2025.2/Vitis/tps/tcl/tcllib2.0/clay/pkgIndex.tcl 
Execute             source C:/AMDDesignTools/2025.2/Vitis/tps/tcl/tcllib2.0/clock/pkgIndex.tcl 
Execute             source C:/AMDDesignTools/2025.2/Vitis/tps/tcl/tcllib2.0/cmdline/pkgIndex.tcl 
Execute             source C:/AMDDesignTools/2025.2/Vitis/tps/tcl/tcllib2.0/comm/pkgIndex.tcl 
Execute             source C:/AMDDesignTools/2025.2/Vitis/tps/tcl/tcllib2.0/control/pkgIndex.tcl 
Execute             source C:/AMDDesignTools/2025.2/Vitis/tps/tcl/tcllib2.0/coroutine/pkgIndex.tcl 
Execute             source C:/AMDDesignTools/2025.2/Vitis/tps/tcl/tcllib2.0/counter/pkgIndex.tcl 
Execute             source C:/AMDDesignTools/2025.2/Vitis/tps/tcl/tcllib2.0/crc/pkgIndex.tcl 
Execute             source C:/AMDDesignTools/2025.2/Vitis/tps/tcl/tcllib2.0/cron/pkgIndex.tcl 
Execute             source C:/AMDDesignTools/2025.2/Vitis/tps/tcl/tcllib2.0/csv/pkgIndex.tcl 
Execute             source C:/AMDDesignTools/2025.2/Vitis/tps/tcl/tcllib2.0/debug/pkgIndex.tcl 
Execute             source C:/AMDDesignTools/2025.2/Vitis/tps/tcl/tcllib2.0/defer/pkgIndex.tcl 
Execute             source C:/AMDDesignTools/2025.2/Vitis/tps/tcl/tcllib2.0/dicttool/pkgIndex.tcl 
Execute             source C:/AMDDesignTools/2025.2/Vitis/tps/tcl/tcllib2.0/dns/pkgIndex.tcl 
Execute             source C:/AMDDesignTools/2025.2/Vitis/tps/tcl/tcllib2.0/docstrip/pkgIndex.tcl 
Execute             source C:/AMDDesignTools/2025.2/Vitis/tps/tcl/tcllib2.0/doctools/pkgIndex.tcl 
Execute             source C:/AMDDesignTools/2025.2/Vitis/tps/tcl/tcllib2.0/doctools2base/pkgIndex.tcl 
Execute             source C:/AMDDesignTools/2025.2/Vitis/tps/tcl/tcllib2.0/doctools2idx/pkgIndex.tcl 
Execute             source C:/AMDDesignTools/2025.2/Vitis/tps/tcl/tcllib2.0/doctools2toc/pkgIndex.tcl 
Execute             source C:/AMDDesignTools/2025.2/Vitis/tps/tcl/tcllib2.0/dtplite/pkgIndex.tcl 
Execute             source C:/AMDDesignTools/2025.2/Vitis/tps/tcl/tcllib2.0/fileutil/pkgIndex.tcl 
Execute             source C:/AMDDesignTools/2025.2/Vitis/tps/tcl/tcllib2.0/ftp/pkgIndex.tcl 
Execute             source C:/AMDDesignTools/2025.2/Vitis/tps/tcl/tcllib2.0/ftpd/pkgIndex.tcl 
Execute             source C:/AMDDesignTools/2025.2/Vitis/tps/tcl/tcllib2.0/fumagic/pkgIndex.tcl 
Execute             source C:/AMDDesignTools/2025.2/Vitis/tps/tcl/tcllib2.0/generator/pkgIndex.tcl 
Execute             source C:/AMDDesignTools/2025.2/Vitis/tps/tcl/tcllib2.0/gpx/pkgIndex.tcl 
Execute             source C:/AMDDesignTools/2025.2/Vitis/tps/tcl/tcllib2.0/grammar_aycock/pkgIndex.tcl 
Execute             source C:/AMDDesignTools/2025.2/Vitis/tps/tcl/tcllib2.0/grammar_fa/pkgIndex.tcl 
Execute             source C:/AMDDesignTools/2025.2/Vitis/tps/tcl/tcllib2.0/grammar_me/pkgIndex.tcl 
Execute             source C:/AMDDesignTools/2025.2/Vitis/tps/tcl/tcllib2.0/grammar_peg/pkgIndex.tcl 
Execute             source C:/AMDDesignTools/2025.2/Vitis/tps/tcl/tcllib2.0/hook/pkgIndex.tcl 
Execute             source C:/AMDDesignTools/2025.2/Vitis/tps/tcl/tcllib2.0/html/pkgIndex.tcl 
Execute             source C:/AMDDesignTools/2025.2/Vitis/tps/tcl/tcllib2.0/htmlparse/pkgIndex.tcl 
Execute             source C:/AMDDesignTools/2025.2/Vitis/tps/tcl/tcllib2.0/http/pkgIndex.tcl 
Execute             source C:/AMDDesignTools/2025.2/Vitis/tps/tcl/tcllib2.0/httpd/pkgIndex.tcl 
Execute             source C:/AMDDesignTools/2025.2/Vitis/tps/tcl/tcllib2.0/httpwget/pkgIndex.tcl 
Execute             source C:/AMDDesignTools/2025.2/Vitis/tps/tcl/tcllib2.0/ident/pkgIndex.tcl 
Execute             source C:/AMDDesignTools/2025.2/Vitis/tps/tcl/tcllib2.0/imap4/pkgIndex.tcl 
Execute             source C:/AMDDesignTools/2025.2/Vitis/tps/tcl/tcllib2.0/inifile/pkgIndex.tcl 
Execute             source C:/AMDDesignTools/2025.2/Vitis/tps/tcl/tcllib2.0/interp/pkgIndex.tcl 
Execute             source C:/AMDDesignTools/2025.2/Vitis/tps/tcl/tcllib2.0/irc/pkgIndex.tcl 
Execute             source C:/AMDDesignTools/2025.2/Vitis/tps/tcl/tcllib2.0/javascript/pkgIndex.tcl 
Execute             source C:/AMDDesignTools/2025.2/Vitis/tps/tcl/tcllib2.0/jpeg/pkgIndex.tcl 
Execute             source C:/AMDDesignTools/2025.2/Vitis/tps/tcl/tcllib2.0/json/pkgIndex.tcl 
Execute             source C:/AMDDesignTools/2025.2/Vitis/tps/tcl/tcllib2.0/lambda/pkgIndex.tcl 
Execute             source C:/AMDDesignTools/2025.2/Vitis/tps/tcl/tcllib2.0/lazyset/pkgIndex.tcl 
Execute             source C:/AMDDesignTools/2025.2/Vitis/tps/tcl/tcllib2.0/ldap/pkgIndex.tcl 
Execute             source C:/AMDDesignTools/2025.2/Vitis/tps/tcl/tcllib2.0/log/pkgIndex.tcl 
Execute             source C:/AMDDesignTools/2025.2/Vitis/tps/tcl/tcllib2.0/map/pkgIndex.tcl 
Execute             source C:/AMDDesignTools/2025.2/Vitis/tps/tcl/tcllib2.0/mapproj/pkgIndex.tcl 
Execute             source C:/AMDDesignTools/2025.2/Vitis/tps/tcl/tcllib2.0/markdown/pkgIndex.tcl 
Execute             source C:/AMDDesignTools/2025.2/Vitis/tps/tcl/tcllib2.0/math/pkgIndex.tcl 
Execute             source C:/AMDDesignTools/2025.2/Vitis/tps/tcl/tcllib2.0/md4/pkgIndex.tcl 
Execute             source C:/AMDDesignTools/2025.2/Vitis/tps/tcl/tcllib2.0/md5/pkgIndex.tcl 
Execute             source C:/AMDDesignTools/2025.2/Vitis/tps/tcl/tcllib2.0/md5crypt/pkgIndex.tcl 
Execute             source C:/AMDDesignTools/2025.2/Vitis/tps/tcl/tcllib2.0/mime/pkgIndex.tcl 
Execute             source C:/AMDDesignTools/2025.2/Vitis/tps/tcl/tcllib2.0/mkdoc/pkgIndex.tcl 
Execute             source C:/AMDDesignTools/2025.2/Vitis/tps/tcl/tcllib2.0/multiplexer/pkgIndex.tcl 
Execute             source C:/AMDDesignTools/2025.2/Vitis/tps/tcl/tcllib2.0/namespacex/pkgIndex.tcl 
Execute             source C:/AMDDesignTools/2025.2/Vitis/tps/tcl/tcllib2.0/ncgi/pkgIndex.tcl 
Execute             source C:/AMDDesignTools/2025.2/Vitis/tps/tcl/tcllib2.0/nettool/pkgIndex.tcl 
Execute             source C:/AMDDesignTools/2025.2/Vitis/tps/tcl/tcllib2.0/nmea/pkgIndex.tcl 
Execute             source C:/AMDDesignTools/2025.2/Vitis/tps/tcl/tcllib2.0/nns/pkgIndex.tcl 
Execute             source C:/AMDDesignTools/2025.2/Vitis/tps/tcl/tcllib2.0/nntp/pkgIndex.tcl 
Execute             source C:/AMDDesignTools/2025.2/Vitis/tps/tcl/tcllib2.0/ntp/pkgIndex.tcl 
Execute             source C:/AMDDesignTools/2025.2/Vitis/tps/tcl/tcllib2.0/oauth/pkgIndex.tcl 
Execute             source C:/AMDDesignTools/2025.2/Vitis/tps/tcl/tcllib2.0/oodialect/pkgIndex.tcl 
Execute             source C:/AMDDesignTools/2025.2/Vitis/tps/tcl/tcllib2.0/oometa/pkgIndex.tcl 
Execute             source C:/AMDDesignTools/2025.2/Vitis/tps/tcl/tcllib2.0/ooutil/pkgIndex.tcl 
Execute             source C:/AMDDesignTools/2025.2/Vitis/tps/tcl/tcllib2.0/otp/pkgIndex.tcl 
Execute             source C:/AMDDesignTools/2025.2/Vitis/tps/tcl/tcllib2.0/page/pkgIndex.tcl 
Execute             source C:/AMDDesignTools/2025.2/Vitis/tps/tcl/tcllib2.0/pluginmgr/pkgIndex.tcl 
Execute             source C:/AMDDesignTools/2025.2/Vitis/tps/tcl/tcllib2.0/png/pkgIndex.tcl 
Execute             source C:/AMDDesignTools/2025.2/Vitis/tps/tcl/tcllib2.0/pop3/pkgIndex.tcl 
Execute             source C:/AMDDesignTools/2025.2/Vitis/tps/tcl/tcllib2.0/pop3d/pkgIndex.tcl 
Execute             source C:/AMDDesignTools/2025.2/Vitis/tps/tcl/tcllib2.0/practcl/pkgIndex.tcl 
Execute             source C:/AMDDesignTools/2025.2/Vitis/tps/tcl/tcllib2.0/processman/pkgIndex.tcl 
Execute             source C:/AMDDesignTools/2025.2/Vitis/tps/tcl/tcllib2.0/profiler/pkgIndex.tcl 
Execute             source C:/AMDDesignTools/2025.2/Vitis/tps/tcl/tcllib2.0/pt/pkgIndex.tcl 
Execute             source C:/AMDDesignTools/2025.2/Vitis/tps/tcl/tcllib2.0/rcs/pkgIndex.tcl 
Execute             source C:/AMDDesignTools/2025.2/Vitis/tps/tcl/tcllib2.0/report/pkgIndex.tcl 
Execute             source C:/AMDDesignTools/2025.2/Vitis/tps/tcl/tcllib2.0/rest/pkgIndex.tcl 
Execute             source C:/AMDDesignTools/2025.2/Vitis/tps/tcl/tcllib2.0/ripemd/pkgIndex.tcl 
Execute             source C:/AMDDesignTools/2025.2/Vitis/tps/tcl/tcllib2.0/sasl/pkgIndex.tcl 
Execute             source C:/AMDDesignTools/2025.2/Vitis/tps/tcl/tcllib2.0/sha1/pkgIndex.tcl 
Execute             source C:/AMDDesignTools/2025.2/Vitis/tps/tcl/tcllib2.0/simulation/pkgIndex.tcl 
Execute             source C:/AMDDesignTools/2025.2/Vitis/tps/tcl/tcllib2.0/smtpd/pkgIndex.tcl 
Execute             source C:/AMDDesignTools/2025.2/Vitis/tps/tcl/tcllib2.0/snit/pkgIndex.tcl 
Execute             source C:/AMDDesignTools/2025.2/Vitis/tps/tcl/tcllib2.0/soundex/pkgIndex.tcl 
Execute             source C:/AMDDesignTools/2025.2/Vitis/tps/tcl/tcllib2.0/stooop/pkgIndex.tcl 
Execute             source C:/AMDDesignTools/2025.2/Vitis/tps/tcl/tcllib2.0/string/pkgIndex.tcl 
Execute             source C:/AMDDesignTools/2025.2/Vitis/tps/tcl/tcllib2.0/stringprep/pkgIndex.tcl 
Execute             source C:/AMDDesignTools/2025.2/Vitis/tps/tcl/tcllib2.0/struct/pkgIndex.tcl 
Execute             source C:/AMDDesignTools/2025.2/Vitis/tps/tcl/tcllib2.0/tar/pkgIndex.tcl 
Execute             source C:/AMDDesignTools/2025.2/Vitis/tps/tcl/tcllib2.0/tepam/pkgIndex.tcl 
Execute             source C:/AMDDesignTools/2025.2/Vitis/tps/tcl/tcllib2.0/term/pkgIndex.tcl 
Execute             source C:/AMDDesignTools/2025.2/Vitis/tps/tcl/tcllib2.0/textutil/pkgIndex.tcl 
Execute             source C:/AMDDesignTools/2025.2/Vitis/tps/tcl/tcllib2.0/tie/pkgIndex.tcl 
Execute             source C:/AMDDesignTools/2025.2/Vitis/tps/tcl/tcllib2.0/tiff/pkgIndex.tcl 
Execute             source C:/AMDDesignTools/2025.2/Vitis/tps/tcl/tcllib2.0/tool/pkgIndex.tcl 
Execute             source C:/AMDDesignTools/2025.2/Vitis/tps/tcl/tcllib2.0/transfer/pkgIndex.tcl 
Execute             source C:/AMDDesignTools/2025.2/Vitis/tps/tcl/tcllib2.0/treeql/pkgIndex.tcl 
Execute             source C:/AMDDesignTools/2025.2/Vitis/tps/tcl/tcllib2.0/try/pkgIndex.tcl 
Execute             source C:/AMDDesignTools/2025.2/Vitis/tps/tcl/tcllib2.0/udpcluster/pkgIndex.tcl 
Execute             source C:/AMDDesignTools/2025.2/Vitis/tps/tcl/tcllib2.0/uev/pkgIndex.tcl 
Execute             source C:/AMDDesignTools/2025.2/Vitis/tps/tcl/tcllib2.0/units/pkgIndex.tcl 
Execute             source C:/AMDDesignTools/2025.2/Vitis/tps/tcl/tcllib2.0/uri/pkgIndex.tcl 
Execute             source C:/AMDDesignTools/2025.2/Vitis/tps/tcl/tcllib2.0/uuid/pkgIndex.tcl 
Execute             source C:/AMDDesignTools/2025.2/Vitis/tps/tcl/tcllib2.0/valtype/pkgIndex.tcl 
Execute             source C:/AMDDesignTools/2025.2/Vitis/tps/tcl/tcllib2.0/virtchannel_base/pkgIndex.tcl 
Execute             source C:/AMDDesignTools/2025.2/Vitis/tps/tcl/tcllib2.0/virtchannel_core/pkgIndex.tcl 
Execute             source C:/AMDDesignTools/2025.2/Vitis/tps/tcl/tcllib2.0/virtchannel_transform/pkgIndex.tcl 
Execute             source C:/AMDDesignTools/2025.2/Vitis/tps/tcl/tcllib2.0/websocket/pkgIndex.tcl 
Execute             source C:/AMDDesignTools/2025.2/Vitis/tps/tcl/tcllib2.0/wip/pkgIndex.tcl 
Execute             source C:/AMDDesignTools/2025.2/Vitis/tps/tcl/tcllib2.0/yaml/pkgIndex.tcl 
Execute             source C:/AMDDesignTools/2025.2/Vitis/tps/tcl/tcllib2.0/zip/pkgIndex.tcl 
Command           ap_source done; 0.926 sec.
Execute           source C:/AMDDesignTools/2025.2/Vitis/tps/tcl/tdom/pkgIndex.tcl 
Execute           source C:/AMDDesignTools/2025.2/Vitis/tps/tcl/tk8.6/pkgIndex.tcl 
Execute           source C:/AMDDesignTools/2025.2/Vitis/tps/tcl/tcl8.6/opt0.4/pkgIndex.tcl 
Execute           source C:/AMDDesignTools/2025.2/Vitis/tps/tcl/tcl8.6/pkgs/win/thread2.8.7/pkgIndex.tcl 
Command         ap_source done; 2.031 sec.
Execute         source C:/AMDDesignTools/2025.2/Vitis/tps/tcl/tcllib2.0/0compatibility/pkgIndex.tcl 
Execute         source C:/AMDDesignTools/2025.2/Vitis/tps/tcl/tcllib2.0/amazon-s3/pkgIndex.tcl 
Execute         source C:/AMDDesignTools/2025.2/Vitis/tps/tcl/tcllib2.0/asn/pkgIndex.tcl 
Execute         source C:/AMDDesignTools/2025.2/Vitis/tps/tcl/tcllib2.0/base32/pkgIndex.tcl 
Execute         source C:/AMDDesignTools/2025.2/Vitis/tps/tcl/tcllib2.0/base64/pkgIndex.tcl 
Execute         source C:/AMDDesignTools/2025.2/Vitis/tps/tcl/tcllib2.0/bee/pkgIndex.tcl 
Execute         source C:/AMDDesignTools/2025.2/Vitis/tps/tcl/tcllib2.0/bench/pkgIndex.tcl 
Execute         source C:/AMDDesignTools/2025.2/Vitis/tps/tcl/tcllib2.0/bibtex/pkgIndex.tcl 
Execute         source C:/AMDDesignTools/2025.2/Vitis/tps/tcl/tcllib2.0/cache/pkgIndex.tcl 
Execute         source C:/AMDDesignTools/2025.2/Vitis/tps/tcl/tcllib2.0/clay/pkgIndex.tcl 
Execute         source C:/AMDDesignTools/2025.2/Vitis/tps/tcl/tcllib2.0/clock/pkgIndex.tcl 
Execute         source C:/AMDDesignTools/2025.2/Vitis/tps/tcl/tcllib2.0/cmdline/pkgIndex.tcl 
Execute         source C:/AMDDesignTools/2025.2/Vitis/tps/tcl/tcllib2.0/comm/pkgIndex.tcl 
Execute         source C:/AMDDesignTools/2025.2/Vitis/tps/tcl/tcllib2.0/control/pkgIndex.tcl 
Execute         source C:/AMDDesignTools/2025.2/Vitis/tps/tcl/tcllib2.0/coroutine/pkgIndex.tcl 
Execute         source C:/AMDDesignTools/2025.2/Vitis/tps/tcl/tcllib2.0/counter/pkgIndex.tcl 
Execute         source C:/AMDDesignTools/2025.2/Vitis/tps/tcl/tcllib2.0/crc/pkgIndex.tcl 
Execute         source C:/AMDDesignTools/2025.2/Vitis/tps/tcl/tcllib2.0/cron/pkgIndex.tcl 
Execute         source C:/AMDDesignTools/2025.2/Vitis/tps/tcl/tcllib2.0/csv/pkgIndex.tcl 
Execute         source C:/AMDDesignTools/2025.2/Vitis/tps/tcl/tcllib2.0/debug/pkgIndex.tcl 
Execute         source C:/AMDDesignTools/2025.2/Vitis/tps/tcl/tcllib2.0/defer/pkgIndex.tcl 
Execute         source C:/AMDDesignTools/2025.2/Vitis/tps/tcl/tcllib2.0/dicttool/pkgIndex.tcl 
Execute         source C:/AMDDesignTools/2025.2/Vitis/tps/tcl/tcllib2.0/dns/pkgIndex.tcl 
Execute         source C:/AMDDesignTools/2025.2/Vitis/tps/tcl/tcllib2.0/docstrip/pkgIndex.tcl 
Execute         source C:/AMDDesignTools/2025.2/Vitis/tps/tcl/tcllib2.0/doctools/pkgIndex.tcl 
Execute         source C:/AMDDesignTools/2025.2/Vitis/tps/tcl/tcllib2.0/doctools2base/pkgIndex.tcl 
Execute         source C:/AMDDesignTools/2025.2/Vitis/tps/tcl/tcllib2.0/doctools2idx/pkgIndex.tcl 
Execute         source C:/AMDDesignTools/2025.2/Vitis/tps/tcl/tcllib2.0/doctools2toc/pkgIndex.tcl 
Execute         source C:/AMDDesignTools/2025.2/Vitis/tps/tcl/tcllib2.0/dtplite/pkgIndex.tcl 
Execute         source C:/AMDDesignTools/2025.2/Vitis/tps/tcl/tcllib2.0/fileutil/pkgIndex.tcl 
Execute         source C:/AMDDesignTools/2025.2/Vitis/tps/tcl/tcllib2.0/ftp/pkgIndex.tcl 
Execute         source C:/AMDDesignTools/2025.2/Vitis/tps/tcl/tcllib2.0/ftpd/pkgIndex.tcl 
Execute         source C:/AMDDesignTools/2025.2/Vitis/tps/tcl/tcllib2.0/fumagic/pkgIndex.tcl 
Execute         source C:/AMDDesignTools/2025.2/Vitis/tps/tcl/tcllib2.0/generator/pkgIndex.tcl 
Execute         source C:/AMDDesignTools/2025.2/Vitis/tps/tcl/tcllib2.0/gpx/pkgIndex.tcl 
Execute         source C:/AMDDesignTools/2025.2/Vitis/tps/tcl/tcllib2.0/grammar_aycock/pkgIndex.tcl 
Execute         source C:/AMDDesignTools/2025.2/Vitis/tps/tcl/tcllib2.0/grammar_fa/pkgIndex.tcl 
Execute         source C:/AMDDesignTools/2025.2/Vitis/tps/tcl/tcllib2.0/grammar_me/pkgIndex.tcl 
Execute         source C:/AMDDesignTools/2025.2/Vitis/tps/tcl/tcllib2.0/grammar_peg/pkgIndex.tcl 
Execute         source C:/AMDDesignTools/2025.2/Vitis/tps/tcl/tcllib2.0/hook/pkgIndex.tcl 
Execute         source C:/AMDDesignTools/2025.2/Vitis/tps/tcl/tcllib2.0/html/pkgIndex.tcl 
Execute         source C:/AMDDesignTools/2025.2/Vitis/tps/tcl/tcllib2.0/htmlparse/pkgIndex.tcl 
Execute         source C:/AMDDesignTools/2025.2/Vitis/tps/tcl/tcllib2.0/http/pkgIndex.tcl 
Execute         source C:/AMDDesignTools/2025.2/Vitis/tps/tcl/tcllib2.0/httpd/pkgIndex.tcl 
Execute         source C:/AMDDesignTools/2025.2/Vitis/tps/tcl/tcllib2.0/httpwget/pkgIndex.tcl 
Execute         source C:/AMDDesignTools/2025.2/Vitis/tps/tcl/tcllib2.0/ident/pkgIndex.tcl 
Execute         source C:/AMDDesignTools/2025.2/Vitis/tps/tcl/tcllib2.0/imap4/pkgIndex.tcl 
Execute         source C:/AMDDesignTools/2025.2/Vitis/tps/tcl/tcllib2.0/inifile/pkgIndex.tcl 
Execute         source C:/AMDDesignTools/2025.2/Vitis/tps/tcl/tcllib2.0/interp/pkgIndex.tcl 
Execute         source C:/AMDDesignTools/2025.2/Vitis/tps/tcl/tcllib2.0/irc/pkgIndex.tcl 
Execute         source C:/AMDDesignTools/2025.2/Vitis/tps/tcl/tcllib2.0/javascript/pkgIndex.tcl 
Execute         source C:/AMDDesignTools/2025.2/Vitis/tps/tcl/tcllib2.0/jpeg/pkgIndex.tcl 
Execute         source C:/AMDDesignTools/2025.2/Vitis/tps/tcl/tcllib2.0/json/pkgIndex.tcl 
Execute         source C:/AMDDesignTools/2025.2/Vitis/tps/tcl/tcllib2.0/lambda/pkgIndex.tcl 
Execute         source C:/AMDDesignTools/2025.2/Vitis/tps/tcl/tcllib2.0/lazyset/pkgIndex.tcl 
Execute         source C:/AMDDesignTools/2025.2/Vitis/tps/tcl/tcllib2.0/ldap/pkgIndex.tcl 
Execute         source C:/AMDDesignTools/2025.2/Vitis/tps/tcl/tcllib2.0/log/pkgIndex.tcl 
Execute         source C:/AMDDesignTools/2025.2/Vitis/tps/tcl/tcllib2.0/map/pkgIndex.tcl 
Execute         source C:/AMDDesignTools/2025.2/Vitis/tps/tcl/tcllib2.0/mapproj/pkgIndex.tcl 
Execute         source C:/AMDDesignTools/2025.2/Vitis/tps/tcl/tcllib2.0/markdown/pkgIndex.tcl 
Execute         source C:/AMDDesignTools/2025.2/Vitis/tps/tcl/tcllib2.0/math/pkgIndex.tcl 
Execute         source C:/AMDDesignTools/2025.2/Vitis/tps/tcl/tcllib2.0/md4/pkgIndex.tcl 
Execute         source C:/AMDDesignTools/2025.2/Vitis/tps/tcl/tcllib2.0/md5/pkgIndex.tcl 
Execute         source C:/AMDDesignTools/2025.2/Vitis/tps/tcl/tcllib2.0/md5crypt/pkgIndex.tcl 
Execute         source C:/AMDDesignTools/2025.2/Vitis/tps/tcl/tcllib2.0/mime/pkgIndex.tcl 
Execute         source C:/AMDDesignTools/2025.2/Vitis/tps/tcl/tcllib2.0/mkdoc/pkgIndex.tcl 
Execute         source C:/AMDDesignTools/2025.2/Vitis/tps/tcl/tcllib2.0/multiplexer/pkgIndex.tcl 
Execute         source C:/AMDDesignTools/2025.2/Vitis/tps/tcl/tcllib2.0/namespacex/pkgIndex.tcl 
Execute         source C:/AMDDesignTools/2025.2/Vitis/tps/tcl/tcllib2.0/ncgi/pkgIndex.tcl 
Execute         source C:/AMDDesignTools/2025.2/Vitis/tps/tcl/tcllib2.0/nettool/pkgIndex.tcl 
Execute         source C:/AMDDesignTools/2025.2/Vitis/tps/tcl/tcllib2.0/nmea/pkgIndex.tcl 
Execute         source C:/AMDDesignTools/2025.2/Vitis/tps/tcl/tcllib2.0/nns/pkgIndex.tcl 
Execute         source C:/AMDDesignTools/2025.2/Vitis/tps/tcl/tcllib2.0/nntp/pkgIndex.tcl 
Execute         source C:/AMDDesignTools/2025.2/Vitis/tps/tcl/tcllib2.0/ntp/pkgIndex.tcl 
Execute         source C:/AMDDesignTools/2025.2/Vitis/tps/tcl/tcllib2.0/oauth/pkgIndex.tcl 
Execute         source C:/AMDDesignTools/2025.2/Vitis/tps/tcl/tcllib2.0/oodialect/pkgIndex.tcl 
Execute         source C:/AMDDesignTools/2025.2/Vitis/tps/tcl/tcllib2.0/oometa/pkgIndex.tcl 
Execute         source C:/AMDDesignTools/2025.2/Vitis/tps/tcl/tcllib2.0/ooutil/pkgIndex.tcl 
Execute         source C:/AMDDesignTools/2025.2/Vitis/tps/tcl/tcllib2.0/otp/pkgIndex.tcl 
Execute         source C:/AMDDesignTools/2025.2/Vitis/tps/tcl/tcllib2.0/page/pkgIndex.tcl 
Execute         source C:/AMDDesignTools/2025.2/Vitis/tps/tcl/tcllib2.0/pluginmgr/pkgIndex.tcl 
Execute         source C:/AMDDesignTools/2025.2/Vitis/tps/tcl/tcllib2.0/png/pkgIndex.tcl 
Execute         source C:/AMDDesignTools/2025.2/Vitis/tps/tcl/tcllib2.0/pop3/pkgIndex.tcl 
Execute         source C:/AMDDesignTools/2025.2/Vitis/tps/tcl/tcllib2.0/pop3d/pkgIndex.tcl 
Execute         source C:/AMDDesignTools/2025.2/Vitis/tps/tcl/tcllib2.0/practcl/pkgIndex.tcl 
Execute         source C:/AMDDesignTools/2025.2/Vitis/tps/tcl/tcllib2.0/processman/pkgIndex.tcl 
Execute         source C:/AMDDesignTools/2025.2/Vitis/tps/tcl/tcllib2.0/profiler/pkgIndex.tcl 
Execute         source C:/AMDDesignTools/2025.2/Vitis/tps/tcl/tcllib2.0/pt/pkgIndex.tcl 
Execute         source C:/AMDDesignTools/2025.2/Vitis/tps/tcl/tcllib2.0/rcs/pkgIndex.tcl 
Execute         source C:/AMDDesignTools/2025.2/Vitis/tps/tcl/tcllib2.0/report/pkgIndex.tcl 
Execute         source C:/AMDDesignTools/2025.2/Vitis/tps/tcl/tcllib2.0/rest/pkgIndex.tcl 
Execute         source C:/AMDDesignTools/2025.2/Vitis/tps/tcl/tcllib2.0/ripemd/pkgIndex.tcl 
Execute         source C:/AMDDesignTools/2025.2/Vitis/tps/tcl/tcllib2.0/sasl/pkgIndex.tcl 
Execute         source C:/AMDDesignTools/2025.2/Vitis/tps/tcl/tcllib2.0/sha1/pkgIndex.tcl 
Execute         source C:/AMDDesignTools/2025.2/Vitis/tps/tcl/tcllib2.0/simulation/pkgIndex.tcl 
Execute         source C:/AMDDesignTools/2025.2/Vitis/tps/tcl/tcllib2.0/smtpd/pkgIndex.tcl 
Execute         source C:/AMDDesignTools/2025.2/Vitis/tps/tcl/tcllib2.0/snit/pkgIndex.tcl 
Execute         source C:/AMDDesignTools/2025.2/Vitis/tps/tcl/tcllib2.0/soundex/pkgIndex.tcl 
Execute         source C:/AMDDesignTools/2025.2/Vitis/tps/tcl/tcllib2.0/stooop/pkgIndex.tcl 
Execute         source C:/AMDDesignTools/2025.2/Vitis/tps/tcl/tcllib2.0/string/pkgIndex.tcl 
Execute         source C:/AMDDesignTools/2025.2/Vitis/tps/tcl/tcllib2.0/stringprep/pkgIndex.tcl 
Execute         source C:/AMDDesignTools/2025.2/Vitis/tps/tcl/tcllib2.0/struct/pkgIndex.tcl 
Execute         source C:/AMDDesignTools/2025.2/Vitis/tps/tcl/tcllib2.0/tar/pkgIndex.tcl 
Execute         source C:/AMDDesignTools/2025.2/Vitis/tps/tcl/tcllib2.0/tepam/pkgIndex.tcl 
Execute         source C:/AMDDesignTools/2025.2/Vitis/tps/tcl/tcllib2.0/term/pkgIndex.tcl 
Execute         source C:/AMDDesignTools/2025.2/Vitis/tps/tcl/tcllib2.0/textutil/pkgIndex.tcl 
Execute         source C:/AMDDesignTools/2025.2/Vitis/tps/tcl/tcllib2.0/tie/pkgIndex.tcl 
Execute         source C:/AMDDesignTools/2025.2/Vitis/tps/tcl/tcllib2.0/tiff/pkgIndex.tcl 
Execute         source C:/AMDDesignTools/2025.2/Vitis/tps/tcl/tcllib2.0/tool/pkgIndex.tcl 
Execute         source C:/AMDDesignTools/2025.2/Vitis/tps/tcl/tcllib2.0/transfer/pkgIndex.tcl 
Execute         source C:/AMDDesignTools/2025.2/Vitis/tps/tcl/tcllib2.0/treeql/pkgIndex.tcl 
Execute         source C:/AMDDesignTools/2025.2/Vitis/tps/tcl/tcllib2.0/try/pkgIndex.tcl 
Execute         source C:/AMDDesignTools/2025.2/Vitis/tps/tcl/tcllib2.0/udpcluster/pkgIndex.tcl 
Execute         source C:/AMDDesignTools/2025.2/Vitis/tps/tcl/tcllib2.0/uev/pkgIndex.tcl 
Execute         source C:/AMDDesignTools/2025.2/Vitis/tps/tcl/tcllib2.0/units/pkgIndex.tcl 
Execute         source C:/AMDDesignTools/2025.2/Vitis/tps/tcl/tcllib2.0/uri/pkgIndex.tcl 
Execute         source C:/AMDDesignTools/2025.2/Vitis/tps/tcl/tcllib2.0/uuid/pkgIndex.tcl 
Execute         source C:/AMDDesignTools/2025.2/Vitis/tps/tcl/tcllib2.0/valtype/pkgIndex.tcl 
Execute         source C:/AMDDesignTools/2025.2/Vitis/tps/tcl/tcllib2.0/virtchannel_base/pkgIndex.tcl 
Execute         source C:/AMDDesignTools/2025.2/Vitis/tps/tcl/tcllib2.0/virtchannel_core/pkgIndex.tcl 
Execute         source C:/AMDDesignTools/2025.2/Vitis/tps/tcl/tcllib2.0/virtchannel_transform/pkgIndex.tcl 
Execute         source C:/AMDDesignTools/2025.2/Vitis/tps/tcl/tcllib2.0/websocket/pkgIndex.tcl 
Execute         source C:/AMDDesignTools/2025.2/Vitis/tps/tcl/tcllib2.0/wip/pkgIndex.tcl 
Execute         source C:/AMDDesignTools/2025.2/Vitis/tps/tcl/tcllib2.0/yaml/pkgIndex.tcl 
Execute         source C:/AMDDesignTools/2025.2/Vitis/tps/tcl/tcllib2.0/zip/pkgIndex.tcl 
Execute         source C:/AMDDesignTools/2025.2/Vitis/tps/tcl/tcllib2.0/pkgIndex.tcl 
Execute           source C:/AMDDesignTools/2025.2/Vitis/tps/tcl/tcllib2.0/0compatibility/pkgIndex.tcl 
Execute           source C:/AMDDesignTools/2025.2/Vitis/tps/tcl/tcllib2.0/amazon-s3/pkgIndex.tcl 
Execute           source C:/AMDDesignTools/2025.2/Vitis/tps/tcl/tcllib2.0/asn/pkgIndex.tcl 
Execute           source C:/AMDDesignTools/2025.2/Vitis/tps/tcl/tcllib2.0/base32/pkgIndex.tcl 
Execute           source C:/AMDDesignTools/2025.2/Vitis/tps/tcl/tcllib2.0/base64/pkgIndex.tcl 
Execute           source C:/AMDDesignTools/2025.2/Vitis/tps/tcl/tcllib2.0/bee/pkgIndex.tcl 
Execute           source C:/AMDDesignTools/2025.2/Vitis/tps/tcl/tcllib2.0/bench/pkgIndex.tcl 
Execute           source C:/AMDDesignTools/2025.2/Vitis/tps/tcl/tcllib2.0/bibtex/pkgIndex.tcl 
Execute           source C:/AMDDesignTools/2025.2/Vitis/tps/tcl/tcllib2.0/cache/pkgIndex.tcl 
Execute           source C:/AMDDesignTools/2025.2/Vitis/tps/tcl/tcllib2.0/clay/pkgIndex.tcl 
Execute           source C:/AMDDesignTools/2025.2/Vitis/tps/tcl/tcllib2.0/clock/pkgIndex.tcl 
Execute           source C:/AMDDesignTools/2025.2/Vitis/tps/tcl/tcllib2.0/cmdline/pkgIndex.tcl 
Execute           source C:/AMDDesignTools/2025.2/Vitis/tps/tcl/tcllib2.0/comm/pkgIndex.tcl 
Execute           source C:/AMDDesignTools/2025.2/Vitis/tps/tcl/tcllib2.0/control/pkgIndex.tcl 
Execute           source C:/AMDDesignTools/2025.2/Vitis/tps/tcl/tcllib2.0/coroutine/pkgIndex.tcl 
Execute           source C:/AMDDesignTools/2025.2/Vitis/tps/tcl/tcllib2.0/counter/pkgIndex.tcl 
Execute           source C:/AMDDesignTools/2025.2/Vitis/tps/tcl/tcllib2.0/crc/pkgIndex.tcl 
Execute           source C:/AMDDesignTools/2025.2/Vitis/tps/tcl/tcllib2.0/cron/pkgIndex.tcl 
Execute           source C:/AMDDesignTools/2025.2/Vitis/tps/tcl/tcllib2.0/csv/pkgIndex.tcl 
Execute           source C:/AMDDesignTools/2025.2/Vitis/tps/tcl/tcllib2.0/debug/pkgIndex.tcl 
Execute           source C:/AMDDesignTools/2025.2/Vitis/tps/tcl/tcllib2.0/defer/pkgIndex.tcl 
Execute           source C:/AMDDesignTools/2025.2/Vitis/tps/tcl/tcllib2.0/dicttool/pkgIndex.tcl 
Execute           source C:/AMDDesignTools/2025.2/Vitis/tps/tcl/tcllib2.0/dns/pkgIndex.tcl 
Execute           source C:/AMDDesignTools/2025.2/Vitis/tps/tcl/tcllib2.0/docstrip/pkgIndex.tcl 
Execute           source C:/AMDDesignTools/2025.2/Vitis/tps/tcl/tcllib2.0/doctools/pkgIndex.tcl 
Execute           source C:/AMDDesignTools/2025.2/Vitis/tps/tcl/tcllib2.0/doctools2base/pkgIndex.tcl 
Execute           source C:/AMDDesignTools/2025.2/Vitis/tps/tcl/tcllib2.0/doctools2idx/pkgIndex.tcl 
Execute           source C:/AMDDesignTools/2025.2/Vitis/tps/tcl/tcllib2.0/doctools2toc/pkgIndex.tcl 
Execute           source C:/AMDDesignTools/2025.2/Vitis/tps/tcl/tcllib2.0/dtplite/pkgIndex.tcl 
Execute           source C:/AMDDesignTools/2025.2/Vitis/tps/tcl/tcllib2.0/fileutil/pkgIndex.tcl 
Execute           source C:/AMDDesignTools/2025.2/Vitis/tps/tcl/tcllib2.0/ftp/pkgIndex.tcl 
Execute           source C:/AMDDesignTools/2025.2/Vitis/tps/tcl/tcllib2.0/ftpd/pkgIndex.tcl 
Execute           source C:/AMDDesignTools/2025.2/Vitis/tps/tcl/tcllib2.0/fumagic/pkgIndex.tcl 
Execute           source C:/AMDDesignTools/2025.2/Vitis/tps/tcl/tcllib2.0/generator/pkgIndex.tcl 
Execute           source C:/AMDDesignTools/2025.2/Vitis/tps/tcl/tcllib2.0/gpx/pkgIndex.tcl 
Execute           source C:/AMDDesignTools/2025.2/Vitis/tps/tcl/tcllib2.0/grammar_aycock/pkgIndex.tcl 
Execute           source C:/AMDDesignTools/2025.2/Vitis/tps/tcl/tcllib2.0/grammar_fa/pkgIndex.tcl 
Execute           source C:/AMDDesignTools/2025.2/Vitis/tps/tcl/tcllib2.0/grammar_me/pkgIndex.tcl 
Execute           source C:/AMDDesignTools/2025.2/Vitis/tps/tcl/tcllib2.0/grammar_peg/pkgIndex.tcl 
Execute           source C:/AMDDesignTools/2025.2/Vitis/tps/tcl/tcllib2.0/hook/pkgIndex.tcl 
Execute           source C:/AMDDesignTools/2025.2/Vitis/tps/tcl/tcllib2.0/html/pkgIndex.tcl 
Execute           source C:/AMDDesignTools/2025.2/Vitis/tps/tcl/tcllib2.0/htmlparse/pkgIndex.tcl 
Execute           source C:/AMDDesignTools/2025.2/Vitis/tps/tcl/tcllib2.0/http/pkgIndex.tcl 
Execute           source C:/AMDDesignTools/2025.2/Vitis/tps/tcl/tcllib2.0/httpd/pkgIndex.tcl 
Execute           source C:/AMDDesignTools/2025.2/Vitis/tps/tcl/tcllib2.0/httpwget/pkgIndex.tcl 
Execute           source C:/AMDDesignTools/2025.2/Vitis/tps/tcl/tcllib2.0/ident/pkgIndex.tcl 
Execute           source C:/AMDDesignTools/2025.2/Vitis/tps/tcl/tcllib2.0/imap4/pkgIndex.tcl 
Execute           source C:/AMDDesignTools/2025.2/Vitis/tps/tcl/tcllib2.0/inifile/pkgIndex.tcl 
Execute           source C:/AMDDesignTools/2025.2/Vitis/tps/tcl/tcllib2.0/interp/pkgIndex.tcl 
Execute           source C:/AMDDesignTools/2025.2/Vitis/tps/tcl/tcllib2.0/irc/pkgIndex.tcl 
Execute           source C:/AMDDesignTools/2025.2/Vitis/tps/tcl/tcllib2.0/javascript/pkgIndex.tcl 
Execute           source C:/AMDDesignTools/2025.2/Vitis/tps/tcl/tcllib2.0/jpeg/pkgIndex.tcl 
Execute           source C:/AMDDesignTools/2025.2/Vitis/tps/tcl/tcllib2.0/json/pkgIndex.tcl 
Execute           source C:/AMDDesignTools/2025.2/Vitis/tps/tcl/tcllib2.0/lambda/pkgIndex.tcl 
Execute           source C:/AMDDesignTools/2025.2/Vitis/tps/tcl/tcllib2.0/lazyset/pkgIndex.tcl 
Execute           source C:/AMDDesignTools/2025.2/Vitis/tps/tcl/tcllib2.0/ldap/pkgIndex.tcl 
Execute           source C:/AMDDesignTools/2025.2/Vitis/tps/tcl/tcllib2.0/log/pkgIndex.tcl 
Execute           source C:/AMDDesignTools/2025.2/Vitis/tps/tcl/tcllib2.0/map/pkgIndex.tcl 
Execute           source C:/AMDDesignTools/2025.2/Vitis/tps/tcl/tcllib2.0/mapproj/pkgIndex.tcl 
Execute           source C:/AMDDesignTools/2025.2/Vitis/tps/tcl/tcllib2.0/markdown/pkgIndex.tcl 
Execute           source C:/AMDDesignTools/2025.2/Vitis/tps/tcl/tcllib2.0/math/pkgIndex.tcl 
Execute           source C:/AMDDesignTools/2025.2/Vitis/tps/tcl/tcllib2.0/md4/pkgIndex.tcl 
Execute           source C:/AMDDesignTools/2025.2/Vitis/tps/tcl/tcllib2.0/md5/pkgIndex.tcl 
Execute           source C:/AMDDesignTools/2025.2/Vitis/tps/tcl/tcllib2.0/md5crypt/pkgIndex.tcl 
Execute           source C:/AMDDesignTools/2025.2/Vitis/tps/tcl/tcllib2.0/mime/pkgIndex.tcl 
Execute           source C:/AMDDesignTools/2025.2/Vitis/tps/tcl/tcllib2.0/mkdoc/pkgIndex.tcl 
Execute           source C:/AMDDesignTools/2025.2/Vitis/tps/tcl/tcllib2.0/multiplexer/pkgIndex.tcl 
Execute           source C:/AMDDesignTools/2025.2/Vitis/tps/tcl/tcllib2.0/namespacex/pkgIndex.tcl 
Execute           source C:/AMDDesignTools/2025.2/Vitis/tps/tcl/tcllib2.0/ncgi/pkgIndex.tcl 
Execute           source C:/AMDDesignTools/2025.2/Vitis/tps/tcl/tcllib2.0/nettool/pkgIndex.tcl 
Execute           source C:/AMDDesignTools/2025.2/Vitis/tps/tcl/tcllib2.0/nmea/pkgIndex.tcl 
Execute           source C:/AMDDesignTools/2025.2/Vitis/tps/tcl/tcllib2.0/nns/pkgIndex.tcl 
Execute           source C:/AMDDesignTools/2025.2/Vitis/tps/tcl/tcllib2.0/nntp/pkgIndex.tcl 
Execute           source C:/AMDDesignTools/2025.2/Vitis/tps/tcl/tcllib2.0/ntp/pkgIndex.tcl 
Execute           source C:/AMDDesignTools/2025.2/Vitis/tps/tcl/tcllib2.0/oauth/pkgIndex.tcl 
Execute           source C:/AMDDesignTools/2025.2/Vitis/tps/tcl/tcllib2.0/oodialect/pkgIndex.tcl 
Execute           source C:/AMDDesignTools/2025.2/Vitis/tps/tcl/tcllib2.0/oometa/pkgIndex.tcl 
Execute           source C:/AMDDesignTools/2025.2/Vitis/tps/tcl/tcllib2.0/ooutil/pkgIndex.tcl 
Execute           source C:/AMDDesignTools/2025.2/Vitis/tps/tcl/tcllib2.0/otp/pkgIndex.tcl 
Execute           source C:/AMDDesignTools/2025.2/Vitis/tps/tcl/tcllib2.0/page/pkgIndex.tcl 
Execute           source C:/AMDDesignTools/2025.2/Vitis/tps/tcl/tcllib2.0/pluginmgr/pkgIndex.tcl 
Execute           source C:/AMDDesignTools/2025.2/Vitis/tps/tcl/tcllib2.0/png/pkgIndex.tcl 
Execute           source C:/AMDDesignTools/2025.2/Vitis/tps/tcl/tcllib2.0/pop3/pkgIndex.tcl 
Execute           source C:/AMDDesignTools/2025.2/Vitis/tps/tcl/tcllib2.0/pop3d/pkgIndex.tcl 
Execute           source C:/AMDDesignTools/2025.2/Vitis/tps/tcl/tcllib2.0/practcl/pkgIndex.tcl 
Execute           source C:/AMDDesignTools/2025.2/Vitis/tps/tcl/tcllib2.0/processman/pkgIndex.tcl 
Execute           source C:/AMDDesignTools/2025.2/Vitis/tps/tcl/tcllib2.0/profiler/pkgIndex.tcl 
Execute           source C:/AMDDesignTools/2025.2/Vitis/tps/tcl/tcllib2.0/pt/pkgIndex.tcl 
Execute           source C:/AMDDesignTools/2025.2/Vitis/tps/tcl/tcllib2.0/rcs/pkgIndex.tcl 
Execute           source C:/AMDDesignTools/2025.2/Vitis/tps/tcl/tcllib2.0/report/pkgIndex.tcl 
Execute           source C:/AMDDesignTools/2025.2/Vitis/tps/tcl/tcllib2.0/rest/pkgIndex.tcl 
Execute           source C:/AMDDesignTools/2025.2/Vitis/tps/tcl/tcllib2.0/ripemd/pkgIndex.tcl 
Execute           source C:/AMDDesignTools/2025.2/Vitis/tps/tcl/tcllib2.0/sasl/pkgIndex.tcl 
Execute           source C:/AMDDesignTools/2025.2/Vitis/tps/tcl/tcllib2.0/sha1/pkgIndex.tcl 
Execute           source C:/AMDDesignTools/2025.2/Vitis/tps/tcl/tcllib2.0/simulation/pkgIndex.tcl 
Execute           source C:/AMDDesignTools/2025.2/Vitis/tps/tcl/tcllib2.0/smtpd/pkgIndex.tcl 
Execute           source C:/AMDDesignTools/2025.2/Vitis/tps/tcl/tcllib2.0/snit/pkgIndex.tcl 
Execute           source C:/AMDDesignTools/2025.2/Vitis/tps/tcl/tcllib2.0/soundex/pkgIndex.tcl 
Execute           source C:/AMDDesignTools/2025.2/Vitis/tps/tcl/tcllib2.0/stooop/pkgIndex.tcl 
Execute           source C:/AMDDesignTools/2025.2/Vitis/tps/tcl/tcllib2.0/string/pkgIndex.tcl 
Execute           source C:/AMDDesignTools/2025.2/Vitis/tps/tcl/tcllib2.0/stringprep/pkgIndex.tcl 
Execute           source C:/AMDDesignTools/2025.2/Vitis/tps/tcl/tcllib2.0/struct/pkgIndex.tcl 
Execute           source C:/AMDDesignTools/2025.2/Vitis/tps/tcl/tcllib2.0/tar/pkgIndex.tcl 
Execute           source C:/AMDDesignTools/2025.2/Vitis/tps/tcl/tcllib2.0/tepam/pkgIndex.tcl 
Execute           source C:/AMDDesignTools/2025.2/Vitis/tps/tcl/tcllib2.0/term/pkgIndex.tcl 
Execute           source C:/AMDDesignTools/2025.2/Vitis/tps/tcl/tcllib2.0/textutil/pkgIndex.tcl 
Execute           source C:/AMDDesignTools/2025.2/Vitis/tps/tcl/tcllib2.0/tie/pkgIndex.tcl 
Execute           source C:/AMDDesignTools/2025.2/Vitis/tps/tcl/tcllib2.0/tiff/pkgIndex.tcl 
Execute           source C:/AMDDesignTools/2025.2/Vitis/tps/tcl/tcllib2.0/tool/pkgIndex.tcl 
Execute           source C:/AMDDesignTools/2025.2/Vitis/tps/tcl/tcllib2.0/transfer/pkgIndex.tcl 
Execute           source C:/AMDDesignTools/2025.2/Vitis/tps/tcl/tcllib2.0/treeql/pkgIndex.tcl 
Execute           source C:/AMDDesignTools/2025.2/Vitis/tps/tcl/tcllib2.0/try/pkgIndex.tcl 
Execute           source C:/AMDDesignTools/2025.2/Vitis/tps/tcl/tcllib2.0/udpcluster/pkgIndex.tcl 
Execute           source C:/AMDDesignTools/2025.2/Vitis/tps/tcl/tcllib2.0/uev/pkgIndex.tcl 
Execute           source C:/AMDDesignTools/2025.2/Vitis/tps/tcl/tcllib2.0/units/pkgIndex.tcl 
Execute           source C:/AMDDesignTools/2025.2/Vitis/tps/tcl/tcllib2.0/uri/pkgIndex.tcl 
Execute           source C:/AMDDesignTools/2025.2/Vitis/tps/tcl/tcllib2.0/uuid/pkgIndex.tcl 
Execute           source C:/AMDDesignTools/2025.2/Vitis/tps/tcl/tcllib2.0/valtype/pkgIndex.tcl 
Execute           source C:/AMDDesignTools/2025.2/Vitis/tps/tcl/tcllib2.0/virtchannel_base/pkgIndex.tcl 
Execute           source C:/AMDDesignTools/2025.2/Vitis/tps/tcl/tcllib2.0/virtchannel_core/pkgIndex.tcl 
Execute           source C:/AMDDesignTools/2025.2/Vitis/tps/tcl/tcllib2.0/virtchannel_transform/pkgIndex.tcl 
Execute           source C:/AMDDesignTools/2025.2/Vitis/tps/tcl/tcllib2.0/websocket/pkgIndex.tcl 
Execute           source C:/AMDDesignTools/2025.2/Vitis/tps/tcl/tcllib2.0/wip/pkgIndex.tcl 
Execute           source C:/AMDDesignTools/2025.2/Vitis/tps/tcl/tcllib2.0/yaml/pkgIndex.tcl 
Execute           source C:/AMDDesignTools/2025.2/Vitis/tps/tcl/tcllib2.0/zip/pkgIndex.tcl 
Command         ap_source done; 1.432 sec.
Execute         source C:/AMDDesignTools/2025.2/Vitis/tps/tcl/tdom/pkgIndex.tcl 
Execute         source C:/AMDDesignTools/2025.2/Vitis/tps/tcl/tk8.6/pkgIndex.tcl 
Execute         source C:/AMDDesignTools/2025.2/Vitis/tps/tcl/tcl8.6/opt0.4/pkgIndex.tcl 
Execute         source C:/AMDDesignTools/2025.2/Vitis/tps/tcl/tcl8.6/pkgs/win/thread2.8.7/pkgIndex.tcl 
Command       ap_source done; 4.361 sec.
INFO-FLOW: Workspace D:/project/DPU_Project/DPU_HLS/dpu_conv_top/hls opened at Wed Sep 09 18:56:55 +0900 2026
Execute       send_msg_by_id INFO @200-1505@%s%s default  vivado 
INFO: [HLS 200-1505] Using default flow_target 'vivado'
Execute       send_msg_by_id INFO @200-2174@%s%s component hls_config.cfg 
INFO: [HLS 200-2174] Applying component config ini file hls_config.cfg
Execute       apply_ini hls_config.cfg 
Execute         send_msg_by_id INFO @200-1465@%s 'syn.file=D:/project/DPUv2/dpu_conv.cpp' from hls_config.cfg(13) 
INFO: [HLS 200-1465] Applying config ini 'syn.file=D:/project/DPUv2/dpu_conv.cpp' from hls_config.cfg(13)
Execute         add_files D:/project/DPUv2/dpu_conv.cpp 
INFO: [HLS 200-10] Adding design file 'D:/project/DPUv2/dpu_conv.cpp' to the project
Execute         send_msg_by_id INFO @200-1465@%s 'syn.file=D:/project/DPUv2/dpu_conv.h' from hls_config.cfg(14) 
INFO: [HLS 200-1465] Applying config ini 'syn.file=D:/project/DPUv2/dpu_conv.h' from hls_config.cfg(14)
Execute         add_files D:/project/DPUv2/dpu_conv.h 
INFO: [HLS 200-10] Adding design file 'D:/project/DPUv2/dpu_conv.h' to the project
Execute         send_msg_by_id INFO @200-1465@%s 'syn.file=D:/project/DPUv2/dpu_types.h' from hls_config.cfg(15) 
INFO: [HLS 200-1465] Applying config ini 'syn.file=D:/project/DPUv2/dpu_types.h' from hls_config.cfg(15)
Execute         add_files D:/project/DPUv2/dpu_types.h 
INFO: [HLS 200-10] Adding design file 'D:/project/DPUv2/dpu_types.h' to the project
Execute         send_msg_by_id INFO @200-1465@%s 'tb.file=D:/project/DPUv2/dpu_conv_tb.cpp' from hls_config.cfg(8) 
INFO: [HLS 200-1465] Applying config ini 'tb.file=D:/project/DPUv2/dpu_conv_tb.cpp' from hls_config.cfg(8)
Execute         add_files -tb D:/project/DPUv2/dpu_conv_tb.cpp 
INFO: [HLS 200-10] Adding test bench file 'D:/project/DPUv2/dpu_conv_tb.cpp' to the project
Execute         send_msg_by_id INFO @200-1465@%s 'syn.top=dpu_conv_top' from hls_config.cfg(7) 
INFO: [HLS 200-1465] Applying config ini 'syn.top=dpu_conv_top' from hls_config.cfg(7)
Execute         set_top dpu_conv_top 
Execute         send_msg_by_id INFO @200-1465@%s 'flow_target=vivado' from hls_config.cfg(4) 
INFO: [HLS 200-1465] Applying config ini 'flow_target=vivado' from hls_config.cfg(4)
Execute         send_msg_by_id INFO @200-1505@%s%s  vivado 
INFO: [HLS 200-1505] Using flow_target 'vivado'
Execute         send_msg_by_id INFO @200-1465@%s 'part=xc7z020clg400-1' from hls_config.cfg(1) 
INFO: [HLS 200-1465] Applying config ini 'part=xc7z020clg400-1' from hls_config.cfg(1)
Execute         set_part xc7z020clg400-1 
Execute           create_platform xc7z020clg400-1 -board  
DBG:HLSDevice: Trying to load device library: C:/AMDDesignTools/2025.2/Vitis\lib\win64.o\xv_hlsvwrap.dll
DBG:HLSDevice: first parts/arch.xml in RDI_DATADIR: C:/AMDDesignTools/2025.2/Vivado/data/parts/arch.xml
DBG:HLSDevice: init success
INFO: [HLS 200-1611] Setting target device to 'xc7z020-clg400-1'
Command           create_platform done; 4.536 sec.
Execute           source C:/AMDDesignTools/2025.2/Vitis/common/technology/xilinx/common/xilinx.gen 
Execute             source C:/AMDDesignTools/2025.2/Vitis/common/technology/xilinx/interface/plb46.gen 
Execute             source C:/AMDDesignTools/2025.2/Vitis/common/technology/xilinx/interface/axi4.gen 
Execute             source C:/AMDDesignTools/2025.2/Vitis/common/technology/xilinx/interface/nativeAXI4.gen 
Execute               source C:/AMDDesignTools/2025.2/Vitis/common/technology/xilinx/interface/saxilite.gen 
Execute             source C:/AMDDesignTools/2025.2/Vitis/common/technology/xilinx/scripts/xilinxcoregen.gen 
Execute             source C:/AMDDesignTools/2025.2/Vitis/common/technology/xilinx/interface/XilEDKCoreGen.gen 
Execute             source C:/AMDDesignTools/2025.2/Vitis/common/technology/xilinx/ip/dds_compiler.gen 
Execute             source C:/AMDDesignTools/2025.2/Vitis/common/technology/xilinx/ip/util.gen 
Execute             source C:/AMDDesignTools/2025.2/Vitis/common/technology/xilinx/ip/xfft.gen 
Command             ap_source done; 0.165 sec.
Execute             source C:/AMDDesignTools/2025.2/Vitis/common/technology/xilinx/ip/xfir.gen 
Execute             source C:/AMDDesignTools/2025.2/Vitis/common/technology/xilinx/DSP48/dsp48.gen 
Command           ap_source done; 0.409 sec.
Execute           ap_part_info -name xc7z020-clg400-1 -data info 
Execute           config_compile -quiet -complex-mul-dsp=0 
Command         set_part done; 4.998 sec.
Execute         send_msg_by_id INFO @200-1465@%s 'clock=11ns' from hls_config.cfg(16) 
INFO: [HLS 200-1465] Applying config ini 'clock=11ns' from hls_config.cfg(16)
Execute         create_clock -period 11ns 
Execute           ap_set_clock -name default -period 11 -unit ns -default=false 
INFO: [SYN 201-201] Setting up clock 'default' with a period of 11ns.
Execute         send_msg_by_id INFO @200-1465@%s 'csim.clean=1' from hls_config.cfg(10) 
INFO: [HLS 200-1465] Applying config ini 'csim.clean=1' from hls_config.cfg(10)
Execute         config_csim -clean=1 
Execute         send_msg_by_id INFO @200-1465@%s 'csim.profile_tripcount=1' from hls_config.cfg(12) 
INFO: [HLS 200-1465] Applying config ini 'csim.profile_tripcount=1' from hls_config.cfg(12)
Execute         config_csim -profile_tripcount=1 
Execute         send_msg_by_id INFO @200-1465@%s 'csim.setup=1' from hls_config.cfg(11) 
INFO: [HLS 200-1465] Applying config ini 'csim.setup=1' from hls_config.cfg(11)
Execute         config_csim -setup=1 
Execute         send_msg_by_id INFO @200-1465@%s 'package.output.format=ip_catalog' from hls_config.cfg(5) 
INFO: [HLS 200-1465] Applying config ini 'package.output.format=ip_catalog' from hls_config.cfg(5)
Execute         config_export -format=ip_catalog 
Execute         send_msg_by_id INFO @200-1465@%s 'sim.O=1' from hls_config.cfg(9) 
INFO: [HLS 200-1465] Applying config ini 'sim.O=1' from hls_config.cfg(9)
Execute         config_sim -O=1 
Command       apply_ini done; 5.373 sec.
Execute       write_component -config D:/project/DPU_Project/DPU_HLS/hls_config.cfg 
Execute         send_msg_by_id INFO @200-2176@%s D:/project/DPU_Project/DPU_HLS/dpu_conv_top/vitis-comp.json 
INFO: [HLS 200-2176] Writing Vitis IDE component file D:/project/DPU_Project/DPU_HLS/dpu_conv_top/vitis-comp.json
Command     open_solution done; 10.023 sec.
Command   open_component done; 10.038 sec.
Execute   apply_ini D:/project/DPU_Project/DPU_HLS/dpu_conv_top/hls/config.cmdline -iscmdline 
Execute   ::AP::init_summary_file csynth-ip 
Execute     AP::app_get_file_relativeroot [AP::app_get_root] {}
Execute     AP::get_vpp_package_output_file
Execute   csynth_design 
Execute     AP::msg_collection_file -open D:/project/DPU_Project/DPU_HLS/dpu_conv_top/hls/.autopilot/db/be_messages.xml 
Execute     ap_part_info -name xc7z020-clg400-1 -data info 
INFO-FLOW: run_clang dpu_conv.cpp.xilinx-performance-pragma-detector exec: C:/AMDDesignTools/2025.2/Vitis/win64/tools/clang-16/bin/xilinx-performance-pragma-detector D:/project/DPUv2/dpu_conv.cpp -- -fhls -D__VITIS_HLS__ -DAESL_SYN -D__SYNTHESIS__ -D__HLS_SYN__ -I C:/AMDDesignTools/2025.2/Vitis/common/technology/autopilot -I C:/AMDDesignTools/2025.2/Vitis/common/technology/autopilot/ap_sysc -include etc/autopilot_ssdm_op.h -D__DSP48E1__ -target fpga64-xilinx-mingw32 --sysroot C:/AMDDesignTools/2025.2/Vitis/tps/mingw/8.3.0/win64.o/nt {-hls-platform-db-name=C:/AMDDesignTools/2025.2/Vitis\common/technology\xilinx/common/platform.db} -hls-platform-name=zynq_slow -device-resource-info=BRAM_280.000000_DSP_220.000000_FF_106400.000000_LUT_53200.000000_SLICE_13300.000000_URAM_0.000000 -device-name-info=xc7z020clg400-1 > D:/project/DPU_Project/DPU_HLS/dpu_conv_top/hls/.autopilot/db/dpu_conv.cpp.xilinx-performance-pragma-detector.out.log 2> D:/project/DPU_Project/DPU_HLS/dpu_conv_top/hls/.autopilot/db/dpu_conv.cpp.xilinx-performance-pragma-detector.err.log
INFO-FLOW: run_clang result=success num-err-msgs=0 num-stderr-lines=1
Execute     elaborate -effort=medium -skip_syncheck=0 -keep_printf=0 -skip_cdt=0 -skip_transform=0 -ng=0 -g=0 -from_csynth_design=1 
INFO: [HLS 200-111] Finished File checks and directory preparation: CPU user time: 4 seconds. CPU system time: 11 seconds. Elapsed time: 27.124 seconds; current allocated memory: 166.043 MB.
Execute       send_msg_by_id INFO @200-2191@%s%s C-Synthesis clang-16 
INFO: [HLS 200-2191] C-Synthesis will use clang-16 as the compiler
Execute       set_directive_top dpu_conv_top -name=dpu_conv_top 
INFO: [HLS 200-10] Analyzing design file 'D:/project/DPUv2/dpu_conv.cpp' ... 
INFO-FLOW: Compiling one TU...
INFO-FLOW: Handling D:/project/DPUv2/dpu_conv.cpp as C++
Execute       ap_part_info -name xc7z020-clg400-1 -data info 
INFO-FLOW: Running: GCC PP 39
INFO-FLOW: Source preprocessing
INFO-FLOW: run_clang dpu_conv.cpp.clang exec: C:/AMDDesignTools/2025.2/Vitis/win64/tools/clang-16/bin/clang D:/project/DPUv2/dpu_conv.cpp -foptimization-record-file=D:/project/DPU_Project/DPU_HLS/dpu_conv_top/hls/.autopilot/db/dpu_conv.cpp.clang.diag.yml -mllvm -pass-remarks-missed=reflow|pasta|unroll|inline -mllvm -pass-remarks=reflow|pasta|unroll|inline -fno-limit-debug-info --sysroot C:/AMDDesignTools/2025.2/Vitis/tps/mingw/8.3.0/win64.o/nt -fhls -fno-exceptions -insert-hls-directive=D:/project/DPU_Project/DPU_HLS/dpu_conv_top/hls/.autopilot/db/all.directive.json -hls-directive-location -E -fno-math-errno -c -emit-llvm -mllvm -disable-llvm-optzns -Xclang -no-opaque-pointers -Xclang -fmerge-all-constants -Werror=implicit-hls-streams -Werror=return-type -Wpragmas -Wunused-parameter -Wdump-hls-pragmas -Wno-error=dump-hls-pragmas -hls-clock-period=11 -fno-threadsafe-statics -fno-use-cxa-atexit -target fpga64-xilinx-mingw32 -fno-threadsafe-statics -fno-use-cxa-atexit -D__VITIS_HLS__ -DAESL_SYN -D__SYNTHESIS__ -D__HLS_SYN__ -I C:/AMDDesignTools/2025.2/Vitis/common/technology/autopilot -I C:/AMDDesignTools/2025.2/Vitis/common/technology/autopilot/ap_sysc -include etc/autopilot_ssdm_op.h -D__DSP48E1__ -o D:/project/DPU_Project/DPU_HLS/dpu_conv_top/hls/.autopilot/db/dpu_conv.pp.0.cpp {-hls-platform-db-name=C:/AMDDesignTools/2025.2/Vitis\common/technology\xilinx/common/platform.db} -hls-platform-name=zynq_slow -device-resource-info=BRAM_280.000000_DSP_220.000000_FF_106400.000000_LUT_53200.000000_SLICE_13300.000000_URAM_0.000000 -device-name-info=xc7z020clg400-1 > D:/project/DPU_Project/DPU_HLS/dpu_conv_top/hls/.autopilot/db/dpu_conv.cpp.clang.out.log 2> D:/project/DPU_Project/DPU_HLS/dpu_conv_top/hls/.autopilot/db/dpu_conv.cpp.clang.err.log
INFO-FLOW: run_clang result=success num-err-msgs=0 num-stderr-lines=0
INFO-FLOW: Done: GCC PP 39 time: 3.3 seconds 
INFO-FLOW: Source syntax check for synthesis
INFO-FLOW: run_clang clang exec: C:/AMDDesignTools/2025.2/Vitis/win64/tools/clang-16/bin/clang -foptimization-record-file=D:/project/DPU_Project/DPU_HLS/dpu_conv_top/hls/.autopilot/db/clang.diag.yml -mllvm -pass-remarks-missed=reflow|pasta|unroll|inline -mllvm -pass-remarks=reflow|pasta|unroll|inline -fsyntax-only -fhls -target fpga64-xilinx-linux-gnu D:/project/DPU_Project/DPU_HLS/dpu_conv_top/hls/.autopilot/db/dpu_conv.pp.0.cpp {-hls-platform-db-name=C:/AMDDesignTools/2025.2/Vitis\common/technology\xilinx/common/platform.db} -hls-platform-name=zynq_slow -device-resource-info=BRAM_280.000000_DSP_220.000000_FF_106400.000000_LUT_53200.000000_SLICE_13300.000000_URAM_0.000000 -device-name-info=xc7z020clg400-1 > D:/project/DPU_Project/DPU_HLS/dpu_conv_top/hls/.autopilot/db/clang.out.log 2> D:/project/DPU_Project/DPU_HLS/dpu_conv_top/hls/.autopilot/db/clang.err.log
INFO-FLOW: run_clang result=success num-err-msgs=0 num-stderr-lines=0
Execute       clang_tidy xilinx-systemc-detector -desc systemc-detector D:/project/DPU_Project/DPU_HLS/dpu_conv_top/hls/.autopilot/db/dpu_conv.pp.0.cpp  -target fpga -directive=D:/project/DPU_Project/DPU_HLS/dpu_conv_top/hls/.autopilot/db/.systemc_flag 
INFO-FLOW: exec C:/AMDDesignTools/2025.2/Vitis/win64/tools/clang-16/bin/clang-tidy -header-filter=.* --checks=-*,xilinx-systemc-detector -import-directive=D:/project/DPU_Project/DPU_HLS/dpu_conv_top/hls/.autopilot/db/.systemc_flag -fix-errors D:/project/DPU_Project/DPU_HLS/dpu_conv_top/hls/.autopilot/db/dpu_conv.pp.0.cpp -- - -target fpga -fhls -ferror-limit=0
Command       clang_tidy done; 3.126 sec.
INFO-FLOW: Running: clang-tidy CDT preprocess 39
Execute       clang_tidy xilinx-directive2pragma -desc directive2pragma D:/project/DPU_Project/DPU_HLS/dpu_conv_top/hls/.autopilot/db/dpu_conv.pp.0.cpp  -target fpga -directive=D:/project/DPU_Project/DPU_HLS/dpu_conv_top/hls/.autopilot/db/all.directive.json 
INFO-FLOW: exec C:/AMDDesignTools/2025.2/Vitis/win64/tools/clang-16/bin/clang-tidy -header-filter=.* --checks=-*,xilinx-directive2pragma -import-directive=D:/project/DPU_Project/DPU_HLS/dpu_conv_top/hls/.autopilot/db/all.directive.json -fix-errors D:/project/DPU_Project/DPU_HLS/dpu_conv_top/hls/.autopilot/db/dpu_conv.pp.0.cpp -- - -target fpga -fhls -ferror-limit=0
Command       clang_tidy done; 3.882 sec.
INFO-FLOW: Done: clang-tidy CDT preprocess 39 time: 3.9 seconds 
INFO-FLOW: Calling xilinx-label-all-loops ... 
INFO-FLOW: Calling xilinx-aggregate-on-hls-vector ... 
Execute       clang_tidy -errorcheck -desc loop-label xilinx-label-all-loops,xilinx-aggregate-on-hls-vector,,xilinx-warn-mayneed-no-ctor-attribute D:/project/DPU_Project/DPU_HLS/dpu_conv_top/hls/.autopilot/db/dpu_conv.pp.0.cpp  -target fpga 
INFO-FLOW: run_clang loop-label exec: C:/AMDDesignTools/2025.2/Vitis/win64/tools/clang-16/bin/clang-tidy -export-fixes=D:/project/DPU_Project/DPU_HLS/dpu_conv_top/hls/.autopilot/db/dpu_conv.pp.0.cpp.clang-tidy.loop-label.diag.yml -header-filter=.* --checks=-*,xilinx-label-all-loops,xilinx-aggregate-on-hls-vector,,xilinx-warn-mayneed-no-ctor-attribute -fix-errors D:/project/DPU_Project/DPU_HLS/dpu_conv_top/hls/.autopilot/db/dpu_conv.pp.0.cpp -- - -target fpga -fhls -ferror-limit=0 > D:/project/DPU_Project/DPU_HLS/dpu_conv_top/hls/.autopilot/db/dpu_conv.pp.0.cpp.clang-tidy.loop-label.out.log 2> D:/project/DPU_Project/DPU_HLS/dpu_conv_top/hls/.autopilot/db/dpu_conv.pp.0.cpp.clang-tidy.loop-label.err.log
Execute         source C:/AMDDesignTools/2025.2/Vitis/tps/tcl/tcllib2.0/yaml/yaml.tcl 
Execute           source C:/AMDDesignTools/2025.2/Vitis/tps/tcl/tcllib2.0/cmdline/cmdline.tcl 
INFO-FLOW: run_clang result=success num-err-msgs=0 num-stderr-lines=38
Command       clang_tidy done; 6.049 sec.
INFO-FLOW: run_clang dpu_conv.pp.0.cpp.xilinx-dataflow-lawyer exec: C:/AMDDesignTools/2025.2/Vitis/win64/tools/clang-16/bin/xilinx-dataflow-lawyer -export-fixes=D:/project/DPU_Project/DPU_HLS/dpu_conv_top/hls/.autopilot/db/dpu_conv.pp.0.cpp.xilinx-dataflow-lawyer.diag.yml D:/project/DPU_Project/DPU_HLS/dpu_conv_top/hls/.autopilot/db/dpu_conv.pp.0.cpp -- - -target fpga -fhls -ferror-limit=0 -fstrict-dataflow > D:/project/DPU_Project/DPU_HLS/dpu_conv_top/hls/.autopilot/db/dpu_conv.pp.0.cpp.xilinx-dataflow-lawyer.out.log 2> D:/project/DPU_Project/DPU_HLS/dpu_conv_top/hls/.autopilot/db/dpu_conv.pp.0.cpp.xilinx-dataflow-lawyer.err.log
INFO-FLOW: run_clang result=success num-err-msgs=0 num-stderr-lines=0
Execute       ap_part_info -name xc7z020-clg400-1 -data info 
INFO-FLOW: compiling source code to llvm bc
INFO-FLOW: run_clang dpu_conv.pp.0.cpp.clang exec: C:/AMDDesignTools/2025.2/Vitis/win64/tools/clang-16/bin/clang -foptimization-record-file=D:/project/DPU_Project/DPU_HLS/dpu_conv_top/hls/.autopilot/db/dpu_conv.pp.0.cpp.clang.diag.yml -mllvm -pass-remarks-missed=reflow|pasta|unroll|inline -mllvm -pass-remarks=reflow|pasta|unroll|inline -flto -fno-exceptions -Wno-error=c++11-narrowing -fno-limit-debug-info -fhls -hls-emit-hint-scope D:/project/DPU_Project/DPU_HLS/dpu_conv_top/hls/.autopilot/db/dpu_conv.pp.0.cpp -fno-math-errno -c -emit-llvm -mllvm -disable-llvm-optzns -Xclang -no-opaque-pointers -Xclang -fmerge-all-constants -Werror=implicit-hls-streams -Werror=return-type -Wpragmas -Wunused-parameter -Wdump-hls-pragmas -Wno-error=dump-hls-pragmas -hls-clock-period=11 -fno-threadsafe-statics -fno-use-cxa-atexit -target fpga64-xilinx-linux-gnu -D__VITIS_HLS__ -DAESL_SYN -D__SYNTHESIS__ -D__HLS_SYN__ -I C:/AMDDesignTools/2025.2/Vitis/common/technology/autopilot -I C:/AMDDesignTools/2025.2/Vitis/common/technology/autopilot/ap_sysc -include etc/autopilot_ssdm_op.h -D__DSP48E1__ -g -o D:/project/DPU_Project/DPU_HLS/dpu_conv_top/hls/.autopilot/db/dpu_conv.pre.g.bc {-hls-platform-db-name=C:/AMDDesignTools/2025.2/Vitis\common/technology\xilinx/common/platform.db} -hls-platform-name=zynq_slow -device-resource-info=BRAM_280.000000_DSP_220.000000_FF_106400.000000_LUT_53200.000000_SLICE_13300.000000_URAM_0.000000 -device-name-info=xc7z020clg400-1 > D:/project/DPU_Project/DPU_HLS/dpu_conv_top/hls/.autopilot/db/dpu_conv.pp.0.cpp.clang.out.log 2> D:/project/DPU_Project/DPU_HLS/dpu_conv_top/hls/.autopilot/db/dpu_conv.pp.0.cpp.clang.err.log
INFO-FLOW: run_clang result=success num-err-msgs=0 num-stderr-lines=0
INFO-FLOW: converting llvm 16.0.4 bc to downstrem bc
INFO-FLOW: run_clang dpu_conv.bc.llvm-converter exec: C:/AMDDesignTools/2025.2/Vitis/win64/tools/clang-16/bin/llvm-converter -opaque-pointers=0 D:/project/DPU_Project/DPU_HLS/dpu_conv_top/hls/.autopilot/db/dpu_conv.pre.g.bc -o D:/project/DPU_Project/DPU_HLS/dpu_conv_top/hls/.autopilot/db/dpu_conv.bc > D:/project/DPU_Project/DPU_HLS/dpu_conv_top/hls/.autopilot/db/dpu_conv.bc.llvm-converter.out.log 2> D:/project/DPU_Project/DPU_HLS/dpu_conv_top/hls/.autopilot/db/dpu_conv.bc.llvm-converter.err.log
INFO-FLOW: run_clang result=success num-err-msgs=0 num-stderr-lines=0
INFO: [HLS 200-111] Finished Source Code Analysis and Preprocessing: CPU user time: 0 seconds. CPU system time: 1 seconds. Elapsed time: 26.45 seconds; current allocated memory: 168.594 MB.
INFO-FLOW: Linking Debug ...
INFO-FLOW: Linking dut bc code.
Execute       run_link_or_opt -out D:/project/DPU_Project/DPU_HLS/dpu_conv_top/hls/.autopilot/db/a.g.ld.0.bc -args D:/project/DPU_Project/DPU_HLS/dpu_conv_top/hls/.autopilot/db/dpu_conv.bc 
INFO-FLOW: run_clang a.g.ld.0.bc.llvm-link exec: C:/AMDDesignTools/2025.2/Vitis/win64/tools/clang-3.9-csynth/bin/llvm-link D:/project/DPU_Project/DPU_HLS/dpu_conv_top/hls/.autopilot/db/dpu_conv.bc -o D:/project/DPU_Project/DPU_HLS/dpu_conv_top/hls/.autopilot/db/a.g.ld.0.bc > D:/project/DPU_Project/DPU_HLS/dpu_conv_top/hls/.autopilot/db/a.g.ld.0.bc.llvm-link.out.log 2> D:/project/DPU_Project/DPU_HLS/dpu_conv_top/hls/.autopilot/db/a.g.ld.0.bc.llvm-link.err.log
INFO-FLOW: run_clang result=success num-err-msgs=0 num-stderr-lines=0
Command       run_link_or_opt done; 0.272 sec.
Execute       run_link_or_opt -opt -out D:/project/DPU_Project/DPU_HLS/dpu_conv_top/hls/.autopilot/db/a.g.ld.1.lower.bc -args D:/project/DPU_Project/DPU_HLS/dpu_conv_top/hls/.autopilot/db/a.g.ld.0.bc -reflow-lower-math-intrinsics 
INFO-FLOW: run_clang a.g.ld.1.lower.bc.opt exec: C:/AMDDesignTools/2025.2/Vitis/win64/tools/clang-3.9-csynth/bin/opt -pass-remarks-missed=reflow|pasta|unroll|inline -pass-remarks=reflow|pasta|unroll|inline -pass-remarks-output=D:/project/DPU_Project/DPU_HLS/dpu_conv_top/hls/.autopilot/db/a.g.ld.1.lower.bc.opt.diag.yml D:/project/DPU_Project/DPU_HLS/dpu_conv_top/hls/.autopilot/db/a.g.ld.0.bc -reflow-lower-math-intrinsics -o D:/project/DPU_Project/DPU_HLS/dpu_conv_top/hls/.autopilot/db/a.g.ld.1.lower.bc > D:/project/DPU_Project/DPU_HLS/dpu_conv_top/hls/.autopilot/db/a.g.ld.1.lower.bc.opt.out.log 2> D:/project/DPU_Project/DPU_HLS/dpu_conv_top/hls/.autopilot/db/a.g.ld.1.lower.bc.opt.err.log
INFO-FLOW: run_clang result=success num-err-msgs=0 num-stderr-lines=0
INFO-FLOW: Running: gen_design_size_report post-opt
INFO-FLOW: Done: gen_design_size_report post-opt time: 0 seconds 
Command       run_link_or_opt done; 0.406 sec.
INFO-FLOW: Linking math bc lib
Execute       run_link_or_opt -out D:/project/DPU_Project/DPU_HLS/dpu_conv_top/hls/.autopilot/db/a.g.ld.2.m1.bc -args D:/project/DPU_Project/DPU_HLS/dpu_conv_top/hls/.autopilot/db/a.g.ld.1.lower.bc -only-needed C:/AMDDesignTools/2025.2/Vitis/win64/lib/libhlsm_39.bc C:/AMDDesignTools/2025.2/Vitis/win64/lib/libhlsmc++_39.bc 
INFO-FLOW: run_clang a.g.ld.2.m1.bc.llvm-link exec: C:/AMDDesignTools/2025.2/Vitis/win64/tools/clang-3.9-csynth/bin/llvm-link D:/project/DPU_Project/DPU_HLS/dpu_conv_top/hls/.autopilot/db/a.g.ld.1.lower.bc -only-needed C:/AMDDesignTools/2025.2/Vitis/win64/lib/libhlsm_39.bc C:/AMDDesignTools/2025.2/Vitis/win64/lib/libhlsmc++_39.bc -o D:/project/DPU_Project/DPU_HLS/dpu_conv_top/hls/.autopilot/db/a.g.ld.2.m1.bc > D:/project/DPU_Project/DPU_HLS/dpu_conv_top/hls/.autopilot/db/a.g.ld.2.m1.bc.llvm-link.out.log 2> D:/project/DPU_Project/DPU_HLS/dpu_conv_top/hls/.autopilot/db/a.g.ld.2.m1.bc.llvm-link.err.log
INFO-FLOW: run_clang result=success num-err-msgs=0 num-stderr-lines=0
Command       run_link_or_opt done; 4.011 sec.
Execute       run_link_or_opt -opt -out D:/project/DPU_Project/DPU_HLS/dpu_conv_top/hls/.autopilot/db/a.g.ld.3.fpc.bc -args D:/project/DPU_Project/DPU_HLS/dpu_conv_top/hls/.autopilot/db/a.g.ld.2.m1.bc -reflow-globaldce -hls-top-function-name=dpu_conv_top -reflow-float-conversion 
INFO-FLOW: run_clang a.g.ld.3.fpc.bc.opt exec: C:/AMDDesignTools/2025.2/Vitis/win64/tools/clang-3.9-csynth/bin/opt -pass-remarks-missed=reflow|pasta|unroll|inline -pass-remarks=reflow|pasta|unroll|inline -pass-remarks-output=D:/project/DPU_Project/DPU_HLS/dpu_conv_top/hls/.autopilot/db/a.g.ld.3.fpc.bc.opt.diag.yml D:/project/DPU_Project/DPU_HLS/dpu_conv_top/hls/.autopilot/db/a.g.ld.2.m1.bc -reflow-globaldce -hls-top-function-name=dpu_conv_top -reflow-float-conversion -o D:/project/DPU_Project/DPU_HLS/dpu_conv_top/hls/.autopilot/db/a.g.ld.3.fpc.bc > D:/project/DPU_Project/DPU_HLS/dpu_conv_top/hls/.autopilot/db/a.g.ld.3.fpc.bc.opt.out.log 2> D:/project/DPU_Project/DPU_HLS/dpu_conv_top/hls/.autopilot/db/a.g.ld.3.fpc.bc.opt.err.log
INFO-FLOW: run_clang result=success num-err-msgs=0 num-stderr-lines=0
INFO-FLOW: Running: gen_design_size_report post-opt
INFO-FLOW: Done: gen_design_size_report post-opt time: 0 seconds 
Command       run_link_or_opt done; 1.552 sec.
Execute       run_link_or_opt -out D:/project/DPU_Project/DPU_HLS/dpu_conv_top/hls/.autopilot/db/a.g.ld.4.m2.bc -args D:/project/DPU_Project/DPU_HLS/dpu_conv_top/hls/.autopilot/db/a.g.ld.3.fpc.bc -only-needed C:/AMDDesignTools/2025.2/Vitis/win64/lib/libfloatconversion_39.bc 
INFO-FLOW: run_clang a.g.ld.4.m2.bc.llvm-link exec: C:/AMDDesignTools/2025.2/Vitis/win64/tools/clang-3.9-csynth/bin/llvm-link D:/project/DPU_Project/DPU_HLS/dpu_conv_top/hls/.autopilot/db/a.g.ld.3.fpc.bc -only-needed C:/AMDDesignTools/2025.2/Vitis/win64/lib/libfloatconversion_39.bc -o D:/project/DPU_Project/DPU_HLS/dpu_conv_top/hls/.autopilot/db/a.g.ld.4.m2.bc > D:/project/DPU_Project/DPU_HLS/dpu_conv_top/hls/.autopilot/db/a.g.ld.4.m2.bc.llvm-link.out.log 2> D:/project/DPU_Project/DPU_HLS/dpu_conv_top/hls/.autopilot/db/a.g.ld.4.m2.bc.llvm-link.err.log
INFO-FLOW: run_clang result=success num-err-msgs=0 num-stderr-lines=0
Command       run_link_or_opt done; 0.201 sec.
Execute       run_link_or_opt -opt -out D:/project/DPU_Project/DPU_HLS/dpu_conv_top/hls/.autopilot/db/a.g.ld.5.gdce.bc -args D:/project/DPU_Project/DPU_HLS/dpu_conv_top/hls/.autopilot/db/a.g.ld.4.m2.bc -reflow-globaldce -hls-top-function-name=dpu_conv_top 
INFO-FLOW: run_clang a.g.ld.5.gdce.bc.opt exec: C:/AMDDesignTools/2025.2/Vitis/win64/tools/clang-3.9-csynth/bin/opt -pass-remarks-missed=reflow|pasta|unroll|inline -pass-remarks=reflow|pasta|unroll|inline -pass-remarks-output=D:/project/DPU_Project/DPU_HLS/dpu_conv_top/hls/.autopilot/db/a.g.ld.5.gdce.bc.opt.diag.yml D:/project/DPU_Project/DPU_HLS/dpu_conv_top/hls/.autopilot/db/a.g.ld.4.m2.bc -reflow-globaldce -hls-top-function-name=dpu_conv_top -o D:/project/DPU_Project/DPU_HLS/dpu_conv_top/hls/.autopilot/db/a.g.ld.5.gdce.bc > D:/project/DPU_Project/DPU_HLS/dpu_conv_top/hls/.autopilot/db/a.g.ld.5.gdce.bc.opt.out.log 2> D:/project/DPU_Project/DPU_HLS/dpu_conv_top/hls/.autopilot/db/a.g.ld.5.gdce.bc.opt.err.log
INFO-FLOW: run_clang result=success num-err-msgs=0 num-stderr-lines=0
INFO-FLOW: Running: gen_design_size_report post-opt
INFO-FLOW: Done: gen_design_size_report post-opt time: 0 seconds 
Command       run_link_or_opt done; 0.155 sec.
Execute       send_msg_by_id INFO @200-777@%s Vivado 
INFO: [HLS 200-777] Using interface defaults for 'Vivado' flow target.
Execute       is_m_axi_addr64 
INFO-FLOW: Doing LTO.
INFO-FLOW: run_clang reflow (background poll_ms 5000) exec: C:/AMDDesignTools/2025.2/Vitis/win64/tools/clang-3.9-csynth/bin/clang -foptimization-record-file=D:/project/DPU_Project/DPU_HLS/dpu_conv_top/hls/.autopilot/db/a.g.ld.0.bc.clang.reflow.diag.yml -mllvm -pass-remarks-missed=reflow|pasta|unroll|inline -mllvm -pass-remarks=reflow|pasta|unroll|inline -fhls -mllvm -hls-top-function-name=dpu_conv_top -mllvm -hls-db-dir -mllvm D:/project/DPU_Project/DPU_HLS/dpu_conv_top/hls/.autopilot/db -emit-llvm -c -target fpga64-xilinx-none -mllvm -xcl-xmlinfo=D:/project/DPU_Project/DPU_HLS/dpu_conv_top/hls/.autopilot/db/kernel.internal.xml -mllvm -top-io-mapping-info=D:/project/DPU_Project/DPU_HLS/dpu_conv_top/hls/.autopilot/db/top-io-fe.xml -mllvm -hls-bitcode-version=3.1 -mllvm -reflow-enable-slave-interface-default-setting=true -mllvm -gen-kernel-xml=false -mllvm -default-maxi-offset=slave -mllvm -reflow-unroll-size-threshold=10000 -mllvm -reflow-unroll-cost-threshold=1000000 -mllvm -maxi-latency=0 -mllvm -hls-maxi-data-size-in-bits=8 -mllvm -hls-maxi-max-data-size-in-bits=1024 -mllvm -hls-max-widen-size-in-bits=0 -mllvm -xcl-kernel-max-mem-ports=0 -mllvm -maxi-read-trans=16 -mllvm -maxi-write-trans=16 -mllvm -maxi-read-burst-len=16 -mllvm -maxi-write-burst-len=16 -mllvm -reflow-enable-saxi-64bits=0 -mllvm -reflow-basic-block-instr-threshold=200000 -mllvm -reflow-auto-pipeline-threshold=64 -mllvm -reflow-enable-maxi-auto-id-channel=0 -mllvm -reflow-bdd-simplify-threshold=1048576 -mllvm -reflow-fanout-threshold=16 -mllvm -reflow-force-aggressive-unroll=0 -mllvm -reflow-aggressive-unroll-adjust-factor=1.000000 -mllvm -reflow-complete-threshold=4 -mllvm -reflow-array-promotion-threshold=64 -mllvm -reflow-enable-critical-path-for-performance=1 -mllvm -assume-maxi-align=1 -mllvm -reflow-enable-dataflow-strict-mode-checking=1 -ftime-report -mllvm -time-passes -mllvm -reflow-auto-array-partition-mode=default -mllvm -reflow-enable-auto-small-array-partition=true -mllvm -reflow-enable-auto-array-promotion=true -mllvm -reflow-enable-auto-array-partition-for-flatten=true -mllvm -reflow-enable-auto-parallel-performance-driven=true -mllvm -reflow-enable-partition-for-automation=true -mllvm -reflow-aggregate-bitwidth-threshold=4096 -mllvm -reflow-reserved-saxilite-registers=0 -mllvm -enable-reflow-auto-loop-pipeline -mllvm -reflow-max-unroll-threshold=409600 -mllvm -auto-unroll-tripcount-threshold=0 -mllvm -reflow-assume-no-address-wrap=true -mllvm -reflow-enable-occurrence-inference=true -mllvm -reflow-emit-hint-scope=true -mllvm -reflow-enable-codegen-with-if=true -mllvm -reflow-enable-dataflow-canon=true -mllvm -reflow-enable-dataflow-canon2=true -mllvm -reflow-dump-extra-complexity-metric=true -mllvm -reflow-enable-dse-loop-nest-extraction=false -mllvm -hls -mllvm -disable-inlined-alloca-merging=true -mllvm -default-clock-period=11 -mllvm -use_read_first_ram_in_loop=1 -mllvm -default-clock-uncertainty=2.97 -x ir D:/project/DPU_Project/DPU_HLS/dpu_conv_top/hls/.autopilot/db/a.g.ld.5.gdce.bc -o D:/project/DPU_Project/DPU_HLS/dpu_conv_top/hls/.autopilot/db/a.g.lto.bc {-hls-platform-db-name=C:/AMDDesignTools/2025.2/Vitis\common/technology\xilinx/common/platform.db} -hls-platform-name=zynq_slow -device-resource-info=BRAM_280.000000_DSP_220.000000_FF_106400.000000_LUT_53200.000000_SLICE_13300.000000_URAM_0.000000 -device-name-info=xc7z020clg400-1 2> D:/project/DPU_Project/DPU_HLS/dpu_conv_top/hls/.autopilot/db/a.g.ld.0.bc.clang.reflow.err.log bg_poll_cmd: ::AP::poll_clang_39_closed_source
Execute       send_msg_by_id INFO @200-1995@%s%s%s 1,345 Compile/Link (D:/project/DPU_Project/DPU_HLS/dpu_conv_top/hls/syn/report/csynth_design_size.rpt:2) 
INFO: [HLS 200-1995] There were 1,345 instructions in the design after the 'Compile/Link' phase of compilation. See the Design Size Report for more details (D:/project/DPU_Project/DPU_HLS/dpu_conv_top/hls/syn/report/csynth_design_size.rpt:2)
Execute       send_msg_by_id INFO @200-1995@%s%s%s 2,100 Unroll/Inline (step 1) (D:/project/DPU_Project/DPU_HLS/dpu_conv_top/hls/syn/report/csynth_design_size.rpt:2) 
INFO: [HLS 200-1995] There were 2,100 instructions in the design after the 'Unroll/Inline (step 1)' phase of compilation. See the Design Size Report for more details (D:/project/DPU_Project/DPU_HLS/dpu_conv_top/hls/syn/report/csynth_design_size.rpt:2)
Execute       send_msg_by_id INFO @200-1995@%s%s%s 1,742 Unroll/Inline (step 2) (D:/project/DPU_Project/DPU_HLS/dpu_conv_top/hls/syn/report/csynth_design_size.rpt:2) 
INFO: [HLS 200-1995] There were 1,742 instructions in the design after the 'Unroll/Inline (step 2)' phase of compilation. See the Design Size Report for more details (D:/project/DPU_Project/DPU_HLS/dpu_conv_top/hls/syn/report/csynth_design_size.rpt:2)
Execute       send_msg_by_id INFO @200-1995@%s%s%s 1,305 Unroll/Inline (step 3) (D:/project/DPU_Project/DPU_HLS/dpu_conv_top/hls/syn/report/csynth_design_size.rpt:2) 
INFO: [HLS 200-1995] There were 1,305 instructions in the design after the 'Unroll/Inline (step 3)' phase of compilation. See the Design Size Report for more details (D:/project/DPU_Project/DPU_HLS/dpu_conv_top/hls/syn/report/csynth_design_size.rpt:2)
Execute       send_msg_by_id INFO @200-1995@%s%s%s 1,300 Unroll/Inline (step 4) (D:/project/DPU_Project/DPU_HLS/dpu_conv_top/hls/syn/report/csynth_design_size.rpt:2) 
INFO: [HLS 200-1995] There were 1,300 instructions in the design after the 'Unroll/Inline (step 4)' phase of compilation. See the Design Size Report for more details (D:/project/DPU_Project/DPU_HLS/dpu_conv_top/hls/syn/report/csynth_design_size.rpt:2)
Execute       send_msg_by_id INFO @200-1995@%s%s%s 3,139 Array/Struct (step 1) (D:/project/DPU_Project/DPU_HLS/dpu_conv_top/hls/syn/report/csynth_design_size.rpt:2) 
INFO: [HLS 200-1995] There were 3,139 instructions in the design after the 'Array/Struct (step 1)' phase of compilation. See the Design Size Report for more details (D:/project/DPU_Project/DPU_HLS/dpu_conv_top/hls/syn/report/csynth_design_size.rpt:2)
Execute       send_msg_by_id INFO @200-1995@%s%s%s 1,288 Array/Struct (step 2) (D:/project/DPU_Project/DPU_HLS/dpu_conv_top/hls/syn/report/csynth_design_size.rpt:2) 
INFO: [HLS 200-1995] There were 1,288 instructions in the design after the 'Array/Struct (step 2)' phase of compilation. See the Design Size Report for more details (D:/project/DPU_Project/DPU_HLS/dpu_conv_top/hls/syn/report/csynth_design_size.rpt:2)
Execute       send_msg_by_id INFO @200-1995@%s%s%s 1,440 Array/Struct (step 3) (D:/project/DPU_Project/DPU_HLS/dpu_conv_top/hls/syn/report/csynth_design_size.rpt:2) 
INFO: [HLS 200-1995] There were 1,440 instructions in the design after the 'Array/Struct (step 3)' phase of compilation. See the Design Size Report for more details (D:/project/DPU_Project/DPU_HLS/dpu_conv_top/hls/syn/report/csynth_design_size.rpt:2)
Execute       send_msg_by_id INFO @200-1995@%s%s%s 1,592 Array/Struct (step 4) (D:/project/DPU_Project/DPU_HLS/dpu_conv_top/hls/syn/report/csynth_design_size.rpt:2) 
INFO: [HLS 200-1995] There were 1,592 instructions in the design after the 'Array/Struct (step 4)' phase of compilation. See the Design Size Report for more details (D:/project/DPU_Project/DPU_HLS/dpu_conv_top/hls/syn/report/csynth_design_size.rpt:2)
Execute       send_msg_by_id INFO @200-1995@%s%s%s 1,610 Array/Struct (step 5) (D:/project/DPU_Project/DPU_HLS/dpu_conv_top/hls/syn/report/csynth_design_size.rpt:2) 
INFO: [HLS 200-1995] There were 1,610 instructions in the design after the 'Array/Struct (step 5)' phase of compilation. See the Design Size Report for more details (D:/project/DPU_Project/DPU_HLS/dpu_conv_top/hls/syn/report/csynth_design_size.rpt:2)
Execute       send_msg_by_id INFO @200-1995@%s%s%s 1,306 Performance (step 1) (D:/project/DPU_Project/DPU_HLS/dpu_conv_top/hls/syn/report/csynth_design_size.rpt:2) 
INFO: [HLS 200-1995] There were 1,306 instructions in the design after the 'Performance (step 1)' phase of compilation. See the Design Size Report for more details (D:/project/DPU_Project/DPU_HLS/dpu_conv_top/hls/syn/report/csynth_design_size.rpt:2)
Execute       send_msg_by_id INFO @200-1995@%s%s%s 1,305 Performance (step 2) (D:/project/DPU_Project/DPU_HLS/dpu_conv_top/hls/syn/report/csynth_design_size.rpt:2) 
INFO: [HLS 200-1995] There were 1,305 instructions in the design after the 'Performance (step 2)' phase of compilation. See the Design Size Report for more details (D:/project/DPU_Project/DPU_HLS/dpu_conv_top/hls/syn/report/csynth_design_size.rpt:2)
Execute       send_msg_by_id INFO @200-1995@%s%s%s 1,299 Performance (step 3) (D:/project/DPU_Project/DPU_HLS/dpu_conv_top/hls/syn/report/csynth_design_size.rpt:2) 
INFO: [HLS 200-1995] There were 1,299 instructions in the design after the 'Performance (step 3)' phase of compilation. See the Design Size Report for more details (D:/project/DPU_Project/DPU_HLS/dpu_conv_top/hls/syn/report/csynth_design_size.rpt:2)
Execute       send_msg_by_id INFO @200-1995@%s%s%s 1,299 Performance (step 4) (D:/project/DPU_Project/DPU_HLS/dpu_conv_top/hls/syn/report/csynth_design_size.rpt:2) 
INFO: [HLS 200-1995] There were 1,299 instructions in the design after the 'Performance (step 4)' phase of compilation. See the Design Size Report for more details (D:/project/DPU_Project/DPU_HLS/dpu_conv_top/hls/syn/report/csynth_design_size.rpt:2)
Execute       send_msg_by_id INFO @200-1995@%s%s%s 1,670 HW Transforms (D:/project/DPU_Project/DPU_HLS/dpu_conv_top/hls/syn/report/csynth_design_size.rpt:2) 
INFO: [HLS 200-1995] There were 1,670 instructions in the design after the 'HW Transforms' phase of compilation. See the Design Size Report for more details (D:/project/DPU_Project/DPU_HLS/dpu_conv_top/hls/syn/report/csynth_design_size.rpt:2)
Execute       send_msg_by_id INFO @200-1995@%s%s%s 1,626 HW Transforms (step 2) (D:/project/DPU_Project/DPU_HLS/dpu_conv_top/hls/syn/report/csynth_design_size.rpt:2) 
INFO: [HLS 200-1995] There were 1,626 instructions in the design after the 'HW Transforms (step 2)' phase of compilation. See the Design Size Report for more details (D:/project/DPU_Project/DPU_HLS/dpu_conv_top/hls/syn/report/csynth_design_size.rpt:2)
INFO: [HLS 214-291] Loop 'VITIS_LOOP_43_1' is marked as complete unroll implied by the pipeline pragma (D:/project/DPUv2/dpu_conv.cpp:43:38)
INFO: [HLS 214-291] Loop 'VITIS_LOOP_48_2' is marked as complete unroll implied by the pipeline pragma (D:/project/DPUv2/dpu_conv.cpp:48:42)
INFO: [HLS 214-291] Loop 'VITIS_LOOP_49_3' is marked as complete unroll implied by the pipeline pragma (D:/project/DPUv2/dpu_conv.cpp:49:46)
INFO: [HLS 214-186] Unrolling loop 'VITIS_LOOP_43_1' (D:/project/DPUv2/dpu_conv.cpp:43:38) in function 'conv3x3_relu' completely with a factor of 8 (D:/project/DPUv2/dpu_conv.cpp:16:0)
INFO: [HLS 214-186] Unrolling loop 'VITIS_LOOP_48_2' (D:/project/DPUv2/dpu_conv.cpp:48:42) in function 'conv3x3_relu' completely with a factor of 3 (D:/project/DPUv2/dpu_conv.cpp:16:0)
INFO: [HLS 214-186] Unrolling loop 'VITIS_LOOP_49_3' (D:/project/DPUv2/dpu_conv.cpp:49:46) in function 'conv3x3_relu' completely with a factor of 3 (D:/project/DPUv2/dpu_conv.cpp:16:0)
INFO: [HLS 214-178] Inlining function 'maxpool2x2(ap_int<8> (*) [64][64], ap_int<8> (*) [64][64], ap_uint<8>, ap_uint<8>, ap_uint<8>)' into 'dpu_conv_top(ap_int<8> (*) [64][64], ap_int<8> (*) [64][3][3], ap_int<32>*, ap_int<8> (*) [64][64], ap_int<8> (*) [64][64], ap_uint<8>, ap_uint<8>, ap_uint<8>, ap_uint<8>, ap_uint<1>, ap_uint<1>, perf_counters_t&)' (D:/project/DPUv2/dpu_conv.cpp:141:0)
INFO: [HLS 214-178] Inlining function 'copy_passthrough(ap_int<8> (*) [64][64], ap_int<8> (*) [64][64], ap_uint<8>, ap_uint<8>, ap_uint<8>)' into 'dpu_conv_top(ap_int<8> (*) [64][64], ap_int<8> (*) [64][3][3], ap_int<32>*, ap_int<8> (*) [64][64], ap_int<8> (*) [64][64], ap_uint<8>, ap_uint<8>, ap_uint<8>, ap_uint<8>, ap_uint<1>, ap_uint<1>, perf_counters_t&)' (D:/project/DPUv2/dpu_conv.cpp:141:0)
INFO: [HLS 214-248] Applying array_partition to 'ifmap': Cyclic partitioning with factor 8 on dimension 1. (D:/project/DPUv2/dpu_conv.cpp:141:0)
INFO: [HLS 214-248] Applying array_partition to 'weight': Cyclic partitioning with factor 8 on dimension 2. (D:/project/DPUv2/dpu_conv.cpp:141:0)
INFO: [HLS 214-241] Aggregating maxi variable 'ofmap' with compact=none mode in 8-bits
INFO: [HLS 214-241] Aggregating maxi variable 'conv_scratch' with compact=none mode in 8-bits
INFO: [HLS 214-241] Aggregating maxi variable 'weight_7' with compact=none mode in 8-bits
INFO: [HLS 214-241] Aggregating maxi variable 'weight_6' with compact=none mode in 8-bits
INFO: [HLS 214-241] Aggregating maxi variable 'weight_5' with compact=none mode in 8-bits
INFO: [HLS 214-241] Aggregating maxi variable 'weight_4' with compact=none mode in 8-bits
INFO: [HLS 214-241] Aggregating maxi variable 'weight_3' with compact=none mode in 8-bits
INFO: [HLS 214-241] Aggregating maxi variable 'weight_2' with compact=none mode in 8-bits
INFO: [HLS 214-241] Aggregating maxi variable 'weight_1' with compact=none mode in 8-bits
INFO: [HLS 214-241] Aggregating maxi variable 'weight_0' with compact=none mode in 8-bits
INFO: [HLS 214-241] Aggregating maxi variable 'ifmap_7' with compact=none mode in 8-bits
INFO: [HLS 214-241] Aggregating maxi variable 'ifmap_6' with compact=none mode in 8-bits
INFO: [HLS 214-241] Aggregating maxi variable 'ifmap_5' with compact=none mode in 8-bits
INFO: [HLS 214-241] Aggregating maxi variable 'ifmap_4' with compact=none mode in 8-bits
INFO: [HLS 214-241] Aggregating maxi variable 'ifmap_3' with compact=none mode in 8-bits
INFO: [HLS 214-241] Aggregating maxi variable 'ifmap_2' with compact=none mode in 8-bits
INFO: [HLS 214-241] Aggregating maxi variable 'ifmap_1' with compact=none mode in 8-bits
INFO: [HLS 214-241] Aggregating maxi variable 'ifmap_0' with compact=none mode in 8-bits
INFO: [HLS 214-115] Multiple burst writes of variable length and bit width 8 in loop 'OW_LOOP'(D:/project/DPUv2/dpu_conv.cpp:31:13) has been inferred on bundle 'gmem2'. These burst requests might be further partitioned into multiple requests during RTL generation, based on max_read_burst_length or max_write_burst_length settings. (D:/project/DPUv2/dpu_conv.cpp:31:13)
INFO: [HLS 214-115] Multiple burst writes of variable length and bit width 8 in loop 'POOL_W'(D:/project/DPUv2/dpu_conv.cpp:89:13) has been inferred on bundle 'gmem0'. These burst requests might be further partitioned into multiple requests during RTL generation, based on max_read_burst_length or max_write_burst_length settings. (D:/project/DPUv2/dpu_conv.cpp:89:13)
INFO: [HLS 214-115] Multiple burst reads of length 2 and bit width 8 has been inferred on bundle 'gmem2'. These burst requests might be further partitioned into multiple requests during RTL generation, based on max_read_burst_length or max_write_burst_length settings. (D:/project/DPUv2/dpu_conv.cpp:91:31)
INFO: [HLS 214-115] Multiple burst reads of length 2 and bit width 8 has been inferred on bundle 'gmem2'. These burst requests might be further partitioned into multiple requests during RTL generation, based on max_read_burst_length or max_write_burst_length settings. (D:/project/DPUv2/dpu_conv.cpp:93:31)
INFO: [HLS 214-115] Multiple burst reads of variable length and bit width 8 in loop 'COPY_W'(D:/project/DPUv2/dpu_conv.cpp:119:13) has been inferred on bundle 'gmem2'. These burst requests might be further partitioned into multiple requests during RTL generation, based on max_read_burst_length or max_write_burst_length settings. (D:/project/DPUv2/dpu_conv.cpp:119:13)
INFO: [HLS 214-115] Multiple burst writes of variable length and bit width 8 in loop 'COPY_W'(D:/project/DPUv2/dpu_conv.cpp:119:13) has been inferred on bundle 'gmem0'. These burst requests might be further partitioned into multiple requests during RTL generation, based on max_read_burst_length or max_write_burst_length settings. (D:/project/DPUv2/dpu_conv.cpp:119:13)
INFO-FLOW: run_clang result=success num-err-msgs=0 num-stderr-lines=255
INFO-FLOW: DBG:PUTS: copy_raw_kernel_xml ap_link_39: kernel.xml not generated: D:/project/DPU_Project/DPU_HLS/dpu_conv_top/hls/.autopilot/db/kernel.internal.xml
INFO: [HLS 200-111] Finished Compiling Optimization and Transform: CPU user time: 4 seconds. CPU system time: 1 seconds. Elapsed time: 23.648 seconds; current allocated memory: 176.281 MB.
INFO: [HLS 200-111] Finished Checking Pragmas: CPU user time: 0 seconds. CPU system time: 0 seconds. Elapsed time: 0.016 seconds; current allocated memory: 176.285 MB.
Execute       opt_and_import_c a -opt_level=2 -skip_syncheck=0 -ng=0 -keep_printf=0 
Execute         cleanup_all_models 
INFO: [HLS 200-10] Starting code transformations ...
INFO-FLOW: Running Standard Transforms...
Execute         transform -hls -share-std-xform -demangle-name -inline-byval-memcpy -always-inline -promote-dbg-pointer -interface-preproc -mem2reg -reassociate -gvn -reassociate -scalarrepl -mem2reg -keep-read-access -instcombine -dce -promote-dbg-pointer -bitop-raise -loop-simplify -indvarspre -indvars -loop-simplify -constprop -instcombine -simplifycfg -indvars -simplifycfg -dce -globaldce -basicaa -simplifycfg -mem2reg -globalopt -global-constprop -deadargelim -instcombine -simplifycfg -scalarrepl -instcombine -reassociate -licm -simplifycfg -loop-simplify -indvars -instcombine -simplifycfg -mem2reg -loop-simplify -indvars -instcombine -gvn -gvn -instcombine -adce -break-crit-edges -simplifycfg -loop-delete -global-array-opt -dce -dse -adce -find-syn-modules -top dpu_conv_top -deadargelim -mem2reg -instcombine -dce -presyn-prepare -interface-preproc -syn-check -check-rec-only -find-region -simplifycfg -func-extr -function-inline -globaldce -mem2reg -instcombine -dce -gvn -globaldce -adce -adse -constprop -instcombine -bit-constprop -instcombine -dce -simplifycfg -bitop-raise -simplifycfg -dce -loop-delete -reassociate -globalopt -global-privatize -mem2reg -dce -global-constprop -pointer-simplify -constprop -dce -promote-dbg-pointer -norm-name D:/project/DPU_Project/DPU_HLS/dpu_conv_top/hls/.autopilot/db/a.g.0.bc -o D:/project/DPU_Project/DPU_HLS/dpu_conv_top/hls/.autopilot/db/a.g.1.bc -f -phase std-opt 
Command         transform done; 0.412 sec.
INFO: [HLS 200-111] Finished Standard Transforms: CPU user time: 0 seconds. CPU system time: 0 seconds. Elapsed time: 0.456 seconds; current allocated memory: 184.832 MB.
INFO: [HLS 200-10] Checking synthesizability ...
INFO-FLOW: Checking Synthesizability 1/2..
Execute         transform -hls -syn-check -check-rec-only -scalarrepl -norm-name -dce -mem2reg -instcombine -directive-preproc -mem2reg -dse -dce -dce -pag -array-normalize -instcombine -dce -array-seg-normalize -instcombine -dce -data-pack -instcombine -dce -inst-simplify -array-flatten -instcombine -dce -array-burst -dce -deadargelim -promote-global-argument -simplifycfg -mem2reg -globaldce -dce -deadargelim -dce -instcombine -function-inline -globaldce -dce -doublePtrSimplify -doublePtrElim -dce -doublePtrSimplify -promote-dbg-pointer -dce -scalarrepl -dse -adse -instcombine -ptrLegalization -simplifycfg -dce -instcombine -pointer-simplify -ptrArgReplace -dce -instcombine -resolve-double-ptr -scalarrepl -norm-name -dce -mem2reg -instcombine -ptrLegalization -simplifycfg -deadargelim -instcombine -dce -inst-simplify -directive-preproc -mem2reg -dse -dce -globaldce D:/project/DPU_Project/DPU_HLS/dpu_conv_top/hls/.autopilot/db/a.g.1.bc -o D:/project/DPU_Project/DPU_HLS/dpu_conv_top/hls/.autopilot/db/a.g.2.prechk.bc -f 
Command         transform done; 0.364 sec.
INFO-FLOW: Checking Synthesizability 2/2..
Execute         transform -syn-check D:/project/DPU_Project/DPU_HLS/dpu_conv_top/hls/.autopilot/db/a.g.2.prechk.bc -o D:/project/DPU_Project/DPU_HLS/dpu_conv_top/hls/.autopilot/db/a.g.2.bc -f -phase syn-check 
INFO: [HLS 200-111] Finished Checking Synthesizability: CPU user time: 1 seconds. CPU system time: 0 seconds. Elapsed time: 0.387 seconds; current allocated memory: 187.590 MB.
INFO-FLOW: Compiler optimizing ...
INFO-FLOW: Share syncheck's 1.bc for syn flow: copy D:/project/DPU_Project/DPU_HLS/dpu_conv_top/hls/.autopilot/db/a.g.1.bc to D:/project/DPU_Project/DPU_HLS/dpu_conv_top/hls/.autopilot/db/a.o.1.bc
INFO-FLOW: Presyn 1...
Execute         transform -hls -tmp D:/project/DPU_Project/DPU_HLS/dpu_conv_top/hls/.autopilot/db -interface-port-rename -directive-preproc -mem2reg -dse -dce -scalarrepl -norm-name -deadargelim -dce -hls-dead-arg-elim -deadargelim -mem2reg -instcombine -dce -simplifycfg -dce -resource-proc -clib-intrinsic-prepare -dce -func-buffer -dce -pag -array-normalize -func-legal -instcombine -gvn -constprop -dce -simplifycfg -mem2reg -globaldce -resolve-double-ptr -dce -deadargelim -dce -instcombine -ptrArgReplace -mem2reg -dce -array-seg-normalize -deadargelim -instcombine -dce -directive-preproc -mem2reg -dse -dce -pointer-simplify -dce -dce -interface-preproc -data-pack -instcombine -dce -basicaa -aggr-aa -aggrmodref-aa -aggr-aa -gvn -gvn -basicaa -aggr-aa -aggrmodref-aa -aggr-aa -dse -adse -adce -loop-simplify -indvars -instcombine -gvn -loop-simplify -mem2reg -dce -find-region -instcombine -inst-simplify -interface-preproc -cfgopt -instcombine -indvars -loop-simplify -loop-bound -constprop -instcombine -simplifycfg -indvars -simplifycfg -dce -globaldce -clean-region -attach-range -gvn -inst-simplify -constprop -simplifycfg -dce -pointer-simplify -dce -globalopt -constprop -dce -ptrArgReplace -mem2reg -simplifycfg -dce -instcombine -dce -array-transform-check -array-reshape -instcombine -simplifycfg -dce -ptrArgReplace -deadargelim -mem2reg -instcombine -simplifycfg -dce -indvars -loop-simplify -loop-bound -constprop -instcombine -simplifycfg -indvars -simplifycfg -dce -globaldce -basicaa -aggr-aa -aggrmodref-aa -aggr-aa -dse -duplicate-dataflow-processes -globaldce -instcombine -array-partition -prepare-dynamic-array-partition -instcombine -simplifycfg -dce -ptrArgReplace -global-constprop -deadargelim -mem2reg -func-legal -dce -global-constprop -deadargelim -mem2reg -simplifycfg -dce -merge-param -deadargelim -globalopt -constprop -dce -ptrArgReplace -mem2reg -simplifycfg -dce -mem-intrinsic-preproc -dce -global-internalize -global-privatize -mem2reg -globaldce -lcssa -loop-simplify -phi-select-elim -promote-global-argument -ptrArgReplace -mem2reg -dce -globalopt -mergereturn -simplify-global-access -mem2reg -dce -pointer-simplify -dce -basicaa -aggr-aa -aggrmodref-aa -aggr-aa -functionattrs -basicaa -aggr-aa -aggrmodref-aa -aggr-aa -gvn -gvn -basicaa -aggr-aa -aggrmodref-aa -aggr-aa -dse -adse -adce -dce -norm-name -basicaa -aggr-aa -aggrmodref-aa -aggr-aa -accesses-merge -function-inline -complex-op-raise -inst-simplify -globaldce -func-legal -dce -loop-bound -arraycheck -bitwidthmin2 -bitwidthmin2 -on-by-dataflow -loop-delete -instcombine -simplifycfg -globaldce -dce -gvn -deadargelim -dce -loop-simplify -clean-region -simplifycfg -propagate-stable-arguments -instcombine -simplifycfg -dce -globaldce -duplicate-dataflow-processes -stream-intrinsic-preproc -dce -check-ap-stream -loop-simplify -eliminate-keepreads -extract-dataflow-in-loop -loop-simplify -dce -gvn -deadargelim -dse -duplicate-dataflow-processes -check-dataflow-syntax -legalize-stream-variable -globaldce -extract-subproc -global-constprop -deadargelim -globaldce -legalize-global -dce -dead-channel-elimination -canonicalize-gep -globaldce -dce -gvn -hls-dead-arg-elim -deadargelim -canonicalize-dataflow -directive-preproc -dce -globaldce -scalar-preprocessing -scalar-propagation2 -scalar-stream -deadargelim -globaldce -mem2reg -check-dataflow-channels -function-stream -dce -globaldce -prop-fifo-spec -internal-stream-gen -canonicalize-gep -globaldce -dce -gvn -deadargelim -mergereturn -indvars -loop-simplify -instcombine -array-stream -array-seg-normalize -array-partition -clean-array-spec -func-legal -instcombine -simplifycfg -dce -bundle-memfifo-ops -deadargelim -directive-preproc -mem2reg -dse -dce -group-axi-access -licm -simplifycfg -dce -loop-delete -hls-display -norm-name D:/project/DPU_Project/DPU_HLS/dpu_conv_top/hls/.autopilot/db/a.o.1.bc -o D:/project/DPU_Project/DPU_HLS/dpu_conv_top/hls/.autopilot/db/a.o.1.tmp.bc -f 
WARNING: [XFORM 203-561] Updating loop lower bound from 0 to 8 for loop 'IC_LOOP' (D:/project/DPUv2/dpu_conv.cpp:33:23) in function 'conv3x3_relu'.
Command         transform done; 1.294 sec.
INFO-FLOW: Presyn 2...
Execute         transform -hls -keep-callgraph -scalarrepl -mem2reg -attach-range -dce -pipe-mux-gen -indvars -loop-bound -inst-simplify -instcombine -dce -merge-array-access -mem2reg -dce -clean-region -mergereturn -if-conv -instcombine -dce -constprop -basicaa -aggr-aa -aggrmodref-aa -aggr-aa -gvn -gvn -basicaa -aggr-aa -aggrmodref-aa -aggr-aa -dse -adse -adce -scalarrepl -mem2reg -global-constprop -deadargelim -deadargelim -instcombine -dce -simplifycfg -ptrArgReplace -mem2reg -function-inline -globaldce -mem2reg -instcombine -dce -expr-balance -instcombine -dce -bitwidthmin2 -bitwidthmin2 -interface-preproc -directive-preproc -inst-rectify -instcombine -dce -basicaa -aggr-aa -aggrmodref-aa -aggr-aa -functionattrs -constprop -instcombine -bit-constprop -simplify-global-access -globalopt -globaldce -inst-simplify -instcombine -elimdeaddata -dce -loop-delete -simplifycfg -loop-simplify -barrier -norm-name D:/project/DPU_Project/DPU_HLS/dpu_conv_top/hls/.autopilot/db/a.o.1.tmp.bc -o D:/project/DPU_Project/DPU_HLS/dpu_conv_top/hls/.autopilot/db/a.o.2.bc -f -phase presyn 
INFO: [XFORM 203-11] Balancing expressions in function 'dpu_conv_top' (D:/project/DPUv2/dpu_conv.cpp:85:13)...3 expression(s) balanced.
Command         transform done; 0.626 sec.
INFO: [HLS 200-111] Finished Loop, function and other optimizations: CPU user time: 1 seconds. CPU system time: 0 seconds. Elapsed time: 1.933 seconds; current allocated memory: 216.848 MB.
Execute         transform -hls -auto-function-inline -globaldce -ptrArgReplace -mem2reg -dce -reset-lda -loop-simplify -indvars -aggr-aa -licm -loop-dep -loop-bound -licm -loop-simplify -loop-sink-hoist -flattenloopnest -array-flatten -gvn -instcombine -dce -array-map -dce -func-legal -gvn -adce -instcombine -cfgopt -simplifycfg-lite -loop-simplify -array-burst -promote-global-argument -dce -array-seg-normalize -basicaa -aggrmodref-aa -globalsmodref-aa -aggr-aa -gvn -gvn -basicaa -aggrmodref-aa -globalsmodref-aa -aggr-aa -dse -adse -adce -licm -inst-simplify -dce -globaldce -instcombine -array-stream -eliminate-keepreads -instcombine -dce -deadargelim -doublePtrSimplify -doublePtrElim -dce -doublePtrSimplify -promote-dbg-pointer -dce -scalarrepl -mem2reg -norm-name -mem2reg -instcombine -dse -adse -adce -ptrLegalization -dce -array-flatten -dce -instcombine -check-doubleptr -loop-rot -constprop -inst-simplify -cfgopt -simplifycfg-lite -loop-simplify -indvars -pointer-simplify -dce -loop-bound -loop-simplify -loop-preproc -constprop -global-constprop -gvn -mem2reg -instcombine -dce -loop-bound -loop-merge -dce -deadargelim -dce -canonicalize-dataflow -dce -deadargelim -globaldce -mem2reg -bram-byte-enable -inst-simplify -inst-rectify -instcombine -adce -deadargelim -load-elim -read-loop-dep -loop-simplify -loop-rewind-sink-hoist -loop-outline -hls-dead-arg-elim -directive-preproc -bitwidthmin2 -bitwidthmin2 -read-loop-dep -interface-preproc -directive-preproc -interface-gen -bram-byte-enable-spec-prop -mul2addshift -deadargelim -inst-simplify -dce -mem2reg -instcombine -gvn -dce -adse -loop-bound -instcombine -cfgopt -simplifycfg-lite -loop-simplify -clean-region -io-protocol -find-region -mem2reg -bitop-raise -complex-op-raise -inst-simplify -inst-rectify -instcombine -gvn -adce -deadargelim -float-op-raise -loop-simplify -phi-opt -bitop-raise -cfgopt -simplifycfg-lite -strip-dead-prototypes -interface-lower -bitop-lower -intrinsic-lower -auto-function-inline -basicaa -aggrmodref-aa -globalsmodref-aa -aggr-aa -inst-simplify -simplifycfg-lite -loop-simplify -mergereturn -inst-simplify -inst-rectify -globaldce -dce -load-elim -bitop-lower -float-op-raise -fma-raise -loop-rewind -pointer-simplify -dce -cfgopt -dce -loop-bound -loop-dep -read-loop-dep -dce -dyn-mem-reuse -dce -recurrence-min -dce -share-scalar-alloca -deadargelim -dce -check-stream -norm-name -legalize -inst-clarity -bitwidth -dce -validate-dataflow -dump-loop-dep-to-ir -check-all-ssdm -drop-inferred-ii -dump-complexity-metric D:/project/DPU_Project/DPU_HLS/dpu_conv_top/hls/.autopilot/db/a.o.2.bc -o D:/project/DPU_Project/DPU_HLS/dpu_conv_top/hls/.autopilot/db/a.o.3.bc -f -phase build-ssdm 
INFO: [HLS 200-2061] Successfully converted nested loops 'POOL_H'(D:/project/DPUv2/dpu_conv.cpp:87:9) and 'POOL_W'(D:/project/DPUv2/dpu_conv.cpp:89:13) in function 'dpu_conv_top' into perfectly nested loops.
INFO: [HLS 200-2061] Successfully converted nested loops 'POOL_OC'(D:/project/DPUv2/dpu_conv.cpp:85:5) and 'POOL_H'(D:/project/DPUv2/dpu_conv.cpp:87:9) in function 'dpu_conv_top' into perfectly nested loops.
INFO: [HLS 200-2061] Successfully converted nested loops 'COPY_H'(D:/project/DPUv2/dpu_conv.cpp:117:9) and 'COPY_W'(D:/project/DPUv2/dpu_conv.cpp:119:13) in function 'dpu_conv_top' into perfectly nested loops.
INFO: [HLS 200-2061] Successfully converted nested loops 'OW_LOOP'(D:/project/DPUv2/dpu_conv.cpp:31:13) and 'IC_LOOP'(D:/project/DPUv2/dpu_conv.cpp:36:17) in function 'conv3x3_relu' into perfectly nested loops.
INFO: [HLS 200-2061] Successfully converted nested loops 'OH_LOOP'(D:/project/DPUv2/dpu_conv.cpp:28:9) and 'OW_LOOP'(D:/project/DPUv2/dpu_conv.cpp:31:13) in function 'conv3x3_relu' into perfectly nested loops.
INFO: [HLS 200-2061] Successfully converted nested loops 'OC_LOOP'(D:/project/DPUv2/dpu_conv.cpp:23:5) and 'OH_LOOP'(D:/project/DPUv2/dpu_conv.cpp:28:9) in function 'conv3x3_relu' into perfectly nested loops.
INFO: [XFORM 203-541] Flattening a loop nest 'POOL_H' (D:/project/DPUv2/dpu_conv.cpp:87:9) in function 'dpu_conv_top'.
INFO: [XFORM 203-541] Flattening a loop nest 'POOL_OC' (D:/project/DPUv2/dpu_conv.cpp:85:5) in function 'dpu_conv_top'.
INFO: [XFORM 203-541] Flattening a loop nest 'COPY_H' (D:/project/DPUv2/dpu_conv.cpp:117:9) in function 'dpu_conv_top'.
INFO: [XFORM 203-541] Flattening a loop nest 'COPY_OC' (D:/project/DPUv2/dpu_conv.cpp:115:5) in function 'dpu_conv_top'.
INFO: [XFORM 203-541] Flattening a loop nest 'OW_LOOP' (D:/project/DPUv2/dpu_conv.cpp:31:13) in function 'conv3x3_relu'.
INFO: [XFORM 203-541] Flattening a loop nest 'OH_LOOP' (D:/project/DPUv2/dpu_conv.cpp:28:9) in function 'conv3x3_relu'.
Execute           AP::auto_get_db
Command         transform done; 1.22 sec.
INFO-FLOW: Building ssdm...
Execute         transform -hls -cdfg-build D:/project/DPU_Project/DPU_HLS/dpu_conv_top/hls/.autopilot/db/a.o.3.bc -o D:/project/DPU_Project/DPU_HLS/dpu_conv_top/hls/.autopilot/db/a.o.3.bc -f -phase build-ssdm 
Command         transform done; 0.374 sec.
INFO: [HLS 200-111] Finished Architecture Synthesis: CPU user time: 2 seconds. CPU system time: 0 seconds. Elapsed time: 1.6 seconds; current allocated memory: 250.609 MB.
INFO-FLOW: Finish building internal data model.
Command       opt_and_import_c done; 4.381 sec.
Command     elaborate done; 54.518 sec.
Execute     ap_eval exec zip -j D:/project/DPU_Project/DPU_HLS/dpu_conv_top/hls/.autopilot/db/dut.hcp $dbDir/a.o.3.bc $dbDir/${topname}.rtl_wrap.cfg.tcl $dbDir/apatb_${topname}.cpp $dbDir/apatb_${topname}_util.cpp $dbDir/apatb_${topname}_ir.ll $dbDir/mapper_${topname}.cpp $dbDir/top-io-fe.xml $dbDir/kernel.internal.xml $workdir/../hls.app 
Command     ap_eval done; 0.426 sec.
INFO: [HLS 200-10] Starting hardware synthesis ...
INFO-FLOW: Synthesizing C/C++ design AP::SynTopModule=dpu_conv_top
INFO: [HLS 200-10] Synthesizing 'dpu_conv_top' ...
Execute     ap_set_top_model dpu_conv_top 
Execute     get_model_list dpu_conv_top -filter all-wo-channel -topdown 
Execute     preproc_iomode -model dpu_conv_top 
Execute     preproc_iomode -model dpu_conv_top_Pipeline_POOL_OC_POOL_H_POOL_W 
Execute     preproc_iomode -model dpu_conv_top_Pipeline_COPY_OC_COPY_H_COPY_W 
Execute     preproc_iomode -model conv3x3_relu 
Execute     preproc_iomode -model conv3x3_relu_Pipeline_OH_LOOP_OW_LOOP_IC_LOOP 
Execute     get_model_list dpu_conv_top -filter all-wo-channel 
INFO-FLOW: Model list for configure: conv3x3_relu_Pipeline_OH_LOOP_OW_LOOP_IC_LOOP conv3x3_relu dpu_conv_top_Pipeline_COPY_OC_COPY_H_COPY_W dpu_conv_top_Pipeline_POOL_OC_POOL_H_POOL_W dpu_conv_top
INFO-FLOW: Configuring Module : conv3x3_relu_Pipeline_OH_LOOP_OW_LOOP_IC_LOOP ...
Execute     set_default_model conv3x3_relu_Pipeline_OH_LOOP_OW_LOOP_IC_LOOP 
Execute     apply_spec_resource_limit conv3x3_relu_Pipeline_OH_LOOP_OW_LOOP_IC_LOOP 
INFO-FLOW: Configuring Module : conv3x3_relu ...
Execute     set_default_model conv3x3_relu 
Execute     apply_spec_resource_limit conv3x3_relu 
INFO-FLOW: Configuring Module : dpu_conv_top_Pipeline_COPY_OC_COPY_H_COPY_W ...
Execute     set_default_model dpu_conv_top_Pipeline_COPY_OC_COPY_H_COPY_W 
Execute     apply_spec_resource_limit dpu_conv_top_Pipeline_COPY_OC_COPY_H_COPY_W 
INFO-FLOW: Configuring Module : dpu_conv_top_Pipeline_POOL_OC_POOL_H_POOL_W ...
Execute     set_default_model dpu_conv_top_Pipeline_POOL_OC_POOL_H_POOL_W 
Execute     apply_spec_resource_limit dpu_conv_top_Pipeline_POOL_OC_POOL_H_POOL_W 
INFO-FLOW: Configuring Module : dpu_conv_top ...
Execute     set_default_model dpu_conv_top 
Execute     apply_spec_resource_limit dpu_conv_top 
INFO-FLOW: Model list for preprocess: conv3x3_relu_Pipeline_OH_LOOP_OW_LOOP_IC_LOOP conv3x3_relu dpu_conv_top_Pipeline_COPY_OC_COPY_H_COPY_W dpu_conv_top_Pipeline_POOL_OC_POOL_H_POOL_W dpu_conv_top
INFO-FLOW: Preprocessing Module: conv3x3_relu_Pipeline_OH_LOOP_OW_LOOP_IC_LOOP ...
Execute     set_default_model conv3x3_relu_Pipeline_OH_LOOP_OW_LOOP_IC_LOOP 
Execute     cdfg_preprocess -model conv3x3_relu_Pipeline_OH_LOOP_OW_LOOP_IC_LOOP 
Command     cdfg_preprocess done; 1.043 sec.
Execute     rtl_gen_preprocess conv3x3_relu_Pipeline_OH_LOOP_OW_LOOP_IC_LOOP 
INFO-FLOW: Preprocessing Module: conv3x3_relu ...
Execute     set_default_model conv3x3_relu 
Execute     cdfg_preprocess -model conv3x3_relu 
Execute     rtl_gen_preprocess conv3x3_relu 
INFO-FLOW: Preprocessing Module: dpu_conv_top_Pipeline_COPY_OC_COPY_H_COPY_W ...
Execute     set_default_model dpu_conv_top_Pipeline_COPY_OC_COPY_H_COPY_W 
Execute     cdfg_preprocess -model dpu_conv_top_Pipeline_COPY_OC_COPY_H_COPY_W 
Execute     rtl_gen_preprocess dpu_conv_top_Pipeline_COPY_OC_COPY_H_COPY_W 
INFO-FLOW: Preprocessing Module: dpu_conv_top_Pipeline_POOL_OC_POOL_H_POOL_W ...
Execute     set_default_model dpu_conv_top_Pipeline_POOL_OC_POOL_H_POOL_W 
Execute     cdfg_preprocess -model dpu_conv_top_Pipeline_POOL_OC_POOL_H_POOL_W 
Execute     rtl_gen_preprocess dpu_conv_top_Pipeline_POOL_OC_POOL_H_POOL_W 
INFO-FLOW: Preprocessing Module: dpu_conv_top ...
Execute     set_default_model dpu_conv_top 
Execute     cdfg_preprocess -model dpu_conv_top 
Execute     rtl_gen_preprocess dpu_conv_top 
INFO-FLOW: Model list for synthesis: conv3x3_relu_Pipeline_OH_LOOP_OW_LOOP_IC_LOOP conv3x3_relu dpu_conv_top_Pipeline_COPY_OC_COPY_H_COPY_W dpu_conv_top_Pipeline_POOL_OC_POOL_H_POOL_W dpu_conv_top
INFO: [HLS 200-10] ----------------------------------------------------------------
INFO: [HLS 200-42] -- Implementing module 'conv3x3_relu_Pipeline_OH_LOOP_OW_LOOP_IC_LOOP' 
INFO: [HLS 200-10] ----------------------------------------------------------------
Execute     set_default_model conv3x3_relu_Pipeline_OH_LOOP_OW_LOOP_IC_LOOP 
Execute     schedule -model conv3x3_relu_Pipeline_OH_LOOP_OW_LOOP_IC_LOOP 
INFO: [SCHED 204-11] Starting scheduling ...
INFO: [HLS 200-486] Changing DSP latency (root=acc_2) to 3 in order to utilize available DSP registers.
INFO: [HLS 200-486] Changing DSP latency (root=acc_4) to 3 in order to utilize available DSP registers.
INFO: [HLS 200-486] Changing DSP latency (root=acc_7) to 3 in order to utilize available DSP registers.
INFO: [HLS 200-486] Changing DSP latency (root=acc_9) to 3 in order to utilize available DSP registers.
INFO: [HLS 200-486] Changing DSP latency (root=acc_11) to 3 in order to utilize available DSP registers.
INFO: [HLS 200-486] Changing DSP latency (root=acc_12) to 3 in order to utilize available DSP registers.
INFO: [HLS 200-486] Changing DSP latency (root=acc_14) to 3 in order to utilize available DSP registers.
INFO: [HLS 200-486] Changing DSP latency (root=acc_16) to 3 in order to utilize available DSP registers.
INFO: [HLS 200-486] Changing DSP latency (root=acc_18) to 3 in order to utilize available DSP registers.
INFO: [HLS 200-486] Changing DSP latency (root=acc_19) to 3 in order to utilize available DSP registers.
INFO: [HLS 200-486] Changing DSP latency (root=acc_21) to 3 in order to utilize available DSP registers.
INFO: [HLS 200-486] Changing DSP latency (root=acc_23) to 3 in order to utilize available DSP registers.
INFO: [HLS 200-486] Changing DSP latency (root=acc_25) to 3 in order to utilize available DSP registers.
INFO: [HLS 200-486] Changing DSP latency (root=acc_27) to 3 in order to utilize available DSP registers.
INFO: [HLS 200-486] Changing DSP latency (root=acc_28) to 3 in order to utilize available DSP registers.
INFO: [HLS 200-486] Changing DSP latency (root=acc_30) to 3 in order to utilize available DSP registers.
INFO: [HLS 200-486] Changing DSP latency (root=acc_32) to 3 in order to utilize available DSP registers.
INFO: [HLS 200-486] Changing DSP latency (root=acc_34) to 3 in order to utilize available DSP registers.
INFO: [HLS 200-486] Changing DSP latency (root=acc_36) to 3 in order to utilize available DSP registers.
INFO: [HLS 200-486] Changing DSP latency (root=acc_38) to 3 in order to utilize available DSP registers.
INFO: [HLS 200-486] Changing DSP latency (root=acc_40) to 3 in order to utilize available DSP registers.
INFO: [HLS 200-486] Changing DSP latency (root=acc_42) to 3 in order to utilize available DSP registers.
INFO: [HLS 200-486] Changing DSP latency (root=acc_44) to 3 in order to utilize available DSP registers.
INFO: [HLS 200-486] Changing DSP latency (root=acc_45) to 3 in order to utilize available DSP registers.
INFO: [HLS 200-486] Changing DSP latency (root=acc_47) to 3 in order to utilize available DSP registers.
INFO: [HLS 200-486] Changing DSP latency (root=acc_49) to 3 in order to utilize available DSP registers.
INFO: [HLS 200-486] Changing DSP latency (root=acc_51) to 3 in order to utilize available DSP registers.
INFO: [HLS 200-486] Changing DSP latency (root=acc_53) to 3 in order to utilize available DSP registers.
INFO: [HLS 200-486] Changing DSP latency (root=acc_55) to 3 in order to utilize available DSP registers.
INFO: [HLS 200-486] Changing DSP latency (root=acc_57) to 3 in order to utilize available DSP registers.
INFO: [HLS 200-486] Changing DSP latency (root=acc_59) to 3 in order to utilize available DSP registers.
INFO: [HLS 200-486] Changing DSP latency (root=acc_61) to 3 in order to utilize available DSP registers.
INFO: [HLS 200-486] Changing DSP latency (root=acc_62) to 3 in order to utilize available DSP registers.
INFO: [HLS 200-486] Changing DSP latency (root=acc_64) to 3 in order to utilize available DSP registers.
INFO: [HLS 200-486] Changing DSP latency (root=acc_66) to 3 in order to utilize available DSP registers.
INFO: [HLS 200-486] Changing DSP latency (root=acc_68) to 3 in order to utilize available DSP registers.
INFO: [HLS 200-486] Changing DSP latency (root=acc_70) to 3 in order to utilize available DSP registers.
INFO: [HLS 200-486] Changing DSP latency (root=acc_72) to 3 in order to utilize available DSP registers.
INFO: [HLS 200-486] Changing DSP latency (root=acc_74) to 3 in order to utilize available DSP registers.
INFO: [HLS 200-486] Changing DSP latency (root=acc_76) to 3 in order to utilize available DSP registers.
INFO: [HLS 200-486] Changing DSP latency (root=acc_78) to 3 in order to utilize available DSP registers.
INFO: [HLS 200-486] Changing DSP latency (root=acc_79) to 3 in order to utilize available DSP registers.
INFO: [HLS 200-486] Changing DSP latency (root=acc_81) to 3 in order to utilize available DSP registers.
INFO: [HLS 200-486] Changing DSP latency (root=acc_83) to 3 in order to utilize available DSP registers.
INFO: [HLS 200-486] Changing DSP latency (root=acc_85) to 3 in order to utilize available DSP registers.
INFO: [HLS 200-486] Changing DSP latency (root=acc_87) to 3 in order to utilize available DSP registers.
INFO: [HLS 200-486] Changing DSP latency (root=acc_89) to 3 in order to utilize available DSP registers.
INFO: [HLS 200-486] Changing DSP latency (root=acc_91) to 3 in order to utilize available DSP registers.
INFO: [HLS 200-486] Changing DSP latency (root=acc_93) to 3 in order to utilize available DSP registers.
INFO: [HLS 200-486] Changing DSP latency (root=acc_95) to 3 in order to utilize available DSP registers.
INFO: [HLS 200-486] Changing DSP latency (root=acc_96) to 3 in order to utilize available DSP registers.
INFO: [HLS 200-486] Changing DSP latency (root=acc_98) to 3 in order to utilize available DSP registers.
INFO: [HLS 200-486] Changing DSP latency (root=acc_100) to 3 in order to utilize available DSP registers.
INFO: [HLS 200-486] Changing DSP latency (root=acc_102) to 3 in order to utilize available DSP registers.
INFO: [HLS 200-486] Changing DSP latency (root=acc_104) to 3 in order to utilize available DSP registers.
INFO: [HLS 200-486] Changing DSP latency (root=acc_106) to 3 in order to utilize available DSP registers.
INFO: [HLS 200-486] Changing DSP latency (root=acc_108) to 3 in order to utilize available DSP registers.
INFO: [HLS 200-486] Changing DSP latency (root=acc_110) to 3 in order to utilize available DSP registers.
INFO: [HLS 200-486] Changing DSP latency (root=acc_112) to 3 in order to utilize available DSP registers.
INFO: [HLS 200-486] Changing DSP latency (root=acc_113) to 3 in order to utilize available DSP registers.
INFO: [HLS 200-486] Changing DSP latency (root=acc_115) to 3 in order to utilize available DSP registers.
INFO: [HLS 200-486] Changing DSP latency (root=acc_117) to 3 in order to utilize available DSP registers.
INFO: [HLS 200-486] Changing DSP latency (root=acc_119) to 3 in order to utilize available DSP registers.
INFO: [HLS 200-486] Changing DSP latency (root=acc_121) to 3 in order to utilize available DSP registers.
INFO: [HLS 200-486] Changing DSP latency (root=acc_123) to 3 in order to utilize available DSP registers.
INFO: [HLS 200-486] Changing DSP latency (root=acc_125) to 3 in order to utilize available DSP registers.
INFO: [HLS 200-486] Changing DSP latency (root=acc_127) to 3 in order to utilize available DSP registers.
INFO: [HLS 200-486] Changing DSP latency (root=acc_129) to 3 in order to utilize available DSP registers.
INFO: [HLS 200-486] Changing DSP latency (root=acc_130) to 3 in order to utilize available DSP registers.
INFO: [HLS 200-486] Changing DSP latency (root=acc_132) to 3 in order to utilize available DSP registers.
INFO: [HLS 200-486] Changing DSP latency (root=acc_134) to 3 in order to utilize available DSP registers.
INFO: [HLS 200-486] Changing DSP latency (root=acc_136) to 3 in order to utilize available DSP registers.
INFO: [SCHED 204-61] Pipelining loop 'OH_LOOP_OW_LOOP_IC_LOOP'.
WARNING: [HLS 200-448] Lower bound of II is 9 due to multiple bus read operation ('gmem0_6_addr_read', D:/project/DPUv2/dpu_conv.cpp:55) on port 'gmem0_6' (D:/project/DPUv2/dpu_conv.cpp:55), bus read operation ('gmem0_6_addr_1_read', D:/project/DPUv2/dpu_conv.cpp:55) on port 'gmem0_6' (D:/project/DPUv2/dpu_conv.cpp:55), bus read operation ('gmem0_6_addr_2_read', D:/project/DPUv2/dpu_conv.cpp:55) on port 'gmem0_6' (D:/project/DPUv2/dpu_conv.cpp:55), bus read operation ('gmem0_6_addr_3_read', D:/project/DPUv2/dpu_conv.cpp:55) on port 'gmem0_6' (D:/project/DPUv2/dpu_conv.cpp:55), bus read operation ('gmem0_6_addr_4_read', D:/project/DPUv2/dpu_conv.cpp:55) on port 'gmem0_6' (D:/project/DPUv2/dpu_conv.cpp:55), bus read operation ('gmem0_6_addr_5_read', D:/project/DPUv2/dpu_conv.cpp:55) on port 'gmem0_6' (D:/project/DPUv2/dpu_conv.cpp:55), bus read operation ('gmem0_6_addr_6_read', D:/project/DPUv2/dpu_conv.cpp:55) on port 'gmem0_6' (D:/project/DPUv2/dpu_conv.cpp:55), bus read operation ('gmem0_6_addr_7_read', D:/project/DPUv2/dpu_conv.cpp:55) on port 'gmem0_6' (D:/project/DPUv2/dpu_conv.cpp:55), bus read operation ('gmem0_6_addr_8_read', D:/project/DPUv2/dpu_conv.cpp:55) on port 'gmem0_6' (D:/project/DPUv2/dpu_conv.cpp:55) accessing 'gmem0_6' m_axi read
WARNING: [HLS 200-448] Lower bound of II is 9 due to multiple bus read operation ('gmem0_0_addr_read', D:/project/DPUv2/dpu_conv.cpp:55) on port 'gmem0_0' (D:/project/DPUv2/dpu_conv.cpp:55), bus read operation ('gmem0_0_addr_1_read', D:/project/DPUv2/dpu_conv.cpp:55) on port 'gmem0_0' (D:/project/DPUv2/dpu_conv.cpp:55), bus read operation ('gmem0_0_addr_2_read', D:/project/DPUv2/dpu_conv.cpp:55) on port 'gmem0_0' (D:/project/DPUv2/dpu_conv.cpp:55), bus read operation ('gmem0_0_addr_3_read', D:/project/DPUv2/dpu_conv.cpp:55) on port 'gmem0_0' (D:/project/DPUv2/dpu_conv.cpp:55), bus read operation ('gmem0_0_addr_4_read', D:/project/DPUv2/dpu_conv.cpp:55) on port 'gmem0_0' (D:/project/DPUv2/dpu_conv.cpp:55), bus read operation ('gmem0_0_addr_5_read', D:/project/DPUv2/dpu_conv.cpp:55) on port 'gmem0_0' (D:/project/DPUv2/dpu_conv.cpp:55), bus read operation ('gmem0_0_addr_6_read', D:/project/DPUv2/dpu_conv.cpp:55) on port 'gmem0_0' (D:/project/DPUv2/dpu_conv.cpp:55), bus read operation ('gmem0_0_addr_7_read', D:/project/DPUv2/dpu_conv.cpp:55) on port 'gmem0_0' (D:/project/DPUv2/dpu_conv.cpp:55), bus read operation ('gmem0_0_addr_8_read', D:/project/DPUv2/dpu_conv.cpp:55) on port 'gmem0_0' (D:/project/DPUv2/dpu_conv.cpp:55) accessing 'gmem0_0' m_axi read
WARNING: [HLS 200-448] Lower bound of II is 9 due to multiple bus read operation ('gmem1_0_addr_read', D:/project/DPUv2/dpu_conv.cpp:55) on port 'gmem1_0' (D:/project/DPUv2/dpu_conv.cpp:55), bus read operation ('gmem1_0_addr_1_read', D:/project/DPUv2/dpu_conv.cpp:55) on port 'gmem1_0' (D:/project/DPUv2/dpu_conv.cpp:55), bus read operation ('gmem1_0_addr_2_read', D:/project/DPUv2/dpu_conv.cpp:55) on port 'gmem1_0' (D:/project/DPUv2/dpu_conv.cpp:55), bus read operation ('gmem1_0_addr_3_read', D:/project/DPUv2/dpu_conv.cpp:55) on port 'gmem1_0' (D:/project/DPUv2/dpu_conv.cpp:55), bus read operation ('gmem1_0_addr_4_read', D:/project/DPUv2/dpu_conv.cpp:55) on port 'gmem1_0' (D:/project/DPUv2/dpu_conv.cpp:55), bus read operation ('gmem1_0_addr_5_read', D:/project/DPUv2/dpu_conv.cpp:55) on port 'gmem1_0' (D:/project/DPUv2/dpu_conv.cpp:55), bus read operation ('gmem1_0_addr_6_read', D:/project/DPUv2/dpu_conv.cpp:55) on port 'gmem1_0' (D:/project/DPUv2/dpu_conv.cpp:55), bus read operation ('gmem1_0_addr_7_read', D:/project/DPUv2/dpu_conv.cpp:55) on port 'gmem1_0' (D:/project/DPUv2/dpu_conv.cpp:55), bus read operation ('gmem1_0_addr_8_read', D:/project/DPUv2/dpu_conv.cpp:55) on port 'gmem1_0' (D:/project/DPUv2/dpu_conv.cpp:55) accessing 'gmem1_0' m_axi read
WARNING: [HLS 200-448] Lower bound of II is 9 due to multiple bus read operation ('gmem0_1_addr_read', D:/project/DPUv2/dpu_conv.cpp:55) on port 'gmem0_1' (D:/project/DPUv2/dpu_conv.cpp:55), bus read operation ('gmem0_1_addr_1_read', D:/project/DPUv2/dpu_conv.cpp:55) on port 'gmem0_1' (D:/project/DPUv2/dpu_conv.cpp:55), bus read operation ('gmem0_1_addr_2_read', D:/project/DPUv2/dpu_conv.cpp:55) on port 'gmem0_1' (D:/project/DPUv2/dpu_conv.cpp:55), bus read operation ('gmem0_1_addr_3_read', D:/project/DPUv2/dpu_conv.cpp:55) on port 'gmem0_1' (D:/project/DPUv2/dpu_conv.cpp:55), bus read operation ('gmem0_1_addr_4_read', D:/project/DPUv2/dpu_conv.cpp:55) on port 'gmem0_1' (D:/project/DPUv2/dpu_conv.cpp:55), bus read operation ('gmem0_1_addr_5_read', D:/project/DPUv2/dpu_conv.cpp:55) on port 'gmem0_1' (D:/project/DPUv2/dpu_conv.cpp:55), bus read operation ('gmem0_1_addr_6_read', D:/project/DPUv2/dpu_conv.cpp:55) on port 'gmem0_1' (D:/project/DPUv2/dpu_conv.cpp:55), bus read operation ('gmem0_1_addr_7_read', D:/project/DPUv2/dpu_conv.cpp:55) on port 'gmem0_1' (D:/project/DPUv2/dpu_conv.cpp:55), bus read operation ('gmem0_1_addr_8_read', D:/project/DPUv2/dpu_conv.cpp:55) on port 'gmem0_1' (D:/project/DPUv2/dpu_conv.cpp:55) accessing 'gmem0_1' m_axi read
WARNING: [HLS 200-448] Lower bound of II is 9 due to multiple bus read operation ('gmem1_1_addr_read', D:/project/DPUv2/dpu_conv.cpp:55) on port 'gmem1_1' (D:/project/DPUv2/dpu_conv.cpp:55), bus read operation ('gmem1_1_addr_1_read', D:/project/DPUv2/dpu_conv.cpp:55) on port 'gmem1_1' (D:/project/DPUv2/dpu_conv.cpp:55), bus read operation ('gmem1_1_addr_2_read', D:/project/DPUv2/dpu_conv.cpp:55) on port 'gmem1_1' (D:/project/DPUv2/dpu_conv.cpp:55), bus read operation ('gmem1_1_addr_3_read', D:/project/DPUv2/dpu_conv.cpp:55) on port 'gmem1_1' (D:/project/DPUv2/dpu_conv.cpp:55), bus read operation ('gmem1_1_addr_4_read', D:/project/DPUv2/dpu_conv.cpp:55) on port 'gmem1_1' (D:/project/DPUv2/dpu_conv.cpp:55), bus read operation ('gmem1_1_addr_5_read', D:/project/DPUv2/dpu_conv.cpp:55) on port 'gmem1_1' (D:/project/DPUv2/dpu_conv.cpp:55), bus read operation ('gmem1_1_addr_6_read', D:/project/DPUv2/dpu_conv.cpp:55) on port 'gmem1_1' (D:/project/DPUv2/dpu_conv.cpp:55), bus read operation ('gmem1_1_addr_7_read', D:/project/DPUv2/dpu_conv.cpp:55) on port 'gmem1_1' (D:/project/DPUv2/dpu_conv.cpp:55), bus read operation ('gmem1_1_addr_8_read', D:/project/DPUv2/dpu_conv.cpp:55) on port 'gmem1_1' (D:/project/DPUv2/dpu_conv.cpp:55) accessing 'gmem1_1' m_axi read
WARNING: [HLS 200-448] Lower bound of II is 9 due to multiple bus read operation ('gmem1_7_addr_read', D:/project/DPUv2/dpu_conv.cpp:55) on port 'gmem1_7' (D:/project/DPUv2/dpu_conv.cpp:55), bus read operation ('gmem1_7_addr_1_read', D:/project/DPUv2/dpu_conv.cpp:55) on port 'gmem1_7' (D:/project/DPUv2/dpu_conv.cpp:55), bus read operation ('gmem1_7_addr_2_read', D:/project/DPUv2/dpu_conv.cpp:55) on port 'gmem1_7' (D:/project/DPUv2/dpu_conv.cpp:55), bus read operation ('gmem1_7_addr_3_read', D:/project/DPUv2/dpu_conv.cpp:55) on port 'gmem1_7' (D:/project/DPUv2/dpu_conv.cpp:55), bus read operation ('gmem1_7_addr_4_read', D:/project/DPUv2/dpu_conv.cpp:55) on port 'gmem1_7' (D:/project/DPUv2/dpu_conv.cpp:55), bus read operation ('gmem1_7_addr_5_read', D:/project/DPUv2/dpu_conv.cpp:55) on port 'gmem1_7' (D:/project/DPUv2/dpu_conv.cpp:55), bus read operation ('gmem1_7_addr_6_read', D:/project/DPUv2/dpu_conv.cpp:55) on port 'gmem1_7' (D:/project/DPUv2/dpu_conv.cpp:55), bus read operation ('gmem1_7_addr_7_read', D:/project/DPUv2/dpu_conv.cpp:55) on port 'gmem1_7' (D:/project/DPUv2/dpu_conv.cpp:55), bus read operation ('gmem1_7_addr_8_read', D:/project/DPUv2/dpu_conv.cpp:55) on port 'gmem1_7' (D:/project/DPUv2/dpu_conv.cpp:55) accessing 'gmem1_7' m_axi read
WARNING: [HLS 200-448] Lower bound of II is 9 due to multiple bus read operation ('gmem0_2_addr_read', D:/project/DPUv2/dpu_conv.cpp:55) on port 'gmem0_2' (D:/project/DPUv2/dpu_conv.cpp:55), bus read operation ('gmem0_2_addr_1_read', D:/project/DPUv2/dpu_conv.cpp:55) on port 'gmem0_2' (D:/project/DPUv2/dpu_conv.cpp:55), bus read operation ('gmem0_2_addr_2_read', D:/project/DPUv2/dpu_conv.cpp:55) on port 'gmem0_2' (D:/project/DPUv2/dpu_conv.cpp:55), bus read operation ('gmem0_2_addr_3_read', D:/project/DPUv2/dpu_conv.cpp:55) on port 'gmem0_2' (D:/project/DPUv2/dpu_conv.cpp:55), bus read operation ('gmem0_2_addr_4_read', D:/project/DPUv2/dpu_conv.cpp:55) on port 'gmem0_2' (D:/project/DPUv2/dpu_conv.cpp:55), bus read operation ('gmem0_2_addr_5_read', D:/project/DPUv2/dpu_conv.cpp:55) on port 'gmem0_2' (D:/project/DPUv2/dpu_conv.cpp:55), bus read operation ('gmem0_2_addr_6_read', D:/project/DPUv2/dpu_conv.cpp:55) on port 'gmem0_2' (D:/project/DPUv2/dpu_conv.cpp:55), bus read operation ('gmem0_2_addr_7_read', D:/project/DPUv2/dpu_conv.cpp:55) on port 'gmem0_2' (D:/project/DPUv2/dpu_conv.cpp:55), bus read operation ('gmem0_2_addr_8_read', D:/project/DPUv2/dpu_conv.cpp:55) on port 'gmem0_2' (D:/project/DPUv2/dpu_conv.cpp:55) accessing 'gmem0_2' m_axi read
WARNING: [HLS 200-448] Lower bound of II is 9 due to multiple bus read operation ('gmem1_2_addr_read', D:/project/DPUv2/dpu_conv.cpp:55) on port 'gmem1_2' (D:/project/DPUv2/dpu_conv.cpp:55), bus read operation ('gmem1_2_addr_1_read', D:/project/DPUv2/dpu_conv.cpp:55) on port 'gmem1_2' (D:/project/DPUv2/dpu_conv.cpp:55), bus read operation ('gmem1_2_addr_2_read', D:/project/DPUv2/dpu_conv.cpp:55) on port 'gmem1_2' (D:/project/DPUv2/dpu_conv.cpp:55), bus read operation ('gmem1_2_addr_3_read', D:/project/DPUv2/dpu_conv.cpp:55) on port 'gmem1_2' (D:/project/DPUv2/dpu_conv.cpp:55), bus read operation ('gmem1_2_addr_4_read', D:/project/DPUv2/dpu_conv.cpp:55) on port 'gmem1_2' (D:/project/DPUv2/dpu_conv.cpp:55), bus read operation ('gmem1_2_addr_5_read', D:/project/DPUv2/dpu_conv.cpp:55) on port 'gmem1_2' (D:/project/DPUv2/dpu_conv.cpp:55), bus read operation ('gmem1_2_addr_6_read', D:/project/DPUv2/dpu_conv.cpp:55) on port 'gmem1_2' (D:/project/DPUv2/dpu_conv.cpp:55), bus read operation ('gmem1_2_addr_7_read', D:/project/DPUv2/dpu_conv.cpp:55) on port 'gmem1_2' (D:/project/DPUv2/dpu_conv.cpp:55), bus read operation ('gmem1_2_addr_8_read', D:/project/DPUv2/dpu_conv.cpp:55) on port 'gmem1_2' (D:/project/DPUv2/dpu_conv.cpp:55) accessing 'gmem1_2' m_axi read
WARNING: [HLS 200-448] Lower bound of II is 9 due to multiple bus read operation ('gmem0_3_addr_read', D:/project/DPUv2/dpu_conv.cpp:55) on port 'gmem0_3' (D:/project/DPUv2/dpu_conv.cpp:55), bus read operation ('gmem0_3_addr_1_read', D:/project/DPUv2/dpu_conv.cpp:55) on port 'gmem0_3' (D:/project/DPUv2/dpu_conv.cpp:55), bus read operation ('gmem0_3_addr_2_read', D:/project/DPUv2/dpu_conv.cpp:55) on port 'gmem0_3' (D:/project/DPUv2/dpu_conv.cpp:55), bus read operation ('gmem0_3_addr_3_read', D:/project/DPUv2/dpu_conv.cpp:55) on port 'gmem0_3' (D:/project/DPUv2/dpu_conv.cpp:55), bus read operation ('gmem0_3_addr_4_read', D:/project/DPUv2/dpu_conv.cpp:55) on port 'gmem0_3' (D:/project/DPUv2/dpu_conv.cpp:55), bus read operation ('gmem0_3_addr_5_read', D:/project/DPUv2/dpu_conv.cpp:55) on port 'gmem0_3' (D:/project/DPUv2/dpu_conv.cpp:55), bus read operation ('gmem0_3_addr_6_read', D:/project/DPUv2/dpu_conv.cpp:55) on port 'gmem0_3' (D:/project/DPUv2/dpu_conv.cpp:55), bus read operation ('gmem0_3_addr_7_read', D:/project/DPUv2/dpu_conv.cpp:55) on port 'gmem0_3' (D:/project/DPUv2/dpu_conv.cpp:55), bus read operation ('gmem0_3_addr_8_read', D:/project/DPUv2/dpu_conv.cpp:55) on port 'gmem0_3' (D:/project/DPUv2/dpu_conv.cpp:55) accessing 'gmem0_3' m_axi read
WARNING: [HLS 200-448] Lower bound of II is 9 due to multiple bus read operation ('gmem1_3_addr_read', D:/project/DPUv2/dpu_conv.cpp:55) on port 'gmem1_3' (D:/project/DPUv2/dpu_conv.cpp:55), bus read operation ('gmem1_3_addr_1_read', D:/project/DPUv2/dpu_conv.cpp:55) on port 'gmem1_3' (D:/project/DPUv2/dpu_conv.cpp:55), bus read operation ('gmem1_3_addr_2_read', D:/project/DPUv2/dpu_conv.cpp:55) on port 'gmem1_3' (D:/project/DPUv2/dpu_conv.cpp:55), bus read operation ('gmem1_3_addr_3_read', D:/project/DPUv2/dpu_conv.cpp:55) on port 'gmem1_3' (D:/project/DPUv2/dpu_conv.cpp:55), bus read operation ('gmem1_3_addr_4_read', D:/project/DPUv2/dpu_conv.cpp:55) on port 'gmem1_3' (D:/project/DPUv2/dpu_conv.cpp:55), bus read operation ('gmem1_3_addr_5_read', D:/project/DPUv2/dpu_conv.cpp:55) on port 'gmem1_3' (D:/project/DPUv2/dpu_conv.cpp:55), bus read operation ('gmem1_3_addr_6_read', D:/project/DPUv2/dpu_conv.cpp:55) on port 'gmem1_3' (D:/project/DPUv2/dpu_conv.cpp:55), bus read operation ('gmem1_3_addr_7_read', D:/project/DPUv2/dpu_conv.cpp:55) on port 'gmem1_3' (D:/project/DPUv2/dpu_conv.cpp:55), bus read operation ('gmem1_3_addr_8_read', D:/project/DPUv2/dpu_conv.cpp:55) on port 'gmem1_3' (D:/project/DPUv2/dpu_conv.cpp:55) accessing 'gmem1_3' m_axi read
WARNING: [HLS 200-448] Lower bound of II is 9 due to multiple bus read operation ('gmem0_4_addr_read', D:/project/DPUv2/dpu_conv.cpp:55) on port 'gmem0_4' (D:/project/DPUv2/dpu_conv.cpp:55), bus read operation ('gmem0_4_addr_1_read', D:/project/DPUv2/dpu_conv.cpp:55) on port 'gmem0_4' (D:/project/DPUv2/dpu_conv.cpp:55), bus read operation ('gmem0_4_addr_2_read', D:/project/DPUv2/dpu_conv.cpp:55) on port 'gmem0_4' (D:/project/DPUv2/dpu_conv.cpp:55), bus read operation ('gmem0_4_addr_3_read', D:/project/DPUv2/dpu_conv.cpp:55) on port 'gmem0_4' (D:/project/DPUv2/dpu_conv.cpp:55), bus read operation ('gmem0_4_addr_4_read', D:/project/DPUv2/dpu_conv.cpp:55) on port 'gmem0_4' (D:/project/DPUv2/dpu_conv.cpp:55), bus read operation ('gmem0_4_addr_5_read', D:/project/DPUv2/dpu_conv.cpp:55) on port 'gmem0_4' (D:/project/DPUv2/dpu_conv.cpp:55), bus read operation ('gmem0_4_addr_6_read', D:/project/DPUv2/dpu_conv.cpp:55) on port 'gmem0_4' (D:/project/DPUv2/dpu_conv.cpp:55), bus read operation ('gmem0_4_addr_7_read', D:/project/DPUv2/dpu_conv.cpp:55) on port 'gmem0_4' (D:/project/DPUv2/dpu_conv.cpp:55), bus read operation ('gmem0_4_addr_8_read', D:/project/DPUv2/dpu_conv.cpp:55) on port 'gmem0_4' (D:/project/DPUv2/dpu_conv.cpp:55) accessing 'gmem0_4' m_axi read
WARNING: [HLS 200-448] Lower bound of II is 9 due to multiple bus read operation ('gmem1_4_addr_read', D:/project/DPUv2/dpu_conv.cpp:55) on port 'gmem1_4' (D:/project/DPUv2/dpu_conv.cpp:55), bus read operation ('gmem1_4_addr_1_read', D:/project/DPUv2/dpu_conv.cpp:55) on port 'gmem1_4' (D:/project/DPUv2/dpu_conv.cpp:55), bus read operation ('gmem1_4_addr_2_read', D:/project/DPUv2/dpu_conv.cpp:55) on port 'gmem1_4' (D:/project/DPUv2/dpu_conv.cpp:55), bus read operation ('gmem1_4_addr_3_read', D:/project/DPUv2/dpu_conv.cpp:55) on port 'gmem1_4' (D:/project/DPUv2/dpu_conv.cpp:55), bus read operation ('gmem1_4_addr_4_read', D:/project/DPUv2/dpu_conv.cpp:55) on port 'gmem1_4' (D:/project/DPUv2/dpu_conv.cpp:55), bus read operation ('gmem1_4_addr_5_read', D:/project/DPUv2/dpu_conv.cpp:55) on port 'gmem1_4' (D:/project/DPUv2/dpu_conv.cpp:55), bus read operation ('gmem1_4_addr_6_read', D:/project/DPUv2/dpu_conv.cpp:55) on port 'gmem1_4' (D:/project/DPUv2/dpu_conv.cpp:55), bus read operation ('gmem1_4_addr_7_read', D:/project/DPUv2/dpu_conv.cpp:55) on port 'gmem1_4' (D:/project/DPUv2/dpu_conv.cpp:55), bus read operation ('gmem1_4_addr_8_read', D:/project/DPUv2/dpu_conv.cpp:55) on port 'gmem1_4' (D:/project/DPUv2/dpu_conv.cpp:55) accessing 'gmem1_4' m_axi read
WARNING: [HLS 200-448] Lower bound of II is 9 due to multiple bus read operation ('gmem0_5_addr_read', D:/project/DPUv2/dpu_conv.cpp:55) on port 'gmem0_5' (D:/project/DPUv2/dpu_conv.cpp:55), bus read operation ('gmem0_5_addr_1_read', D:/project/DPUv2/dpu_conv.cpp:55) on port 'gmem0_5' (D:/project/DPUv2/dpu_conv.cpp:55), bus read operation ('gmem0_5_addr_2_read', D:/project/DPUv2/dpu_conv.cpp:55) on port 'gmem0_5' (D:/project/DPUv2/dpu_conv.cpp:55), bus read operation ('gmem0_5_addr_3_read', D:/project/DPUv2/dpu_conv.cpp:55) on port 'gmem0_5' (D:/project/DPUv2/dpu_conv.cpp:55), bus read operation ('gmem0_5_addr_4_read', D:/project/DPUv2/dpu_conv.cpp:55) on port 'gmem0_5' (D:/project/DPUv2/dpu_conv.cpp:55), bus read operation ('gmem0_5_addr_5_read', D:/project/DPUv2/dpu_conv.cpp:55) on port 'gmem0_5' (D:/project/DPUv2/dpu_conv.cpp:55), bus read operation ('gmem0_5_addr_6_read', D:/project/DPUv2/dpu_conv.cpp:55) on port 'gmem0_5' (D:/project/DPUv2/dpu_conv.cpp:55), bus read operation ('gmem0_5_addr_7_read', D:/project/DPUv2/dpu_conv.cpp:55) on port 'gmem0_5' (D:/project/DPUv2/dpu_conv.cpp:55), bus read operation ('gmem0_5_addr_8_read', D:/project/DPUv2/dpu_conv.cpp:55) on port 'gmem0_5' (D:/project/DPUv2/dpu_conv.cpp:55) accessing 'gmem0_5' m_axi read
WARNING: [HLS 200-448] Lower bound of II is 9 due to multiple bus read operation ('gmem1_5_addr_read', D:/project/DPUv2/dpu_conv.cpp:55) on port 'gmem1_5' (D:/project/DPUv2/dpu_conv.cpp:55), bus read operation ('gmem1_5_addr_1_read', D:/project/DPUv2/dpu_conv.cpp:55) on port 'gmem1_5' (D:/project/DPUv2/dpu_conv.cpp:55), bus read operation ('gmem1_5_addr_2_read', D:/project/DPUv2/dpu_conv.cpp:55) on port 'gmem1_5' (D:/project/DPUv2/dpu_conv.cpp:55), bus read operation ('gmem1_5_addr_3_read', D:/project/DPUv2/dpu_conv.cpp:55) on port 'gmem1_5' (D:/project/DPUv2/dpu_conv.cpp:55), bus read operation ('gmem1_5_addr_4_read', D:/project/DPUv2/dpu_conv.cpp:55) on port 'gmem1_5' (D:/project/DPUv2/dpu_conv.cpp:55), bus read operation ('gmem1_5_addr_5_read', D:/project/DPUv2/dpu_conv.cpp:55) on port 'gmem1_5' (D:/project/DPUv2/dpu_conv.cpp:55), bus read operation ('gmem1_5_addr_6_read', D:/project/DPUv2/dpu_conv.cpp:55) on port 'gmem1_5' (D:/project/DPUv2/dpu_conv.cpp:55), bus read operation ('gmem1_5_addr_7_read', D:/project/DPUv2/dpu_conv.cpp:55) on port 'gmem1_5' (D:/project/DPUv2/dpu_conv.cpp:55), bus read operation ('gmem1_5_addr_8_read', D:/project/DPUv2/dpu_conv.cpp:55) on port 'gmem1_5' (D:/project/DPUv2/dpu_conv.cpp:55) accessing 'gmem1_5' m_axi read
WARNING: [HLS 200-448] Lower bound of II is 9 due to multiple bus read operation ('gmem1_6_addr_read', D:/project/DPUv2/dpu_conv.cpp:55) on port 'gmem1_6' (D:/project/DPUv2/dpu_conv.cpp:55), bus read operation ('gmem1_6_addr_1_read', D:/project/DPUv2/dpu_conv.cpp:55) on port 'gmem1_6' (D:/project/DPUv2/dpu_conv.cpp:55), bus read operation ('gmem1_6_addr_2_read', D:/project/DPUv2/dpu_conv.cpp:55) on port 'gmem1_6' (D:/project/DPUv2/dpu_conv.cpp:55), bus read operation ('gmem1_6_addr_3_read', D:/project/DPUv2/dpu_conv.cpp:55) on port 'gmem1_6' (D:/project/DPUv2/dpu_conv.cpp:55), bus read operation ('gmem1_6_addr_4_read', D:/project/DPUv2/dpu_conv.cpp:55) on port 'gmem1_6' (D:/project/DPUv2/dpu_conv.cpp:55), bus read operation ('gmem1_6_addr_5_read', D:/project/DPUv2/dpu_conv.cpp:55) on port 'gmem1_6' (D:/project/DPUv2/dpu_conv.cpp:55), bus read operation ('gmem1_6_addr_6_read', D:/project/DPUv2/dpu_conv.cpp:55) on port 'gmem1_6' (D:/project/DPUv2/dpu_conv.cpp:55), bus read operation ('gmem1_6_addr_7_read', D:/project/DPUv2/dpu_conv.cpp:55) on port 'gmem1_6' (D:/project/DPUv2/dpu_conv.cpp:55), bus read operation ('gmem1_6_addr_8_read', D:/project/DPUv2/dpu_conv.cpp:55) on port 'gmem1_6' (D:/project/DPUv2/dpu_conv.cpp:55) accessing 'gmem1_6' m_axi read
WARNING: [HLS 200-448] Lower bound of II is 9 due to multiple bus read operation ('gmem0_7_addr_read', D:/project/DPUv2/dpu_conv.cpp:55) on port 'gmem0_7' (D:/project/DPUv2/dpu_conv.cpp:55), bus read operation ('gmem0_7_addr_1_read', D:/project/DPUv2/dpu_conv.cpp:55) on port 'gmem0_7' (D:/project/DPUv2/dpu_conv.cpp:55), bus read operation ('gmem0_7_addr_2_read', D:/project/DPUv2/dpu_conv.cpp:55) on port 'gmem0_7' (D:/project/DPUv2/dpu_conv.cpp:55), bus read operation ('gmem0_7_addr_3_read', D:/project/DPUv2/dpu_conv.cpp:55) on port 'gmem0_7' (D:/project/DPUv2/dpu_conv.cpp:55), bus read operation ('gmem0_7_addr_4_read', D:/project/DPUv2/dpu_conv.cpp:55) on port 'gmem0_7' (D:/project/DPUv2/dpu_conv.cpp:55), bus read operation ('gmem0_7_addr_5_read', D:/project/DPUv2/dpu_conv.cpp:55) on port 'gmem0_7' (D:/project/DPUv2/dpu_conv.cpp:55), bus read operation ('gmem0_7_addr_6_read', D:/project/DPUv2/dpu_conv.cpp:55) on port 'gmem0_7' (D:/project/DPUv2/dpu_conv.cpp:55), bus read operation ('gmem0_7_addr_7_read', D:/project/DPUv2/dpu_conv.cpp:55) on port 'gmem0_7' (D:/project/DPUv2/dpu_conv.cpp:55), bus read operation ('gmem0_7_addr_8_read', D:/project/DPUv2/dpu_conv.cpp:55) on port 'gmem0_7' (D:/project/DPUv2/dpu_conv.cpp:55) accessing 'gmem0_7' m_axi read
WARNING: [HLS 200-880] The II Violation in module 'conv3x3_relu_Pipeline_OH_LOOP_OW_LOOP_IC_LOOP' (loop 'OH_LOOP_OW_LOOP_IC_LOOP'): Unable to enforce a carried dependence constraint (II = 9, distance = 1, offset = 0) between 'store' operation ('acc_1_write_ln33', D:/project/DPUv2/dpu_conv.cpp:33) of variable 'acc' 32 bit on local variable 'acc', D:/project/DPUv2/dpu_conv.cpp:33 and 'load' operation 32 bit ('acc_1_load') on local variable 'acc', D:/project/DPUv2/dpu_conv.cpp:33.
WARNING: [HLS 200-880] The II Violation in module 'conv3x3_relu_Pipeline_OH_LOOP_OW_LOOP_IC_LOOP' (loop 'OH_LOOP_OW_LOOP_IC_LOOP'): Unable to enforce a carried dependence constraint (II = 10, distance = 1, offset = 0) between 'store' operation ('acc_1_write_ln33', D:/project/DPUv2/dpu_conv.cpp:33) of variable 'acc' 32 bit on local variable 'acc', D:/project/DPUv2/dpu_conv.cpp:33 and 'load' operation 32 bit ('acc_1_load') on local variable 'acc', D:/project/DPUv2/dpu_conv.cpp:33.
WARNING: [HLS 200-880] The II Violation in module 'conv3x3_relu_Pipeline_OH_LOOP_OW_LOOP_IC_LOOP' (loop 'OH_LOOP_OW_LOOP_IC_LOOP'): Unable to enforce a carried dependence constraint (II = 11, distance = 1, offset = 0) between 'store' operation ('acc_1_write_ln33', D:/project/DPUv2/dpu_conv.cpp:33) of variable 'acc' 32 bit on local variable 'acc', D:/project/DPUv2/dpu_conv.cpp:33 and 'load' operation 32 bit ('acc_1_load') on local variable 'acc', D:/project/DPUv2/dpu_conv.cpp:33.
WARNING: [HLS 200-880] The II Violation in module 'conv3x3_relu_Pipeline_OH_LOOP_OW_LOOP_IC_LOOP' (loop 'OH_LOOP_OW_LOOP_IC_LOOP'): Unable to enforce a carried dependence constraint (II = 12, distance = 1, offset = 0) between 'store' operation ('acc_1_write_ln33', D:/project/DPUv2/dpu_conv.cpp:33) of variable 'acc' 32 bit on local variable 'acc', D:/project/DPUv2/dpu_conv.cpp:33 and 'load' operation 32 bit ('acc_1_load') on local variable 'acc', D:/project/DPUv2/dpu_conv.cpp:33.
WARNING: [HLS 200-880] The II Violation in module 'conv3x3_relu_Pipeline_OH_LOOP_OW_LOOP_IC_LOOP' (loop 'OH_LOOP_OW_LOOP_IC_LOOP'): Unable to enforce a carried dependence constraint (II = 42, distance = 1, offset = 0) between 'store' operation ('acc_1_write_ln33', D:/project/DPUv2/dpu_conv.cpp:33) of variable 'acc' 32 bit on local variable 'acc', D:/project/DPUv2/dpu_conv.cpp:33 and 'load' operation 32 bit ('acc_1_load') on local variable 'acc', D:/project/DPUv2/dpu_conv.cpp:33.
WARNING: [HLS 200-880] The II Violation in module 'conv3x3_relu_Pipeline_OH_LOOP_OW_LOOP_IC_LOOP' (loop 'OH_LOOP_OW_LOOP_IC_LOOP'): Unable to enforce a carried dependence constraint (II = 57, distance = 1, offset = 0) between 'store' operation ('acc_1_write_ln33', D:/project/DPUv2/dpu_conv.cpp:33) of variable 'acc' 32 bit on local variable 'acc', D:/project/DPUv2/dpu_conv.cpp:33 and 'load' operation 32 bit ('acc_1_load') on local variable 'acc', D:/project/DPUv2/dpu_conv.cpp:33.
WARNING: [HLS 200-880] The II Violation in module 'conv3x3_relu_Pipeline_OH_LOOP_OW_LOOP_IC_LOOP' (loop 'OH_LOOP_OW_LOOP_IC_LOOP'): Unable to enforce a carried dependence constraint (II = 65, distance = 1, offset = 0) between 'store' operation ('acc_1_write_ln33', D:/project/DPUv2/dpu_conv.cpp:33) of variable 'acc' 32 bit on local variable 'acc', D:/project/DPUv2/dpu_conv.cpp:33 and 'load' operation 32 bit ('acc_1_load') on local variable 'acc', D:/project/DPUv2/dpu_conv.cpp:33.
WARNING: [HLS 200-880] The II Violation in module 'conv3x3_relu_Pipeline_OH_LOOP_OW_LOOP_IC_LOOP' (loop 'OH_LOOP_OW_LOOP_IC_LOOP'): Unable to enforce a carried dependence constraint (II = 69, distance = 1, offset = 0) between 'store' operation ('acc_1_write_ln33', D:/project/DPUv2/dpu_conv.cpp:33) of variable 'acc' 32 bit on local variable 'acc', D:/project/DPUv2/dpu_conv.cpp:33 and 'load' operation 32 bit ('acc_1_load') on local variable 'acc', D:/project/DPUv2/dpu_conv.cpp:33.
WARNING: [HLS 200-880] The II Violation in module 'conv3x3_relu_Pipeline_OH_LOOP_OW_LOOP_IC_LOOP' (loop 'OH_LOOP_OW_LOOP_IC_LOOP'): Unable to enforce a carried dependence constraint (II = 71, distance = 1, offset = 0) between 'store' operation ('acc_1_write_ln33', D:/project/DPUv2/dpu_conv.cpp:33) of variable 'acc' 32 bit on local variable 'acc', D:/project/DPUv2/dpu_conv.cpp:33 and 'load' operation 32 bit ('acc_1_load') on local variable 'acc', D:/project/DPUv2/dpu_conv.cpp:33.
WARNING: [HLS 200-887] Cannot meet target clock period from 'add' operation 32 bit of DSP[1760] ('acc', D:/project/DPUv2/dpu_conv.cpp:55) to 'add' operation 32 bit of DSP[236] ('acc', D:/project/DPUv2/dpu_conv.cpp:55) (combination delay: 8.1933 ns) to honor II or Latency constraint in region 'OH_LOOP_OW_LOOP_IC_LOOP'.
INFO: [HLS 200-1470] Pipelining result : Target II = 1, Final II = 72, Depth = 95, loop 'OH_LOOP_OW_LOOP_IC_LOOP'
INFO: [SCHED 204-11] Finished scheduling.
Command     schedule done; 13.769 sec.
INFO: [HLS 200-111] Finished Scheduling: CPU user time: 12 seconds. CPU system time: 0 seconds. Elapsed time: 15.332 seconds; current allocated memory: 298.652 MB.
Execute     syn_report -verbosereport -o D:/project/DPU_Project/DPU_HLS/dpu_conv_top/hls/.autopilot/db/conv3x3_relu_Pipeline_OH_LOOP_OW_LOOP_IC_LOOP.verbose.sched.rpt 
Execute       list_part -family xc7z020-clg400-1 
Execute         ap_family_info -name xc7z020-clg400-1 -data names 
Execute         ap_part_info -quiet -name xc7z020-clg400-1 -data family 
Command     syn_report done; 0.811 sec.
Execute     db_write -o D:/project/DPU_Project/DPU_HLS/dpu_conv_top/hls/.autopilot/db/conv3x3_relu_Pipeline_OH_LOOP_OW_LOOP_IC_LOOP.sched.adb -f 
Command     db_write done; 0.581 sec.
INFO-FLOW: Finish scheduling conv3x3_relu_Pipeline_OH_LOOP_OW_LOOP_IC_LOOP.
Execute     set_default_model conv3x3_relu_Pipeline_OH_LOOP_OW_LOOP_IC_LOOP 
Execute     bind -model conv3x3_relu_Pipeline_OH_LOOP_OW_LOOP_IC_LOOP 
INFO: [BIND 205-100] Starting micro-architecture generation ...
INFO: [BIND 205-101] Performing variable lifetime analysis.
INFO: [BIND 205-101] Exploring resource sharing.
INFO: [BIND 205-101] Binding ...
INFO: [BIND 205-100] Finished micro-architecture generation.
Command     bind done; 0.577 sec.
INFO: [HLS 200-111] Finished Binding: CPU user time: 2 seconds. CPU system time: 0 seconds. Elapsed time: 1.979 seconds; current allocated memory: 298.652 MB.
Execute     syn_report -verbosereport -o D:/project/DPU_Project/DPU_HLS/dpu_conv_top/hls/.autopilot/db/conv3x3_relu_Pipeline_OH_LOOP_OW_LOOP_IC_LOOP.verbose.bind.rpt 
Execute       list_part -family xc7z020-clg400-1 
Execute         ap_family_info -name xc7z020-clg400-1 -data names 
Execute         ap_part_info -quiet -name xc7z020-clg400-1 -data family 
Command     syn_report done; 0.728 sec.
Execute     db_write -o D:/project/DPU_Project/DPU_HLS/dpu_conv_top/hls/.autopilot/db/conv3x3_relu_Pipeline_OH_LOOP_OW_LOOP_IC_LOOP.bind.adb -f 
Command     db_write done; 0.59 sec.
INFO-FLOW: Finish binding conv3x3_relu_Pipeline_OH_LOOP_OW_LOOP_IC_LOOP.
INFO: [HLS 200-10] ----------------------------------------------------------------
INFO: [HLS 200-42] -- Implementing module 'conv3x3_relu' 
INFO: [HLS 200-10] ----------------------------------------------------------------
Execute     set_default_model conv3x3_relu 
Execute     schedule -model conv3x3_relu 
INFO: [SCHED 204-11] Starting scheduling ...
INFO: [SCHED 204-11] Finished scheduling.
INFO: [HLS 200-111] Finished Scheduling: CPU user time: 1 seconds. CPU system time: 1 seconds. Elapsed time: 1.367 seconds; current allocated memory: 298.652 MB.
Execute     syn_report -verbosereport -o D:/project/DPU_Project/DPU_HLS/dpu_conv_top/hls/.autopilot/db/conv3x3_relu.verbose.sched.rpt 
Execute       list_part -family xc7z020-clg400-1 
Execute         ap_family_info -name xc7z020-clg400-1 -data names 
Execute         ap_part_info -quiet -name xc7z020-clg400-1 -data family 
Execute     db_write -o D:/project/DPU_Project/DPU_HLS/dpu_conv_top/hls/.autopilot/db/conv3x3_relu.sched.adb -f 
INFO-FLOW: Finish scheduling conv3x3_relu.
Execute     set_default_model conv3x3_relu 
Execute     bind -model conv3x3_relu 
INFO: [BIND 205-100] Starting micro-architecture generation ...
INFO: [BIND 205-101] Performing variable lifetime analysis.
INFO: [BIND 205-101] Exploring resource sharing.
INFO: [BIND 205-101] Binding ...
INFO: [BIND 205-100] Finished micro-architecture generation.
INFO: [HLS 200-111] Finished Binding: CPU user time: 0 seconds. CPU system time: 0 seconds. Elapsed time: 0.112 seconds; current allocated memory: 298.652 MB.
Execute     syn_report -verbosereport -o D:/project/DPU_Project/DPU_HLS/dpu_conv_top/hls/.autopilot/db/conv3x3_relu.verbose.bind.rpt 
Execute       list_part -family xc7z020-clg400-1 
Execute         ap_family_info -name xc7z020-clg400-1 -data names 
Execute         ap_part_info -quiet -name xc7z020-clg400-1 -data family 
Command     syn_report done; 0.101 sec.
Execute     db_write -o D:/project/DPU_Project/DPU_HLS/dpu_conv_top/hls/.autopilot/db/conv3x3_relu.bind.adb -f 
INFO-FLOW: Finish binding conv3x3_relu.
INFO: [HLS 200-10] ----------------------------------------------------------------
INFO: [HLS 200-42] -- Implementing module 'dpu_conv_top_Pipeline_COPY_OC_COPY_H_COPY_W' 
INFO: [HLS 200-10] ----------------------------------------------------------------
Execute     set_default_model dpu_conv_top_Pipeline_COPY_OC_COPY_H_COPY_W 
Execute     schedule -model dpu_conv_top_Pipeline_COPY_OC_COPY_H_COPY_W 
INFO: [SCHED 204-11] Starting scheduling ...
INFO: [SCHED 204-61] Pipelining loop 'COPY_OC_COPY_H_COPY_W'.
INFO: [HLS 200-1470] Pipelining result : Target II = 1, Final II = 1, Depth = 19, loop 'COPY_OC_COPY_H_COPY_W'
INFO: [SCHED 204-11] Finished scheduling.
INFO: [HLS 200-111] Finished Scheduling: CPU user time: 0 seconds. CPU system time: 0 seconds. Elapsed time: 0.222 seconds; current allocated memory: 298.652 MB.
Execute     syn_report -verbosereport -o D:/project/DPU_Project/DPU_HLS/dpu_conv_top/hls/.autopilot/db/dpu_conv_top_Pipeline_COPY_OC_COPY_H_COPY_W.verbose.sched.rpt 
Execute       list_part -family xc7z020-clg400-1 
Execute         ap_family_info -name xc7z020-clg400-1 -data names 
Execute         ap_part_info -quiet -name xc7z020-clg400-1 -data family 
Execute     db_write -o D:/project/DPU_Project/DPU_HLS/dpu_conv_top/hls/.autopilot/db/dpu_conv_top_Pipeline_COPY_OC_COPY_H_COPY_W.sched.adb -f 
INFO-FLOW: Finish scheduling dpu_conv_top_Pipeline_COPY_OC_COPY_H_COPY_W.
Execute     set_default_model dpu_conv_top_Pipeline_COPY_OC_COPY_H_COPY_W 
Execute     bind -model dpu_conv_top_Pipeline_COPY_OC_COPY_H_COPY_W 
INFO: [BIND 205-100] Starting micro-architecture generation ...
INFO: [BIND 205-101] Performing variable lifetime analysis.
INFO: [BIND 205-101] Exploring resource sharing.
INFO: [BIND 205-101] Binding ...
INFO: [BIND 205-100] Finished micro-architecture generation.
INFO: [HLS 200-111] Finished Binding: CPU user time: 0 seconds. CPU system time: 0 seconds. Elapsed time: 0.093 seconds; current allocated memory: 298.652 MB.
Execute     syn_report -verbosereport -o D:/project/DPU_Project/DPU_HLS/dpu_conv_top/hls/.autopilot/db/dpu_conv_top_Pipeline_COPY_OC_COPY_H_COPY_W.verbose.bind.rpt 
Execute       list_part -family xc7z020-clg400-1 
Execute         ap_family_info -name xc7z020-clg400-1 -data names 
Execute         ap_part_info -quiet -name xc7z020-clg400-1 -data family 
Execute     db_write -o D:/project/DPU_Project/DPU_HLS/dpu_conv_top/hls/.autopilot/db/dpu_conv_top_Pipeline_COPY_OC_COPY_H_COPY_W.bind.adb -f 
INFO-FLOW: Finish binding dpu_conv_top_Pipeline_COPY_OC_COPY_H_COPY_W.
INFO: [HLS 200-10] ----------------------------------------------------------------
INFO: [HLS 200-42] -- Implementing module 'dpu_conv_top_Pipeline_POOL_OC_POOL_H_POOL_W' 
INFO: [HLS 200-10] ----------------------------------------------------------------
Execute     set_default_model dpu_conv_top_Pipeline_POOL_OC_POOL_H_POOL_W 
Execute     schedule -model dpu_conv_top_Pipeline_POOL_OC_POOL_H_POOL_W 
INFO: [SCHED 204-11] Starting scheduling ...
INFO: [SCHED 204-61] Pipelining loop 'POOL_OC_POOL_H_POOL_W'.
WARNING: [HLS 200-448] Lower bound of II is 4 due to multiple bus read operation ('p00', D:/project/DPUv2/dpu_conv.cpp:91->D:/project/DPUv2/dpu_conv.cpp:173) on port 'gmem2' (D:/project/DPUv2/dpu_conv.cpp:91->D:/project/DPUv2/dpu_conv.cpp:173), bus read operation ('p01', D:/project/DPUv2/dpu_conv.cpp:91->D:/project/DPUv2/dpu_conv.cpp:173) on port 'gmem2' (D:/project/DPUv2/dpu_conv.cpp:91->D:/project/DPUv2/dpu_conv.cpp:173), bus read operation ('p10', D:/project/DPUv2/dpu_conv.cpp:93->D:/project/DPUv2/dpu_conv.cpp:173) on port 'gmem2' (D:/project/DPUv2/dpu_conv.cpp:93->D:/project/DPUv2/dpu_conv.cpp:173), bus read operation ('p11', D:/project/DPUv2/dpu_conv.cpp:93->D:/project/DPUv2/dpu_conv.cpp:173) on port 'gmem2' (D:/project/DPUv2/dpu_conv.cpp:93->D:/project/DPUv2/dpu_conv.cpp:173) accessing 'gmem2' m_axi read
INFO: [HLS 200-1470] Pipelining result : Target II = 1, Final II = 4, Depth = 22, loop 'POOL_OC_POOL_H_POOL_W'
INFO: [SCHED 204-11] Finished scheduling.
Command     schedule done; 0.107 sec.
INFO: [HLS 200-111] Finished Scheduling: CPU user time: 0 seconds. CPU system time: 0 seconds. Elapsed time: 0.191 seconds; current allocated memory: 298.652 MB.
Execute     syn_report -verbosereport -o D:/project/DPU_Project/DPU_HLS/dpu_conv_top/hls/.autopilot/db/dpu_conv_top_Pipeline_POOL_OC_POOL_H_POOL_W.verbose.sched.rpt 
Execute       list_part -family xc7z020-clg400-1 
Execute         ap_family_info -name xc7z020-clg400-1 -data names 
Execute         ap_part_info -quiet -name xc7z020-clg400-1 -data family 
Execute     db_write -o D:/project/DPU_Project/DPU_HLS/dpu_conv_top/hls/.autopilot/db/dpu_conv_top_Pipeline_POOL_OC_POOL_H_POOL_W.sched.adb -f 
INFO-FLOW: Finish scheduling dpu_conv_top_Pipeline_POOL_OC_POOL_H_POOL_W.
Execute     set_default_model dpu_conv_top_Pipeline_POOL_OC_POOL_H_POOL_W 
Execute     bind -model dpu_conv_top_Pipeline_POOL_OC_POOL_H_POOL_W 
INFO: [BIND 205-100] Starting micro-architecture generation ...
INFO: [BIND 205-101] Performing variable lifetime analysis.
INFO: [BIND 205-101] Exploring resource sharing.
INFO: [BIND 205-101] Binding ...
INFO: [BIND 205-100] Finished micro-architecture generation.
INFO: [HLS 200-111] Finished Binding: CPU user time: 0 seconds. CPU system time: 0 seconds. Elapsed time: 0.108 seconds; current allocated memory: 298.652 MB.
Execute     syn_report -verbosereport -o D:/project/DPU_Project/DPU_HLS/dpu_conv_top/hls/.autopilot/db/dpu_conv_top_Pipeline_POOL_OC_POOL_H_POOL_W.verbose.bind.rpt 
Execute       list_part -family xc7z020-clg400-1 
Execute         ap_family_info -name xc7z020-clg400-1 -data names 
Execute         ap_part_info -quiet -name xc7z020-clg400-1 -data family 
Execute     db_write -o D:/project/DPU_Project/DPU_HLS/dpu_conv_top/hls/.autopilot/db/dpu_conv_top_Pipeline_POOL_OC_POOL_H_POOL_W.bind.adb -f 
INFO-FLOW: Finish binding dpu_conv_top_Pipeline_POOL_OC_POOL_H_POOL_W.
INFO: [HLS 200-10] ----------------------------------------------------------------
INFO: [HLS 200-42] -- Implementing module 'dpu_conv_top' 
INFO: [HLS 200-10] ----------------------------------------------------------------
Execute     set_default_model dpu_conv_top 
Execute     schedule -model dpu_conv_top 
INFO: [SCHED 204-11] Starting scheduling ...
INFO: [SCHED 204-11] Finished scheduling.
INFO: [HLS 200-111] Finished Scheduling: CPU user time: 0 seconds. CPU system time: 0 seconds. Elapsed time: 0.174 seconds; current allocated memory: 298.652 MB.
Execute     syn_report -verbosereport -o D:/project/DPU_Project/DPU_HLS/dpu_conv_top/hls/.autopilot/db/dpu_conv_top.verbose.sched.rpt 
Execute       list_part -family xc7z020-clg400-1 
Execute         ap_family_info -name xc7z020-clg400-1 -data names 
Execute         ap_part_info -quiet -name xc7z020-clg400-1 -data family 
Execute     db_write -o D:/project/DPU_Project/DPU_HLS/dpu_conv_top/hls/.autopilot/db/dpu_conv_top.sched.adb -f 
INFO-FLOW: Finish scheduling dpu_conv_top.
Execute     set_default_model dpu_conv_top 
Execute     bind -model dpu_conv_top 
INFO: [BIND 205-100] Starting micro-architecture generation ...
INFO: [BIND 205-101] Performing variable lifetime analysis.
INFO: [BIND 205-101] Exploring resource sharing.
INFO: [BIND 205-101] Binding ...
INFO: [BIND 205-100] Finished micro-architecture generation.
INFO: [HLS 200-111] Finished Binding: CPU user time: 0 seconds. CPU system time: 0 seconds. Elapsed time: 0.148 seconds; current allocated memory: 298.652 MB.
Execute     syn_report -verbosereport -o D:/project/DPU_Project/DPU_HLS/dpu_conv_top/hls/.autopilot/db/dpu_conv_top.verbose.bind.rpt 
Execute       list_part -family xc7z020-clg400-1 
Execute         ap_family_info -name xc7z020-clg400-1 -data names 
Execute         ap_part_info -quiet -name xc7z020-clg400-1 -data family 
Command     syn_report done; 0.104 sec.
Execute     db_write -o D:/project/DPU_Project/DPU_HLS/dpu_conv_top/hls/.autopilot/db/dpu_conv_top.bind.adb -f 
INFO-FLOW: Finish binding dpu_conv_top.
Execute     get_model_list dpu_conv_top -filter all-wo-channel 
INFO-FLOW: Preprocessing for RTLGen ...
Execute     rtl_gen_preprocess conv3x3_relu_Pipeline_OH_LOOP_OW_LOOP_IC_LOOP 
Execute     rtl_gen_preprocess conv3x3_relu 
Execute     rtl_gen_preprocess dpu_conv_top_Pipeline_COPY_OC_COPY_H_COPY_W 
Execute     rtl_gen_preprocess dpu_conv_top_Pipeline_POOL_OC_POOL_H_POOL_W 
Execute     rtl_gen_preprocess dpu_conv_top 
INFO-FLOW: Model list for RTL generation: conv3x3_relu_Pipeline_OH_LOOP_OW_LOOP_IC_LOOP conv3x3_relu dpu_conv_top_Pipeline_COPY_OC_COPY_H_COPY_W dpu_conv_top_Pipeline_POOL_OC_POOL_H_POOL_W dpu_conv_top
INFO: [HLS 200-10] ----------------------------------------------------------------
INFO: [HLS 200-10] -- Generating RTL for module 'conv3x3_relu_Pipeline_OH_LOOP_OW_LOOP_IC_LOOP' 
INFO: [HLS 200-10] ----------------------------------------------------------------
Execute     create_rtl_model conv3x3_relu_Pipeline_OH_LOOP_OW_LOOP_IC_LOOP -top_prefix dpu_conv_top_ -sub_prefix dpu_conv_top_ -mg_file D:/project/DPU_Project/DPU_HLS/dpu_conv_top/hls/.autopilot/db/conv3x3_relu_Pipeline_OH_LOOP_OW_LOOP_IC_LOOP.compgen.tcl 
INFO: [HLS 200-1030] Apply Unified Pipeline Control on module 'conv3x3_relu_Pipeline_OH_LOOP_OW_LOOP_IC_LOOP' pipeline 'OH_LOOP_OW_LOOP_IC_LOOP' pipeline type 'loop pipeline'
INFO: [RTGEN 206-104] Estimated max fanout for 'conv3x3_relu_Pipeline_OH_LOOP_OW_LOOP_IC_LOOP' is 8714 from HDL expression: ((1'b1 == ap_CS_fsm_pp0_stage3) & (1'b0 == ap_block_pp0_stage3_subdone_grp0_done_reg) & (1'b0 == ap_block_pp0_stage3_11001_grp0))
INFO: [RTGEN 206-100] Generating core module 'mac_muladd_8s_8s_32s_32_4_1': 72 instance(s).
INFO: [RTGEN 206-100] Finished creating RTL model for 'conv3x3_relu_Pipeline_OH_LOOP_OW_LOOP_IC_LOOP'.
Command     create_rtl_model done; 3.646 sec.
INFO: [HLS 200-111] Finished Creating RTL model: CPU user time: 3 seconds. CPU system time: 0 seconds. Elapsed time: 3.861 seconds; current allocated memory: 309.262 MB.
Execute     source D:/project/DPU_Project/DPU_HLS/dpu_conv_top/hls/.autopilot/db/dpu_conv_top.rtl_wrap.cfg.tcl 
Execute     gen_rtl conv3x3_relu_Pipeline_OH_LOOP_OW_LOOP_IC_LOOP -style xilinx -f -lang vhdl -o D:/project/DPU_Project/DPU_HLS/dpu_conv_top/hls/syn/vhdl/dpu_conv_top_conv3x3_relu_Pipeline_OH_LOOP_OW_LOOP_IC_LOOP 
Command     gen_rtl done; 0.252 sec.
Execute     gen_rtl conv3x3_relu_Pipeline_OH_LOOP_OW_LOOP_IC_LOOP -style xilinx -f -lang vlog -o D:/project/DPU_Project/DPU_HLS/dpu_conv_top/hls/syn/verilog/dpu_conv_top_conv3x3_relu_Pipeline_OH_LOOP_OW_LOOP_IC_LOOP 
Command     gen_rtl done; 0.364 sec.
Execute     syn_report -csynth -model conv3x3_relu_Pipeline_OH_LOOP_OW_LOOP_IC_LOOP -o D:/project/DPU_Project/DPU_HLS/dpu_conv_top/hls/syn/report/conv3x3_relu_Pipeline_OH_LOOP_OW_LOOP_IC_LOOP_csynth.rpt 
Execute       list_part -family xc7z020-clg400-1 
Execute         ap_family_info -name xc7z020-clg400-1 -data names 
Execute         ap_part_info -quiet -name xc7z020-clg400-1 -data family 
Command     syn_report done; 0.356 sec.
Execute     syn_report -rtlxml -model conv3x3_relu_Pipeline_OH_LOOP_OW_LOOP_IC_LOOP -o D:/project/DPU_Project/DPU_HLS/dpu_conv_top/hls/syn/report/conv3x3_relu_Pipeline_OH_LOOP_OW_LOOP_IC_LOOP_csynth.xml 
Execute       list_part -family xc7z020-clg400-1 
Execute         ap_family_info -name xc7z020-clg400-1 -data names 
Execute         ap_part_info -quiet -name xc7z020-clg400-1 -data family 
Command     syn_report done; 0.192 sec.
Execute     syn_report -verbosereport -model conv3x3_relu_Pipeline_OH_LOOP_OW_LOOP_IC_LOOP -o D:/project/DPU_Project/DPU_HLS/dpu_conv_top/hls/.autopilot/db/conv3x3_relu_Pipeline_OH_LOOP_OW_LOOP_IC_LOOP.verbose.rpt 
Execute       list_part -family xc7z020-clg400-1 
Execute         ap_family_info -name xc7z020-clg400-1 -data names 
Execute         ap_part_info -quiet -name xc7z020-clg400-1 -data family 
Command     syn_report done; 0.833 sec.
Execute     db_write -model conv3x3_relu_Pipeline_OH_LOOP_OW_LOOP_IC_LOOP -f -o D:/project/DPU_Project/DPU_HLS/dpu_conv_top/hls/.autopilot/db/conv3x3_relu_Pipeline_OH_LOOP_OW_LOOP_IC_LOOP.adb 
Command     db_write done; 0.779 sec.
Execute     db_write -model conv3x3_relu_Pipeline_OH_LOOP_OW_LOOP_IC_LOOP -bindview -o D:/project/DPU_Project/DPU_HLS/dpu_conv_top/hls/.autopilot/db/design.bindinfo.xml 
Command     db_write done; 0.147 sec.
Execute     gen_tb_info conv3x3_relu_Pipeline_OH_LOOP_OW_LOOP_IC_LOOP -p D:/project/DPU_Project/DPU_HLS/dpu_conv_top/hls/.autopilot/db -o D:/project/DPU_Project/DPU_HLS/dpu_conv_top/hls/.autopilot/db/conv3x3_relu_Pipeline_OH_LOOP_OW_LOOP_IC_LOOP 
INFO: [HLS 200-10] ----------------------------------------------------------------
INFO: [HLS 200-10] -- Generating RTL for module 'conv3x3_relu' 
INFO: [HLS 200-10] ----------------------------------------------------------------
Execute     create_rtl_model conv3x3_relu -top_prefix dpu_conv_top_ -sub_prefix dpu_conv_top_ -mg_file D:/project/DPU_Project/DPU_HLS/dpu_conv_top/hls/.autopilot/db/conv3x3_relu.compgen.tcl 
INFO: [RTGEN 206-100] Generating core module 'mul_8ns_11ns_19_1_1': 1 instance(s).
INFO: [RTGEN 206-100] Finished creating RTL model for 'conv3x3_relu'.
Command     create_rtl_model done; 0.185 sec.
INFO: [HLS 200-111] Finished Creating RTL model: CPU user time: 3 seconds. CPU system time: 1 seconds. Elapsed time: 3.813 seconds; current allocated memory: 351.812 MB.
Execute     source D:/project/DPU_Project/DPU_HLS/dpu_conv_top/hls/.autopilot/db/dpu_conv_top.rtl_wrap.cfg.tcl 
Execute     gen_rtl conv3x3_relu -style xilinx -f -lang vhdl -o D:/project/DPU_Project/DPU_HLS/dpu_conv_top/hls/syn/vhdl/dpu_conv_top_conv3x3_relu 
Execute     gen_rtl conv3x3_relu -style xilinx -f -lang vlog -o D:/project/DPU_Project/DPU_HLS/dpu_conv_top/hls/syn/verilog/dpu_conv_top_conv3x3_relu 
Execute     syn_report -csynth -model conv3x3_relu -o D:/project/DPU_Project/DPU_HLS/dpu_conv_top/hls/syn/report/conv3x3_relu_csynth.rpt 
Execute       list_part -family xc7z020-clg400-1 
Execute         ap_family_info -name xc7z020-clg400-1 -data names 
Execute         ap_part_info -quiet -name xc7z020-clg400-1 -data family 
Command     syn_report done; 0.122 sec.
Execute     syn_report -rtlxml -model conv3x3_relu -o D:/project/DPU_Project/DPU_HLS/dpu_conv_top/hls/syn/report/conv3x3_relu_csynth.xml 
Execute       list_part -family xc7z020-clg400-1 
Execute         ap_family_info -name xc7z020-clg400-1 -data names 
Execute         ap_part_info -quiet -name xc7z020-clg400-1 -data family 
Execute     syn_report -verbosereport -model conv3x3_relu -o D:/project/DPU_Project/DPU_HLS/dpu_conv_top/hls/.autopilot/db/conv3x3_relu.verbose.rpt 
Execute       list_part -family xc7z020-clg400-1 
Execute         ap_family_info -name xc7z020-clg400-1 -data names 
Execute         ap_part_info -quiet -name xc7z020-clg400-1 -data family 
Command     syn_report done; 0.181 sec.
Execute     db_write -model conv3x3_relu -f -o D:/project/DPU_Project/DPU_HLS/dpu_conv_top/hls/.autopilot/db/conv3x3_relu.adb 
Execute     db_write -model conv3x3_relu -bindview -o D:/project/DPU_Project/DPU_HLS/dpu_conv_top/hls/.autopilot/db/design.bindinfo.xml 
Execute     gen_tb_info conv3x3_relu -p D:/project/DPU_Project/DPU_HLS/dpu_conv_top/hls/.autopilot/db -o D:/project/DPU_Project/DPU_HLS/dpu_conv_top/hls/.autopilot/db/conv3x3_relu 
INFO: [HLS 200-10] ----------------------------------------------------------------
INFO: [HLS 200-10] -- Generating RTL for module 'dpu_conv_top_Pipeline_COPY_OC_COPY_H_COPY_W' 
INFO: [HLS 200-10] ----------------------------------------------------------------
Execute     create_rtl_model dpu_conv_top_Pipeline_COPY_OC_COPY_H_COPY_W -top_prefix dpu_conv_top_ -sub_prefix dpu_conv_top_ -mg_file D:/project/DPU_Project/DPU_HLS/dpu_conv_top/hls/.autopilot/db/dpu_conv_top_Pipeline_COPY_OC_COPY_H_COPY_W.compgen.tcl 
INFO: [HLS 200-1030] Apply Unified Pipeline Control on module 'dpu_conv_top_Pipeline_COPY_OC_COPY_H_COPY_W' pipeline 'COPY_OC_COPY_H_COPY_W' pipeline type 'loop pipeline'
INFO: [RTGEN 206-100] Finished creating RTL model for 'dpu_conv_top_Pipeline_COPY_OC_COPY_H_COPY_W'.
INFO: [HLS 200-111] Finished Creating RTL model: CPU user time: 1 seconds. CPU system time: 0 seconds. Elapsed time: 0.924 seconds; current allocated memory: 351.812 MB.
Execute     source D:/project/DPU_Project/DPU_HLS/dpu_conv_top/hls/.autopilot/db/dpu_conv_top.rtl_wrap.cfg.tcl 
Execute     gen_rtl dpu_conv_top_Pipeline_COPY_OC_COPY_H_COPY_W -style xilinx -f -lang vhdl -o D:/project/DPU_Project/DPU_HLS/dpu_conv_top/hls/syn/vhdl/dpu_conv_top_dpu_conv_top_Pipeline_COPY_OC_COPY_H_COPY_W 
Execute     gen_rtl dpu_conv_top_Pipeline_COPY_OC_COPY_H_COPY_W -style xilinx -f -lang vlog -o D:/project/DPU_Project/DPU_HLS/dpu_conv_top/hls/syn/verilog/dpu_conv_top_dpu_conv_top_Pipeline_COPY_OC_COPY_H_COPY_W 
Execute     syn_report -csynth -model dpu_conv_top_Pipeline_COPY_OC_COPY_H_COPY_W -o D:/project/DPU_Project/DPU_HLS/dpu_conv_top/hls/syn/report/dpu_conv_top_Pipeline_COPY_OC_COPY_H_COPY_W_csynth.rpt 
Execute       list_part -family xc7z020-clg400-1 
Execute         ap_family_info -name xc7z020-clg400-1 -data names 
Execute         ap_part_info -quiet -name xc7z020-clg400-1 -data family 
Execute     syn_report -rtlxml -model dpu_conv_top_Pipeline_COPY_OC_COPY_H_COPY_W -o D:/project/DPU_Project/DPU_HLS/dpu_conv_top/hls/syn/report/dpu_conv_top_Pipeline_COPY_OC_COPY_H_COPY_W_csynth.xml 
Execute       list_part -family xc7z020-clg400-1 
Execute         ap_family_info -name xc7z020-clg400-1 -data names 
Execute         ap_part_info -quiet -name xc7z020-clg400-1 -data family 
Execute     syn_report -verbosereport -model dpu_conv_top_Pipeline_COPY_OC_COPY_H_COPY_W -o D:/project/DPU_Project/DPU_HLS/dpu_conv_top/hls/.autopilot/db/dpu_conv_top_Pipeline_COPY_OC_COPY_H_COPY_W.verbose.rpt 
Execute       list_part -family xc7z020-clg400-1 
Execute         ap_family_info -name xc7z020-clg400-1 -data names 
Execute         ap_part_info -quiet -name xc7z020-clg400-1 -data family 
Execute     db_write -model dpu_conv_top_Pipeline_COPY_OC_COPY_H_COPY_W -f -o D:/project/DPU_Project/DPU_HLS/dpu_conv_top/hls/.autopilot/db/dpu_conv_top_Pipeline_COPY_OC_COPY_H_COPY_W.adb 
Execute     db_write -model dpu_conv_top_Pipeline_COPY_OC_COPY_H_COPY_W -bindview -o D:/project/DPU_Project/DPU_HLS/dpu_conv_top/hls/.autopilot/db/design.bindinfo.xml 
Execute     gen_tb_info dpu_conv_top_Pipeline_COPY_OC_COPY_H_COPY_W -p D:/project/DPU_Project/DPU_HLS/dpu_conv_top/hls/.autopilot/db -o D:/project/DPU_Project/DPU_HLS/dpu_conv_top/hls/.autopilot/db/dpu_conv_top_Pipeline_COPY_OC_COPY_H_COPY_W 
INFO: [HLS 200-10] ----------------------------------------------------------------
INFO: [HLS 200-10] -- Generating RTL for module 'dpu_conv_top_Pipeline_POOL_OC_POOL_H_POOL_W' 
INFO: [HLS 200-10] ----------------------------------------------------------------
Execute     create_rtl_model dpu_conv_top_Pipeline_POOL_OC_POOL_H_POOL_W -top_prefix dpu_conv_top_ -sub_prefix dpu_conv_top_ -mg_file D:/project/DPU_Project/DPU_HLS/dpu_conv_top/hls/.autopilot/db/dpu_conv_top_Pipeline_POOL_OC_POOL_H_POOL_W.compgen.tcl 
INFO: [HLS 200-1030] Apply Unified Pipeline Control on module 'dpu_conv_top_Pipeline_POOL_OC_POOL_H_POOL_W' pipeline 'POOL_OC_POOL_H_POOL_W' pipeline type 'loop pipeline'
INFO: [RTGEN 206-100] Finished creating RTL model for 'dpu_conv_top_Pipeline_POOL_OC_POOL_H_POOL_W'.
INFO: [HLS 200-111] Finished Creating RTL model: CPU user time: 0 seconds. CPU system time: 0 seconds. Elapsed time: 0.617 seconds; current allocated memory: 351.812 MB.
Execute     source D:/project/DPU_Project/DPU_HLS/dpu_conv_top/hls/.autopilot/db/dpu_conv_top.rtl_wrap.cfg.tcl 
Execute     gen_rtl dpu_conv_top_Pipeline_POOL_OC_POOL_H_POOL_W -style xilinx -f -lang vhdl -o D:/project/DPU_Project/DPU_HLS/dpu_conv_top/hls/syn/vhdl/dpu_conv_top_dpu_conv_top_Pipeline_POOL_OC_POOL_H_POOL_W 
Execute     gen_rtl dpu_conv_top_Pipeline_POOL_OC_POOL_H_POOL_W -style xilinx -f -lang vlog -o D:/project/DPU_Project/DPU_HLS/dpu_conv_top/hls/syn/verilog/dpu_conv_top_dpu_conv_top_Pipeline_POOL_OC_POOL_H_POOL_W 
Execute     syn_report -csynth -model dpu_conv_top_Pipeline_POOL_OC_POOL_H_POOL_W -o D:/project/DPU_Project/DPU_HLS/dpu_conv_top/hls/syn/report/dpu_conv_top_Pipeline_POOL_OC_POOL_H_POOL_W_csynth.rpt 
Execute       list_part -family xc7z020-clg400-1 
Execute         ap_family_info -name xc7z020-clg400-1 -data names 
Execute         ap_part_info -quiet -name xc7z020-clg400-1 -data family 
Execute     syn_report -rtlxml -model dpu_conv_top_Pipeline_POOL_OC_POOL_H_POOL_W -o D:/project/DPU_Project/DPU_HLS/dpu_conv_top/hls/syn/report/dpu_conv_top_Pipeline_POOL_OC_POOL_H_POOL_W_csynth.xml 
Execute       list_part -family xc7z020-clg400-1 
Execute         ap_family_info -name xc7z020-clg400-1 -data names 
Execute         ap_part_info -quiet -name xc7z020-clg400-1 -data family 
Execute     syn_report -verbosereport -model dpu_conv_top_Pipeline_POOL_OC_POOL_H_POOL_W -o D:/project/DPU_Project/DPU_HLS/dpu_conv_top/hls/.autopilot/db/dpu_conv_top_Pipeline_POOL_OC_POOL_H_POOL_W.verbose.rpt 
Execute       list_part -family xc7z020-clg400-1 
Execute         ap_family_info -name xc7z020-clg400-1 -data names 
Execute         ap_part_info -quiet -name xc7z020-clg400-1 -data family 
Execute     db_write -model dpu_conv_top_Pipeline_POOL_OC_POOL_H_POOL_W -f -o D:/project/DPU_Project/DPU_HLS/dpu_conv_top/hls/.autopilot/db/dpu_conv_top_Pipeline_POOL_OC_POOL_H_POOL_W.adb 
Execute     db_write -model dpu_conv_top_Pipeline_POOL_OC_POOL_H_POOL_W -bindview -o D:/project/DPU_Project/DPU_HLS/dpu_conv_top/hls/.autopilot/db/design.bindinfo.xml 
Execute     gen_tb_info dpu_conv_top_Pipeline_POOL_OC_POOL_H_POOL_W -p D:/project/DPU_Project/DPU_HLS/dpu_conv_top/hls/.autopilot/db -o D:/project/DPU_Project/DPU_HLS/dpu_conv_top/hls/.autopilot/db/dpu_conv_top_Pipeline_POOL_OC_POOL_H_POOL_W 
INFO: [HLS 200-10] ----------------------------------------------------------------
INFO: [HLS 200-10] -- Generating RTL for module 'dpu_conv_top' 
INFO: [HLS 200-10] ----------------------------------------------------------------
Execute     create_rtl_model dpu_conv_top -top_prefix  -sub_prefix dpu_conv_top_ -mg_file D:/project/DPU_Project/DPU_HLS/dpu_conv_top/hls/.autopilot/db/dpu_conv_top.compgen.tcl 
WARNING: [RTGEN 206-101] Design contains AXI ports. Reset is fixed to synchronous and active low.
INFO: [RTGEN 206-500] Setting interface mode on port 'dpu_conv_top/gmem0_0' to 'm_axi'.
INFO: [RTGEN 206-500] Setting interface mode on port 'dpu_conv_top/gmem0_1' to 'm_axi'.
INFO: [RTGEN 206-500] Setting interface mode on port 'dpu_conv_top/gmem0_2' to 'm_axi'.
INFO: [RTGEN 206-500] Setting interface mode on port 'dpu_conv_top/gmem0_3' to 'm_axi'.
INFO: [RTGEN 206-500] Setting interface mode on port 'dpu_conv_top/gmem0_4' to 'm_axi'.
INFO: [RTGEN 206-500] Setting interface mode on port 'dpu_conv_top/gmem0_5' to 'm_axi'.
INFO: [RTGEN 206-500] Setting interface mode on port 'dpu_conv_top/gmem0_6' to 'm_axi'.
INFO: [RTGEN 206-500] Setting interface mode on port 'dpu_conv_top/gmem0_7' to 'm_axi'.
INFO: [RTGEN 206-500] Setting interface mode on port 'dpu_conv_top/gmem1_0' to 'm_axi'.
INFO: [RTGEN 206-500] Setting interface mode on port 'dpu_conv_top/gmem1_1' to 'm_axi'.
INFO: [RTGEN 206-500] Setting interface mode on port 'dpu_conv_top/gmem1_2' to 'm_axi'.
INFO: [RTGEN 206-500] Setting interface mode on port 'dpu_conv_top/gmem1_3' to 'm_axi'.
INFO: [RTGEN 206-500] Setting interface mode on port 'dpu_conv_top/gmem1_4' to 'm_axi'.
INFO: [RTGEN 206-500] Setting interface mode on port 'dpu_conv_top/gmem1_5' to 'm_axi'.
INFO: [RTGEN 206-500] Setting interface mode on port 'dpu_conv_top/gmem1_6' to 'm_axi'.
INFO: [RTGEN 206-500] Setting interface mode on port 'dpu_conv_top/gmem1_7' to 'm_axi'.
INFO: [RTGEN 206-500] Setting interface mode on port 'dpu_conv_top/gmem1' to 'm_axi'.
INFO: [RTGEN 206-500] Setting interface mode on port 'dpu_conv_top/gmem2' to 'm_axi'.
INFO: [RTGEN 206-500] Setting interface mode on port 'dpu_conv_top/gmem0' to 'm_axi'.
INFO: [RTGEN 206-500] Setting interface mode on port 'dpu_conv_top/ifmap_0' to 's_axilite & ap_none'.
INFO: [RTGEN 206-500] Setting interface mode on port 'dpu_conv_top/ifmap_1' to 's_axilite & ap_none'.
INFO: [RTGEN 206-500] Setting interface mode on port 'dpu_conv_top/ifmap_2' to 's_axilite & ap_none'.
INFO: [RTGEN 206-500] Setting interface mode on port 'dpu_conv_top/ifmap_3' to 's_axilite & ap_none'.
INFO: [RTGEN 206-500] Setting interface mode on port 'dpu_conv_top/ifmap_4' to 's_axilite & ap_none'.
INFO: [RTGEN 206-500] Setting interface mode on port 'dpu_conv_top/ifmap_5' to 's_axilite & ap_none'.
INFO: [RTGEN 206-500] Setting interface mode on port 'dpu_conv_top/ifmap_6' to 's_axilite & ap_none'.
INFO: [RTGEN 206-500] Setting interface mode on port 'dpu_conv_top/ifmap_7' to 's_axilite & ap_none'.
INFO: [RTGEN 206-500] Setting interface mode on port 'dpu_conv_top/weight_0' to 's_axilite & ap_none'.
INFO: [RTGEN 206-500] Setting interface mode on port 'dpu_conv_top/weight_1' to 's_axilite & ap_none'.
INFO: [RTGEN 206-500] Setting interface mode on port 'dpu_conv_top/weight_2' to 's_axilite & ap_none'.
INFO: [RTGEN 206-500] Setting interface mode on port 'dpu_conv_top/weight_3' to 's_axilite & ap_none'.
INFO: [RTGEN 206-500] Setting interface mode on port 'dpu_conv_top/weight_4' to 's_axilite & ap_none'.
INFO: [RTGEN 206-500] Setting interface mode on port 'dpu_conv_top/weight_5' to 's_axilite & ap_none'.
INFO: [RTGEN 206-500] Setting interface mode on port 'dpu_conv_top/weight_6' to 's_axilite & ap_none'.
INFO: [RTGEN 206-500] Setting interface mode on port 'dpu_conv_top/weight_7' to 's_axilite & ap_none'.
INFO: [RTGEN 206-500] Setting interface mode on port 'dpu_conv_top/bias' to 's_axilite & ap_none'.
INFO: [RTGEN 206-500] Setting interface mode on port 'dpu_conv_top/conv_scratch' to 's_axilite & ap_none'.
INFO: [RTGEN 206-500] Setting interface mode on port 'dpu_conv_top/ofmap' to 's_axilite & ap_none'.
INFO: [RTGEN 206-500] Setting interface mode on port 'dpu_conv_top/in_h' to 's_axilite & ap_none'.
INFO: [RTGEN 206-500] Setting interface mode on port 'dpu_conv_top/in_w' to 's_axilite & ap_none'.
INFO: [RTGEN 206-500] Setting interface mode on port 'dpu_conv_top/in_ch' to 's_axilite & ap_none'.
INFO: [RTGEN 206-500] Setting interface mode on port 'dpu_conv_top/out_ch' to 's_axilite & ap_none'.
INFO: [RTGEN 206-500] Setting interface mode on port 'dpu_conv_top/do_relu' to 's_axilite & ap_none'.
INFO: [RTGEN 206-500] Setting interface mode on port 'dpu_conv_top/do_pool' to 's_axilite & ap_none'.
INFO: [RTGEN 206-500] Setting interface mode on port 'dpu_conv_top/perf' to 's_axilite & ap_vld'.
INFO: [RTGEN 206-500] Setting interface mode on function 'dpu_conv_top' to 's_axilite & ap_ctrl_hs'.
INFO: [RTGEN 206-100] Bundling port 'in_h', 'in_w', 'in_ch', 'out_ch', 'do_relu', 'do_pool', 'perf' and 'return' to AXI-Lite port CTRL.
INFO: [RTGEN 206-100] Bundling port 'ifmap_0', 'ifmap_1', 'ifmap_2', 'ifmap_3', 'ifmap_4', 'ifmap_5', 'ifmap_6', 'ifmap_7', 'weight_0', 'weight_1', 'weight_2', 'weight_3', 'weight_4', 'weight_5', 'weight_6', 'weight_7', 'bias', 'conv_scratch' and 'ofmap' to AXI-Lite port control.
INFO: [RTGEN 206-100] Generating core module 'mul_7ns_7ns_14_1_1': 1 instance(s).
INFO: [RTGEN 206-100] Generating core module 'mul_8ns_14ns_22_1_1': 1 instance(s).
INFO: [RTGEN 206-100] Generating core module 'mul_8ns_16ns_24_1_1': 1 instance(s).
INFO: [RTGEN 206-100] Generating core module 'mul_8ns_8ns_16_1_1': 1 instance(s).
INFO: [RTGEN 206-100] Finished creating RTL model for 'dpu_conv_top'.
Command     create_rtl_model done; 4.3 sec.
INFO: [HLS 200-111] Finished Creating RTL model: CPU user time: 1 seconds. CPU system time: 0 seconds. Elapsed time: 4.822 seconds; current allocated memory: 359.648 MB.
Execute     source D:/project/DPU_Project/DPU_HLS/dpu_conv_top/hls/.autopilot/db/dpu_conv_top.rtl_wrap.cfg.tcl 
Execute     gen_rtl dpu_conv_top -istop -style xilinx -f -lang vhdl -o D:/project/DPU_Project/DPU_HLS/dpu_conv_top/hls/syn/vhdl/dpu_conv_top 
Command     gen_rtl done; 0.121 sec.
Execute     gen_rtl dpu_conv_top -istop -style xilinx -f -lang vlog -o D:/project/DPU_Project/DPU_HLS/dpu_conv_top/hls/syn/verilog/dpu_conv_top 
Execute     syn_report -csynth -model dpu_conv_top -o D:/project/DPU_Project/DPU_HLS/dpu_conv_top/hls/syn/report/dpu_conv_top_csynth.rpt 
Execute       list_part -family xc7z020-clg400-1 
Execute         ap_family_info -name xc7z020-clg400-1 -data names 
Execute         ap_part_info -quiet -name xc7z020-clg400-1 -data family 
Execute     syn_report -rtlxml -model dpu_conv_top -o D:/project/DPU_Project/DPU_HLS/dpu_conv_top/hls/syn/report/dpu_conv_top_csynth.xml 
Execute       list_part -family xc7z020-clg400-1 
Execute         ap_family_info -name xc7z020-clg400-1 -data names 
Execute         ap_part_info -quiet -name xc7z020-clg400-1 -data family 
Execute     syn_report -verbosereport -model dpu_conv_top -o D:/project/DPU_Project/DPU_HLS/dpu_conv_top/hls/.autopilot/db/dpu_conv_top.verbose.rpt 
Execute       list_part -family xc7z020-clg400-1 
Execute         ap_family_info -name xc7z020-clg400-1 -data names 
Execute         ap_part_info -quiet -name xc7z020-clg400-1 -data family 
Command     syn_report done; 0.142 sec.
Execute     db_write -model dpu_conv_top -f -o D:/project/DPU_Project/DPU_HLS/dpu_conv_top/hls/.autopilot/db/dpu_conv_top.adb 
Execute     db_write -model dpu_conv_top -bindview -o D:/project/DPU_Project/DPU_HLS/dpu_conv_top/hls/.autopilot/db/design.bindinfo.xml 
Execute     gen_tb_info dpu_conv_top -p D:/project/DPU_Project/DPU_HLS/dpu_conv_top/hls/.autopilot/db -o D:/project/DPU_Project/DPU_HLS/dpu_conv_top/hls/.autopilot/db/dpu_conv_top 
Command     gen_tb_info done; 0.115 sec.
Execute     export_constraint_db -f -tool general -o D:/project/DPU_Project/DPU_HLS/dpu_conv_top/hls/.autopilot/db/dpu_conv_top.constraint.tcl 
Execute     syn_report -designview -model dpu_conv_top -o D:/project/DPU_Project/DPU_HLS/dpu_conv_top/hls/.autopilot/db/dpu_conv_top.design.xml 
Command     syn_report done; 0.335 sec.
Execute     syn_report -csynthDesign -model dpu_conv_top -o D:/project/DPU_Project/DPU_HLS/dpu_conv_top/hls/syn/report/csynth.rpt -MHOut D:/project/DPU_Project/DPU_HLS/dpu_conv_top/hls/.autopilot/db/kernel_module_hierarchy.tcl 
Execute       list_part -family xc7z020-clg400-1 
Execute         ap_family_info -name xc7z020-clg400-1 -data names 
Execute         ap_part_info -quiet -name xc7z020-clg400-1 -data family 
Execute     syn_report -wcfg -model dpu_conv_top -o D:/project/DPU_Project/DPU_HLS/dpu_conv_top/hls/.autopilot/db/dpu_conv_top_dataflow_ana.wcfg 
Execute     syn_report -protoinst -model dpu_conv_top -o D:/project/DPU_Project/DPU_HLS/dpu_conv_top/hls/.autopilot/db/dpu_conv_top.protoinst 
Execute     sc_get_clocks dpu_conv_top 
Execute     sc_get_portdomain dpu_conv_top 
INFO-FLOW: Model list for RTL component generation: conv3x3_relu_Pipeline_OH_LOOP_OW_LOOP_IC_LOOP conv3x3_relu dpu_conv_top_Pipeline_COPY_OC_COPY_H_COPY_W dpu_conv_top_Pipeline_POOL_OC_POOL_H_POOL_W dpu_conv_top
INFO-FLOW: Handling components in module [conv3x3_relu_Pipeline_OH_LOOP_OW_LOOP_IC_LOOP] ... 
Execute     source D:/project/DPU_Project/DPU_HLS/dpu_conv_top/hls/.autopilot/db/conv3x3_relu_Pipeline_OH_LOOP_OW_LOOP_IC_LOOP.compgen.tcl 
INFO-FLOW: Found component dpu_conv_top_mac_muladd_8s_8s_32s_32_4_1.
INFO-FLOW: Append model dpu_conv_top_mac_muladd_8s_8s_32s_32_4_1
INFO-FLOW: Found component dpu_conv_top_flow_control_loop_pipe_sequential_init.
INFO-FLOW: Append model dpu_conv_top_flow_control_loop_pipe_sequential_init
INFO-FLOW: Handling components in module [conv3x3_relu] ... 
Execute     source D:/project/DPU_Project/DPU_HLS/dpu_conv_top/hls/.autopilot/db/conv3x3_relu.compgen.tcl 
INFO-FLOW: Found component dpu_conv_top_mul_8ns_11ns_19_1_1.
INFO-FLOW: Append model dpu_conv_top_mul_8ns_11ns_19_1_1
INFO-FLOW: Handling components in module [dpu_conv_top_Pipeline_COPY_OC_COPY_H_COPY_W] ... 
Execute     source D:/project/DPU_Project/DPU_HLS/dpu_conv_top/hls/.autopilot/db/dpu_conv_top_Pipeline_COPY_OC_COPY_H_COPY_W.compgen.tcl 
INFO-FLOW: Found component dpu_conv_top_flow_control_loop_pipe_sequential_init.
INFO-FLOW: Append model dpu_conv_top_flow_control_loop_pipe_sequential_init
INFO-FLOW: Handling components in module [dpu_conv_top_Pipeline_POOL_OC_POOL_H_POOL_W] ... 
Execute     source D:/project/DPU_Project/DPU_HLS/dpu_conv_top/hls/.autopilot/db/dpu_conv_top_Pipeline_POOL_OC_POOL_H_POOL_W.compgen.tcl 
INFO-FLOW: Found component dpu_conv_top_flow_control_loop_pipe_sequential_init.
INFO-FLOW: Append model dpu_conv_top_flow_control_loop_pipe_sequential_init
INFO-FLOW: Handling components in module [dpu_conv_top] ... 
Execute     source D:/project/DPU_Project/DPU_HLS/dpu_conv_top/hls/.autopilot/db/dpu_conv_top.compgen.tcl 
INFO-FLOW: Found component dpu_conv_top_mul_8ns_8ns_16_1_1.
INFO-FLOW: Append model dpu_conv_top_mul_8ns_8ns_16_1_1
INFO-FLOW: Found component dpu_conv_top_mul_7ns_7ns_14_1_1.
INFO-FLOW: Append model dpu_conv_top_mul_7ns_7ns_14_1_1
INFO-FLOW: Found component dpu_conv_top_mul_8ns_16ns_24_1_1.
INFO-FLOW: Append model dpu_conv_top_mul_8ns_16ns_24_1_1
INFO-FLOW: Found component dpu_conv_top_mul_8ns_14ns_22_1_1.
INFO-FLOW: Append model dpu_conv_top_mul_8ns_14ns_22_1_1
INFO-FLOW: Found component dpu_conv_top_gmem0_0_m_axi.
INFO-FLOW: Append model dpu_conv_top_gmem0_0_m_axi
INFO-FLOW: Found component dpu_conv_top_gmem0_1_m_axi.
INFO-FLOW: Append model dpu_conv_top_gmem0_1_m_axi
INFO-FLOW: Found component dpu_conv_top_gmem0_2_m_axi.
INFO-FLOW: Append model dpu_conv_top_gmem0_2_m_axi
INFO-FLOW: Found component dpu_conv_top_gmem0_3_m_axi.
INFO-FLOW: Append model dpu_conv_top_gmem0_3_m_axi
INFO-FLOW: Found component dpu_conv_top_gmem0_4_m_axi.
INFO-FLOW: Append model dpu_conv_top_gmem0_4_m_axi
INFO-FLOW: Found component dpu_conv_top_gmem0_5_m_axi.
INFO-FLOW: Append model dpu_conv_top_gmem0_5_m_axi
INFO-FLOW: Found component dpu_conv_top_gmem0_6_m_axi.
INFO-FLOW: Append model dpu_conv_top_gmem0_6_m_axi
INFO-FLOW: Found component dpu_conv_top_gmem0_7_m_axi.
INFO-FLOW: Append model dpu_conv_top_gmem0_7_m_axi
INFO-FLOW: Found component dpu_conv_top_gmem1_0_m_axi.
INFO-FLOW: Append model dpu_conv_top_gmem1_0_m_axi
INFO-FLOW: Found component dpu_conv_top_gmem1_1_m_axi.
INFO-FLOW: Append model dpu_conv_top_gmem1_1_m_axi
INFO-FLOW: Found component dpu_conv_top_gmem1_2_m_axi.
INFO-FLOW: Append model dpu_conv_top_gmem1_2_m_axi
INFO-FLOW: Found component dpu_conv_top_gmem1_3_m_axi.
INFO-FLOW: Append model dpu_conv_top_gmem1_3_m_axi
INFO-FLOW: Found component dpu_conv_top_gmem1_4_m_axi.
INFO-FLOW: Append model dpu_conv_top_gmem1_4_m_axi
INFO-FLOW: Found component dpu_conv_top_gmem1_5_m_axi.
INFO-FLOW: Append model dpu_conv_top_gmem1_5_m_axi
INFO-FLOW: Found component dpu_conv_top_gmem1_6_m_axi.
INFO-FLOW: Append model dpu_conv_top_gmem1_6_m_axi
INFO-FLOW: Found component dpu_conv_top_gmem1_7_m_axi.
INFO-FLOW: Append model dpu_conv_top_gmem1_7_m_axi
INFO-FLOW: Found component dpu_conv_top_gmem1_m_axi.
INFO-FLOW: Append model dpu_conv_top_gmem1_m_axi
INFO-FLOW: Found component dpu_conv_top_gmem2_m_axi.
INFO-FLOW: Append model dpu_conv_top_gmem2_m_axi
INFO-FLOW: Found component dpu_conv_top_gmem0_m_axi.
INFO-FLOW: Append model dpu_conv_top_gmem0_m_axi
INFO-FLOW: Found component dpu_conv_top_CTRL_s_axi.
INFO-FLOW: Append model dpu_conv_top_CTRL_s_axi
INFO-FLOW: Found component dpu_conv_top_control_s_axi.
INFO-FLOW: Append model dpu_conv_top_control_s_axi
INFO-FLOW: Append model conv3x3_relu_Pipeline_OH_LOOP_OW_LOOP_IC_LOOP
INFO-FLOW: Append model conv3x3_relu
INFO-FLOW: Append model dpu_conv_top_Pipeline_COPY_OC_COPY_H_COPY_W
INFO-FLOW: Append model dpu_conv_top_Pipeline_POOL_OC_POOL_H_POOL_W
INFO-FLOW: Append model dpu_conv_top
INFO-FLOW: Generating RTL model list ...
INFO-FLOW: All models in this session: dpu_conv_top_mac_muladd_8s_8s_32s_32_4_1 dpu_conv_top_flow_control_loop_pipe_sequential_init dpu_conv_top_mul_8ns_11ns_19_1_1 dpu_conv_top_flow_control_loop_pipe_sequential_init dpu_conv_top_flow_control_loop_pipe_sequential_init dpu_conv_top_mul_8ns_8ns_16_1_1 dpu_conv_top_mul_7ns_7ns_14_1_1 dpu_conv_top_mul_8ns_16ns_24_1_1 dpu_conv_top_mul_8ns_14ns_22_1_1 dpu_conv_top_gmem0_0_m_axi dpu_conv_top_gmem0_1_m_axi dpu_conv_top_gmem0_2_m_axi dpu_conv_top_gmem0_3_m_axi dpu_conv_top_gmem0_4_m_axi dpu_conv_top_gmem0_5_m_axi dpu_conv_top_gmem0_6_m_axi dpu_conv_top_gmem0_7_m_axi dpu_conv_top_gmem1_0_m_axi dpu_conv_top_gmem1_1_m_axi dpu_conv_top_gmem1_2_m_axi dpu_conv_top_gmem1_3_m_axi dpu_conv_top_gmem1_4_m_axi dpu_conv_top_gmem1_5_m_axi dpu_conv_top_gmem1_6_m_axi dpu_conv_top_gmem1_7_m_axi dpu_conv_top_gmem1_m_axi dpu_conv_top_gmem2_m_axi dpu_conv_top_gmem0_m_axi dpu_conv_top_CTRL_s_axi dpu_conv_top_control_s_axi conv3x3_relu_Pipeline_OH_LOOP_OW_LOOP_IC_LOOP conv3x3_relu dpu_conv_top_Pipeline_COPY_OC_COPY_H_COPY_W dpu_conv_top_Pipeline_POOL_OC_POOL_H_POOL_W dpu_conv_top
INFO-FLOW: Generating D:/project/DPU_Project/DPU_HLS/dpu_conv_top/hls/.autopilot/db/autopilot.rtl.models.txt file...
INFO-FLOW: To file: write model dpu_conv_top_mac_muladd_8s_8s_32s_32_4_1
INFO-FLOW: To file: write model dpu_conv_top_flow_control_loop_pipe_sequential_init
INFO-FLOW: To file: write model dpu_conv_top_mul_8ns_11ns_19_1_1
INFO-FLOW: To file: write model dpu_conv_top_flow_control_loop_pipe_sequential_init
INFO-FLOW: To file: write model dpu_conv_top_flow_control_loop_pipe_sequential_init
INFO-FLOW: To file: write model dpu_conv_top_mul_8ns_8ns_16_1_1
INFO-FLOW: To file: write model dpu_conv_top_mul_7ns_7ns_14_1_1
INFO-FLOW: To file: write model dpu_conv_top_mul_8ns_16ns_24_1_1
INFO-FLOW: To file: write model dpu_conv_top_mul_8ns_14ns_22_1_1
INFO-FLOW: To file: write model dpu_conv_top_gmem0_0_m_axi
INFO-FLOW: To file: write model dpu_conv_top_gmem0_1_m_axi
INFO-FLOW: To file: write model dpu_conv_top_gmem0_2_m_axi
INFO-FLOW: To file: write model dpu_conv_top_gmem0_3_m_axi
INFO-FLOW: To file: write model dpu_conv_top_gmem0_4_m_axi
INFO-FLOW: To file: write model dpu_conv_top_gmem0_5_m_axi
INFO-FLOW: To file: write model dpu_conv_top_gmem0_6_m_axi
INFO-FLOW: To file: write model dpu_conv_top_gmem0_7_m_axi
INFO-FLOW: To file: write model dpu_conv_top_gmem1_0_m_axi
INFO-FLOW: To file: write model dpu_conv_top_gmem1_1_m_axi
INFO-FLOW: To file: write model dpu_conv_top_gmem1_2_m_axi
INFO-FLOW: To file: write model dpu_conv_top_gmem1_3_m_axi
INFO-FLOW: To file: write model dpu_conv_top_gmem1_4_m_axi
INFO-FLOW: To file: write model dpu_conv_top_gmem1_5_m_axi
INFO-FLOW: To file: write model dpu_conv_top_gmem1_6_m_axi
INFO-FLOW: To file: write model dpu_conv_top_gmem1_7_m_axi
INFO-FLOW: To file: write model dpu_conv_top_gmem1_m_axi
INFO-FLOW: To file: write model dpu_conv_top_gmem2_m_axi
INFO-FLOW: To file: write model dpu_conv_top_gmem0_m_axi
INFO-FLOW: To file: write model dpu_conv_top_CTRL_s_axi
INFO-FLOW: To file: write model dpu_conv_top_control_s_axi
INFO-FLOW: To file: write model conv3x3_relu_Pipeline_OH_LOOP_OW_LOOP_IC_LOOP
INFO-FLOW: To file: write model conv3x3_relu
INFO-FLOW: To file: write model dpu_conv_top_Pipeline_COPY_OC_COPY_H_COPY_W
INFO-FLOW: To file: write model dpu_conv_top_Pipeline_POOL_OC_POOL_H_POOL_W
INFO-FLOW: To file: write model dpu_conv_top
INFO-FLOW: Generating D:/project/DPU_Project/DPU_HLS/dpu_conv_top/hls/.autopilot/db/autopilot.rtl.models.tcl file...
INFO-FLOW: Finished generating RTL model list.


INFO-FLOW: RTL Generation done.
INFO-FLOW: CAS Generation done.
INFO-FLOW: CBC Generation done.
Execute     AP::msg_collection_file -close 
INFO-FLOW: DBG:PROC: ::AESL_AUTOMG::auto_generate_csynth_design
INFO-FLOW: DBG:PUTS: read_platform_lib D:/project/DPU_Project/DPU_HLS/dpu_conv_top/hls/.autopilot/db/global.setting.tcl
Execute     source C:/AMDDesignTools/2025.2/Vitis/common/technology/generic/autopilot/common.gen 
Execute       source C:/AMDDesignTools/2025.2/Vitis/common/technology/generic/autopilot/APCoreGen.gen 
Execute     source C:/AMDDesignTools/2025.2/Vitis/common/technology/generic/autopilot/op.gen 
Execute     source C:/AMDDesignTools/2025.2/Vitis/common/technology/generic/autopilot/op_simcore.gen 
Execute     source C:/AMDDesignTools/2025.2/Vitis/common/technology/generic/autopilot/interface.gen 
Execute     source D:/project/DPU_Project/DPU_HLS/dpu_conv_top/hls/.autopilot/db/global.setting.tcl 
Execute     source C:/AMDDesignTools/2025.2/Vitis/common/technology/xilinx/common/xilinx.gen 
Execute       source C:/AMDDesignTools/2025.2/Vitis/common/technology/xilinx/interface/plb46.gen 
Execute       source C:/AMDDesignTools/2025.2/Vitis/common/technology/xilinx/interface/axi4.gen 
Execute       source C:/AMDDesignTools/2025.2/Vitis/common/technology/xilinx/interface/nativeAXI4.gen 
Execute         source C:/AMDDesignTools/2025.2/Vitis/common/technology/xilinx/interface/saxilite.gen 
Execute       source C:/AMDDesignTools/2025.2/Vitis/common/technology/xilinx/scripts/xilinxcoregen.gen 
Execute       source C:/AMDDesignTools/2025.2/Vitis/common/technology/xilinx/interface/XilEDKCoreGen.gen 
Execute       source C:/AMDDesignTools/2025.2/Vitis/common/technology/xilinx/ip/dds_compiler.gen 
Execute       source C:/AMDDesignTools/2025.2/Vitis/common/technology/xilinx/ip/util.gen 
Execute       source C:/AMDDesignTools/2025.2/Vitis/common/technology/xilinx/ip/xfft.gen 
Execute       source C:/AMDDesignTools/2025.2/Vitis/common/technology/xilinx/ip/xfir.gen 
Execute       source C:/AMDDesignTools/2025.2/Vitis/common/technology/xilinx/DSP48/dsp48.gen 
Command     ap_source done; 0.143 sec.
INFO-FLOW: DBG:PUTS:   using AESL_AUTOCG::g_clock_period=11.000 (was NA)
INFO-FLOW: DBG:PROC: ::AESL_AUTOMG::generate_ip_cores gen_sim_model='1' gen_fp_models='0' gen_for_export='0' dstSCDir='' dstVhdlDir='D:/project/DPU_Project/DPU_HLS/dpu_conv_top/hls/.autopilot/db/vhdl' dstVlogDir='D:/project/DPU_Project/DPU_HLS/dpu_conv_top/hls/.autopilot/db/vlog' tclDir='D:/project/DPU_Project/DPU_HLS/dpu_conv_top/hls/.autopilot/db' modelList='dpu_conv_top_mac_muladd_8s_8s_32s_32_4_1
dpu_conv_top_flow_control_loop_pipe_sequential_init
dpu_conv_top_mul_8ns_11ns_19_1_1
dpu_conv_top_flow_control_loop_pipe_sequential_init
dpu_conv_top_flow_control_loop_pipe_sequential_init
dpu_conv_top_mul_8ns_8ns_16_1_1
dpu_conv_top_mul_7ns_7ns_14_1_1
dpu_conv_top_mul_8ns_16ns_24_1_1
dpu_conv_top_mul_8ns_14ns_22_1_1
dpu_conv_top_gmem0_0_m_axi
dpu_conv_top_gmem0_1_m_axi
dpu_conv_top_gmem0_2_m_axi
dpu_conv_top_gmem0_3_m_axi
dpu_conv_top_gmem0_4_m_axi
dpu_conv_top_gmem0_5_m_axi
dpu_conv_top_gmem0_6_m_axi
dpu_conv_top_gmem0_7_m_axi
dpu_conv_top_gmem1_0_m_axi
dpu_conv_top_gmem1_1_m_axi
dpu_conv_top_gmem1_2_m_axi
dpu_conv_top_gmem1_3_m_axi
dpu_conv_top_gmem1_4_m_axi
dpu_conv_top_gmem1_5_m_axi
dpu_conv_top_gmem1_6_m_axi
dpu_conv_top_gmem1_7_m_axi
dpu_conv_top_gmem1_m_axi
dpu_conv_top_gmem2_m_axi
dpu_conv_top_gmem0_m_axi
dpu_conv_top_CTRL_s_axi
dpu_conv_top_control_s_axi
conv3x3_relu_Pipeline_OH_LOOP_OW_LOOP_IC_LOOP
conv3x3_relu
dpu_conv_top_Pipeline_COPY_OC_COPY_H_COPY_W
dpu_conv_top_Pipeline_POOL_OC_POOL_H_POOL_W
dpu_conv_top
' expOnly='0'
Execute     source D:/project/DPU_Project/DPU_HLS/dpu_conv_top/hls/.autopilot/db/global.setting.tcl 
Execute     ap_part_info -name xc7z020-clg400-1 -data names -quiet 
Execute     ap_part_info -name xc7z020-clg400-1 -data info -quiet 
Execute     source D:/project/DPU_Project/DPU_HLS/dpu_conv_top/hls/.autopilot/db/global.setting.tcl 
Execute     source D:/project/DPU_Project/DPU_HLS/dpu_conv_top/hls/.autopilot/db/global.setting.tcl 
Execute     source D:/project/DPU_Project/DPU_HLS/dpu_conv_top/hls/.autopilot/db/conv3x3_relu_Pipeline_OH_LOOP_OW_LOOP_IC_LOOP.compgen.tcl 
Execute     source D:/project/DPU_Project/DPU_HLS/dpu_conv_top/hls/.autopilot/db/conv3x3_relu.compgen.tcl 
Execute     source D:/project/DPU_Project/DPU_HLS/dpu_conv_top/hls/.autopilot/db/dpu_conv_top_Pipeline_COPY_OC_COPY_H_COPY_W.compgen.tcl 
Execute     source D:/project/DPU_Project/DPU_HLS/dpu_conv_top/hls/.autopilot/db/dpu_conv_top_Pipeline_POOL_OC_POOL_H_POOL_W.compgen.tcl 
Execute     source D:/project/DPU_Project/DPU_HLS/dpu_conv_top/hls/.autopilot/db/dpu_conv_top.compgen.tcl 
Execute       source ./CTRL.slave.tcl 
Execute       source ./control.slave.tcl 
Execute       source ./CTRL.slave.tcl 
Command     ap_source done; 0.528 sec.
INFO: [HLS 200-111] Finished Generating all RTL models: CPU user time: 2 seconds. CPU system time: 2 seconds. Elapsed time: 6.345 seconds; current allocated memory: 368.652 MB.
INFO-FLOW: DBG:PROC: ::HLSREPORTS::create_csynth_xml bind_info_var='bind_info' RtlSubPrefix='dpu_conv_top_' outfile=''
INFO-FLOW: Running: create_csynth_xml read xml data
INFO-FLOW: Done: create_csynth_xml read xml data time: 0.1 seconds 
INFO-FLOW: create_csynth_xml: all_module_nodes count=5
INFO-FLOW: Running: create_csynth_xml bind info
INFO-FLOW: create_csynth_xml: all_bind_nodes count=566
INFO-FLOW: Done: create_csynth_xml bind info time: 0.3 seconds 
INFO-FLOW: create_csynth_xml: bind_instances counts: modules=5 instances=547
INFO-FLOW: Running: create_csynth_xml update csynth_xml_module_hier
INFO-FLOW: Done: create_csynth_xml update csynth_xml_module_hier time: 0 seconds 
INFO-FLOW: create_csynth_xml: csynth_xml_module_hier max_depth=4
INFO-FLOW: Running: create_csynth_xml gen bind_report_dict
INFO-FLOW: Done: create_csynth_xml gen bind_report_dict time: 0 seconds 
INFO-FLOW: Running: create_csynth_xml config info
INFO-FLOW: Done: create_csynth_xml config info time: 2.1 seconds 
INFO-FLOW: Running: create_csynth_xml write xml
INFO-FLOW: Done: create_csynth_xml write xml time: 0 seconds 
INFO-FLOW: DBG:PUTS:      create_csynth_xml wrote csynth_xml=D:/project/DPU_Project/DPU_HLS/dpu_conv_top/hls/syn/report/csynth.xml
INFO-FLOW: Running: generate_json
INFO-FLOW: DBG:PROC: ::AP::DESIGN_DATA::generate_json generate_bd_files='0' generate_xo_files='0' modelList='dpu_conv_top_mac_muladd_8s_8s_32s_32_4_1
dpu_conv_top_flow_control_loop_pipe_sequential_init
dpu_conv_top_mul_8ns_11ns_19_1_1
dpu_conv_top_flow_control_loop_pipe_sequential_init
dpu_conv_top_flow_control_loop_pipe_sequential_init
dpu_conv_top_mul_8ns_8ns_16_1_1
dpu_conv_top_mul_7ns_7ns_14_1_1
dpu_conv_top_mul_8ns_16ns_24_1_1
dpu_conv_top_mul_8ns_14ns_22_1_1
dpu_conv_top_gmem0_0_m_axi
dpu_conv_top_gmem0_1_m_axi
dpu_conv_top_gmem0_2_m_axi
dpu_conv_top_gmem0_3_m_axi
dpu_conv_top_gmem0_4_m_axi
dpu_conv_top_gmem0_5_m_axi
dpu_conv_top_gmem0_6_m_axi
dpu_conv_top_gmem0_7_m_axi
dpu_conv_top_gmem1_0_m_axi
dpu_conv_top_gmem1_1_m_axi
dpu_conv_top_gmem1_2_m_axi
dpu_conv_top_gmem1_3_m_axi
dpu_conv_top_gmem1_4_m_axi
dpu_conv_top_gmem1_5_m_axi
dpu_conv_top_gmem1_6_m_axi
dpu_conv_top_gmem1_7_m_axi
dpu_conv_top_gmem1_m_axi
dpu_conv_top_gmem2_m_axi
dpu_conv_top_gmem0_m_axi
dpu_conv_top_CTRL_s_axi
dpu_conv_top_control_s_axi
conv3x3_relu_Pipeline_OH_LOOP_OW_LOOP_IC_LOOP
conv3x3_relu
dpu_conv_top_Pipeline_COPY_OC_COPY_H_COPY_W
dpu_conv_top_Pipeline_POOL_OC_POOL_H_POOL_W
dpu_conv_top
' rtl_lang='both' bootstrap_tcl='false' outdir='' outfilename=''
Execute     source D:/project/DPU_Project/DPU_HLS/dpu_conv_top/hls/.autopilot/db/global.setting.tcl 
Execute     source D:/project/DPU_Project/DPU_HLS/dpu_conv_top/hls/.autopilot/db/global.setting.tcl 
Execute     source D:/project/DPU_Project/DPU_HLS/dpu_conv_top/hls/.autopilot/db/top-io-be.tcl 
Execute     source D:/project/DPU_Project/DPU_HLS/dpu_conv_top/hls/.autopilot/db/dpu_conv_top.tbgen.tcl 
Execute     source D:/project/DPU_Project/DPU_HLS/dpu_conv_top/hls/.autopilot/db/dpu_conv_top.compgen.dataonly.tcl 
Execute     source D:/project/DPU_Project/DPU_HLS/dpu_conv_top/hls/.autopilot/db/dpu_conv_top.compgen.dataonly.tcl 
Execute     source D:/project/DPU_Project/DPU_HLS/dpu_conv_top/hls/.autopilot/db/dpu_conv_top.compgen.dataonly.tcl 
Execute     source D:/project/DPU_Project/DPU_HLS/dpu_conv_top/hls/.autopilot/db/dpu_conv_top.compgen.dataonly.tcl 
Execute     source D:/project/DPU_Project/DPU_HLS/dpu_conv_top/hls/.autopilot/db/dpu_conv_top.rtl_wrap.cfg.tcl 
Execute     source D:/project/DPU_Project/DPU_HLS/dpu_conv_top/hls/.autopilot/db/dpu_conv_top.compgen.dataonly.tcl 
Execute     source D:/project/DPU_Project/DPU_HLS/dpu_conv_top/hls/.autopilot/db/conv3x3_relu_Pipeline_OH_LOOP_OW_LOOP_IC_LOOP.tbgen.tcl 
Execute     source D:/project/DPU_Project/DPU_HLS/dpu_conv_top/hls/.autopilot/db/conv3x3_relu.tbgen.tcl 
Execute     source D:/project/DPU_Project/DPU_HLS/dpu_conv_top/hls/.autopilot/db/dpu_conv_top_Pipeline_COPY_OC_COPY_H_COPY_W.tbgen.tcl 
Execute     source D:/project/DPU_Project/DPU_HLS/dpu_conv_top/hls/.autopilot/db/dpu_conv_top_Pipeline_POOL_OC_POOL_H_POOL_W.tbgen.tcl 
Execute     source D:/project/DPU_Project/DPU_HLS/dpu_conv_top/hls/.autopilot/db/dpu_conv_top.tbgen.tcl 
Execute     source D:/project/DPU_Project/DPU_HLS/dpu_conv_top/hls/.autopilot/db/global.setting.tcl 
Execute     ap_part_info -name xc7z020-clg400-1 -data names -quiet 
Execute     ap_part_info -name xc7z020-clg400-1 -data info -quiet 
Execute     source D:/project/DPU_Project/DPU_HLS/dpu_conv_top/hls/.autopilot/db/dpu_conv_top.constraint.tcl 
Execute     sc_get_clocks dpu_conv_top 
Execute     source D:/project/DPU_Project/DPU_HLS/dpu_conv_top/hls/.autopilot/db/global.setting.tcl 
Execute     source C:/AMDDesignTools/2025.2/Vitis/tps/tcl/tcllib2.0/fileutil/fileutil.tcl 
INFO-FLOW: Done: generate_json time: 11 seconds 
INFO-FLOW: Running: add_csynth_report_sections
INFO-FLOW: DBG:PROC: ::HLSREPORTS::add_csynth_report_sections bind_info_dict='adapter_nodes {{BINDTYPE adapter ID {} IMPL {} LATENCY {} OPTYPE {} PRAGMA {} RTLNAME CTRL_s_axi_U SOURCE {} VARIABLE {} LOOP {} BUNDLEDNAME CTRL DSP 0 BRAM 0 URAM 0 STORAGESUBTYPE s_axilite STORAGESIZE {} STORAGEUSAGE interface DISPNAME {bind_adapter }} {BINDTYPE adapter ID {} IMPL {} LATENCY {} OPTYPE {} PRAGMA {} RTLNAME control_s_axi_U SOURCE {} VARIABLE {} LOOP {} BUNDLEDNAME control DSP 0 BRAM 0 URAM 0 STORAGESUBTYPE s_axilite STORAGESIZE {} STORAGEUSAGE interface DISPNAME {bind_adapter }} {BINDTYPE adapter ID {} IMPL {} LATENCY {} OPTYPE {} PRAGMA {} RTLNAME gmem0_m_axi_U SOURCE {} VARIABLE {} LOOP {} BUNDLEDNAME gmem0 DSP 0 BRAM 0 URAM 0 STORAGESUBTYPE m_axi STORAGESIZE {} STORAGEUSAGE interface DISPNAME {bind_adapter }} {BINDTYPE adapter ID {} IMPL {} LATENCY {} OPTYPE {} PRAGMA {} RTLNAME gmem0_0_m_axi_U SOURCE {} VARIABLE {} LOOP {} BUNDLEDNAME gmem0_0 DSP 0 BRAM 2 URAM 0 STORAGESUBTYPE m_axi STORAGESIZE {} STORAGEUSAGE interface DISPNAME {bind_adapter }} {BINDTYPE adapter ID {} IMPL {} LATENCY {} OPTYPE {} PRAGMA {} RTLNAME gmem0_1_m_axi_U SOURCE {} VARIABLE {} LOOP {} BUNDLEDNAME gmem0_1 DSP 0 BRAM 2 URAM 0 STORAGESUBTYPE m_axi STORAGESIZE {} STORAGEUSAGE interface DISPNAME {bind_adapter }} {BINDTYPE adapter ID {} IMPL {} LATENCY {} OPTYPE {} PRAGMA {} RTLNAME gmem0_2_m_axi_U SOURCE {} VARIABLE {} LOOP {} BUNDLEDNAME gmem0_2 DSP 0 BRAM 2 URAM 0 STORAGESUBTYPE m_axi STORAGESIZE {} STORAGEUSAGE interface DISPNAME {bind_adapter }} {BINDTYPE adapter ID {} IMPL {} LATENCY {} OPTYPE {} PRAGMA {} RTLNAME gmem0_3_m_axi_U SOURCE {} VARIABLE {} LOOP {} BUNDLEDNAME gmem0_3 DSP 0 BRAM 2 URAM 0 STORAGESUBTYPE m_axi STORAGESIZE {} STORAGEUSAGE interface DISPNAME {bind_adapter }} {BINDTYPE adapter ID {} IMPL {} LATENCY {} OPTYPE {} PRAGMA {} RTLNAME gmem0_4_m_axi_U SOURCE {} VARIABLE {} LOOP {} BUNDLEDNAME gmem0_4 DSP 0 BRAM 2 URAM 0 STORAGESUBTYPE m_axi STORAGESIZE {} STORAGEUSAGE interface DISPNAME {bind_adapter }} {BINDTYPE adapter ID {} IMPL {} LATENCY {} OPTYPE {} PRAGMA {} RTLNAME gmem0_5_m_axi_U SOURCE {} VARIABLE {} LOOP {} BUNDLEDNAME gmem0_5 DSP 0 BRAM 2 URAM 0 STORAGESUBTYPE m_axi STORAGESIZE {} STORAGEUSAGE interface DISPNAME {bind_adapter }} {BINDTYPE adapter ID {} IMPL {} LATENCY {} OPTYPE {} PRAGMA {} RTLNAME gmem0_6_m_axi_U SOURCE {} VARIABLE {} LOOP {} BUNDLEDNAME gmem0_6 DSP 0 BRAM 2 URAM 0 STORAGESUBTYPE m_axi STORAGESIZE {} STORAGEUSAGE interface DISPNAME {bind_adapter }} {BINDTYPE adapter ID {} IMPL {} LATENCY {} OPTYPE {} PRAGMA {} RTLNAME gmem0_7_m_axi_U SOURCE {} VARIABLE {} LOOP {} BUNDLEDNAME gmem0_7 DSP 0 BRAM 2 URAM 0 STORAGESUBTYPE m_axi STORAGESIZE {} STORAGEUSAGE interface DISPNAME {bind_adapter }} {BINDTYPE adapter ID {} IMPL {} LATENCY {} OPTYPE {} PRAGMA {} RTLNAME gmem1_m_axi_U SOURCE {} VARIABLE {} LOOP {} BUNDLEDNAME gmem1 DSP 0 BRAM 2 URAM 0 STORAGESUBTYPE m_axi STORAGESIZE {} STORAGEUSAGE interface DISPNAME {bind_adapter }} {BINDTYPE adapter ID {} IMPL {} LATENCY {} OPTYPE {} PRAGMA {} RTLNAME gmem1_0_m_axi_U SOURCE {} VARIABLE {} LOOP {} BUNDLEDNAME gmem1_0 DSP 0 BRAM 2 URAM 0 STORAGESUBTYPE m_axi STORAGESIZE {} STORAGEUSAGE interface DISPNAME {bind_adapter }} {BINDTYPE adapter ID {} IMPL {} LATENCY {} OPTYPE {} PRAGMA {} RTLNAME gmem1_1_m_axi_U SOURCE {} VARIABLE {} LOOP {} BUNDLEDNAME gmem1_1 DSP 0 BRAM 2 URAM 0 STORAGESUBTYPE m_axi STORAGESIZE {} STORAGEUSAGE interface DISPNAME {bind_adapter }} {BINDTYPE adapter ID {} IMPL {} LATENCY {} OPTYPE {} PRAGMA {} RTLNAME gmem1_2_m_axi_U SOURCE {} VARIABLE {} LOOP {} BUNDLEDNAME gmem1_2 DSP 0 BRAM 2 URAM 0 STORAGESUBTYPE m_axi STORAGESIZE {} STORAGEUSAGE interface DISPNAME {bind_adapter }} {BINDTYPE adapter ID {} IMPL {} LATENCY {} OPTYPE {} PRAGMA {} RTLNAME gmem1_3_m_axi_U SOURCE {} VARIABLE {} LOOP {} BUNDLEDNAME gmem1_3 DSP 0 BRAM 2 URAM 0 STORAGESUBTYPE m_axi STORAGESIZE {} STORAGEUSAGE interface DISPNAME {bind_adapter }} {BINDTYPE adapter ID {} IMPL {} LATENCY {} OPTYPE {} PRAGMA {} RTLNAME gmem1_4_m_axi_U SOURCE {} VARIABLE {} LOOP {} BUNDLEDNAME gmem1_4 DSP 0 BRAM 2 URAM 0 STORAGESUBTYPE m_axi STORAGESIZE {} STORAGEUSAGE interface DISPNAME {bind_adapter }} {BINDTYPE adapter ID {} IMPL {} LATENCY {} OPTYPE {} PRAGMA {} RTLNAME gmem1_5_m_axi_U SOURCE {} VARIABLE {} LOOP {} BUNDLEDNAME gmem1_5 DSP 0 BRAM 2 URAM 0 STORAGESUBTYPE m_axi STORAGESIZE {} STORAGEUSAGE interface DISPNAME {bind_adapter }} {BINDTYPE adapter ID {} IMPL {} LATENCY {} OPTYPE {} PRAGMA {} RTLNAME gmem1_6_m_axi_U SOURCE {} VARIABLE {} LOOP {} BUNDLEDNAME gmem1_6 DSP 0 BRAM 2 URAM 0 STORAGESUBTYPE m_axi STORAGESIZE {} STORAGEUSAGE interface DISPNAME {bind_adapter }} {BINDTYPE adapter ID {} IMPL {} LATENCY {} OPTYPE {} PRAGMA {} RTLNAME gmem1_7_m_axi_U SOURCE {} VARIABLE {} LOOP {} BUNDLEDNAME gmem1_7 DSP 0 BRAM 2 URAM 0 STORAGESUBTYPE m_axi STORAGESIZE {} STORAGEUSAGE interface DISPNAME {bind_adapter }} {BINDTYPE adapter ID {} IMPL {} LATENCY {} OPTYPE {} PRAGMA {} RTLNAME gmem2_m_axi_U SOURCE {} VARIABLE {} LOOP {} BUNDLEDNAME gmem2 DSP 0 BRAM 2 URAM 0 STORAGESUBTYPE m_axi STORAGESIZE {} STORAGEUSAGE interface DISPNAME {bind_adapter }}} cache_nodes {} report_dict {TOPINST dpu_conv_top MODULE2INSTS {dpu_conv_top dpu_conv_top conv3x3_relu grp_conv3x3_relu_fu_393 conv3x3_relu_Pipeline_OH_LOOP_OW_LOOP_IC_LOOP grp_conv3x3_relu_Pipeline_OH_LOOP_OW_LOOP_IC_LOOP_fu_352 dpu_conv_top_Pipeline_COPY_OC_COPY_H_COPY_W grp_dpu_conv_top_Pipeline_COPY_OC_COPY_H_COPY_W_fu_479 dpu_conv_top_Pipeline_POOL_OC_POOL_H_POOL_W grp_dpu_conv_top_Pipeline_POOL_OC_POOL_H_POOL_W_fu_493} INST2MODULE {dpu_conv_top dpu_conv_top grp_conv3x3_relu_fu_393 conv3x3_relu grp_conv3x3_relu_Pipeline_OH_LOOP_OW_LOOP_IC_LOOP_fu_352 conv3x3_relu_Pipeline_OH_LOOP_OW_LOOP_IC_LOOP grp_dpu_conv_top_Pipeline_COPY_OC_COPY_H_COPY_W_fu_479 dpu_conv_top_Pipeline_COPY_OC_COPY_H_COPY_W grp_dpu_conv_top_Pipeline_POOL_OC_POOL_H_POOL_W_fu_493 dpu_conv_top_Pipeline_POOL_OC_POOL_H_POOL_W} INSTDATA {dpu_conv_top {DEPTH 1 CHILDREN {grp_conv3x3_relu_fu_393 grp_dpu_conv_top_Pipeline_COPY_OC_COPY_H_COPY_W_fu_479 grp_dpu_conv_top_Pipeline_POOL_OC_POOL_H_POOL_W_fu_493}} grp_conv3x3_relu_fu_393 {DEPTH 2 CHILDREN grp_conv3x3_relu_Pipeline_OH_LOOP_OW_LOOP_IC_LOOP_fu_352} grp_conv3x3_relu_Pipeline_OH_LOOP_OW_LOOP_IC_LOOP_fu_352 {DEPTH 3 CHILDREN {}} grp_dpu_conv_top_Pipeline_COPY_OC_COPY_H_COPY_W_fu_479 {DEPTH 2 CHILDREN {}} grp_dpu_conv_top_Pipeline_POOL_OC_POOL_H_POOL_W_fu_493 {DEPTH 2 CHILDREN {}}} MODULEDATA {conv3x3_relu_Pipeline_OH_LOOP_OW_LOOP_IC_LOOP {BINDINFO {{BINDTYPE op ID {} IMPL auto LATENCY 0 OPTYPE seteq PRAGMA {} RTLNAME icmp_ln31_fu_2157_p2 SOURCE D:/project/DPUv2/dpu_conv.cpp:31 VARIABLE icmp_ln31 LOOP {} BUNDLEDNAME {} DSP 0 BRAM 0 URAM 0 STORAGESUBTYPE {} DISPNAME {bind_op seteq} VISIBLE false} {BINDTYPE op ID {} IMPL fabric LATENCY 0 OPTYPE add PRAGMA {} RTLNAME add_ln31_fu_2300_p2 SOURCE D:/project/DPUv2/dpu_conv.cpp:31 VARIABLE add_ln31 LOOP OH_LOOP_OW_LOOP_IC_LOOP BUNDLEDNAME {} DSP 0 BRAM 0 URAM 0 STORAGESUBTYPE {} DISPNAME {bind_op add} VISIBLE true} {BINDTYPE op ID {} IMPL auto_sel LATENCY 0 OPTYPE select PRAGMA {} RTLNAME select_ln31_fu_2305_p3 SOURCE D:/project/DPUv2/dpu_conv.cpp:31 VARIABLE select_ln31 LOOP OH_LOOP_OW_LOOP_IC_LOOP BUNDLEDNAME {} DSP 0 BRAM 0 URAM 0 STORAGESUBTYPE {} DISPNAME {bind_op select} VISIBLE false} {BINDTYPE op ID {} IMPL auto LATENCY 0 OPTYPE seteq PRAGMA {} RTLNAME icmp_ln28_fu_2209_p2 SOURCE D:/project/DPUv2/dpu_conv.cpp:28 VARIABLE icmp_ln28 LOOP OH_LOOP_OW_LOOP_IC_LOOP BUNDLEDNAME {} DSP 0 BRAM 0 URAM 0 STORAGESUBTYPE {} DISPNAME {bind_op seteq} VISIBLE false} {BINDTYPE op ID {} IMPL fabric LATENCY 0 OPTYPE add PRAGMA {} RTLNAME add_ln28_fu_2214_p2 SOURCE D:/project/DPUv2/dpu_conv.cpp:28 VARIABLE add_ln28 LOOP OH_LOOP_OW_LOOP_IC_LOOP BUNDLEDNAME {} DSP 0 BRAM 0 URAM 0 STORAGESUBTYPE {} DISPNAME {bind_op add} VISIBLE true} {BINDTYPE op ID {} IMPL auto LATENCY 0 OPTYPE seteq PRAGMA {} RTLNAME icmp_ln31_1_fu_2223_p2 SOURCE D:/project/DPUv2/dpu_conv.cpp:31 VARIABLE icmp_ln31_1 LOOP OH_LOOP_OW_LOOP_IC_LOOP BUNDLEDNAME {} DSP 0 BRAM 0 URAM 0 STORAGESUBTYPE {} DISPNAME {bind_op seteq} VISIBLE false} {BINDTYPE op ID {} IMPL auto_sel LATENCY 0 OPTYPE select PRAGMA {} RTLNAME ow_mid210_fu_2318_p3 SOURCE D:/project/DPUv2/dpu_conv.cpp:31 VARIABLE ow_mid210 LOOP OH_LOOP_OW_LOOP_IC_LOOP BUNDLEDNAME {} DSP 0 BRAM 0 URAM 0 STORAGESUBTYPE {} DISPNAME {bind_op select} VISIBLE false} {BINDTYPE op ID {} IMPL auto_sel LATENCY 0 OPTYPE select PRAGMA {} RTLNAME ic_mid212_fu_2228_p3 SOURCE D:/project/DPUv2/dpu_conv.cpp:31 VARIABLE ic_mid212 LOOP OH_LOOP_OW_LOOP_IC_LOOP BUNDLEDNAME {} DSP 0 BRAM 0 URAM 0 STORAGESUBTYPE {} DISPNAME {bind_op select} VISIBLE false} {BINDTYPE op ID {} IMPL auto_sel LATENCY 0 OPTYPE select PRAGMA {} RTLNAME acc_1_mid213_fu_5229_p3 SOURCE D:/project/DPUv2/dpu_conv.cpp:31 VARIABLE acc_1_mid213 LOOP OH_LOOP_OW_LOOP_IC_LOOP BUNDLEDNAME {} DSP 0 BRAM 0 URAM 0 STORAGESUBTYPE {} DISPNAME {bind_op select} VISIBLE false} {BINDTYPE op ID {} IMPL fabric LATENCY 0 OPTYPE add PRAGMA {} RTLNAME add_ln28_1_fu_2325_p2 SOURCE D:/project/DPUv2/dpu_conv.cpp:28 VARIABLE add_ln28_1 LOOP OH_LOOP_OW_LOOP_IC_LOOP BUNDLEDNAME {} DSP 0 BRAM 0 URAM 0 STORAGESUBTYPE {} DISPNAME {bind_op add} VISIBLE true} {BINDTYPE op ID {} IMPL auto_sel LATENCY 0 OPTYPE select PRAGMA {} RTLNAME shl_ln28_mid2_fu_2347_p3 SOURCE D:/project/DPUv2/dpu_conv.cpp:31 VARIABLE shl_ln28_mid2 LOOP OH_LOOP_OW_LOOP_IC_LOOP BUNDLEDNAME {} DSP 0 BRAM 0 URAM 0 STORAGESUBTYPE {} DISPNAME {bind_op select} VISIBLE false} {BINDTYPE op ID {} IMPL auto LATENCY 0 OPTYPE seteq PRAGMA {} RTLNAME first_iter_1475_fu_2368_p2 SOURCE D:/project/DPUv2/dpu_conv.cpp:31 VARIABLE first_iter_1475 LOOP OH_LOOP_OW_LOOP_IC_LOOP BUNDLEDNAME {} DSP 0 BRAM 0 URAM 0 STORAGESUBTYPE {} DISPNAME {bind_op seteq} VISIBLE false} {BINDTYPE op ID {} IMPL auto LATENCY 0 OPTYPE or PRAGMA {} RTLNAME first_iter_1_mid215_fu_2374_p2 SOURCE D:/project/DPUv2/dpu_conv.cpp:31 VARIABLE first_iter_1_mid215 LOOP OH_LOOP_OW_LOOP_IC_LOOP BUNDLEDNAME {} DSP 0 BRAM 0 URAM 0 STORAGESUBTYPE {} DISPNAME {bind_op or} VISIBLE false} {BINDTYPE op ID {} IMPL fabric LATENCY 0 OPTYPE add PRAGMA {} RTLNAME add_ln31_1_fu_2379_p2 SOURCE D:/project/DPUv2/dpu_conv.cpp:31 VARIABLE add_ln31_1 LOOP OH_LOOP_OW_LOOP_IC_LOOP BUNDLEDNAME {} DSP 0 BRAM 0 URAM 0 STORAGESUBTYPE {} DISPNAME {bind_op add} VISIBLE true} {BINDTYPE op ID {} IMPL auto_sel LATENCY 0 OPTYPE select PRAGMA {} RTLNAME add_ln31_mid217_fu_2385_p3 SOURCE D:/project/DPUv2/dpu_conv.cpp:31 VARIABLE add_ln31_mid217 LOOP OH_LOOP_OW_LOOP_IC_LOOP BUNDLEDNAME {} DSP 0 BRAM 0 URAM 0 STORAGESUBTYPE {} DISPNAME {bind_op select} VISIBLE false} {BINDTYPE op ID {} IMPL auto LATENCY 0 OPTYPE xor PRAGMA {} RTLNAME xor_ln36_fu_2244_p2 SOURCE D:/project/DPUv2/dpu_conv.cpp:36 VARIABLE xor_ln36 LOOP OH_LOOP_OW_LOOP_IC_LOOP BUNDLEDNAME {} DSP 0 BRAM 0 URAM 0 STORAGESUBTYPE {} DISPNAME {bind_op xor} VISIBLE false} {BINDTYPE op ID {} IMPL auto LATENCY 0 OPTYPE or PRAGMA {} RTLNAME icmp_ln36_mid219_fu_2250_p2 SOURCE D:/project/DPUv2/dpu_conv.cpp:31 VARIABLE icmp_ln36_mid219 LOOP OH_LOOP_OW_LOOP_IC_LOOP BUNDLEDNAME {} DSP 0 BRAM 0 URAM 0 STORAGESUBTYPE {} DISPNAME {bind_op or} VISIBLE false} {BINDTYPE op ID {} IMPL auto_sel LATENCY 0 OPTYPE select PRAGMA {} RTLNAME select_ln28_fu_2392_p3 SOURCE D:/project/DPUv2/dpu_conv.cpp:28 VARIABLE select_ln28 LOOP OH_LOOP_OW_LOOP_IC_LOOP BUNDLEDNAME {} DSP 0 BRAM 0 URAM 0 STORAGESUBTYPE {} DISPNAME {bind_op select} VISIBLE false} {BINDTYPE op ID {} IMPL auto_sel LATENCY 0 OPTYPE select PRAGMA {} RTLNAME select_ln28_1_fu_2399_p3 SOURCE D:/project/DPUv2/dpu_conv.cpp:28 VARIABLE select_ln28_1 LOOP OH_LOOP_OW_LOOP_IC_LOOP BUNDLEDNAME {} DSP 0 BRAM 0 URAM 0 STORAGESUBTYPE {} DISPNAME {bind_op select} VISIBLE false} {BINDTYPE op ID {} IMPL fabric LATENCY 0 OPTYPE add PRAGMA {} RTLNAME add_ln31_2_fu_2406_p2 SOURCE D:/project/DPUv2/dpu_conv.cpp:31 VARIABLE add_ln31_2 LOOP OH_LOOP_OW_LOOP_IC_LOOP BUNDLEDNAME {} DSP 0 BRAM 0 URAM 0 STORAGESUBTYPE {} DISPNAME {bind_op add} VISIBLE true} {BINDTYPE op ID {} IMPL auto_sel LATENCY 0 OPTYPE select PRAGMA {} RTLNAME ic_mid2_fu_2256_p3 SOURCE D:/project/DPUv2/dpu_conv.cpp:31 VARIABLE ic_mid2 LOOP OH_LOOP_OW_LOOP_IC_LOOP BUNDLEDNAME {} DSP 0 BRAM 0 URAM 0 STORAGESUBTYPE {} DISPNAME {bind_op select} VISIBLE false} {BINDTYPE op ID {} IMPL auto_sel LATENCY 0 OPTYPE select PRAGMA {} RTLNAME grp_fu_6134_p2 SOURCE D:/project/DPUv2/dpu_conv.cpp:31 VARIABLE acc_1_mid2 LOOP OH_LOOP_OW_LOOP_IC_LOOP BUNDLEDNAME {} DSP 0 BRAM 0 URAM 0 STORAGESUBTYPE {} DISPNAME {bind_op select} VISIBLE false} {BINDTYPE op ID {} IMPL auto LATENCY 0 OPTYPE seteq PRAGMA {} RTLNAME first_iter_1_mid1_fu_2412_p2 SOURCE D:/project/DPUv2/dpu_conv.cpp:31 VARIABLE first_iter_1_mid1 LOOP OH_LOOP_OW_LOOP_IC_LOOP BUNDLEDNAME {} DSP 0 BRAM 0 URAM 0 STORAGESUBTYPE {} DISPNAME {bind_op seteq} VISIBLE false} {BINDTYPE op ID {} IMPL auto_sel LATENCY 0 OPTYPE select PRAGMA {} RTLNAME first_iter_1_mid2_fu_2418_p3 SOURCE D:/project/DPUv2/dpu_conv.cpp:31 VARIABLE first_iter_1_mid2 LOOP OH_LOOP_OW_LOOP_IC_LOOP BUNDLEDNAME {} DSP 0 BRAM 0 URAM 0 STORAGESUBTYPE {} DISPNAME {bind_op select} VISIBLE false} {BINDTYPE op ID {} IMPL fabric LATENCY 0 OPTYPE add PRAGMA {} RTLNAME add_ln31_3_fu_2425_p2 SOURCE D:/project/DPUv2/dpu_conv.cpp:31 VARIABLE add_ln31_3 LOOP OH_LOOP_OW_LOOP_IC_LOOP BUNDLEDNAME {} DSP 0 BRAM 0 URAM 0 STORAGESUBTYPE {} DISPNAME {bind_op add} VISIBLE true} {BINDTYPE op ID {} IMPL auto_sel LATENCY 0 OPTYPE select PRAGMA {} RTLNAME add_ln31_mid2_fu_2431_p3 SOURCE D:/project/DPUv2/dpu_conv.cpp:31 VARIABLE add_ln31_mid2 LOOP OH_LOOP_OW_LOOP_IC_LOOP BUNDLEDNAME {} DSP 0 BRAM 0 URAM 0 STORAGESUBTYPE {} DISPNAME {bind_op select} VISIBLE false} {BINDTYPE op ID {} IMPL auto_sel LATENCY 0 OPTYPE select PRAGMA {} RTLNAME select_ln31_1_fu_2438_p3 SOURCE D:/project/DPUv2/dpu_conv.cpp:31 VARIABLE select_ln31_1 LOOP OH_LOOP_OW_LOOP_IC_LOOP BUNDLEDNAME {} DSP 0 BRAM 0 URAM 0 STORAGESUBTYPE {} DISPNAME {bind_op select} VISIBLE false} {BINDTYPE op ID {} IMPL auto LATENCY 0 OPTYPE seteq PRAGMA {} RTLNAME first_iter_0_fu_2264_p2 SOURCE D:/project/DPUv2/dpu_conv.cpp:31 VARIABLE first_iter_0 LOOP OH_LOOP_OW_LOOP_IC_LOOP BUNDLEDNAME {} DSP 0 BRAM 0 URAM 0 STORAGESUBTYPE {} DISPNAME {bind_op seteq} VISIBLE false} {BINDTYPE op ID {} IMPL fabric LATENCY 0 OPTYPE add PRAGMA {} RTLNAME add_ln55_7_fu_2473_p2 SOURCE D:/project/DPUv2/dpu_conv.cpp:55 VARIABLE add_ln55_7 LOOP OH_LOOP_OW_LOOP_IC_LOOP BUNDLEDNAME {} DSP 0 BRAM 0 URAM 0 STORAGESUBTYPE {} DISPNAME {bind_op add} VISIBLE true} {BINDTYPE op ID {} IMPL auto LATENCY 0 OPTYPE setne PRAGMA {} RTLNAME icmp_ln54_fu_2487_p2 SOURCE D:/project/DPUv2/dpu_conv.cpp:54 VARIABLE icmp_ln54 LOOP OH_LOOP_OW_LOOP_IC_LOOP BUNDLEDNAME {} DSP 0 BRAM 0 URAM 0 STORAGESUBTYPE {} DISPNAME {bind_op setne} VISIBLE false} {BINDTYPE op ID {} IMPL fabric LATENCY 0 OPTYPE add PRAGMA {} RTLNAME add_ln51_fu_2493_p2 SOURCE D:/project/DPUv2/dpu_conv.cpp:51 VARIABLE add_ln51 LOOP OH_LOOP_OW_LOOP_IC_LOOP BUNDLEDNAME {} DSP 0 BRAM 0 URAM 0 STORAGESUBTYPE {} DISPNAME {bind_op add} VISIBLE true} {BINDTYPE op ID {} IMPL auto LATENCY 0 OPTYPE setlt PRAGMA {} RTLNAME icmp_ln54_1_fu_2499_p2 SOURCE D:/project/DPUv2/dpu_conv.cpp:54 VARIABLE icmp_ln54_1 LOOP OH_LOOP_OW_LOOP_IC_LOOP BUNDLEDNAME {} DSP 0 BRAM 0 URAM 0 STORAGESUBTYPE {} DISPNAME {bind_op setlt} VISIBLE false} {BINDTYPE op ID {} IMPL auto LATENCY 0 OPTYPE xor PRAGMA {} RTLNAME xor_ln54_fu_3146_p2 SOURCE D:/project/DPUv2/dpu_conv.cpp:54 VARIABLE xor_ln54 LOOP OH_LOOP_OW_LOOP_IC_LOOP BUNDLEDNAME {} DSP 0 BRAM 0 URAM 0 STORAGESUBTYPE {} DISPNAME {bind_op xor} VISIBLE false} {BINDTYPE op ID {} IMPL fabric LATENCY 0 OPTYPE add PRAGMA {} RTLNAME add_ln55_fu_3151_p2 SOURCE D:/project/DPUv2/dpu_conv.cpp:55 VARIABLE add_ln55 LOOP OH_LOOP_OW_LOOP_IC_LOOP BUNDLEDNAME {} DSP 0 BRAM 0 URAM 0 STORAGESUBTYPE {} DISPNAME {bind_op add} VISIBLE true} {BINDTYPE op ID {} IMPL fabric LATENCY 0 OPTYPE add PRAGMA {} RTLNAME add_ln55_1_fu_3161_p2 SOURCE D:/project/DPUv2/dpu_conv.cpp:55 VARIABLE add_ln55_1 LOOP OH_LOOP_OW_LOOP_IC_LOOP BUNDLEDNAME {} DSP 0 BRAM 0 URAM 0 STORAGESUBTYPE {} DISPNAME {bind_op add} VISIBLE true} {BINDTYPE op ID {} IMPL fabric LATENCY 0 OPTYPE add PRAGMA {} RTLNAME add_ln52_fu_3176_p2 SOURCE D:/project/DPUv2/dpu_conv.cpp:52 VARIABLE add_ln52 LOOP OH_LOOP_OW_LOOP_IC_LOOP BUNDLEDNAME {} DSP 0 BRAM 0 URAM 0 STORAGESUBTYPE {} DISPNAME {bind_op add} VISIBLE true} {BINDTYPE op ID {} IMPL auto LATENCY 0 OPTYPE setne PRAGMA {} RTLNAME icmp_ln54_2_fu_2504_p2 SOURCE D:/project/DPUv2/dpu_conv.cpp:54 VARIABLE icmp_ln54_2 LOOP OH_LOOP_OW_LOOP_IC_LOOP BUNDLEDNAME {} DSP 0 BRAM 0 URAM 0 STORAGESUBTYPE {} DISPNAME {bind_op setne} VISIBLE false} {BINDTYPE op ID {} IMPL auto LATENCY 0 OPTYPE and PRAGMA {} RTLNAME and_ln54_fu_2510_p2 SOURCE D:/project/DPUv2/dpu_conv.cpp:54 VARIABLE and_ln54 LOOP OH_LOOP_OW_LOOP_IC_LOOP BUNDLEDNAME {} DSP 0 BRAM 0 URAM 0 STORAGESUBTYPE {} DISPNAME {bind_op and} VISIBLE false} {BINDTYPE op ID {} IMPL fabric LATENCY 0 OPTYPE add PRAGMA {} RTLNAME add_ln52_1_fu_3189_p2 SOURCE D:/project/DPUv2/dpu_conv.cpp:52 VARIABLE add_ln52_1 LOOP OH_LOOP_OW_LOOP_IC_LOOP BUNDLEDNAME {} DSP 0 BRAM 0 URAM 0 STORAGESUBTYPE {} DISPNAME {bind_op add} VISIBLE true} {BINDTYPE op ID {} IMPL auto LATENCY 0 OPTYPE setlt PRAGMA {} RTLNAME icmp_ln54_3_fu_3195_p2 SOURCE D:/project/DPUv2/dpu_conv.cpp:54 VARIABLE icmp_ln54_3 LOOP OH_LOOP_OW_LOOP_IC_LOOP BUNDLEDNAME {} DSP 0 BRAM 0 URAM 0 STORAGESUBTYPE {} DISPNAME {bind_op setlt} VISIBLE false} {BINDTYPE op ID {} IMPL auto LATENCY 0 OPTYPE xor PRAGMA {} RTLNAME xor_ln54_1_fu_3200_p2 SOURCE D:/project/DPUv2/dpu_conv.cpp:54 VARIABLE xor_ln54_1 LOOP OH_LOOP_OW_LOOP_IC_LOOP BUNDLEDNAME {} DSP 0 BRAM 0 URAM 0 STORAGESUBTYPE {} DISPNAME {bind_op xor} VISIBLE false} {BINDTYPE op ID {} IMPL auto LATENCY 0 OPTYPE and PRAGMA {} RTLNAME and_ln54_1_fu_3206_p2 SOURCE D:/project/DPUv2/dpu_conv.cpp:54 VARIABLE and_ln54_1 LOOP OH_LOOP_OW_LOOP_IC_LOOP BUNDLEDNAME {} DSP 0 BRAM 0 URAM 0 STORAGESUBTYPE {} DISPNAME {bind_op and} VISIBLE false} {BINDTYPE op ID {} IMPL auto LATENCY 0 OPTYPE and PRAGMA {} RTLNAME and_ln54_2_fu_3211_p2 SOURCE D:/project/DPUv2/dpu_conv.cpp:54 VARIABLE and_ln54_2 LOOP OH_LOOP_OW_LOOP_IC_LOOP BUNDLEDNAME {} DSP 0 BRAM 0 URAM 0 STORAGESUBTYPE {} DISPNAME {bind_op and} VISIBLE false} {BINDTYPE op ID {} IMPL auto LATENCY 0 OPTYPE and PRAGMA {} RTLNAME and_ln54_3_fu_3216_p2 SOURCE D:/project/DPUv2/dpu_conv.cpp:54 VARIABLE and_ln54_3 LOOP OH_LOOP_OW_LOOP_IC_LOOP BUNDLEDNAME {} DSP 0 BRAM 0 URAM 0 STORAGESUBTYPE {} DISPNAME {bind_op and} VISIBLE false} {BINDTYPE op ID {} IMPL auto LATENCY 0 OPTYPE setlt PRAGMA {} RTLNAME icmp_ln46_fu_2532_p2 SOURCE D:/project/DPUv2/dpu_conv.cpp:46 VARIABLE icmp_ln46 LOOP OH_LOOP_OW_LOOP_IC_LOOP BUNDLEDNAME {} DSP 0 BRAM 0 URAM 0 STORAGESUBTYPE {} DISPNAME {bind_op setlt} VISIBLE false} {BINDTYPE op ID {} IMPL fabric LATENCY 0 OPTYPE add PRAGMA {} RTLNAME add_ln55_11_fu_2560_p2 SOURCE D:/project/DPUv2/dpu_conv.cpp:55 VARIABLE add_ln55_11 LOOP OH_LOOP_OW_LOOP_IC_LOOP BUNDLEDNAME {} DSP 0 BRAM 0 URAM 0 STORAGESUBTYPE {} DISPNAME {bind_op add} VISIBLE true} {BINDTYPE op ID {} IMPL fabric LATENCY 0 OPTYPE add PRAGMA {} RTLNAME add_ln55_2_fu_2570_p2 SOURCE D:/project/DPUv2/dpu_conv.cpp:55 VARIABLE add_ln55_2 LOOP OH_LOOP_OW_LOOP_IC_LOOP BUNDLEDNAME {} DSP 0 BRAM 0 URAM 0 STORAGESUBTYPE {} DISPNAME {bind_op add} VISIBLE true} {BINDTYPE op ID {} IMPL dsp_slice LATENCY 3 OPTYPE mul PRAGMA {} RTLNAME mac_muladd_8s_8s_32s_32_4_1_U1 SOURCE D:/project/DPUv2/dpu_conv.cpp:55 VARIABLE mul_ln55 LOOP OH_LOOP_OW_LOOP_IC_LOOP BUNDLEDNAME {} DSP 1 BRAM 0 URAM 0 STORAGESUBTYPE {} DISPNAME {bind_op mul} VISIBLE true} {BINDTYPE op ID {} IMPL dsp_slice LATENCY 3 OPTYPE sext PRAGMA {} RTLNAME mac_muladd_8s_8s_32s_32_4_1_U1 SOURCE D:/project/DPUv2/dpu_conv.cpp:55 VARIABLE sext_ln55_2 LOOP OH_LOOP_OW_LOOP_IC_LOOP BUNDLEDNAME {} DSP 1 BRAM 0 URAM 0 STORAGESUBTYPE {} DISPNAME {bind_op sext} VISIBLE false} {BINDTYPE op ID {} IMPL dsp_slice LATENCY 3 OPTYPE add PRAGMA {} RTLNAME mac_muladd_8s_8s_32s_32_4_1_U1 SOURCE D:/project/DPUv2/dpu_conv.cpp:55 VARIABLE acc_2 LOOP OH_LOOP_OW_LOOP_IC_LOOP BUNDLEDNAME {} DSP 1 BRAM 0 URAM 0 STORAGESUBTYPE {} DISPNAME {bind_op add} VISIBLE true} {BINDTYPE op ID {} IMPL fabric LATENCY 0 OPTYPE add PRAGMA {} RTLNAME add_ln56_fu_2586_p2 SOURCE D:/project/DPUv2/dpu_conv.cpp:56 VARIABLE add_ln56 LOOP OH_LOOP_OW_LOOP_IC_LOOP BUNDLEDNAME {} DSP 0 BRAM 0 URAM 0 STORAGESUBTYPE {} DISPNAME {bind_op add} VISIBLE true} {BINDTYPE op ID {} IMPL fabric LATENCY 0 OPTYPE add PRAGMA {} RTLNAME add_ln55_10_fu_3262_p2 SOURCE D:/project/DPUv2/dpu_conv.cpp:55 VARIABLE add_ln55_10 LOOP OH_LOOP_OW_LOOP_IC_LOOP BUNDLEDNAME {} DSP 0 BRAM 0 URAM 0 STORAGESUBTYPE {} DISPNAME {bind_op add} VISIBLE true} {BINDTYPE op ID {} IMPL dsp_slice LATENCY 3 OPTYPE mul PRAGMA {} RTLNAME mac_muladd_8s_8s_32s_32_4_1_U2 SOURCE D:/project/DPUv2/dpu_conv.cpp:55 VARIABLE mul_ln55_1 LOOP OH_LOOP_OW_LOOP_IC_LOOP BUNDLEDNAME {} DSP 1 BRAM 0 URAM 0 STORAGESUBTYPE {} DISPNAME {bind_op mul} VISIBLE true} {BINDTYPE op ID {} IMPL dsp_slice LATENCY 3 OPTYPE sext PRAGMA {} RTLNAME mac_muladd_8s_8s_32s_32_4_1_U2 SOURCE D:/project/DPUv2/dpu_conv.cpp:55 VARIABLE sext_ln55_5 LOOP OH_LOOP_OW_LOOP_IC_LOOP BUNDLEDNAME {} DSP 1 BRAM 0 URAM 0 STORAGESUBTYPE {} DISPNAME {bind_op sext} VISIBLE false} {BINDTYPE op ID {} IMPL dsp_slice LATENCY 3 OPTYPE add PRAGMA {} RTLNAME mac_muladd_8s_8s_32s_32_4_1_U2 SOURCE D:/project/DPUv2/dpu_conv.cpp:55 VARIABLE acc_4 LOOP OH_LOOP_OW_LOOP_IC_LOOP BUNDLEDNAME {} DSP 1 BRAM 0 URAM 0 STORAGESUBTYPE {} DISPNAME {bind_op add} VISIBLE true} {BINDTYPE op ID {} IMPL fabric LATENCY 0 OPTYPE add PRAGMA {} RTLNAME add_ln56_1_fu_5120_p2 SOURCE D:/project/DPUv2/dpu_conv.cpp:56 VARIABLE add_ln56_1 LOOP OH_LOOP_OW_LOOP_IC_LOOP BUNDLEDNAME {} DSP 0 BRAM 0 URAM 0 STORAGESUBTYPE {} DISPNAME {bind_op add} VISIBLE true} {BINDTYPE op ID {} IMPL fabric LATENCY 0 OPTYPE add PRAGMA {} RTLNAME add_ln55_14_fu_3290_p2 SOURCE D:/project/DPUv2/dpu_conv.cpp:55 VARIABLE add_ln55_14 LOOP OH_LOOP_OW_LOOP_IC_LOOP BUNDLEDNAME {} DSP 0 BRAM 0 URAM 0 STORAGESUBTYPE {} DISPNAME {bind_op add} VISIBLE true} {BINDTYPE op ID {} IMPL dsp_slice LATENCY 3 OPTYPE mul PRAGMA {} RTLNAME mac_muladd_8s_8s_32s_32_4_1_U3 SOURCE D:/project/DPUv2/dpu_conv.cpp:55 VARIABLE mul_ln55_2 LOOP OH_LOOP_OW_LOOP_IC_LOOP BUNDLEDNAME {} DSP 1 BRAM 0 URAM 0 STORAGESUBTYPE {} DISPNAME {bind_op mul} VISIBLE true} {BINDTYPE op ID {} IMPL dsp_slice LATENCY 3 OPTYPE sext PRAGMA {} RTLNAME mac_muladd_8s_8s_32s_32_4_1_U3 SOURCE D:/project/DPUv2/dpu_conv.cpp:55 VARIABLE sext_ln55_8 LOOP OH_LOOP_OW_LOOP_IC_LOOP BUNDLEDNAME {} DSP 1 BRAM 0 URAM 0 STORAGESUBTYPE {} DISPNAME {bind_op sext} VISIBLE false} {BINDTYPE op ID {} IMPL dsp_slice LATENCY 3 OPTYPE add PRAGMA {} RTLNAME mac_muladd_8s_8s_32s_32_4_1_U3 SOURCE D:/project/DPUv2/dpu_conv.cpp:55 VARIABLE acc_7 LOOP OH_LOOP_OW_LOOP_IC_LOOP BUNDLEDNAME {} DSP 1 BRAM 0 URAM 0 STORAGESUBTYPE {} DISPNAME {bind_op add} VISIBLE true} {BINDTYPE op ID {} IMPL fabric LATENCY 0 OPTYPE add PRAGMA {} RTLNAME add_ln56_2_fu_5127_p2 SOURCE D:/project/DPUv2/dpu_conv.cpp:56 VARIABLE add_ln56_2 LOOP OH_LOOP_OW_LOOP_IC_LOOP BUNDLEDNAME {} DSP 0 BRAM 0 URAM 0 STORAGESUBTYPE {} DISPNAME {bind_op add} VISIBLE true} {BINDTYPE op ID {} IMPL fabric LATENCY 0 OPTYPE add PRAGMA {} RTLNAME add_ln55_16_fu_3301_p2 SOURCE D:/project/DPUv2/dpu_conv.cpp:55 VARIABLE add_ln55_16 LOOP OH_LOOP_OW_LOOP_IC_LOOP BUNDLEDNAME {} DSP 0 BRAM 0 URAM 0 STORAGESUBTYPE {} DISPNAME {bind_op add} VISIBLE true} {BINDTYPE op ID {} IMPL fabric LATENCY 0 OPTYPE add PRAGMA {} RTLNAME add_ln55_17_fu_3305_p2 SOURCE D:/project/DPUv2/dpu_conv.cpp:55 VARIABLE add_ln55_17 LOOP OH_LOOP_OW_LOOP_IC_LOOP BUNDLEDNAME {} DSP 0 BRAM 0 URAM 0 STORAGESUBTYPE {} DISPNAME {bind_op add} VISIBLE true} {BINDTYPE op ID {} IMPL fabric LATENCY 0 OPTYPE add PRAGMA {} RTLNAME add_ln55_18_fu_3317_p2 SOURCE D:/project/DPUv2/dpu_conv.cpp:55 VARIABLE add_ln55_18 LOOP OH_LOOP_OW_LOOP_IC_LOOP BUNDLEDNAME {} DSP 0 BRAM 0 URAM 0 STORAGESUBTYPE {} DISPNAME {bind_op add} VISIBLE true} {BINDTYPE op ID {} IMPL dsp_slice LATENCY 3 OPTYPE mul PRAGMA {} RTLNAME mac_muladd_8s_8s_32s_32_4_1_U4 SOURCE D:/project/DPUv2/dpu_conv.cpp:55 VARIABLE mul_ln55_3 LOOP OH_LOOP_OW_LOOP_IC_LOOP BUNDLEDNAME {} DSP 1 BRAM 0 URAM 0 STORAGESUBTYPE {} DISPNAME {bind_op mul} VISIBLE true} {BINDTYPE op ID {} IMPL dsp_slice LATENCY 3 OPTYPE sext PRAGMA {} RTLNAME mac_muladd_8s_8s_32s_32_4_1_U4 SOURCE D:/project/DPUv2/dpu_conv.cpp:55 VARIABLE sext_ln55_11 LOOP OH_LOOP_OW_LOOP_IC_LOOP BUNDLEDNAME {} DSP 1 BRAM 0 URAM 0 STORAGESUBTYPE {} DISPNAME {bind_op sext} VISIBLE false} {BINDTYPE op ID {} IMPL dsp_slice LATENCY 3 OPTYPE add PRAGMA {} RTLNAME mac_muladd_8s_8s_32s_32_4_1_U4 SOURCE D:/project/DPUv2/dpu_conv.cpp:55 VARIABLE acc_9 LOOP OH_LOOP_OW_LOOP_IC_LOOP BUNDLEDNAME {} DSP 1 BRAM 0 URAM 0 STORAGESUBTYPE {} DISPNAME {bind_op add} VISIBLE true} {BINDTYPE op ID {} IMPL fabric LATENCY 0 OPTYPE add PRAGMA {} RTLNAME add_ln56_3_fu_5133_p2 SOURCE D:/project/DPUv2/dpu_conv.cpp:56 VARIABLE add_ln56_3 LOOP OH_LOOP_OW_LOOP_IC_LOOP BUNDLEDNAME {} DSP 0 BRAM 0 URAM 0 STORAGESUBTYPE {} DISPNAME {bind_op add} VISIBLE true} {BINDTYPE op ID {} IMPL fabric LATENCY 0 OPTYPE add PRAGMA {} RTLNAME add_ln55_20_fu_3328_p2 SOURCE D:/project/DPUv2/dpu_conv.cpp:55 VARIABLE add_ln55_20 LOOP OH_LOOP_OW_LOOP_IC_LOOP BUNDLEDNAME {} DSP 0 BRAM 0 URAM 0 STORAGESUBTYPE {} DISPNAME {bind_op add} VISIBLE true} {BINDTYPE op ID {} IMPL fabric LATENCY 0 OPTYPE add PRAGMA {} RTLNAME add_ln55_21_fu_3340_p2 SOURCE D:/project/DPUv2/dpu_conv.cpp:55 VARIABLE add_ln55_21 LOOP OH_LOOP_OW_LOOP_IC_LOOP BUNDLEDNAME {} DSP 0 BRAM 0 URAM 0 STORAGESUBTYPE {} DISPNAME {bind_op add} VISIBLE true} {BINDTYPE op ID {} IMPL dsp_slice LATENCY 3 OPTYPE mul PRAGMA {} RTLNAME mac_muladd_8s_8s_32s_32_4_1_U5 SOURCE D:/project/DPUv2/dpu_conv.cpp:55 VARIABLE mul_ln55_4 LOOP OH_LOOP_OW_LOOP_IC_LOOP BUNDLEDNAME {} DSP 1 BRAM 0 URAM 0 STORAGESUBTYPE {} DISPNAME {bind_op mul} VISIBLE true} {BINDTYPE op ID {} IMPL dsp_slice LATENCY 3 OPTYPE sext PRAGMA {} RTLNAME mac_muladd_8s_8s_32s_32_4_1_U5 SOURCE D:/project/DPUv2/dpu_conv.cpp:55 VARIABLE sext_ln55_14 LOOP OH_LOOP_OW_LOOP_IC_LOOP BUNDLEDNAME {} DSP 1 BRAM 0 URAM 0 STORAGESUBTYPE {} DISPNAME {bind_op sext} VISIBLE false} {BINDTYPE op ID {} IMPL dsp_slice LATENCY 3 OPTYPE add PRAGMA {} RTLNAME mac_muladd_8s_8s_32s_32_4_1_U5 SOURCE D:/project/DPUv2/dpu_conv.cpp:55 VARIABLE acc_11 LOOP OH_LOOP_OW_LOOP_IC_LOOP BUNDLEDNAME {} DSP 1 BRAM 0 URAM 0 STORAGESUBTYPE {} DISPNAME {bind_op add} VISIBLE true} {BINDTYPE op ID {} IMPL fabric LATENCY 0 OPTYPE add PRAGMA {} RTLNAME add_ln56_4_fu_5140_p2 SOURCE D:/project/DPUv2/dpu_conv.cpp:56 VARIABLE add_ln56_4 LOOP OH_LOOP_OW_LOOP_IC_LOOP BUNDLEDNAME {} DSP 0 BRAM 0 URAM 0 STORAGESUBTYPE {} DISPNAME {bind_op add} VISIBLE true} {BINDTYPE op ID {} IMPL fabric LATENCY 0 OPTYPE add PRAGMA {} RTLNAME add_ln55_23_fu_3351_p2 SOURCE D:/project/DPUv2/dpu_conv.cpp:55 VARIABLE add_ln55_23 LOOP OH_LOOP_OW_LOOP_IC_LOOP BUNDLEDNAME {} DSP 0 BRAM 0 URAM 0 STORAGESUBTYPE {} DISPNAME {bind_op add} VISIBLE true} {BINDTYPE op ID {} IMPL fabric LATENCY 0 OPTYPE add PRAGMA {} RTLNAME add_ln55_24_fu_3363_p2 SOURCE D:/project/DPUv2/dpu_conv.cpp:55 VARIABLE add_ln55_24 LOOP OH_LOOP_OW_LOOP_IC_LOOP BUNDLEDNAME {} DSP 0 BRAM 0 URAM 0 STORAGESUBTYPE {} DISPNAME {bind_op add} VISIBLE true} {BINDTYPE op ID {} IMPL dsp_slice LATENCY 3 OPTYPE mul PRAGMA {} RTLNAME mac_muladd_8s_8s_32s_32_4_1_U6 SOURCE D:/project/DPUv2/dpu_conv.cpp:55 VARIABLE mul_ln55_5 LOOP OH_LOOP_OW_LOOP_IC_LOOP BUNDLEDNAME {} DSP 1 BRAM 0 URAM 0 STORAGESUBTYPE {} DISPNAME {bind_op mul} VISIBLE true} {BINDTYPE op ID {} IMPL dsp_slice LATENCY 3 OPTYPE sext PRAGMA {} RTLNAME mac_muladd_8s_8s_32s_32_4_1_U6 SOURCE D:/project/DPUv2/dpu_conv.cpp:55 VARIABLE sext_ln55_17 LOOP OH_LOOP_OW_LOOP_IC_LOOP BUNDLEDNAME {} DSP 1 BRAM 0 URAM 0 STORAGESUBTYPE {} DISPNAME {bind_op sext} VISIBLE false} {BINDTYPE op ID {} IMPL dsp_slice LATENCY 3 OPTYPE add PRAGMA {} RTLNAME mac_muladd_8s_8s_32s_32_4_1_U6 SOURCE D:/project/DPUv2/dpu_conv.cpp:55 VARIABLE acc_12 LOOP OH_LOOP_OW_LOOP_IC_LOOP BUNDLEDNAME {} DSP 1 BRAM 0 URAM 0 STORAGESUBTYPE {} DISPNAME {bind_op add} VISIBLE true} {BINDTYPE op ID {} IMPL fabric LATENCY 0 OPTYPE add PRAGMA {} RTLNAME add_ln56_5_fu_5146_p2 SOURCE D:/project/DPUv2/dpu_conv.cpp:56 VARIABLE add_ln56_5 LOOP OH_LOOP_OW_LOOP_IC_LOOP BUNDLEDNAME {} DSP 0 BRAM 0 URAM 0 STORAGESUBTYPE {} DISPNAME {bind_op add} VISIBLE true} {BINDTYPE op ID {} IMPL fabric LATENCY 0 OPTYPE add PRAGMA {} RTLNAME add_ln55_28_fu_3391_p2 SOURCE D:/project/DPUv2/dpu_conv.cpp:55 VARIABLE add_ln55_28 LOOP OH_LOOP_OW_LOOP_IC_LOOP BUNDLEDNAME {} DSP 0 BRAM 0 URAM 0 STORAGESUBTYPE {} DISPNAME {bind_op add} VISIBLE true} {BINDTYPE op ID {} IMPL dsp_slice LATENCY 3 OPTYPE mul PRAGMA {} RTLNAME mac_muladd_8s_8s_32s_32_4_1_U7 SOURCE D:/project/DPUv2/dpu_conv.cpp:55 VARIABLE mul_ln55_6 LOOP OH_LOOP_OW_LOOP_IC_LOOP BUNDLEDNAME {} DSP 1 BRAM 0 URAM 0 STORAGESUBTYPE {} DISPNAME {bind_op mul} VISIBLE true} {BINDTYPE op ID {} IMPL dsp_slice LATENCY 3 OPTYPE sext PRAGMA {} RTLNAME mac_muladd_8s_8s_32s_32_4_1_U7 SOURCE D:/project/DPUv2/dpu_conv.cpp:55 VARIABLE sext_ln55_20 LOOP OH_LOOP_OW_LOOP_IC_LOOP BUNDLEDNAME {} DSP 1 BRAM 0 URAM 0 STORAGESUBTYPE {} DISPNAME {bind_op sext} VISIBLE false} {BINDTYPE op ID {} IMPL dsp_slice LATENCY 3 OPTYPE add PRAGMA {} RTLNAME mac_muladd_8s_8s_32s_32_4_1_U7 SOURCE D:/project/DPUv2/dpu_conv.cpp:55 VARIABLE acc_14 LOOP OH_LOOP_OW_LOOP_IC_LOOP BUNDLEDNAME {} DSP 1 BRAM 0 URAM 0 STORAGESUBTYPE {} DISPNAME {bind_op add} VISIBLE true} {BINDTYPE op ID {} IMPL fabric LATENCY 0 OPTYPE add PRAGMA {} RTLNAME add_ln56_6_fu_5152_p2 SOURCE D:/project/DPUv2/dpu_conv.cpp:56 VARIABLE add_ln56_6 LOOP OH_LOOP_OW_LOOP_IC_LOOP BUNDLEDNAME {} DSP 0 BRAM 0 URAM 0 STORAGESUBTYPE {} DISPNAME {bind_op add} VISIBLE true} {BINDTYPE op ID {} IMPL fabric LATENCY 0 OPTYPE add PRAGMA {} RTLNAME add_ln55_32_fu_3419_p2 SOURCE D:/project/DPUv2/dpu_conv.cpp:55 VARIABLE add_ln55_32 LOOP OH_LOOP_OW_LOOP_IC_LOOP BUNDLEDNAME {} DSP 0 BRAM 0 URAM 0 STORAGESUBTYPE {} DISPNAME {bind_op add} VISIBLE true} {BINDTYPE op ID {} IMPL dsp_slice LATENCY 3 OPTYPE mul PRAGMA {} RTLNAME mac_muladd_8s_8s_32s_32_4_1_U8 SOURCE D:/project/DPUv2/dpu_conv.cpp:55 VARIABLE mul_ln55_7 LOOP OH_LOOP_OW_LOOP_IC_LOOP BUNDLEDNAME {} DSP 1 BRAM 0 URAM 0 STORAGESUBTYPE {} DISPNAME {bind_op mul} VISIBLE true} {BINDTYPE op ID {} IMPL dsp_slice LATENCY 3 OPTYPE sext PRAGMA {} RTLNAME mac_muladd_8s_8s_32s_32_4_1_U8 SOURCE D:/project/DPUv2/dpu_conv.cpp:55 VARIABLE sext_ln55_23 LOOP OH_LOOP_OW_LOOP_IC_LOOP BUNDLEDNAME {} DSP 1 BRAM 0 URAM 0 STORAGESUBTYPE {} DISPNAME {bind_op sext} VISIBLE false} {BINDTYPE op ID {} IMPL dsp_slice LATENCY 3 OPTYPE add PRAGMA {} RTLNAME mac_muladd_8s_8s_32s_32_4_1_U8 SOURCE D:/project/DPUv2/dpu_conv.cpp:55 VARIABLE acc_16 LOOP OH_LOOP_OW_LOOP_IC_LOOP BUNDLEDNAME {} DSP 1 BRAM 0 URAM 0 STORAGESUBTYPE {} DISPNAME {bind_op add} VISIBLE true} {BINDTYPE op ID {} IMPL fabric LATENCY 0 OPTYPE add PRAGMA {} RTLNAME add_ln56_7_fu_5159_p2 SOURCE D:/project/DPUv2/dpu_conv.cpp:56 VARIABLE add_ln56_7 LOOP OH_LOOP_OW_LOOP_IC_LOOP BUNDLEDNAME {} DSP 0 BRAM 0 URAM 0 STORAGESUBTYPE {} DISPNAME {bind_op add} VISIBLE true} {BINDTYPE op ID {} IMPL fabric LATENCY 0 OPTYPE add PRAGMA {} RTLNAME add_ln55_36_fu_3447_p2 SOURCE D:/project/DPUv2/dpu_conv.cpp:55 VARIABLE add_ln55_36 LOOP OH_LOOP_OW_LOOP_IC_LOOP BUNDLEDNAME {} DSP 0 BRAM 0 URAM 0 STORAGESUBTYPE {} DISPNAME {bind_op add} VISIBLE true} {BINDTYPE op ID {} IMPL dsp_slice LATENCY 3 OPTYPE mul PRAGMA {} RTLNAME mac_muladd_8s_8s_32s_32_4_1_U9 SOURCE D:/project/DPUv2/dpu_conv.cpp:55 VARIABLE mul_ln55_8 LOOP OH_LOOP_OW_LOOP_IC_LOOP BUNDLEDNAME {} DSP 1 BRAM 0 URAM 0 STORAGESUBTYPE {} DISPNAME {bind_op mul} VISIBLE true} {BINDTYPE op ID {} IMPL dsp_slice LATENCY 3 OPTYPE sext PRAGMA {} RTLNAME mac_muladd_8s_8s_32s_32_4_1_U9 SOURCE D:/project/DPUv2/dpu_conv.cpp:55 VARIABLE sext_ln55_26 LOOP OH_LOOP_OW_LOOP_IC_LOOP BUNDLEDNAME {} DSP 1 BRAM 0 URAM 0 STORAGESUBTYPE {} DISPNAME {bind_op sext} VISIBLE false} {BINDTYPE op ID {} IMPL dsp_slice LATENCY 3 OPTYPE add PRAGMA {} RTLNAME mac_muladd_8s_8s_32s_32_4_1_U9 SOURCE D:/project/DPUv2/dpu_conv.cpp:55 VARIABLE acc_18 LOOP OH_LOOP_OW_LOOP_IC_LOOP BUNDLEDNAME {} DSP 1 BRAM 0 URAM 0 STORAGESUBTYPE {} DISPNAME {bind_op add} VISIBLE true} {BINDTYPE op ID {} IMPL fabric LATENCY 0 OPTYPE add PRAGMA {} RTLNAME add_ln56_8_fu_5165_p2 SOURCE D:/project/DPUv2/dpu_conv.cpp:56 VARIABLE add_ln56_8 LOOP OH_LOOP_OW_LOOP_IC_LOOP BUNDLEDNAME {} DSP 0 BRAM 0 URAM 0 STORAGESUBTYPE {} DISPNAME {bind_op add} VISIBLE true} {BINDTYPE op ID {} IMPL auto LATENCY 0 OPTYPE setlt PRAGMA {} RTLNAME icmp_ln46_1_fu_2613_p2 SOURCE D:/project/DPUv2/dpu_conv.cpp:46 VARIABLE icmp_ln46_1 LOOP OH_LOOP_OW_LOOP_IC_LOOP BUNDLEDNAME {} DSP 0 BRAM 0 URAM 0 STORAGESUBTYPE {} DISPNAME {bind_op setlt} VISIBLE false} {BINDTYPE op ID {} IMPL fabric LATENCY 0 OPTYPE add PRAGMA {} RTLNAME add_ln55_51_fu_2641_p2 SOURCE D:/project/DPUv2/dpu_conv.cpp:55 VARIABLE add_ln55_51 LOOP OH_LOOP_OW_LOOP_IC_LOOP BUNDLEDNAME {} DSP 0 BRAM 0 URAM 0 STORAGESUBTYPE {} DISPNAME {bind_op add} VISIBLE true} {BINDTYPE op ID {} IMPL fabric LATENCY 0 OPTYPE add PRAGMA {} RTLNAME add_ln55_38_fu_2651_p2 SOURCE D:/project/DPUv2/dpu_conv.cpp:55 VARIABLE add_ln55_38 LOOP OH_LOOP_OW_LOOP_IC_LOOP BUNDLEDNAME {} DSP 0 BRAM 0 URAM 0 STORAGESUBTYPE {} DISPNAME {bind_op add} VISIBLE true} {BINDTYPE op ID {} IMPL dsp_slice LATENCY 3 OPTYPE mul PRAGMA {} RTLNAME mac_muladd_8s_8s_32s_32_4_1_U10 SOURCE D:/project/DPUv2/dpu_conv.cpp:55 VARIABLE mul_ln55_9 LOOP OH_LOOP_OW_LOOP_IC_LOOP BUNDLEDNAME {} DSP 1 BRAM 0 URAM 0 STORAGESUBTYPE {} DISPNAME {bind_op mul} VISIBLE true} {BINDTYPE op ID {} IMPL dsp_slice LATENCY 3 OPTYPE sext PRAGMA {} RTLNAME mac_muladd_8s_8s_32s_32_4_1_U10 SOURCE D:/project/DPUv2/dpu_conv.cpp:55 VARIABLE sext_ln55_29 LOOP OH_LOOP_OW_LOOP_IC_LOOP BUNDLEDNAME {} DSP 1 BRAM 0 URAM 0 STORAGESUBTYPE {} DISPNAME {bind_op sext} VISIBLE false} {BINDTYPE op ID {} IMPL dsp_slice LATENCY 3 OPTYPE add PRAGMA {} RTLNAME mac_muladd_8s_8s_32s_32_4_1_U10 SOURCE D:/project/DPUv2/dpu_conv.cpp:55 VARIABLE acc_19 LOOP OH_LOOP_OW_LOOP_IC_LOOP BUNDLEDNAME {} DSP 1 BRAM 0 URAM 0 STORAGESUBTYPE {} DISPNAME {bind_op add} VISIBLE true} {BINDTYPE op ID {} IMPL fabric LATENCY 0 OPTYPE add PRAGMA {} RTLNAME add_ln56_9_fu_5172_p2 SOURCE D:/project/DPUv2/dpu_conv.cpp:56 VARIABLE add_ln56_9 LOOP OH_LOOP_OW_LOOP_IC_LOOP BUNDLEDNAME {} DSP 0 BRAM 0 URAM 0 STORAGESUBTYPE {} DISPNAME {bind_op add} VISIBLE true} {BINDTYPE op ID {} IMPL fabric LATENCY 0 OPTYPE add PRAGMA {} RTLNAME add_ln55_46_fu_3498_p2 SOURCE D:/project/DPUv2/dpu_conv.cpp:55 VARIABLE add_ln55_46 LOOP OH_LOOP_OW_LOOP_IC_LOOP BUNDLEDNAME {} DSP 0 BRAM 0 URAM 0 STORAGESUBTYPE {} DISPNAME {bind_op add} VISIBLE true} {BINDTYPE op ID {} IMPL dsp_slice LATENCY 3 OPTYPE mul PRAGMA {} RTLNAME mac_muladd_8s_8s_32s_32_4_1_U11 SOURCE D:/project/DPUv2/dpu_conv.cpp:55 VARIABLE mul_ln55_10 LOOP OH_LOOP_OW_LOOP_IC_LOOP BUNDLEDNAME {} DSP 1 BRAM 0 URAM 0 STORAGESUBTYPE {} DISPNAME {bind_op mul} VISIBLE true} {BINDTYPE op ID {} IMPL dsp_slice LATENCY 3 OPTYPE sext PRAGMA {} RTLNAME mac_muladd_8s_8s_32s_32_4_1_U11 SOURCE D:/project/DPUv2/dpu_conv.cpp:55 VARIABLE sext_ln55_32 LOOP OH_LOOP_OW_LOOP_IC_LOOP BUNDLEDNAME {} DSP 1 BRAM 0 URAM 0 STORAGESUBTYPE {} DISPNAME {bind_op sext} VISIBLE false} {BINDTYPE op ID {} IMPL dsp_slice LATENCY 3 OPTYPE add PRAGMA {} RTLNAME mac_muladd_8s_8s_32s_32_4_1_U11 SOURCE D:/project/DPUv2/dpu_conv.cpp:55 VARIABLE acc_21 LOOP OH_LOOP_OW_LOOP_IC_LOOP BUNDLEDNAME {} DSP 1 BRAM 0 URAM 0 STORAGESUBTYPE {} DISPNAME {bind_op add} VISIBLE true} {BINDTYPE op ID {} IMPL fabric LATENCY 0 OPTYPE add PRAGMA {} RTLNAME add_ln56_10_fu_5178_p2 SOURCE D:/project/DPUv2/dpu_conv.cpp:56 VARIABLE add_ln56_10 LOOP OH_LOOP_OW_LOOP_IC_LOOP BUNDLEDNAME {} DSP 0 BRAM 0 URAM 0 STORAGESUBTYPE {} DISPNAME {bind_op add} VISIBLE true} {BINDTYPE op ID {} IMPL fabric LATENCY 0 OPTYPE add PRAGMA {} RTLNAME add_ln55_50_fu_3526_p2 SOURCE D:/project/DPUv2/dpu_conv.cpp:55 VARIABLE add_ln55_50 LOOP OH_LOOP_OW_LOOP_IC_LOOP BUNDLEDNAME {} DSP 0 BRAM 0 URAM 0 STORAGESUBTYPE {} DISPNAME {bind_op add} VISIBLE true} {BINDTYPE op ID {} IMPL dsp_slice LATENCY 3 OPTYPE mul PRAGMA {} RTLNAME mac_muladd_8s_8s_32s_32_4_1_U12 SOURCE D:/project/DPUv2/dpu_conv.cpp:55 VARIABLE mul_ln55_11 LOOP OH_LOOP_OW_LOOP_IC_LOOP BUNDLEDNAME {} DSP 1 BRAM 0 URAM 0 STORAGESUBTYPE {} DISPNAME {bind_op mul} VISIBLE true} {BINDTYPE op ID {} IMPL dsp_slice LATENCY 3 OPTYPE sext PRAGMA {} RTLNAME mac_muladd_8s_8s_32s_32_4_1_U12 SOURCE D:/project/DPUv2/dpu_conv.cpp:55 VARIABLE sext_ln55_35 LOOP OH_LOOP_OW_LOOP_IC_LOOP BUNDLEDNAME {} DSP 1 BRAM 0 URAM 0 STORAGESUBTYPE {} DISPNAME {bind_op sext} VISIBLE false} {BINDTYPE op ID {} IMPL dsp_slice LATENCY 3 OPTYPE add PRAGMA {} RTLNAME mac_muladd_8s_8s_32s_32_4_1_U12 SOURCE D:/project/DPUv2/dpu_conv.cpp:55 VARIABLE acc_23 LOOP OH_LOOP_OW_LOOP_IC_LOOP BUNDLEDNAME {} DSP 1 BRAM 0 URAM 0 STORAGESUBTYPE {} DISPNAME {bind_op add} VISIBLE true} {BINDTYPE op ID {} IMPL fabric LATENCY 0 OPTYPE add PRAGMA {} RTLNAME add_ln56_11_fu_5185_p2 SOURCE D:/project/DPUv2/dpu_conv.cpp:56 VARIABLE add_ln56_11 LOOP OH_LOOP_OW_LOOP_IC_LOOP BUNDLEDNAME {} DSP 0 BRAM 0 URAM 0 STORAGESUBTYPE {} DISPNAME {bind_op add} VISIBLE true} {BINDTYPE op ID {} IMPL fabric LATENCY 0 OPTYPE add PRAGMA {} RTLNAME add_ln55_52_fu_3537_p2 SOURCE D:/project/DPUv2/dpu_conv.cpp:55 VARIABLE add_ln55_52 LOOP OH_LOOP_OW_LOOP_IC_LOOP BUNDLEDNAME {} DSP 0 BRAM 0 URAM 0 STORAGESUBTYPE {} DISPNAME {bind_op add} VISIBLE true} {BINDTYPE op ID {} IMPL fabric LATENCY 0 OPTYPE add PRAGMA {} RTLNAME add_ln55_53_fu_3541_p2 SOURCE D:/project/DPUv2/dpu_conv.cpp:55 VARIABLE add_ln55_53 LOOP OH_LOOP_OW_LOOP_IC_LOOP BUNDLEDNAME {} DSP 0 BRAM 0 URAM 0 STORAGESUBTYPE {} DISPNAME {bind_op add} VISIBLE true} {BINDTYPE op ID {} IMPL fabric LATENCY 0 OPTYPE add PRAGMA {} RTLNAME add_ln55_54_fu_3553_p2 SOURCE D:/project/DPUv2/dpu_conv.cpp:55 VARIABLE add_ln55_54 LOOP OH_LOOP_OW_LOOP_IC_LOOP BUNDLEDNAME {} DSP 0 BRAM 0 URAM 0 STORAGESUBTYPE {} DISPNAME {bind_op add} VISIBLE true} {BINDTYPE op ID {} IMPL dsp_slice LATENCY 3 OPTYPE mul PRAGMA {} RTLNAME mac_muladd_8s_8s_32s_32_4_1_U13 SOURCE D:/project/DPUv2/dpu_conv.cpp:55 VARIABLE mul_ln55_12 LOOP OH_LOOP_OW_LOOP_IC_LOOP BUNDLEDNAME {} DSP 1 BRAM 0 URAM 0 STORAGESUBTYPE {} DISPNAME {bind_op mul} VISIBLE true} {BINDTYPE op ID {} IMPL dsp_slice LATENCY 3 OPTYPE sext PRAGMA {} RTLNAME mac_muladd_8s_8s_32s_32_4_1_U13 SOURCE D:/project/DPUv2/dpu_conv.cpp:55 VARIABLE sext_ln55_38 LOOP OH_LOOP_OW_LOOP_IC_LOOP BUNDLEDNAME {} DSP 1 BRAM 0 URAM 0 STORAGESUBTYPE {} DISPNAME {bind_op sext} VISIBLE false} {BINDTYPE op ID {} IMPL dsp_slice LATENCY 3 OPTYPE add PRAGMA {} RTLNAME mac_muladd_8s_8s_32s_32_4_1_U13 SOURCE D:/project/DPUv2/dpu_conv.cpp:55 VARIABLE acc_25 LOOP OH_LOOP_OW_LOOP_IC_LOOP BUNDLEDNAME {} DSP 1 BRAM 0 URAM 0 STORAGESUBTYPE {} DISPNAME {bind_op add} VISIBLE true} {BINDTYPE op ID {} IMPL fabric LATENCY 0 OPTYPE add PRAGMA {} RTLNAME add_ln56_12_fu_5207_p2 SOURCE D:/project/DPUv2/dpu_conv.cpp:56 VARIABLE add_ln56_12 LOOP OH_LOOP_OW_LOOP_IC_LOOP BUNDLEDNAME {} DSP 0 BRAM 0 URAM 0 STORAGESUBTYPE {} DISPNAME {bind_op add} VISIBLE true} {BINDTYPE op ID {} IMPL fabric LATENCY 0 OPTYPE add PRAGMA {} RTLNAME add_ln55_56_fu_3564_p2 SOURCE D:/project/DPUv2/dpu_conv.cpp:55 VARIABLE add_ln55_56 LOOP OH_LOOP_OW_LOOP_IC_LOOP BUNDLEDNAME {} DSP 0 BRAM 0 URAM 0 STORAGESUBTYPE {} DISPNAME {bind_op add} VISIBLE true} {BINDTYPE op ID {} IMPL fabric LATENCY 0 OPTYPE add PRAGMA {} RTLNAME add_ln55_57_fu_3576_p2 SOURCE D:/project/DPUv2/dpu_conv.cpp:55 VARIABLE add_ln55_57 LOOP OH_LOOP_OW_LOOP_IC_LOOP BUNDLEDNAME {} DSP 0 BRAM 0 URAM 0 STORAGESUBTYPE {} DISPNAME {bind_op add} VISIBLE true} {BINDTYPE op ID {} IMPL dsp_slice LATENCY 3 OPTYPE mul PRAGMA {} RTLNAME mac_muladd_8s_8s_32s_32_4_1_U14 SOURCE D:/project/DPUv2/dpu_conv.cpp:55 VARIABLE mul_ln55_13 LOOP OH_LOOP_OW_LOOP_IC_LOOP BUNDLEDNAME {} DSP 1 BRAM 0 URAM 0 STORAGESUBTYPE {} DISPNAME {bind_op mul} VISIBLE true} {BINDTYPE op ID {} IMPL dsp_slice LATENCY 3 OPTYPE sext PRAGMA {} RTLNAME mac_muladd_8s_8s_32s_32_4_1_U14 SOURCE D:/project/DPUv2/dpu_conv.cpp:55 VARIABLE sext_ln55_41 LOOP OH_LOOP_OW_LOOP_IC_LOOP BUNDLEDNAME {} DSP 1 BRAM 0 URAM 0 STORAGESUBTYPE {} DISPNAME {bind_op sext} VISIBLE false} {BINDTYPE op ID {} IMPL dsp_slice LATENCY 3 OPTYPE add PRAGMA {} RTLNAME mac_muladd_8s_8s_32s_32_4_1_U14 SOURCE D:/project/DPUv2/dpu_conv.cpp:55 VARIABLE acc_27 LOOP OH_LOOP_OW_LOOP_IC_LOOP BUNDLEDNAME {} DSP 1 BRAM 0 URAM 0 STORAGESUBTYPE {} DISPNAME {bind_op add} VISIBLE true} {BINDTYPE op ID {} IMPL fabric LATENCY 0 OPTYPE add PRAGMA {} RTLNAME add_ln56_13_fu_5214_p2 SOURCE D:/project/DPUv2/dpu_conv.cpp:56 VARIABLE add_ln56_13 LOOP OH_LOOP_OW_LOOP_IC_LOOP BUNDLEDNAME {} DSP 0 BRAM 0 URAM 0 STORAGESUBTYPE {} DISPNAME {bind_op add} VISIBLE true} {BINDTYPE op ID {} IMPL fabric LATENCY 0 OPTYPE add PRAGMA {} RTLNAME add_ln55_59_fu_3587_p2 SOURCE D:/project/DPUv2/dpu_conv.cpp:55 VARIABLE add_ln55_59 LOOP OH_LOOP_OW_LOOP_IC_LOOP BUNDLEDNAME {} DSP 0 BRAM 0 URAM 0 STORAGESUBTYPE {} DISPNAME {bind_op add} VISIBLE true} {BINDTYPE op ID {} IMPL fabric LATENCY 0 OPTYPE add PRAGMA {} RTLNAME add_ln55_60_fu_3599_p2 SOURCE D:/project/DPUv2/dpu_conv.cpp:55 VARIABLE add_ln55_60 LOOP OH_LOOP_OW_LOOP_IC_LOOP BUNDLEDNAME {} DSP 0 BRAM 0 URAM 0 STORAGESUBTYPE {} DISPNAME {bind_op add} VISIBLE true} {BINDTYPE op ID {} IMPL dsp_slice LATENCY 3 OPTYPE mul PRAGMA {} RTLNAME mac_muladd_8s_8s_32s_32_4_1_U15 SOURCE D:/project/DPUv2/dpu_conv.cpp:55 VARIABLE mul_ln55_14 LOOP OH_LOOP_OW_LOOP_IC_LOOP BUNDLEDNAME {} DSP 1 BRAM 0 URAM 0 STORAGESUBTYPE {} DISPNAME {bind_op mul} VISIBLE true} {BINDTYPE op ID {} IMPL dsp_slice LATENCY 3 OPTYPE sext PRAGMA {} RTLNAME mac_muladd_8s_8s_32s_32_4_1_U15 SOURCE D:/project/DPUv2/dpu_conv.cpp:55 VARIABLE sext_ln55_44 LOOP OH_LOOP_OW_LOOP_IC_LOOP BUNDLEDNAME {} DSP 1 BRAM 0 URAM 0 STORAGESUBTYPE {} DISPNAME {bind_op sext} VISIBLE false} {BINDTYPE op ID {} IMPL dsp_slice LATENCY 3 OPTYPE add PRAGMA {} RTLNAME mac_muladd_8s_8s_32s_32_4_1_U15 SOURCE D:/project/DPUv2/dpu_conv.cpp:55 VARIABLE acc_28 LOOP OH_LOOP_OW_LOOP_IC_LOOP BUNDLEDNAME {} DSP 1 BRAM 0 URAM 0 STORAGESUBTYPE {} DISPNAME {bind_op add} VISIBLE true} {BINDTYPE op ID {} IMPL fabric LATENCY 0 OPTYPE add PRAGMA {} RTLNAME add_ln56_14_fu_5220_p2 SOURCE D:/project/DPUv2/dpu_conv.cpp:56 VARIABLE add_ln56_14 LOOP OH_LOOP_OW_LOOP_IC_LOOP BUNDLEDNAME {} DSP 0 BRAM 0 URAM 0 STORAGESUBTYPE {} DISPNAME {bind_op add} VISIBLE true} {BINDTYPE op ID {} IMPL fabric LATENCY 0 OPTYPE add PRAGMA {} RTLNAME add_ln55_64_fu_3627_p2 SOURCE D:/project/DPUv2/dpu_conv.cpp:55 VARIABLE add_ln55_64 LOOP OH_LOOP_OW_LOOP_IC_LOOP BUNDLEDNAME {} DSP 0 BRAM 0 URAM 0 STORAGESUBTYPE {} DISPNAME {bind_op add} VISIBLE true} {BINDTYPE op ID {} IMPL dsp_slice LATENCY 3 OPTYPE mul PRAGMA {} RTLNAME mac_muladd_8s_8s_32s_32_4_1_U16 SOURCE D:/project/DPUv2/dpu_conv.cpp:55 VARIABLE mul_ln55_15 LOOP OH_LOOP_OW_LOOP_IC_LOOP BUNDLEDNAME {} DSP 1 BRAM 0 URAM 0 STORAGESUBTYPE {} DISPNAME {bind_op mul} VISIBLE true} {BINDTYPE op ID {} IMPL dsp_slice LATENCY 3 OPTYPE sext PRAGMA {} RTLNAME mac_muladd_8s_8s_32s_32_4_1_U16 SOURCE D:/project/DPUv2/dpu_conv.cpp:55 VARIABLE sext_ln55_47 LOOP OH_LOOP_OW_LOOP_IC_LOOP BUNDLEDNAME {} DSP 1 BRAM 0 URAM 0 STORAGESUBTYPE {} DISPNAME {bind_op sext} VISIBLE false} {BINDTYPE op ID {} IMPL dsp_slice LATENCY 3 OPTYPE add PRAGMA {} RTLNAME mac_muladd_8s_8s_32s_32_4_1_U16 SOURCE D:/project/DPUv2/dpu_conv.cpp:55 VARIABLE acc_30 LOOP OH_LOOP_OW_LOOP_IC_LOOP BUNDLEDNAME {} DSP 1 BRAM 0 URAM 0 STORAGESUBTYPE {} DISPNAME {bind_op add} VISIBLE true} {BINDTYPE op ID {} IMPL fabric LATENCY 0 OPTYPE add PRAGMA {} RTLNAME add_ln56_15_fu_5257_p2 SOURCE D:/project/DPUv2/dpu_conv.cpp:56 VARIABLE add_ln56_15 LOOP OH_LOOP_OW_LOOP_IC_LOOP BUNDLEDNAME {} DSP 0 BRAM 0 URAM 0 STORAGESUBTYPE {} DISPNAME {bind_op add} VISIBLE true} {BINDTYPE op ID {} IMPL fabric LATENCY 0 OPTYPE add PRAGMA {} RTLNAME add_ln55_68_fu_3655_p2 SOURCE D:/project/DPUv2/dpu_conv.cpp:55 VARIABLE add_ln55_68 LOOP OH_LOOP_OW_LOOP_IC_LOOP BUNDLEDNAME {} DSP 0 BRAM 0 URAM 0 STORAGESUBTYPE {} DISPNAME {bind_op add} VISIBLE true} {BINDTYPE op ID {} IMPL dsp_slice LATENCY 3 OPTYPE mul PRAGMA {} RTLNAME mac_muladd_8s_8s_32s_32_4_1_U17 SOURCE D:/project/DPUv2/dpu_conv.cpp:55 VARIABLE mul_ln55_16 LOOP OH_LOOP_OW_LOOP_IC_LOOP BUNDLEDNAME {} DSP 1 BRAM 0 URAM 0 STORAGESUBTYPE {} DISPNAME {bind_op mul} VISIBLE true} {BINDTYPE op ID {} IMPL dsp_slice LATENCY 3 OPTYPE sext PRAGMA {} RTLNAME mac_muladd_8s_8s_32s_32_4_1_U17 SOURCE D:/project/DPUv2/dpu_conv.cpp:55 VARIABLE sext_ln55_50 LOOP OH_LOOP_OW_LOOP_IC_LOOP BUNDLEDNAME {} DSP 1 BRAM 0 URAM 0 STORAGESUBTYPE {} DISPNAME {bind_op sext} VISIBLE false} {BINDTYPE op ID {} IMPL dsp_slice LATENCY 3 OPTYPE add PRAGMA {} RTLNAME mac_muladd_8s_8s_32s_32_4_1_U17 SOURCE D:/project/DPUv2/dpu_conv.cpp:55 VARIABLE acc_32 LOOP OH_LOOP_OW_LOOP_IC_LOOP BUNDLEDNAME {} DSP 1 BRAM 0 URAM 0 STORAGESUBTYPE {} DISPNAME {bind_op add} VISIBLE true} {BINDTYPE op ID {} IMPL fabric LATENCY 0 OPTYPE add PRAGMA {} RTLNAME add_ln56_16_fu_5264_p2 SOURCE D:/project/DPUv2/dpu_conv.cpp:56 VARIABLE add_ln56_16 LOOP OH_LOOP_OW_LOOP_IC_LOOP BUNDLEDNAME {} DSP 0 BRAM 0 URAM 0 STORAGESUBTYPE {} DISPNAME {bind_op add} VISIBLE true} {BINDTYPE op ID {} IMPL fabric LATENCY 0 OPTYPE add PRAGMA {} RTLNAME add_ln55_72_fu_3683_p2 SOURCE D:/project/DPUv2/dpu_conv.cpp:55 VARIABLE add_ln55_72 LOOP OH_LOOP_OW_LOOP_IC_LOOP BUNDLEDNAME {} DSP 0 BRAM 0 URAM 0 STORAGESUBTYPE {} DISPNAME {bind_op add} VISIBLE true} {BINDTYPE op ID {} IMPL dsp_slice LATENCY 3 OPTYPE mul PRAGMA {} RTLNAME mac_muladd_8s_8s_32s_32_4_1_U18 SOURCE D:/project/DPUv2/dpu_conv.cpp:55 VARIABLE mul_ln55_17 LOOP OH_LOOP_OW_LOOP_IC_LOOP BUNDLEDNAME {} DSP 1 BRAM 0 URAM 0 STORAGESUBTYPE {} DISPNAME {bind_op mul} VISIBLE true} {BINDTYPE op ID {} IMPL dsp_slice LATENCY 3 OPTYPE sext PRAGMA {} RTLNAME mac_muladd_8s_8s_32s_32_4_1_U18 SOURCE D:/project/DPUv2/dpu_conv.cpp:55 VARIABLE sext_ln55_53 LOOP OH_LOOP_OW_LOOP_IC_LOOP BUNDLEDNAME {} DSP 1 BRAM 0 URAM 0 STORAGESUBTYPE {} DISPNAME {bind_op sext} VISIBLE false} {BINDTYPE op ID {} IMPL dsp_slice LATENCY 3 OPTYPE add PRAGMA {} RTLNAME mac_muladd_8s_8s_32s_32_4_1_U18 SOURCE D:/project/DPUv2/dpu_conv.cpp:55 VARIABLE acc_34 LOOP OH_LOOP_OW_LOOP_IC_LOOP BUNDLEDNAME {} DSP 1 BRAM 0 URAM 0 STORAGESUBTYPE {} DISPNAME {bind_op add} VISIBLE true} {BINDTYPE op ID {} IMPL fabric LATENCY 0 OPTYPE add PRAGMA {} RTLNAME add_ln56_17_fu_5286_p2 SOURCE D:/project/DPUv2/dpu_conv.cpp:56 VARIABLE add_ln56_17 LOOP OH_LOOP_OW_LOOP_IC_LOOP BUNDLEDNAME {} DSP 0 BRAM 0 URAM 0 STORAGESUBTYPE {} DISPNAME {bind_op add} VISIBLE true} {BINDTYPE op ID {} IMPL auto LATENCY 0 OPTYPE setlt PRAGMA {} RTLNAME icmp_ln46_2_fu_2693_p2 SOURCE D:/project/DPUv2/dpu_conv.cpp:46 VARIABLE icmp_ln46_2 LOOP OH_LOOP_OW_LOOP_IC_LOOP BUNDLEDNAME {} DSP 0 BRAM 0 URAM 0 STORAGESUBTYPE {} DISPNAME {bind_op setlt} VISIBLE false} {BINDTYPE op ID {} IMPL fabric LATENCY 0 OPTYPE add PRAGMA {} RTLNAME add_ln55_91_fu_2721_p2 SOURCE D:/project/DPUv2/dpu_conv.cpp:55 VARIABLE add_ln55_91 LOOP OH_LOOP_OW_LOOP_IC_LOOP BUNDLEDNAME {} DSP 0 BRAM 0 URAM 0 STORAGESUBTYPE {} DISPNAME {bind_op add} VISIBLE true} {BINDTYPE op ID {} IMPL fabric LATENCY 0 OPTYPE add PRAGMA {} RTLNAME add_ln55_74_fu_2731_p2 SOURCE D:/project/DPUv2/dpu_conv.cpp:55 VARIABLE add_ln55_74 LOOP OH_LOOP_OW_LOOP_IC_LOOP BUNDLEDNAME {} DSP 0 BRAM 0 URAM 0 STORAGESUBTYPE {} DISPNAME {bind_op add} VISIBLE true} {BINDTYPE op ID {} IMPL dsp_slice LATENCY 3 OPTYPE mul PRAGMA {} RTLNAME mac_muladd_8s_8s_32s_32_4_1_U19 SOURCE D:/project/DPUv2/dpu_conv.cpp:55 VARIABLE mul_ln55_18 LOOP OH_LOOP_OW_LOOP_IC_LOOP BUNDLEDNAME {} DSP 1 BRAM 0 URAM 0 STORAGESUBTYPE {} DISPNAME {bind_op mul} VISIBLE true} {BINDTYPE op ID {} IMPL dsp_slice LATENCY 3 OPTYPE sext PRAGMA {} RTLNAME mac_muladd_8s_8s_32s_32_4_1_U19 SOURCE D:/project/DPUv2/dpu_conv.cpp:55 VARIABLE sext_ln55_56 LOOP OH_LOOP_OW_LOOP_IC_LOOP BUNDLEDNAME {} DSP 1 BRAM 0 URAM 0 STORAGESUBTYPE {} DISPNAME {bind_op sext} VISIBLE false} {BINDTYPE op ID {} IMPL dsp_slice LATENCY 3 OPTYPE add PRAGMA {} RTLNAME mac_muladd_8s_8s_32s_32_4_1_U19 SOURCE D:/project/DPUv2/dpu_conv.cpp:55 VARIABLE acc_36 LOOP OH_LOOP_OW_LOOP_IC_LOOP BUNDLEDNAME {} DSP 1 BRAM 0 URAM 0 STORAGESUBTYPE {} DISPNAME {bind_op add} VISIBLE true} {BINDTYPE op ID {} IMPL fabric LATENCY 0 OPTYPE add PRAGMA {} RTLNAME add_ln56_18_fu_5293_p2 SOURCE D:/project/DPUv2/dpu_conv.cpp:56 VARIABLE add_ln56_18 LOOP OH_LOOP_OW_LOOP_IC_LOOP BUNDLEDNAME {} DSP 0 BRAM 0 URAM 0 STORAGESUBTYPE {} DISPNAME {bind_op add} VISIBLE true} {BINDTYPE op ID {} IMPL fabric LATENCY 0 OPTYPE add PRAGMA {} RTLNAME add_ln55_82_fu_3734_p2 SOURCE D:/project/DPUv2/dpu_conv.cpp:55 VARIABLE add_ln55_82 LOOP OH_LOOP_OW_LOOP_IC_LOOP BUNDLEDNAME {} DSP 0 BRAM 0 URAM 0 STORAGESUBTYPE {} DISPNAME {bind_op add} VISIBLE true} {BINDTYPE op ID {} IMPL dsp_slice LATENCY 3 OPTYPE mul PRAGMA {} RTLNAME mac_muladd_8s_8s_32s_32_4_1_U20 SOURCE D:/project/DPUv2/dpu_conv.cpp:55 VARIABLE mul_ln55_19 LOOP OH_LOOP_OW_LOOP_IC_LOOP BUNDLEDNAME {} DSP 1 BRAM 0 URAM 0 STORAGESUBTYPE {} DISPNAME {bind_op mul} VISIBLE true} {BINDTYPE op ID {} IMPL dsp_slice LATENCY 3 OPTYPE sext PRAGMA {} RTLNAME mac_muladd_8s_8s_32s_32_4_1_U20 SOURCE D:/project/DPUv2/dpu_conv.cpp:55 VARIABLE sext_ln55_59 LOOP OH_LOOP_OW_LOOP_IC_LOOP BUNDLEDNAME {} DSP 1 BRAM 0 URAM 0 STORAGESUBTYPE {} DISPNAME {bind_op sext} VISIBLE false} {BINDTYPE op ID {} IMPL dsp_slice LATENCY 3 OPTYPE add PRAGMA {} RTLNAME mac_muladd_8s_8s_32s_32_4_1_U20 SOURCE D:/project/DPUv2/dpu_conv.cpp:55 VARIABLE acc_38 LOOP OH_LOOP_OW_LOOP_IC_LOOP BUNDLEDNAME {} DSP 1 BRAM 0 URAM 0 STORAGESUBTYPE {} DISPNAME {bind_op add} VISIBLE true} {BINDTYPE op ID {} IMPL fabric LATENCY 0 OPTYPE add PRAGMA {} RTLNAME add_ln56_19_fu_5315_p2 SOURCE D:/project/DPUv2/dpu_conv.cpp:56 VARIABLE add_ln56_19 LOOP OH_LOOP_OW_LOOP_IC_LOOP BUNDLEDNAME {} DSP 0 BRAM 0 URAM 0 STORAGESUBTYPE {} DISPNAME {bind_op add} VISIBLE true} {BINDTYPE op ID {} IMPL fabric LATENCY 0 OPTYPE add PRAGMA {} RTLNAME add_ln55_86_fu_3762_p2 SOURCE D:/project/DPUv2/dpu_conv.cpp:55 VARIABLE add_ln55_86 LOOP OH_LOOP_OW_LOOP_IC_LOOP BUNDLEDNAME {} DSP 0 BRAM 0 URAM 0 STORAGESUBTYPE {} DISPNAME {bind_op add} VISIBLE true} {BINDTYPE op ID {} IMPL dsp_slice LATENCY 3 OPTYPE mul PRAGMA {} RTLNAME mac_muladd_8s_8s_32s_32_4_1_U21 SOURCE D:/project/DPUv2/dpu_conv.cpp:55 VARIABLE mul_ln55_20 LOOP OH_LOOP_OW_LOOP_IC_LOOP BUNDLEDNAME {} DSP 1 BRAM 0 URAM 0 STORAGESUBTYPE {} DISPNAME {bind_op mul} VISIBLE true} {BINDTYPE op ID {} IMPL dsp_slice LATENCY 3 OPTYPE sext PRAGMA {} RTLNAME mac_muladd_8s_8s_32s_32_4_1_U21 SOURCE D:/project/DPUv2/dpu_conv.cpp:55 VARIABLE sext_ln55_62 LOOP OH_LOOP_OW_LOOP_IC_LOOP BUNDLEDNAME {} DSP 1 BRAM 0 URAM 0 STORAGESUBTYPE {} DISPNAME {bind_op sext} VISIBLE false} {BINDTYPE op ID {} IMPL dsp_slice LATENCY 3 OPTYPE add PRAGMA {} RTLNAME mac_muladd_8s_8s_32s_32_4_1_U21 SOURCE D:/project/DPUv2/dpu_conv.cpp:55 VARIABLE acc_40 LOOP OH_LOOP_OW_LOOP_IC_LOOP BUNDLEDNAME {} DSP 1 BRAM 0 URAM 0 STORAGESUBTYPE {} DISPNAME {bind_op add} VISIBLE true} {BINDTYPE op ID {} IMPL fabric LATENCY 0 OPTYPE add PRAGMA {} RTLNAME add_ln56_20_fu_5322_p2 SOURCE D:/project/DPUv2/dpu_conv.cpp:56 VARIABLE add_ln56_20 LOOP OH_LOOP_OW_LOOP_IC_LOOP BUNDLEDNAME {} DSP 0 BRAM 0 URAM 0 STORAGESUBTYPE {} DISPNAME {bind_op add} VISIBLE true} {BINDTYPE op ID {} IMPL fabric LATENCY 0 OPTYPE add PRAGMA {} RTLNAME add_ln55_88_fu_3773_p2 SOURCE D:/project/DPUv2/dpu_conv.cpp:55 VARIABLE add_ln55_88 LOOP OH_LOOP_OW_LOOP_IC_LOOP BUNDLEDNAME {} DSP 0 BRAM 0 URAM 0 STORAGESUBTYPE {} DISPNAME {bind_op add} VISIBLE true} {BINDTYPE op ID {} IMPL fabric LATENCY 0 OPTYPE add PRAGMA {} RTLNAME add_ln55_89_fu_3777_p2 SOURCE D:/project/DPUv2/dpu_conv.cpp:55 VARIABLE add_ln55_89 LOOP OH_LOOP_OW_LOOP_IC_LOOP BUNDLEDNAME {} DSP 0 BRAM 0 URAM 0 STORAGESUBTYPE {} DISPNAME {bind_op add} VISIBLE true} {BINDTYPE op ID {} IMPL fabric LATENCY 0 OPTYPE add PRAGMA {} RTLNAME add_ln55_90_fu_3789_p2 SOURCE D:/project/DPUv2/dpu_conv.cpp:55 VARIABLE add_ln55_90 LOOP OH_LOOP_OW_LOOP_IC_LOOP BUNDLEDNAME {} DSP 0 BRAM 0 URAM 0 STORAGESUBTYPE {} DISPNAME {bind_op add} VISIBLE true} {BINDTYPE op ID {} IMPL dsp_slice LATENCY 3 OPTYPE mul PRAGMA {} RTLNAME mac_muladd_8s_8s_32s_32_4_1_U22 SOURCE D:/project/DPUv2/dpu_conv.cpp:55 VARIABLE mul_ln55_21 LOOP OH_LOOP_OW_LOOP_IC_LOOP BUNDLEDNAME {} DSP 1 BRAM 0 URAM 0 STORAGESUBTYPE {} DISPNAME {bind_op mul} VISIBLE true} {BINDTYPE op ID {} IMPL dsp_slice LATENCY 3 OPTYPE sext PRAGMA {} RTLNAME mac_muladd_8s_8s_32s_32_4_1_U22 SOURCE D:/project/DPUv2/dpu_conv.cpp:55 VARIABLE sext_ln55_65 LOOP OH_LOOP_OW_LOOP_IC_LOOP BUNDLEDNAME {} DSP 1 BRAM 0 URAM 0 STORAGESUBTYPE {} DISPNAME {bind_op sext} VISIBLE false} {BINDTYPE op ID {} IMPL dsp_slice LATENCY 3 OPTYPE add PRAGMA {} RTLNAME mac_muladd_8s_8s_32s_32_4_1_U22 SOURCE D:/project/DPUv2/dpu_conv.cpp:55 VARIABLE acc_42 LOOP OH_LOOP_OW_LOOP_IC_LOOP BUNDLEDNAME {} DSP 1 BRAM 0 URAM 0 STORAGESUBTYPE {} DISPNAME {bind_op add} VISIBLE true} {BINDTYPE op ID {} IMPL fabric LATENCY 0 OPTYPE add PRAGMA {} RTLNAME add_ln56_21_fu_5342_p2 SOURCE D:/project/DPUv2/dpu_conv.cpp:56 VARIABLE add_ln56_21 LOOP OH_LOOP_OW_LOOP_IC_LOOP BUNDLEDNAME {} DSP 0 BRAM 0 URAM 0 STORAGESUBTYPE {} DISPNAME {bind_op add} VISIBLE true} {BINDTYPE op ID {} IMPL fabric LATENCY 0 OPTYPE add PRAGMA {} RTLNAME add_ln55_92_fu_3800_p2 SOURCE D:/project/DPUv2/dpu_conv.cpp:55 VARIABLE add_ln55_92 LOOP OH_LOOP_OW_LOOP_IC_LOOP BUNDLEDNAME {} DSP 0 BRAM 0 URAM 0 STORAGESUBTYPE {} DISPNAME {bind_op add} VISIBLE true} {BINDTYPE op ID {} IMPL fabric LATENCY 0 OPTYPE add PRAGMA {} RTLNAME add_ln55_93_fu_3812_p2 SOURCE D:/project/DPUv2/dpu_conv.cpp:55 VARIABLE add_ln55_93 LOOP OH_LOOP_OW_LOOP_IC_LOOP BUNDLEDNAME {} DSP 0 BRAM 0 URAM 0 STORAGESUBTYPE {} DISPNAME {bind_op add} VISIBLE true} {BINDTYPE op ID {} IMPL dsp_slice LATENCY 3 OPTYPE mul PRAGMA {} RTLNAME mac_muladd_8s_8s_32s_32_4_1_U23 SOURCE D:/project/DPUv2/dpu_conv.cpp:55 VARIABLE mul_ln55_22 LOOP OH_LOOP_OW_LOOP_IC_LOOP BUNDLEDNAME {} DSP 1 BRAM 0 URAM 0 STORAGESUBTYPE {} DISPNAME {bind_op mul} VISIBLE true} {BINDTYPE op ID {} IMPL dsp_slice LATENCY 3 OPTYPE sext PRAGMA {} RTLNAME mac_muladd_8s_8s_32s_32_4_1_U23 SOURCE D:/project/DPUv2/dpu_conv.cpp:55 VARIABLE sext_ln55_68 LOOP OH_LOOP_OW_LOOP_IC_LOOP BUNDLEDNAME {} DSP 1 BRAM 0 URAM 0 STORAGESUBTYPE {} DISPNAME {bind_op sext} VISIBLE false} {BINDTYPE op ID {} IMPL dsp_slice LATENCY 3 OPTYPE add PRAGMA {} RTLNAME mac_muladd_8s_8s_32s_32_4_1_U23 SOURCE D:/project/DPUv2/dpu_conv.cpp:55 VARIABLE acc_44 LOOP OH_LOOP_OW_LOOP_IC_LOOP BUNDLEDNAME {} DSP 1 BRAM 0 URAM 0 STORAGESUBTYPE {} DISPNAME {bind_op add} VISIBLE true} {BINDTYPE op ID {} IMPL fabric LATENCY 0 OPTYPE add PRAGMA {} RTLNAME add_ln56_22_fu_5349_p2 SOURCE D:/project/DPUv2/dpu_conv.cpp:56 VARIABLE add_ln56_22 LOOP OH_LOOP_OW_LOOP_IC_LOOP BUNDLEDNAME {} DSP 0 BRAM 0 URAM 0 STORAGESUBTYPE {} DISPNAME {bind_op add} VISIBLE true} {BINDTYPE op ID {} IMPL fabric LATENCY 0 OPTYPE add PRAGMA {} RTLNAME add_ln55_95_fu_3823_p2 SOURCE D:/project/DPUv2/dpu_conv.cpp:55 VARIABLE add_ln55_95 LOOP OH_LOOP_OW_LOOP_IC_LOOP BUNDLEDNAME {} DSP 0 BRAM 0 URAM 0 STORAGESUBTYPE {} DISPNAME {bind_op add} VISIBLE true} {BINDTYPE op ID {} IMPL fabric LATENCY 0 OPTYPE add PRAGMA {} RTLNAME add_ln55_96_fu_3835_p2 SOURCE D:/project/DPUv2/dpu_conv.cpp:55 VARIABLE add_ln55_96 LOOP OH_LOOP_OW_LOOP_IC_LOOP BUNDLEDNAME {} DSP 0 BRAM 0 URAM 0 STORAGESUBTYPE {} DISPNAME {bind_op add} VISIBLE true} {BINDTYPE op ID {} IMPL dsp_slice LATENCY 3 OPTYPE mul PRAGMA {} RTLNAME mac_muladd_8s_8s_32s_32_4_1_U24 SOURCE D:/project/DPUv2/dpu_conv.cpp:55 VARIABLE mul_ln55_23 LOOP OH_LOOP_OW_LOOP_IC_LOOP BUNDLEDNAME {} DSP 1 BRAM 0 URAM 0 STORAGESUBTYPE {} DISPNAME {bind_op mul} VISIBLE true} {BINDTYPE op ID {} IMPL dsp_slice LATENCY 3 OPTYPE sext PRAGMA {} RTLNAME mac_muladd_8s_8s_32s_32_4_1_U24 SOURCE D:/project/DPUv2/dpu_conv.cpp:55 VARIABLE sext_ln55_71 LOOP OH_LOOP_OW_LOOP_IC_LOOP BUNDLEDNAME {} DSP 1 BRAM 0 URAM 0 STORAGESUBTYPE {} DISPNAME {bind_op sext} VISIBLE false} {BINDTYPE op ID {} IMPL dsp_slice LATENCY 3 OPTYPE add PRAGMA {} RTLNAME mac_muladd_8s_8s_32s_32_4_1_U24 SOURCE D:/project/DPUv2/dpu_conv.cpp:55 VARIABLE acc_45 LOOP OH_LOOP_OW_LOOP_IC_LOOP BUNDLEDNAME {} DSP 1 BRAM 0 URAM 0 STORAGESUBTYPE {} DISPNAME {bind_op add} VISIBLE true} {BINDTYPE op ID {} IMPL fabric LATENCY 0 OPTYPE add PRAGMA {} RTLNAME add_ln56_23_fu_5355_p2 SOURCE D:/project/DPUv2/dpu_conv.cpp:56 VARIABLE add_ln56_23 LOOP OH_LOOP_OW_LOOP_IC_LOOP BUNDLEDNAME {} DSP 0 BRAM 0 URAM 0 STORAGESUBTYPE {} DISPNAME {bind_op add} VISIBLE true} {BINDTYPE op ID {} IMPL fabric LATENCY 0 OPTYPE add PRAGMA {} RTLNAME add_ln55_100_fu_3863_p2 SOURCE D:/project/DPUv2/dpu_conv.cpp:55 VARIABLE add_ln55_100 LOOP OH_LOOP_OW_LOOP_IC_LOOP BUNDLEDNAME {} DSP 0 BRAM 0 URAM 0 STORAGESUBTYPE {} DISPNAME {bind_op add} VISIBLE true} {BINDTYPE op ID {} IMPL dsp_slice LATENCY 3 OPTYPE mul PRAGMA {} RTLNAME mac_muladd_8s_8s_32s_32_4_1_U25 SOURCE D:/project/DPUv2/dpu_conv.cpp:55 VARIABLE mul_ln55_24 LOOP OH_LOOP_OW_LOOP_IC_LOOP BUNDLEDNAME {} DSP 1 BRAM 0 URAM 0 STORAGESUBTYPE {} DISPNAME {bind_op mul} VISIBLE true} {BINDTYPE op ID {} IMPL dsp_slice LATENCY 3 OPTYPE sext PRAGMA {} RTLNAME mac_muladd_8s_8s_32s_32_4_1_U25 SOURCE D:/project/DPUv2/dpu_conv.cpp:55 VARIABLE sext_ln55_74 LOOP OH_LOOP_OW_LOOP_IC_LOOP BUNDLEDNAME {} DSP 1 BRAM 0 URAM 0 STORAGESUBTYPE {} DISPNAME {bind_op sext} VISIBLE false} {BINDTYPE op ID {} IMPL dsp_slice LATENCY 3 OPTYPE add PRAGMA {} RTLNAME mac_muladd_8s_8s_32s_32_4_1_U25 SOURCE D:/project/DPUv2/dpu_conv.cpp:55 VARIABLE acc_47 LOOP OH_LOOP_OW_LOOP_IC_LOOP BUNDLEDNAME {} DSP 1 BRAM 0 URAM 0 STORAGESUBTYPE {} DISPNAME {bind_op add} VISIBLE true} {BINDTYPE op ID {} IMPL fabric LATENCY 0 OPTYPE add PRAGMA {} RTLNAME add_ln56_24_fu_5373_p2 SOURCE D:/project/DPUv2/dpu_conv.cpp:56 VARIABLE add_ln56_24 LOOP OH_LOOP_OW_LOOP_IC_LOOP BUNDLEDNAME {} DSP 0 BRAM 0 URAM 0 STORAGESUBTYPE {} DISPNAME {bind_op add} VISIBLE true} {BINDTYPE op ID {} IMPL fabric LATENCY 0 OPTYPE add PRAGMA {} RTLNAME add_ln55_104_fu_3891_p2 SOURCE D:/project/DPUv2/dpu_conv.cpp:55 VARIABLE add_ln55_104 LOOP OH_LOOP_OW_LOOP_IC_LOOP BUNDLEDNAME {} DSP 0 BRAM 0 URAM 0 STORAGESUBTYPE {} DISPNAME {bind_op add} VISIBLE true} {BINDTYPE op ID {} IMPL dsp_slice LATENCY 3 OPTYPE mul PRAGMA {} RTLNAME mac_muladd_8s_8s_32s_32_4_1_U26 SOURCE D:/project/DPUv2/dpu_conv.cpp:55 VARIABLE mul_ln55_25 LOOP OH_LOOP_OW_LOOP_IC_LOOP BUNDLEDNAME {} DSP 1 BRAM 0 URAM 0 STORAGESUBTYPE {} DISPNAME {bind_op mul} VISIBLE true} {BINDTYPE op ID {} IMPL dsp_slice LATENCY 3 OPTYPE sext PRAGMA {} RTLNAME mac_muladd_8s_8s_32s_32_4_1_U26 SOURCE D:/project/DPUv2/dpu_conv.cpp:55 VARIABLE sext_ln55_77 LOOP OH_LOOP_OW_LOOP_IC_LOOP BUNDLEDNAME {} DSP 1 BRAM 0 URAM 0 STORAGESUBTYPE {} DISPNAME {bind_op sext} VISIBLE false} {BINDTYPE op ID {} IMPL dsp_slice LATENCY 3 OPTYPE add PRAGMA {} RTLNAME mac_muladd_8s_8s_32s_32_4_1_U26 SOURCE D:/project/DPUv2/dpu_conv.cpp:55 VARIABLE acc_49 LOOP OH_LOOP_OW_LOOP_IC_LOOP BUNDLEDNAME {} DSP 1 BRAM 0 URAM 0 STORAGESUBTYPE {} DISPNAME {bind_op add} VISIBLE true} {BINDTYPE op ID {} IMPL fabric LATENCY 0 OPTYPE add PRAGMA {} RTLNAME add_ln56_25_fu_5380_p2 SOURCE D:/project/DPUv2/dpu_conv.cpp:56 VARIABLE add_ln56_25 LOOP OH_LOOP_OW_LOOP_IC_LOOP BUNDLEDNAME {} DSP 0 BRAM 0 URAM 0 STORAGESUBTYPE {} DISPNAME {bind_op add} VISIBLE true} {BINDTYPE op ID {} IMPL fabric LATENCY 0 OPTYPE add PRAGMA {} RTLNAME add_ln55_108_fu_3919_p2 SOURCE D:/project/DPUv2/dpu_conv.cpp:55 VARIABLE add_ln55_108 LOOP OH_LOOP_OW_LOOP_IC_LOOP BUNDLEDNAME {} DSP 0 BRAM 0 URAM 0 STORAGESUBTYPE {} DISPNAME {bind_op add} VISIBLE true} {BINDTYPE op ID {} IMPL dsp_slice LATENCY 3 OPTYPE mul PRAGMA {} RTLNAME mac_muladd_8s_8s_32s_32_4_1_U27 SOURCE D:/project/DPUv2/dpu_conv.cpp:55 VARIABLE mul_ln55_26 LOOP OH_LOOP_OW_LOOP_IC_LOOP BUNDLEDNAME {} DSP 1 BRAM 0 URAM 0 STORAGESUBTYPE {} DISPNAME {bind_op mul} VISIBLE true} {BINDTYPE op ID {} IMPL dsp_slice LATENCY 3 OPTYPE sext PRAGMA {} RTLNAME mac_muladd_8s_8s_32s_32_4_1_U27 SOURCE D:/project/DPUv2/dpu_conv.cpp:55 VARIABLE sext_ln55_80 LOOP OH_LOOP_OW_LOOP_IC_LOOP BUNDLEDNAME {} DSP 1 BRAM 0 URAM 0 STORAGESUBTYPE {} DISPNAME {bind_op sext} VISIBLE false} {BINDTYPE op ID {} IMPL dsp_slice LATENCY 3 OPTYPE add PRAGMA {} RTLNAME mac_muladd_8s_8s_32s_32_4_1_U27 SOURCE D:/project/DPUv2/dpu_conv.cpp:55 VARIABLE acc_51 LOOP OH_LOOP_OW_LOOP_IC_LOOP BUNDLEDNAME {} DSP 1 BRAM 0 URAM 0 STORAGESUBTYPE {} DISPNAME {bind_op add} VISIBLE true} {BINDTYPE op ID {} IMPL fabric LATENCY 0 OPTYPE add PRAGMA {} RTLNAME add_ln56_26_fu_5398_p2 SOURCE D:/project/DPUv2/dpu_conv.cpp:56 VARIABLE add_ln56_26 LOOP OH_LOOP_OW_LOOP_IC_LOOP BUNDLEDNAME {} DSP 0 BRAM 0 URAM 0 STORAGESUBTYPE {} DISPNAME {bind_op add} VISIBLE true} {BINDTYPE op ID {} IMPL auto LATENCY 0 OPTYPE setlt PRAGMA {} RTLNAME icmp_ln46_3_fu_2759_p2 SOURCE D:/project/DPUv2/dpu_conv.cpp:46 VARIABLE icmp_ln46_3 LOOP OH_LOOP_OW_LOOP_IC_LOOP BUNDLEDNAME {} DSP 0 BRAM 0 URAM 0 STORAGESUBTYPE {} DISPNAME {bind_op setlt} VISIBLE false} {BINDTYPE op ID {} IMPL fabric LATENCY 0 OPTYPE add PRAGMA {} RTLNAME add_ln55_130_fu_2787_p2 SOURCE D:/project/DPUv2/dpu_conv.cpp:55 VARIABLE add_ln55_130 LOOP OH_LOOP_OW_LOOP_IC_LOOP BUNDLEDNAME {} DSP 0 BRAM 0 URAM 0 STORAGESUBTYPE {} DISPNAME {bind_op add} VISIBLE true} {BINDTYPE op ID {} IMPL fabric LATENCY 0 OPTYPE add PRAGMA {} RTLNAME add_ln55_110_fu_2797_p2 SOURCE D:/project/DPUv2/dpu_conv.cpp:55 VARIABLE add_ln55_110 LOOP OH_LOOP_OW_LOOP_IC_LOOP BUNDLEDNAME {} DSP 0 BRAM 0 URAM 0 STORAGESUBTYPE {} DISPNAME {bind_op add} VISIBLE true} {BINDTYPE op ID {} IMPL dsp_slice LATENCY 3 OPTYPE mul PRAGMA {} RTLNAME mac_muladd_8s_8s_32s_32_4_1_U28 SOURCE D:/project/DPUv2/dpu_conv.cpp:55 VARIABLE mul_ln55_27 LOOP OH_LOOP_OW_LOOP_IC_LOOP BUNDLEDNAME {} DSP 1 BRAM 0 URAM 0 STORAGESUBTYPE {} DISPNAME {bind_op mul} VISIBLE true} {BINDTYPE op ID {} IMPL dsp_slice LATENCY 3 OPTYPE sext PRAGMA {} RTLNAME mac_muladd_8s_8s_32s_32_4_1_U28 SOURCE D:/project/DPUv2/dpu_conv.cpp:55 VARIABLE sext_ln55_83 LOOP OH_LOOP_OW_LOOP_IC_LOOP BUNDLEDNAME {} DSP 1 BRAM 0 URAM 0 STORAGESUBTYPE {} DISPNAME {bind_op sext} VISIBLE false} {BINDTYPE op ID {} IMPL dsp_slice LATENCY 3 OPTYPE add PRAGMA {} RTLNAME mac_muladd_8s_8s_32s_32_4_1_U28 SOURCE D:/project/DPUv2/dpu_conv.cpp:55 VARIABLE acc_53 LOOP OH_LOOP_OW_LOOP_IC_LOOP BUNDLEDNAME {} DSP 1 BRAM 0 URAM 0 STORAGESUBTYPE {} DISPNAME {bind_op add} VISIBLE true} {BINDTYPE op ID {} IMPL fabric LATENCY 0 OPTYPE add PRAGMA {} RTLNAME add_ln56_27_fu_5405_p2 SOURCE D:/project/DPUv2/dpu_conv.cpp:56 VARIABLE add_ln56_27 LOOP OH_LOOP_OW_LOOP_IC_LOOP BUNDLEDNAME {} DSP 0 BRAM 0 URAM 0 STORAGESUBTYPE {} DISPNAME {bind_op add} VISIBLE true} {BINDTYPE op ID {} IMPL fabric LATENCY 0 OPTYPE add PRAGMA {} RTLNAME add_ln55_118_fu_3970_p2 SOURCE D:/project/DPUv2/dpu_conv.cpp:55 VARIABLE add_ln55_118 LOOP OH_LOOP_OW_LOOP_IC_LOOP BUNDLEDNAME {} DSP 0 BRAM 0 URAM 0 STORAGESUBTYPE {} DISPNAME {bind_op add} VISIBLE true} {BINDTYPE op ID {} IMPL dsp_slice LATENCY 3 OPTYPE mul PRAGMA {} RTLNAME mac_muladd_8s_8s_32s_32_4_1_U29 SOURCE D:/project/DPUv2/dpu_conv.cpp:55 VARIABLE mul_ln55_28 LOOP OH_LOOP_OW_LOOP_IC_LOOP BUNDLEDNAME {} DSP 1 BRAM 0 URAM 0 STORAGESUBTYPE {} DISPNAME {bind_op mul} VISIBLE true} {BINDTYPE op ID {} IMPL dsp_slice LATENCY 3 OPTYPE sext PRAGMA {} RTLNAME mac_muladd_8s_8s_32s_32_4_1_U29 SOURCE D:/project/DPUv2/dpu_conv.cpp:55 VARIABLE sext_ln55_86 LOOP OH_LOOP_OW_LOOP_IC_LOOP BUNDLEDNAME {} DSP 1 BRAM 0 URAM 0 STORAGESUBTYPE {} DISPNAME {bind_op sext} VISIBLE false} {BINDTYPE op ID {} IMPL dsp_slice LATENCY 3 OPTYPE add PRAGMA {} RTLNAME mac_muladd_8s_8s_32s_32_4_1_U29 SOURCE D:/project/DPUv2/dpu_conv.cpp:55 VARIABLE acc_55 LOOP OH_LOOP_OW_LOOP_IC_LOOP BUNDLEDNAME {} DSP 1 BRAM 0 URAM 0 STORAGESUBTYPE {} DISPNAME {bind_op add} VISIBLE true} {BINDTYPE op ID {} IMPL fabric LATENCY 0 OPTYPE add PRAGMA {} RTLNAME add_ln56_28_fu_5423_p2 SOURCE D:/project/DPUv2/dpu_conv.cpp:56 VARIABLE add_ln56_28 LOOP OH_LOOP_OW_LOOP_IC_LOOP BUNDLEDNAME {} DSP 0 BRAM 0 URAM 0 STORAGESUBTYPE {} DISPNAME {bind_op add} VISIBLE true} {BINDTYPE op ID {} IMPL fabric LATENCY 0 OPTYPE add PRAGMA {} RTLNAME add_ln55_122_fu_3998_p2 SOURCE D:/project/DPUv2/dpu_conv.cpp:55 VARIABLE add_ln55_122 LOOP OH_LOOP_OW_LOOP_IC_LOOP BUNDLEDNAME {} DSP 0 BRAM 0 URAM 0 STORAGESUBTYPE {} DISPNAME {bind_op add} VISIBLE true} {BINDTYPE op ID {} IMPL dsp_slice LATENCY 3 OPTYPE mul PRAGMA {} RTLNAME mac_muladd_8s_8s_32s_32_4_1_U30 SOURCE D:/project/DPUv2/dpu_conv.cpp:55 VARIABLE mul_ln55_29 LOOP OH_LOOP_OW_LOOP_IC_LOOP BUNDLEDNAME {} DSP 1 BRAM 0 URAM 0 STORAGESUBTYPE {} DISPNAME {bind_op mul} VISIBLE true} {BINDTYPE op ID {} IMPL dsp_slice LATENCY 3 OPTYPE sext PRAGMA {} RTLNAME mac_muladd_8s_8s_32s_32_4_1_U30 SOURCE D:/project/DPUv2/dpu_conv.cpp:55 VARIABLE sext_ln55_89 LOOP OH_LOOP_OW_LOOP_IC_LOOP BUNDLEDNAME {} DSP 1 BRAM 0 URAM 0 STORAGESUBTYPE {} DISPNAME {bind_op sext} VISIBLE false} {BINDTYPE op ID {} IMPL dsp_slice LATENCY 3 OPTYPE add PRAGMA {} RTLNAME mac_muladd_8s_8s_32s_32_4_1_U30 SOURCE D:/project/DPUv2/dpu_conv.cpp:55 VARIABLE acc_57 LOOP OH_LOOP_OW_LOOP_IC_LOOP BUNDLEDNAME {} DSP 1 BRAM 0 URAM 0 STORAGESUBTYPE {} DISPNAME {bind_op add} VISIBLE true} {BINDTYPE op ID {} IMPL fabric LATENCY 0 OPTYPE add PRAGMA {} RTLNAME add_ln56_29_fu_5430_p2 SOURCE D:/project/DPUv2/dpu_conv.cpp:56 VARIABLE add_ln56_29 LOOP OH_LOOP_OW_LOOP_IC_LOOP BUNDLEDNAME {} DSP 0 BRAM 0 URAM 0 STORAGESUBTYPE {} DISPNAME {bind_op add} VISIBLE true} {BINDTYPE op ID {} IMPL fabric LATENCY 0 OPTYPE add PRAGMA {} RTLNAME add_ln55_124_fu_4009_p2 SOURCE D:/project/DPUv2/dpu_conv.cpp:55 VARIABLE add_ln55_124 LOOP OH_LOOP_OW_LOOP_IC_LOOP BUNDLEDNAME {} DSP 0 BRAM 0 URAM 0 STORAGESUBTYPE {} DISPNAME {bind_op add} VISIBLE true} {BINDTYPE op ID {} IMPL fabric LATENCY 0 OPTYPE add PRAGMA {} RTLNAME add_ln55_125_fu_4013_p2 SOURCE D:/project/DPUv2/dpu_conv.cpp:55 VARIABLE add_ln55_125 LOOP OH_LOOP_OW_LOOP_IC_LOOP BUNDLEDNAME {} DSP 0 BRAM 0 URAM 0 STORAGESUBTYPE {} DISPNAME {bind_op add} VISIBLE true} {BINDTYPE op ID {} IMPL fabric LATENCY 0 OPTYPE add PRAGMA {} RTLNAME add_ln55_126_fu_4025_p2 SOURCE D:/project/DPUv2/dpu_conv.cpp:55 VARIABLE add_ln55_126 LOOP OH_LOOP_OW_LOOP_IC_LOOP BUNDLEDNAME {} DSP 0 BRAM 0 URAM 0 STORAGESUBTYPE {} DISPNAME {bind_op add} VISIBLE true} {BINDTYPE op ID {} IMPL dsp_slice LATENCY 3 OPTYPE mul PRAGMA {} RTLNAME mac_muladd_8s_8s_32s_32_4_1_U31 SOURCE D:/project/DPUv2/dpu_conv.cpp:55 VARIABLE mul_ln55_30 LOOP OH_LOOP_OW_LOOP_IC_LOOP BUNDLEDNAME {} DSP 1 BRAM 0 URAM 0 STORAGESUBTYPE {} DISPNAME {bind_op mul} VISIBLE true} {BINDTYPE op ID {} IMPL dsp_slice LATENCY 3 OPTYPE sext PRAGMA {} RTLNAME mac_muladd_8s_8s_32s_32_4_1_U31 SOURCE D:/project/DPUv2/dpu_conv.cpp:55 VARIABLE sext_ln55_92 LOOP OH_LOOP_OW_LOOP_IC_LOOP BUNDLEDNAME {} DSP 1 BRAM 0 URAM 0 STORAGESUBTYPE {} DISPNAME {bind_op sext} VISIBLE false} {BINDTYPE op ID {} IMPL dsp_slice LATENCY 3 OPTYPE add PRAGMA {} RTLNAME mac_muladd_8s_8s_32s_32_4_1_U31 SOURCE D:/project/DPUv2/dpu_conv.cpp:55 VARIABLE acc_59 LOOP OH_LOOP_OW_LOOP_IC_LOOP BUNDLEDNAME {} DSP 1 BRAM 0 URAM 0 STORAGESUBTYPE {} DISPNAME {bind_op add} VISIBLE true} {BINDTYPE op ID {} IMPL fabric LATENCY 0 OPTYPE add PRAGMA {} RTLNAME add_ln56_30_fu_5448_p2 SOURCE D:/project/DPUv2/dpu_conv.cpp:56 VARIABLE add_ln56_30 LOOP OH_LOOP_OW_LOOP_IC_LOOP BUNDLEDNAME {} DSP 0 BRAM 0 URAM 0 STORAGESUBTYPE {} DISPNAME {bind_op add} VISIBLE true} {BINDTYPE op ID {} IMPL fabric LATENCY 0 OPTYPE add PRAGMA {} RTLNAME add_ln55_128_fu_4036_p2 SOURCE D:/project/DPUv2/dpu_conv.cpp:55 VARIABLE add_ln55_128 LOOP OH_LOOP_OW_LOOP_IC_LOOP BUNDLEDNAME {} DSP 0 BRAM 0 URAM 0 STORAGESUBTYPE {} DISPNAME {bind_op add} VISIBLE true} {BINDTYPE op ID {} IMPL fabric LATENCY 0 OPTYPE add PRAGMA {} RTLNAME add_ln55_129_fu_4048_p2 SOURCE D:/project/DPUv2/dpu_conv.cpp:55 VARIABLE add_ln55_129 LOOP OH_LOOP_OW_LOOP_IC_LOOP BUNDLEDNAME {} DSP 0 BRAM 0 URAM 0 STORAGESUBTYPE {} DISPNAME {bind_op add} VISIBLE true} {BINDTYPE op ID {} IMPL dsp_slice LATENCY 3 OPTYPE mul PRAGMA {} RTLNAME mac_muladd_8s_8s_32s_32_4_1_U32 SOURCE D:/project/DPUv2/dpu_conv.cpp:55 VARIABLE mul_ln55_31 LOOP OH_LOOP_OW_LOOP_IC_LOOP BUNDLEDNAME {} DSP 1 BRAM 0 URAM 0 STORAGESUBTYPE {} DISPNAME {bind_op mul} VISIBLE true} {BINDTYPE op ID {} IMPL dsp_slice LATENCY 3 OPTYPE sext PRAGMA {} RTLNAME mac_muladd_8s_8s_32s_32_4_1_U32 SOURCE D:/project/DPUv2/dpu_conv.cpp:55 VARIABLE sext_ln55_95 LOOP OH_LOOP_OW_LOOP_IC_LOOP BUNDLEDNAME {} DSP 1 BRAM 0 URAM 0 STORAGESUBTYPE {} DISPNAME {bind_op sext} VISIBLE false} {BINDTYPE op ID {} IMPL dsp_slice LATENCY 3 OPTYPE add PRAGMA {} RTLNAME mac_muladd_8s_8s_32s_32_4_1_U32 SOURCE D:/project/DPUv2/dpu_conv.cpp:55 VARIABLE acc_61 LOOP OH_LOOP_OW_LOOP_IC_LOOP BUNDLEDNAME {} DSP 1 BRAM 0 URAM 0 STORAGESUBTYPE {} DISPNAME {bind_op add} VISIBLE true} {BINDTYPE op ID {} IMPL fabric LATENCY 0 OPTYPE add PRAGMA {} RTLNAME add_ln56_31_fu_5455_p2 SOURCE D:/project/DPUv2/dpu_conv.cpp:56 VARIABLE add_ln56_31 LOOP OH_LOOP_OW_LOOP_IC_LOOP BUNDLEDNAME {} DSP 0 BRAM 0 URAM 0 STORAGESUBTYPE {} DISPNAME {bind_op add} VISIBLE true} {BINDTYPE op ID {} IMPL fabric LATENCY 0 OPTYPE add PRAGMA {} RTLNAME add_ln55_131_fu_4059_p2 SOURCE D:/project/DPUv2/dpu_conv.cpp:55 VARIABLE add_ln55_131 LOOP OH_LOOP_OW_LOOP_IC_LOOP BUNDLEDNAME {} DSP 0 BRAM 0 URAM 0 STORAGESUBTYPE {} DISPNAME {bind_op add} VISIBLE true} {BINDTYPE op ID {} IMPL fabric LATENCY 0 OPTYPE add PRAGMA {} RTLNAME add_ln55_132_fu_4071_p2 SOURCE D:/project/DPUv2/dpu_conv.cpp:55 VARIABLE add_ln55_132 LOOP OH_LOOP_OW_LOOP_IC_LOOP BUNDLEDNAME {} DSP 0 BRAM 0 URAM 0 STORAGESUBTYPE {} DISPNAME {bind_op add} VISIBLE true} {BINDTYPE op ID {} IMPL dsp_slice LATENCY 3 OPTYPE mul PRAGMA {} RTLNAME mac_muladd_8s_8s_32s_32_4_1_U33 SOURCE D:/project/DPUv2/dpu_conv.cpp:55 VARIABLE mul_ln55_32 LOOP OH_LOOP_OW_LOOP_IC_LOOP BUNDLEDNAME {} DSP 1 BRAM 0 URAM 0 STORAGESUBTYPE {} DISPNAME {bind_op mul} VISIBLE true} {BINDTYPE op ID {} IMPL dsp_slice LATENCY 3 OPTYPE sext PRAGMA {} RTLNAME mac_muladd_8s_8s_32s_32_4_1_U33 SOURCE D:/project/DPUv2/dpu_conv.cpp:55 VARIABLE sext_ln55_98 LOOP OH_LOOP_OW_LOOP_IC_LOOP BUNDLEDNAME {} DSP 1 BRAM 0 URAM 0 STORAGESUBTYPE {} DISPNAME {bind_op sext} VISIBLE false} {BINDTYPE op ID {} IMPL dsp_slice LATENCY 3 OPTYPE add PRAGMA {} RTLNAME mac_muladd_8s_8s_32s_32_4_1_U33 SOURCE D:/project/DPUv2/dpu_conv.cpp:55 VARIABLE acc_62 LOOP OH_LOOP_OW_LOOP_IC_LOOP BUNDLEDNAME {} DSP 1 BRAM 0 URAM 0 STORAGESUBTYPE {} DISPNAME {bind_op add} VISIBLE true} {BINDTYPE op ID {} IMPL fabric LATENCY 0 OPTYPE add PRAGMA {} RTLNAME add_ln56_32_fu_5461_p2 SOURCE D:/project/DPUv2/dpu_conv.cpp:56 VARIABLE add_ln56_32 LOOP OH_LOOP_OW_LOOP_IC_LOOP BUNDLEDNAME {} DSP 0 BRAM 0 URAM 0 STORAGESUBTYPE {} DISPNAME {bind_op add} VISIBLE true} {BINDTYPE op ID {} IMPL fabric LATENCY 0 OPTYPE add PRAGMA {} RTLNAME add_ln55_136_fu_4099_p2 SOURCE D:/project/DPUv2/dpu_conv.cpp:55 VARIABLE add_ln55_136 LOOP OH_LOOP_OW_LOOP_IC_LOOP BUNDLEDNAME {} DSP 0 BRAM 0 URAM 0 STORAGESUBTYPE {} DISPNAME {bind_op add} VISIBLE true} {BINDTYPE op ID {} IMPL dsp_slice LATENCY 3 OPTYPE mul PRAGMA {} RTLNAME mac_muladd_8s_8s_32s_32_4_1_U34 SOURCE D:/project/DPUv2/dpu_conv.cpp:55 VARIABLE mul_ln55_33 LOOP OH_LOOP_OW_LOOP_IC_LOOP BUNDLEDNAME {} DSP 1 BRAM 0 URAM 0 STORAGESUBTYPE {} DISPNAME {bind_op mul} VISIBLE true} {BINDTYPE op ID {} IMPL dsp_slice LATENCY 3 OPTYPE sext PRAGMA {} RTLNAME mac_muladd_8s_8s_32s_32_4_1_U34 SOURCE D:/project/DPUv2/dpu_conv.cpp:55 VARIABLE sext_ln55_101 LOOP OH_LOOP_OW_LOOP_IC_LOOP BUNDLEDNAME {} DSP 1 BRAM 0 URAM 0 STORAGESUBTYPE {} DISPNAME {bind_op sext} VISIBLE false} {BINDTYPE op ID {} IMPL dsp_slice LATENCY 3 OPTYPE add PRAGMA {} RTLNAME mac_muladd_8s_8s_32s_32_4_1_U34 SOURCE D:/project/DPUv2/dpu_conv.cpp:55 VARIABLE acc_64 LOOP OH_LOOP_OW_LOOP_IC_LOOP BUNDLEDNAME {} DSP 1 BRAM 0 URAM 0 STORAGESUBTYPE {} DISPNAME {bind_op add} VISIBLE true} {BINDTYPE op ID {} IMPL fabric LATENCY 0 OPTYPE add PRAGMA {} RTLNAME add_ln56_33_fu_5479_p2 SOURCE D:/project/DPUv2/dpu_conv.cpp:56 VARIABLE add_ln56_33 LOOP OH_LOOP_OW_LOOP_IC_LOOP BUNDLEDNAME {} DSP 0 BRAM 0 URAM 0 STORAGESUBTYPE {} DISPNAME {bind_op add} VISIBLE true} {BINDTYPE op ID {} IMPL fabric LATENCY 0 OPTYPE add PRAGMA {} RTLNAME add_ln55_140_fu_4127_p2 SOURCE D:/project/DPUv2/dpu_conv.cpp:55 VARIABLE add_ln55_140 LOOP OH_LOOP_OW_LOOP_IC_LOOP BUNDLEDNAME {} DSP 0 BRAM 0 URAM 0 STORAGESUBTYPE {} DISPNAME {bind_op add} VISIBLE true} {BINDTYPE op ID {} IMPL dsp_slice LATENCY 3 OPTYPE mul PRAGMA {} RTLNAME mac_muladd_8s_8s_32s_32_4_1_U35 SOURCE D:/project/DPUv2/dpu_conv.cpp:55 VARIABLE mul_ln55_34 LOOP OH_LOOP_OW_LOOP_IC_LOOP BUNDLEDNAME {} DSP 1 BRAM 0 URAM 0 STORAGESUBTYPE {} DISPNAME {bind_op mul} VISIBLE true} {BINDTYPE op ID {} IMPL dsp_slice LATENCY 3 OPTYPE sext PRAGMA {} RTLNAME mac_muladd_8s_8s_32s_32_4_1_U35 SOURCE D:/project/DPUv2/dpu_conv.cpp:55 VARIABLE sext_ln55_104 LOOP OH_LOOP_OW_LOOP_IC_LOOP BUNDLEDNAME {} DSP 1 BRAM 0 URAM 0 STORAGESUBTYPE {} DISPNAME {bind_op sext} VISIBLE false} {BINDTYPE op ID {} IMPL dsp_slice LATENCY 3 OPTYPE add PRAGMA {} RTLNAME mac_muladd_8s_8s_32s_32_4_1_U35 SOURCE D:/project/DPUv2/dpu_conv.cpp:55 VARIABLE acc_66 LOOP OH_LOOP_OW_LOOP_IC_LOOP BUNDLEDNAME {} DSP 1 BRAM 0 URAM 0 STORAGESUBTYPE {} DISPNAME {bind_op add} VISIBLE true} {BINDTYPE op ID {} IMPL fabric LATENCY 0 OPTYPE add PRAGMA {} RTLNAME add_ln56_34_fu_5486_p2 SOURCE D:/project/DPUv2/dpu_conv.cpp:56 VARIABLE add_ln56_34 LOOP OH_LOOP_OW_LOOP_IC_LOOP BUNDLEDNAME {} DSP 0 BRAM 0 URAM 0 STORAGESUBTYPE {} DISPNAME {bind_op add} VISIBLE true} {BINDTYPE op ID {} IMPL fabric LATENCY 0 OPTYPE add PRAGMA {} RTLNAME add_ln55_144_fu_4155_p2 SOURCE D:/project/DPUv2/dpu_conv.cpp:55 VARIABLE add_ln55_144 LOOP OH_LOOP_OW_LOOP_IC_LOOP BUNDLEDNAME {} DSP 0 BRAM 0 URAM 0 STORAGESUBTYPE {} DISPNAME {bind_op add} VISIBLE true} {BINDTYPE op ID {} IMPL dsp_slice LATENCY 3 OPTYPE mul PRAGMA {} RTLNAME mac_muladd_8s_8s_32s_32_4_1_U36 SOURCE D:/project/DPUv2/dpu_conv.cpp:55 VARIABLE mul_ln55_35 LOOP OH_LOOP_OW_LOOP_IC_LOOP BUNDLEDNAME {} DSP 1 BRAM 0 URAM 0 STORAGESUBTYPE {} DISPNAME {bind_op mul} VISIBLE true} {BINDTYPE op ID {} IMPL dsp_slice LATENCY 3 OPTYPE sext PRAGMA {} RTLNAME mac_muladd_8s_8s_32s_32_4_1_U36 SOURCE D:/project/DPUv2/dpu_conv.cpp:55 VARIABLE sext_ln55_107 LOOP OH_LOOP_OW_LOOP_IC_LOOP BUNDLEDNAME {} DSP 1 BRAM 0 URAM 0 STORAGESUBTYPE {} DISPNAME {bind_op sext} VISIBLE false} {BINDTYPE op ID {} IMPL dsp_slice LATENCY 3 OPTYPE add PRAGMA {} RTLNAME mac_muladd_8s_8s_32s_32_4_1_U36 SOURCE D:/project/DPUv2/dpu_conv.cpp:55 VARIABLE acc_68 LOOP OH_LOOP_OW_LOOP_IC_LOOP BUNDLEDNAME {} DSP 1 BRAM 0 URAM 0 STORAGESUBTYPE {} DISPNAME {bind_op add} VISIBLE true} {BINDTYPE op ID {} IMPL fabric LATENCY 0 OPTYPE add PRAGMA {} RTLNAME add_ln56_35_fu_5504_p2 SOURCE D:/project/DPUv2/dpu_conv.cpp:56 VARIABLE add_ln56_35 LOOP OH_LOOP_OW_LOOP_IC_LOOP BUNDLEDNAME {} DSP 0 BRAM 0 URAM 0 STORAGESUBTYPE {} DISPNAME {bind_op add} VISIBLE true} {BINDTYPE op ID {} IMPL auto LATENCY 0 OPTYPE setlt PRAGMA {} RTLNAME icmp_ln46_4_fu_2839_p2 SOURCE D:/project/DPUv2/dpu_conv.cpp:46 VARIABLE icmp_ln46_4 LOOP OH_LOOP_OW_LOOP_IC_LOOP BUNDLEDNAME {} DSP 0 BRAM 0 URAM 0 STORAGESUBTYPE {} DISPNAME {bind_op setlt} VISIBLE false} {BINDTYPE op ID {} IMPL fabric LATENCY 0 OPTYPE add PRAGMA {} RTLNAME add_ln55_169_fu_2867_p2 SOURCE D:/project/DPUv2/dpu_conv.cpp:55 VARIABLE add_ln55_169 LOOP OH_LOOP_OW_LOOP_IC_LOOP BUNDLEDNAME {} DSP 0 BRAM 0 URAM 0 STORAGESUBTYPE {} DISPNAME {bind_op add} VISIBLE true} {BINDTYPE op ID {} IMPL fabric LATENCY 0 OPTYPE add PRAGMA {} RTLNAME add_ln55_146_fu_2877_p2 SOURCE D:/project/DPUv2/dpu_conv.cpp:55 VARIABLE add_ln55_146 LOOP OH_LOOP_OW_LOOP_IC_LOOP BUNDLEDNAME {} DSP 0 BRAM 0 URAM 0 STORAGESUBTYPE {} DISPNAME {bind_op add} VISIBLE true} {BINDTYPE op ID {} IMPL dsp_slice LATENCY 3 OPTYPE mul PRAGMA {} RTLNAME mac_muladd_8s_8s_32s_32_4_1_U37 SOURCE D:/project/DPUv2/dpu_conv.cpp:55 VARIABLE mul_ln55_36 LOOP OH_LOOP_OW_LOOP_IC_LOOP BUNDLEDNAME {} DSP 1 BRAM 0 URAM 0 STORAGESUBTYPE {} DISPNAME {bind_op mul} VISIBLE true} {BINDTYPE op ID {} IMPL dsp_slice LATENCY 3 OPTYPE sext PRAGMA {} RTLNAME mac_muladd_8s_8s_32s_32_4_1_U37 SOURCE D:/project/DPUv2/dpu_conv.cpp:55 VARIABLE sext_ln55_110 LOOP OH_LOOP_OW_LOOP_IC_LOOP BUNDLEDNAME {} DSP 1 BRAM 0 URAM 0 STORAGESUBTYPE {} DISPNAME {bind_op sext} VISIBLE false} {BINDTYPE op ID {} IMPL dsp_slice LATENCY 3 OPTYPE add PRAGMA {} RTLNAME mac_muladd_8s_8s_32s_32_4_1_U37 SOURCE D:/project/DPUv2/dpu_conv.cpp:55 VARIABLE acc_70 LOOP OH_LOOP_OW_LOOP_IC_LOOP BUNDLEDNAME {} DSP 1 BRAM 0 URAM 0 STORAGESUBTYPE {} DISPNAME {bind_op add} VISIBLE true} {BINDTYPE op ID {} IMPL fabric LATENCY 0 OPTYPE add PRAGMA {} RTLNAME add_ln56_36_fu_5511_p2 SOURCE D:/project/DPUv2/dpu_conv.cpp:56 VARIABLE add_ln56_36 LOOP OH_LOOP_OW_LOOP_IC_LOOP BUNDLEDNAME {} DSP 0 BRAM 0 URAM 0 STORAGESUBTYPE {} DISPNAME {bind_op add} VISIBLE true} {BINDTYPE op ID {} IMPL fabric LATENCY 0 OPTYPE add PRAGMA {} RTLNAME add_ln55_154_fu_4206_p2 SOURCE D:/project/DPUv2/dpu_conv.cpp:55 VARIABLE add_ln55_154 LOOP OH_LOOP_OW_LOOP_IC_LOOP BUNDLEDNAME {} DSP 0 BRAM 0 URAM 0 STORAGESUBTYPE {} DISPNAME {bind_op add} VISIBLE true} {BINDTYPE op ID {} IMPL dsp_slice LATENCY 3 OPTYPE mul PRAGMA {} RTLNAME mac_muladd_8s_8s_32s_32_4_1_U38 SOURCE D:/project/DPUv2/dpu_conv.cpp:55 VARIABLE mul_ln55_37 LOOP OH_LOOP_OW_LOOP_IC_LOOP BUNDLEDNAME {} DSP 1 BRAM 0 URAM 0 STORAGESUBTYPE {} DISPNAME {bind_op mul} VISIBLE true} {BINDTYPE op ID {} IMPL dsp_slice LATENCY 3 OPTYPE sext PRAGMA {} RTLNAME mac_muladd_8s_8s_32s_32_4_1_U38 SOURCE D:/project/DPUv2/dpu_conv.cpp:55 VARIABLE sext_ln55_113 LOOP OH_LOOP_OW_LOOP_IC_LOOP BUNDLEDNAME {} DSP 1 BRAM 0 URAM 0 STORAGESUBTYPE {} DISPNAME {bind_op sext} VISIBLE false} {BINDTYPE op ID {} IMPL dsp_slice LATENCY 3 OPTYPE add PRAGMA {} RTLNAME mac_muladd_8s_8s_32s_32_4_1_U38 SOURCE D:/project/DPUv2/dpu_conv.cpp:55 VARIABLE acc_72 LOOP OH_LOOP_OW_LOOP_IC_LOOP BUNDLEDNAME {} DSP 1 BRAM 0 URAM 0 STORAGESUBTYPE {} DISPNAME {bind_op add} VISIBLE true} {BINDTYPE op ID {} IMPL fabric LATENCY 0 OPTYPE add PRAGMA {} RTLNAME add_ln56_37_fu_5529_p2 SOURCE D:/project/DPUv2/dpu_conv.cpp:56 VARIABLE add_ln56_37 LOOP OH_LOOP_OW_LOOP_IC_LOOP BUNDLEDNAME {} DSP 0 BRAM 0 URAM 0 STORAGESUBTYPE {} DISPNAME {bind_op add} VISIBLE true} {BINDTYPE op ID {} IMPL fabric LATENCY 0 OPTYPE add PRAGMA {} RTLNAME add_ln55_158_fu_4234_p2 SOURCE D:/project/DPUv2/dpu_conv.cpp:55 VARIABLE add_ln55_158 LOOP OH_LOOP_OW_LOOP_IC_LOOP BUNDLEDNAME {} DSP 0 BRAM 0 URAM 0 STORAGESUBTYPE {} DISPNAME {bind_op add} VISIBLE true} {BINDTYPE op ID {} IMPL dsp_slice LATENCY 3 OPTYPE mul PRAGMA {} RTLNAME mac_muladd_8s_8s_32s_32_4_1_U39 SOURCE D:/project/DPUv2/dpu_conv.cpp:55 VARIABLE mul_ln55_38 LOOP OH_LOOP_OW_LOOP_IC_LOOP BUNDLEDNAME {} DSP 1 BRAM 0 URAM 0 STORAGESUBTYPE {} DISPNAME {bind_op mul} VISIBLE true} {BINDTYPE op ID {} IMPL dsp_slice LATENCY 3 OPTYPE sext PRAGMA {} RTLNAME mac_muladd_8s_8s_32s_32_4_1_U39 SOURCE D:/project/DPUv2/dpu_conv.cpp:55 VARIABLE sext_ln55_116 LOOP OH_LOOP_OW_LOOP_IC_LOOP BUNDLEDNAME {} DSP 1 BRAM 0 URAM 0 STORAGESUBTYPE {} DISPNAME {bind_op sext} VISIBLE false} {BINDTYPE op ID {} IMPL dsp_slice LATENCY 3 OPTYPE add PRAGMA {} RTLNAME mac_muladd_8s_8s_32s_32_4_1_U39 SOURCE D:/project/DPUv2/dpu_conv.cpp:55 VARIABLE acc_74 LOOP OH_LOOP_OW_LOOP_IC_LOOP BUNDLEDNAME {} DSP 1 BRAM 0 URAM 0 STORAGESUBTYPE {} DISPNAME {bind_op add} VISIBLE true} {BINDTYPE op ID {} IMPL fabric LATENCY 0 OPTYPE add PRAGMA {} RTLNAME add_ln56_38_fu_5536_p2 SOURCE D:/project/DPUv2/dpu_conv.cpp:56 VARIABLE add_ln56_38 LOOP OH_LOOP_OW_LOOP_IC_LOOP BUNDLEDNAME {} DSP 0 BRAM 0 URAM 0 STORAGESUBTYPE {} DISPNAME {bind_op add} VISIBLE true} {BINDTYPE op ID {} IMPL fabric LATENCY 0 OPTYPE add PRAGMA {} RTLNAME add_ln55_160_fu_4245_p2 SOURCE D:/project/DPUv2/dpu_conv.cpp:55 VARIABLE add_ln55_160 LOOP OH_LOOP_OW_LOOP_IC_LOOP BUNDLEDNAME {} DSP 0 BRAM 0 URAM 0 STORAGESUBTYPE {} DISPNAME {bind_op add} VISIBLE true} {BINDTYPE op ID {} IMPL fabric LATENCY 0 OPTYPE add PRAGMA {} RTLNAME add_ln55_161_fu_4249_p2 SOURCE D:/project/DPUv2/dpu_conv.cpp:55 VARIABLE add_ln55_161 LOOP OH_LOOP_OW_LOOP_IC_LOOP BUNDLEDNAME {} DSP 0 BRAM 0 URAM 0 STORAGESUBTYPE {} DISPNAME {bind_op add} VISIBLE true} {BINDTYPE op ID {} IMPL fabric LATENCY 0 OPTYPE add PRAGMA {} RTLNAME add_ln55_162_fu_4261_p2 SOURCE D:/project/DPUv2/dpu_conv.cpp:55 VARIABLE add_ln55_162 LOOP OH_LOOP_OW_LOOP_IC_LOOP BUNDLEDNAME {} DSP 0 BRAM 0 URAM 0 STORAGESUBTYPE {} DISPNAME {bind_op add} VISIBLE true} {BINDTYPE op ID {} IMPL dsp_slice LATENCY 3 OPTYPE mul PRAGMA {} RTLNAME mac_muladd_8s_8s_32s_32_4_1_U40 SOURCE D:/project/DPUv2/dpu_conv.cpp:55 VARIABLE mul_ln55_39 LOOP OH_LOOP_OW_LOOP_IC_LOOP BUNDLEDNAME {} DSP 1 BRAM 0 URAM 0 STORAGESUBTYPE {} DISPNAME {bind_op mul} VISIBLE true} {BINDTYPE op ID {} IMPL dsp_slice LATENCY 3 OPTYPE sext PRAGMA {} RTLNAME mac_muladd_8s_8s_32s_32_4_1_U40 SOURCE D:/project/DPUv2/dpu_conv.cpp:55 VARIABLE sext_ln55_119 LOOP OH_LOOP_OW_LOOP_IC_LOOP BUNDLEDNAME {} DSP 1 BRAM 0 URAM 0 STORAGESUBTYPE {} DISPNAME {bind_op sext} VISIBLE false} {BINDTYPE op ID {} IMPL dsp_slice LATENCY 3 OPTYPE add PRAGMA {} RTLNAME mac_muladd_8s_8s_32s_32_4_1_U40 SOURCE D:/project/DPUv2/dpu_conv.cpp:55 VARIABLE acc_76 LOOP OH_LOOP_OW_LOOP_IC_LOOP BUNDLEDNAME {} DSP 1 BRAM 0 URAM 0 STORAGESUBTYPE {} DISPNAME {bind_op add} VISIBLE true} {BINDTYPE op ID {} IMPL fabric LATENCY 0 OPTYPE add PRAGMA {} RTLNAME add_ln56_39_fu_5554_p2 SOURCE D:/project/DPUv2/dpu_conv.cpp:56 VARIABLE add_ln56_39 LOOP OH_LOOP_OW_LOOP_IC_LOOP BUNDLEDNAME {} DSP 0 BRAM 0 URAM 0 STORAGESUBTYPE {} DISPNAME {bind_op add} VISIBLE true} {BINDTYPE op ID {} IMPL fabric LATENCY 0 OPTYPE add PRAGMA {} RTLNAME add_ln55_164_fu_4272_p2 SOURCE D:/project/DPUv2/dpu_conv.cpp:55 VARIABLE add_ln55_164 LOOP OH_LOOP_OW_LOOP_IC_LOOP BUNDLEDNAME {} DSP 0 BRAM 0 URAM 0 STORAGESUBTYPE {} DISPNAME {bind_op add} VISIBLE true} {BINDTYPE op ID {} IMPL fabric LATENCY 0 OPTYPE add PRAGMA {} RTLNAME add_ln55_165_fu_4284_p2 SOURCE D:/project/DPUv2/dpu_conv.cpp:55 VARIABLE add_ln55_165 LOOP OH_LOOP_OW_LOOP_IC_LOOP BUNDLEDNAME {} DSP 0 BRAM 0 URAM 0 STORAGESUBTYPE {} DISPNAME {bind_op add} VISIBLE true} {BINDTYPE op ID {} IMPL dsp_slice LATENCY 3 OPTYPE mul PRAGMA {} RTLNAME mac_muladd_8s_8s_32s_32_4_1_U41 SOURCE D:/project/DPUv2/dpu_conv.cpp:55 VARIABLE mul_ln55_40 LOOP OH_LOOP_OW_LOOP_IC_LOOP BUNDLEDNAME {} DSP 1 BRAM 0 URAM 0 STORAGESUBTYPE {} DISPNAME {bind_op mul} VISIBLE true} {BINDTYPE op ID {} IMPL dsp_slice LATENCY 3 OPTYPE sext PRAGMA {} RTLNAME mac_muladd_8s_8s_32s_32_4_1_U41 SOURCE D:/project/DPUv2/dpu_conv.cpp:55 VARIABLE sext_ln55_122 LOOP OH_LOOP_OW_LOOP_IC_LOOP BUNDLEDNAME {} DSP 1 BRAM 0 URAM 0 STORAGESUBTYPE {} DISPNAME {bind_op sext} VISIBLE false} {BINDTYPE op ID {} IMPL dsp_slice LATENCY 3 OPTYPE add PRAGMA {} RTLNAME mac_muladd_8s_8s_32s_32_4_1_U41 SOURCE D:/project/DPUv2/dpu_conv.cpp:55 VARIABLE acc_78 LOOP OH_LOOP_OW_LOOP_IC_LOOP BUNDLEDNAME {} DSP 1 BRAM 0 URAM 0 STORAGESUBTYPE {} DISPNAME {bind_op add} VISIBLE true} {BINDTYPE op ID {} IMPL fabric LATENCY 0 OPTYPE add PRAGMA {} RTLNAME add_ln56_40_fu_5561_p2 SOURCE D:/project/DPUv2/dpu_conv.cpp:56 VARIABLE add_ln56_40 LOOP OH_LOOP_OW_LOOP_IC_LOOP BUNDLEDNAME {} DSP 0 BRAM 0 URAM 0 STORAGESUBTYPE {} DISPNAME {bind_op add} VISIBLE true} {BINDTYPE op ID {} IMPL fabric LATENCY 0 OPTYPE add PRAGMA {} RTLNAME add_ln55_167_fu_4295_p2 SOURCE D:/project/DPUv2/dpu_conv.cpp:55 VARIABLE add_ln55_167 LOOP OH_LOOP_OW_LOOP_IC_LOOP BUNDLEDNAME {} DSP 0 BRAM 0 URAM 0 STORAGESUBTYPE {} DISPNAME {bind_op add} VISIBLE true} {BINDTYPE op ID {} IMPL fabric LATENCY 0 OPTYPE add PRAGMA {} RTLNAME add_ln55_168_fu_4307_p2 SOURCE D:/project/DPUv2/dpu_conv.cpp:55 VARIABLE add_ln55_168 LOOP OH_LOOP_OW_LOOP_IC_LOOP BUNDLEDNAME {} DSP 0 BRAM 0 URAM 0 STORAGESUBTYPE {} DISPNAME {bind_op add} VISIBLE true} {BINDTYPE op ID {} IMPL dsp_slice LATENCY 3 OPTYPE mul PRAGMA {} RTLNAME mac_muladd_8s_8s_32s_32_4_1_U42 SOURCE D:/project/DPUv2/dpu_conv.cpp:55 VARIABLE mul_ln55_41 LOOP OH_LOOP_OW_LOOP_IC_LOOP BUNDLEDNAME {} DSP 1 BRAM 0 URAM 0 STORAGESUBTYPE {} DISPNAME {bind_op mul} VISIBLE true} {BINDTYPE op ID {} IMPL dsp_slice LATENCY 3 OPTYPE sext PRAGMA {} RTLNAME mac_muladd_8s_8s_32s_32_4_1_U42 SOURCE D:/project/DPUv2/dpu_conv.cpp:55 VARIABLE sext_ln55_125 LOOP OH_LOOP_OW_LOOP_IC_LOOP BUNDLEDNAME {} DSP 1 BRAM 0 URAM 0 STORAGESUBTYPE {} DISPNAME {bind_op sext} VISIBLE false} {BINDTYPE op ID {} IMPL dsp_slice LATENCY 3 OPTYPE add PRAGMA {} RTLNAME mac_muladd_8s_8s_32s_32_4_1_U42 SOURCE D:/project/DPUv2/dpu_conv.cpp:55 VARIABLE acc_79 LOOP OH_LOOP_OW_LOOP_IC_LOOP BUNDLEDNAME {} DSP 1 BRAM 0 URAM 0 STORAGESUBTYPE {} DISPNAME {bind_op add} VISIBLE true} {BINDTYPE op ID {} IMPL fabric LATENCY 0 OPTYPE add PRAGMA {} RTLNAME add_ln56_41_fu_5567_p2 SOURCE D:/project/DPUv2/dpu_conv.cpp:56 VARIABLE add_ln56_41 LOOP OH_LOOP_OW_LOOP_IC_LOOP BUNDLEDNAME {} DSP 0 BRAM 0 URAM 0 STORAGESUBTYPE {} DISPNAME {bind_op add} VISIBLE true} {BINDTYPE op ID {} IMPL fabric LATENCY 0 OPTYPE add PRAGMA {} RTLNAME add_ln55_172_fu_4335_p2 SOURCE D:/project/DPUv2/dpu_conv.cpp:55 VARIABLE add_ln55_172 LOOP OH_LOOP_OW_LOOP_IC_LOOP BUNDLEDNAME {} DSP 0 BRAM 0 URAM 0 STORAGESUBTYPE {} DISPNAME {bind_op add} VISIBLE true} {BINDTYPE op ID {} IMPL dsp_slice LATENCY 3 OPTYPE mul PRAGMA {} RTLNAME mac_muladd_8s_8s_32s_32_4_1_U43 SOURCE D:/project/DPUv2/dpu_conv.cpp:55 VARIABLE mul_ln55_42 LOOP OH_LOOP_OW_LOOP_IC_LOOP BUNDLEDNAME {} DSP 1 BRAM 0 URAM 0 STORAGESUBTYPE {} DISPNAME {bind_op mul} VISIBLE true} {BINDTYPE op ID {} IMPL dsp_slice LATENCY 3 OPTYPE sext PRAGMA {} RTLNAME mac_muladd_8s_8s_32s_32_4_1_U43 SOURCE D:/project/DPUv2/dpu_conv.cpp:55 VARIABLE sext_ln55_128 LOOP OH_LOOP_OW_LOOP_IC_LOOP BUNDLEDNAME {} DSP 1 BRAM 0 URAM 0 STORAGESUBTYPE {} DISPNAME {bind_op sext} VISIBLE false} {BINDTYPE op ID {} IMPL dsp_slice LATENCY 3 OPTYPE add PRAGMA {} RTLNAME mac_muladd_8s_8s_32s_32_4_1_U43 SOURCE D:/project/DPUv2/dpu_conv.cpp:55 VARIABLE acc_81 LOOP OH_LOOP_OW_LOOP_IC_LOOP BUNDLEDNAME {} DSP 1 BRAM 0 URAM 0 STORAGESUBTYPE {} DISPNAME {bind_op add} VISIBLE true} {BINDTYPE op ID {} IMPL fabric LATENCY 0 OPTYPE add PRAGMA {} RTLNAME add_ln56_42_fu_5585_p2 SOURCE D:/project/DPUv2/dpu_conv.cpp:56 VARIABLE add_ln56_42 LOOP OH_LOOP_OW_LOOP_IC_LOOP BUNDLEDNAME {} DSP 0 BRAM 0 URAM 0 STORAGESUBTYPE {} DISPNAME {bind_op add} VISIBLE true} {BINDTYPE op ID {} IMPL fabric LATENCY 0 OPTYPE add PRAGMA {} RTLNAME add_ln55_176_fu_4363_p2 SOURCE D:/project/DPUv2/dpu_conv.cpp:55 VARIABLE add_ln55_176 LOOP OH_LOOP_OW_LOOP_IC_LOOP BUNDLEDNAME {} DSP 0 BRAM 0 URAM 0 STORAGESUBTYPE {} DISPNAME {bind_op add} VISIBLE true} {BINDTYPE op ID {} IMPL dsp_slice LATENCY 3 OPTYPE mul PRAGMA {} RTLNAME mac_muladd_8s_8s_32s_32_4_1_U44 SOURCE D:/project/DPUv2/dpu_conv.cpp:55 VARIABLE mul_ln55_43 LOOP OH_LOOP_OW_LOOP_IC_LOOP BUNDLEDNAME {} DSP 1 BRAM 0 URAM 0 STORAGESUBTYPE {} DISPNAME {bind_op mul} VISIBLE true} {BINDTYPE op ID {} IMPL dsp_slice LATENCY 3 OPTYPE sext PRAGMA {} RTLNAME mac_muladd_8s_8s_32s_32_4_1_U44 SOURCE D:/project/DPUv2/dpu_conv.cpp:55 VARIABLE sext_ln55_131 LOOP OH_LOOP_OW_LOOP_IC_LOOP BUNDLEDNAME {} DSP 1 BRAM 0 URAM 0 STORAGESUBTYPE {} DISPNAME {bind_op sext} VISIBLE false} {BINDTYPE op ID {} IMPL dsp_slice LATENCY 3 OPTYPE add PRAGMA {} RTLNAME mac_muladd_8s_8s_32s_32_4_1_U44 SOURCE D:/project/DPUv2/dpu_conv.cpp:55 VARIABLE acc_83 LOOP OH_LOOP_OW_LOOP_IC_LOOP BUNDLEDNAME {} DSP 1 BRAM 0 URAM 0 STORAGESUBTYPE {} DISPNAME {bind_op add} VISIBLE true} {BINDTYPE op ID {} IMPL fabric LATENCY 0 OPTYPE add PRAGMA {} RTLNAME add_ln56_43_fu_5592_p2 SOURCE D:/project/DPUv2/dpu_conv.cpp:56 VARIABLE add_ln56_43 LOOP OH_LOOP_OW_LOOP_IC_LOOP BUNDLEDNAME {} DSP 0 BRAM 0 URAM 0 STORAGESUBTYPE {} DISPNAME {bind_op add} VISIBLE true} {BINDTYPE op ID {} IMPL fabric LATENCY 0 OPTYPE add PRAGMA {} RTLNAME add_ln55_180_fu_4391_p2 SOURCE D:/project/DPUv2/dpu_conv.cpp:55 VARIABLE add_ln55_180 LOOP OH_LOOP_OW_LOOP_IC_LOOP BUNDLEDNAME {} DSP 0 BRAM 0 URAM 0 STORAGESUBTYPE {} DISPNAME {bind_op add} VISIBLE true} {BINDTYPE op ID {} IMPL dsp_slice LATENCY 3 OPTYPE mul PRAGMA {} RTLNAME mac_muladd_8s_8s_32s_32_4_1_U45 SOURCE D:/project/DPUv2/dpu_conv.cpp:55 VARIABLE mul_ln55_44 LOOP OH_LOOP_OW_LOOP_IC_LOOP BUNDLEDNAME {} DSP 1 BRAM 0 URAM 0 STORAGESUBTYPE {} DISPNAME {bind_op mul} VISIBLE true} {BINDTYPE op ID {} IMPL dsp_slice LATENCY 3 OPTYPE sext PRAGMA {} RTLNAME mac_muladd_8s_8s_32s_32_4_1_U45 SOURCE D:/project/DPUv2/dpu_conv.cpp:55 VARIABLE sext_ln55_134 LOOP OH_LOOP_OW_LOOP_IC_LOOP BUNDLEDNAME {} DSP 1 BRAM 0 URAM 0 STORAGESUBTYPE {} DISPNAME {bind_op sext} VISIBLE false} {BINDTYPE op ID {} IMPL dsp_slice LATENCY 3 OPTYPE add PRAGMA {} RTLNAME mac_muladd_8s_8s_32s_32_4_1_U45 SOURCE D:/project/DPUv2/dpu_conv.cpp:55 VARIABLE acc_85 LOOP OH_LOOP_OW_LOOP_IC_LOOP BUNDLEDNAME {} DSP 1 BRAM 0 URAM 0 STORAGESUBTYPE {} DISPNAME {bind_op add} VISIBLE true} {BINDTYPE op ID {} IMPL fabric LATENCY 0 OPTYPE add PRAGMA {} RTLNAME add_ln56_44_fu_5610_p2 SOURCE D:/project/DPUv2/dpu_conv.cpp:56 VARIABLE add_ln56_44 LOOP OH_LOOP_OW_LOOP_IC_LOOP BUNDLEDNAME {} DSP 0 BRAM 0 URAM 0 STORAGESUBTYPE {} DISPNAME {bind_op add} VISIBLE true} {BINDTYPE op ID {} IMPL auto LATENCY 0 OPTYPE setlt PRAGMA {} RTLNAME icmp_ln46_5_fu_2916_p2 SOURCE D:/project/DPUv2/dpu_conv.cpp:46 VARIABLE icmp_ln46_5 LOOP OH_LOOP_OW_LOOP_IC_LOOP BUNDLEDNAME {} DSP 0 BRAM 0 URAM 0 STORAGESUBTYPE {} DISPNAME {bind_op setlt} VISIBLE false} {BINDTYPE op ID {} IMPL fabric LATENCY 0 OPTYPE add PRAGMA {} RTLNAME add_ln55_209_fu_2944_p2 SOURCE D:/project/DPUv2/dpu_conv.cpp:55 VARIABLE add_ln55_209 LOOP OH_LOOP_OW_LOOP_IC_LOOP BUNDLEDNAME {} DSP 0 BRAM 0 URAM 0 STORAGESUBTYPE {} DISPNAME {bind_op add} VISIBLE true} {BINDTYPE op ID {} IMPL fabric LATENCY 0 OPTYPE add PRAGMA {} RTLNAME add_ln55_182_fu_2954_p2 SOURCE D:/project/DPUv2/dpu_conv.cpp:55 VARIABLE add_ln55_182 LOOP OH_LOOP_OW_LOOP_IC_LOOP BUNDLEDNAME {} DSP 0 BRAM 0 URAM 0 STORAGESUBTYPE {} DISPNAME {bind_op add} VISIBLE true} {BINDTYPE op ID {} IMPL dsp_slice LATENCY 3 OPTYPE mul PRAGMA {} RTLNAME mac_muladd_8s_8s_32s_32_4_1_U46 SOURCE D:/project/DPUv2/dpu_conv.cpp:55 VARIABLE mul_ln55_45 LOOP OH_LOOP_OW_LOOP_IC_LOOP BUNDLEDNAME {} DSP 1 BRAM 0 URAM 0 STORAGESUBTYPE {} DISPNAME {bind_op mul} VISIBLE true} {BINDTYPE op ID {} IMPL dsp_slice LATENCY 3 OPTYPE sext PRAGMA {} RTLNAME mac_muladd_8s_8s_32s_32_4_1_U46 SOURCE D:/project/DPUv2/dpu_conv.cpp:55 VARIABLE sext_ln55_137 LOOP OH_LOOP_OW_LOOP_IC_LOOP BUNDLEDNAME {} DSP 1 BRAM 0 URAM 0 STORAGESUBTYPE {} DISPNAME {bind_op sext} VISIBLE false} {BINDTYPE op ID {} IMPL dsp_slice LATENCY 3 OPTYPE add PRAGMA {} RTLNAME mac_muladd_8s_8s_32s_32_4_1_U46 SOURCE D:/project/DPUv2/dpu_conv.cpp:55 VARIABLE acc_87 LOOP OH_LOOP_OW_LOOP_IC_LOOP BUNDLEDNAME {} DSP 1 BRAM 0 URAM 0 STORAGESUBTYPE {} DISPNAME {bind_op add} VISIBLE true} {BINDTYPE op ID {} IMPL fabric LATENCY 0 OPTYPE add PRAGMA {} RTLNAME add_ln56_45_fu_5617_p2 SOURCE D:/project/DPUv2/dpu_conv.cpp:56 VARIABLE add_ln56_45 LOOP OH_LOOP_OW_LOOP_IC_LOOP BUNDLEDNAME {} DSP 0 BRAM 0 URAM 0 STORAGESUBTYPE {} DISPNAME {bind_op add} VISIBLE true} {BINDTYPE op ID {} IMPL fabric LATENCY 0 OPTYPE add PRAGMA {} RTLNAME add_ln55_190_fu_4442_p2 SOURCE D:/project/DPUv2/dpu_conv.cpp:55 VARIABLE add_ln55_190 LOOP OH_LOOP_OW_LOOP_IC_LOOP BUNDLEDNAME {} DSP 0 BRAM 0 URAM 0 STORAGESUBTYPE {} DISPNAME {bind_op add} VISIBLE true} {BINDTYPE op ID {} IMPL dsp_slice LATENCY 3 OPTYPE mul PRAGMA {} RTLNAME mac_muladd_8s_8s_32s_32_4_1_U47 SOURCE D:/project/DPUv2/dpu_conv.cpp:55 VARIABLE mul_ln55_46 LOOP OH_LOOP_OW_LOOP_IC_LOOP BUNDLEDNAME {} DSP 1 BRAM 0 URAM 0 STORAGESUBTYPE {} DISPNAME {bind_op mul} VISIBLE true} {BINDTYPE op ID {} IMPL dsp_slice LATENCY 3 OPTYPE sext PRAGMA {} RTLNAME mac_muladd_8s_8s_32s_32_4_1_U47 SOURCE D:/project/DPUv2/dpu_conv.cpp:55 VARIABLE sext_ln55_140 LOOP OH_LOOP_OW_LOOP_IC_LOOP BUNDLEDNAME {} DSP 1 BRAM 0 URAM 0 STORAGESUBTYPE {} DISPNAME {bind_op sext} VISIBLE false} {BINDTYPE op ID {} IMPL dsp_slice LATENCY 3 OPTYPE add PRAGMA {} RTLNAME mac_muladd_8s_8s_32s_32_4_1_U47 SOURCE D:/project/DPUv2/dpu_conv.cpp:55 VARIABLE acc_89 LOOP OH_LOOP_OW_LOOP_IC_LOOP BUNDLEDNAME {} DSP 1 BRAM 0 URAM 0 STORAGESUBTYPE {} DISPNAME {bind_op add} VISIBLE true} {BINDTYPE op ID {} IMPL fabric LATENCY 0 OPTYPE add PRAGMA {} RTLNAME add_ln56_46_fu_5635_p2 SOURCE D:/project/DPUv2/dpu_conv.cpp:56 VARIABLE add_ln56_46 LOOP OH_LOOP_OW_LOOP_IC_LOOP BUNDLEDNAME {} DSP 0 BRAM 0 URAM 0 STORAGESUBTYPE {} DISPNAME {bind_op add} VISIBLE true} {BINDTYPE op ID {} IMPL fabric LATENCY 0 OPTYPE add PRAGMA {} RTLNAME add_ln55_194_fu_4470_p2 SOURCE D:/project/DPUv2/dpu_conv.cpp:55 VARIABLE add_ln55_194 LOOP OH_LOOP_OW_LOOP_IC_LOOP BUNDLEDNAME {} DSP 0 BRAM 0 URAM 0 STORAGESUBTYPE {} DISPNAME {bind_op add} VISIBLE true} {BINDTYPE op ID {} IMPL dsp_slice LATENCY 3 OPTYPE mul PRAGMA {} RTLNAME mac_muladd_8s_8s_32s_32_4_1_U48 SOURCE D:/project/DPUv2/dpu_conv.cpp:55 VARIABLE mul_ln55_47 LOOP OH_LOOP_OW_LOOP_IC_LOOP BUNDLEDNAME {} DSP 1 BRAM 0 URAM 0 STORAGESUBTYPE {} DISPNAME {bind_op mul} VISIBLE true} {BINDTYPE op ID {} IMPL dsp_slice LATENCY 3 OPTYPE sext PRAGMA {} RTLNAME mac_muladd_8s_8s_32s_32_4_1_U48 SOURCE D:/project/DPUv2/dpu_conv.cpp:55 VARIABLE sext_ln55_143 LOOP OH_LOOP_OW_LOOP_IC_LOOP BUNDLEDNAME {} DSP 1 BRAM 0 URAM 0 STORAGESUBTYPE {} DISPNAME {bind_op sext} VISIBLE false} {BINDTYPE op ID {} IMPL dsp_slice LATENCY 3 OPTYPE add PRAGMA {} RTLNAME mac_muladd_8s_8s_32s_32_4_1_U48 SOURCE D:/project/DPUv2/dpu_conv.cpp:55 VARIABLE acc_91 LOOP OH_LOOP_OW_LOOP_IC_LOOP BUNDLEDNAME {} DSP 1 BRAM 0 URAM 0 STORAGESUBTYPE {} DISPNAME {bind_op add} VISIBLE true} {BINDTYPE op ID {} IMPL fabric LATENCY 0 OPTYPE add PRAGMA {} RTLNAME add_ln56_47_fu_5642_p2 SOURCE D:/project/DPUv2/dpu_conv.cpp:56 VARIABLE add_ln56_47 LOOP OH_LOOP_OW_LOOP_IC_LOOP BUNDLEDNAME {} DSP 0 BRAM 0 URAM 0 STORAGESUBTYPE {} DISPNAME {bind_op add} VISIBLE true} {BINDTYPE op ID {} IMPL fabric LATENCY 0 OPTYPE add PRAGMA {} RTLNAME add_ln55_196_fu_4481_p2 SOURCE D:/project/DPUv2/dpu_conv.cpp:55 VARIABLE add_ln55_196 LOOP OH_LOOP_OW_LOOP_IC_LOOP BUNDLEDNAME {} DSP 0 BRAM 0 URAM 0 STORAGESUBTYPE {} DISPNAME {bind_op add} VISIBLE true} {BINDTYPE op ID {} IMPL fabric LATENCY 0 OPTYPE add PRAGMA {} RTLNAME add_ln55_197_fu_4485_p2 SOURCE D:/project/DPUv2/dpu_conv.cpp:55 VARIABLE add_ln55_197 LOOP OH_LOOP_OW_LOOP_IC_LOOP BUNDLEDNAME {} DSP 0 BRAM 0 URAM 0 STORAGESUBTYPE {} DISPNAME {bind_op add} VISIBLE true} {BINDTYPE op ID {} IMPL fabric LATENCY 0 OPTYPE add PRAGMA {} RTLNAME add_ln55_198_fu_4497_p2 SOURCE D:/project/DPUv2/dpu_conv.cpp:55 VARIABLE add_ln55_198 LOOP OH_LOOP_OW_LOOP_IC_LOOP BUNDLEDNAME {} DSP 0 BRAM 0 URAM 0 STORAGESUBTYPE {} DISPNAME {bind_op add} VISIBLE true} {BINDTYPE op ID {} IMPL dsp_slice LATENCY 3 OPTYPE mul PRAGMA {} RTLNAME mac_muladd_8s_8s_32s_32_4_1_U49 SOURCE D:/project/DPUv2/dpu_conv.cpp:55 VARIABLE mul_ln55_48 LOOP OH_LOOP_OW_LOOP_IC_LOOP BUNDLEDNAME {} DSP 1 BRAM 0 URAM 0 STORAGESUBTYPE {} DISPNAME {bind_op mul} VISIBLE true} {BINDTYPE op ID {} IMPL dsp_slice LATENCY 3 OPTYPE sext PRAGMA {} RTLNAME mac_muladd_8s_8s_32s_32_4_1_U49 SOURCE D:/project/DPUv2/dpu_conv.cpp:55 VARIABLE sext_ln55_146 LOOP OH_LOOP_OW_LOOP_IC_LOOP BUNDLEDNAME {} DSP 1 BRAM 0 URAM 0 STORAGESUBTYPE {} DISPNAME {bind_op sext} VISIBLE false} {BINDTYPE op ID {} IMPL dsp_slice LATENCY 3 OPTYPE add PRAGMA {} RTLNAME mac_muladd_8s_8s_32s_32_4_1_U49 SOURCE D:/project/DPUv2/dpu_conv.cpp:55 VARIABLE acc_93 LOOP OH_LOOP_OW_LOOP_IC_LOOP BUNDLEDNAME {} DSP 1 BRAM 0 URAM 0 STORAGESUBTYPE {} DISPNAME {bind_op add} VISIBLE true} {BINDTYPE op ID {} IMPL fabric LATENCY 0 OPTYPE add PRAGMA {} RTLNAME add_ln56_48_fu_5660_p2 SOURCE D:/project/DPUv2/dpu_conv.cpp:56 VARIABLE add_ln56_48 LOOP OH_LOOP_OW_LOOP_IC_LOOP BUNDLEDNAME {} DSP 0 BRAM 0 URAM 0 STORAGESUBTYPE {} DISPNAME {bind_op add} VISIBLE true} {BINDTYPE op ID {} IMPL fabric LATENCY 0 OPTYPE add PRAGMA {} RTLNAME add_ln55_200_fu_4508_p2 SOURCE D:/project/DPUv2/dpu_conv.cpp:55 VARIABLE add_ln55_200 LOOP OH_LOOP_OW_LOOP_IC_LOOP BUNDLEDNAME {} DSP 0 BRAM 0 URAM 0 STORAGESUBTYPE {} DISPNAME {bind_op add} VISIBLE true} {BINDTYPE op ID {} IMPL fabric LATENCY 0 OPTYPE add PRAGMA {} RTLNAME add_ln55_201_fu_4520_p2 SOURCE D:/project/DPUv2/dpu_conv.cpp:55 VARIABLE add_ln55_201 LOOP OH_LOOP_OW_LOOP_IC_LOOP BUNDLEDNAME {} DSP 0 BRAM 0 URAM 0 STORAGESUBTYPE {} DISPNAME {bind_op add} VISIBLE true} {BINDTYPE op ID {} IMPL dsp_slice LATENCY 3 OPTYPE mul PRAGMA {} RTLNAME mac_muladd_8s_8s_32s_32_4_1_U50 SOURCE D:/project/DPUv2/dpu_conv.cpp:55 VARIABLE mul_ln55_49 LOOP OH_LOOP_OW_LOOP_IC_LOOP BUNDLEDNAME {} DSP 1 BRAM 0 URAM 0 STORAGESUBTYPE {} DISPNAME {bind_op mul} VISIBLE true} {BINDTYPE op ID {} IMPL dsp_slice LATENCY 3 OPTYPE sext PRAGMA {} RTLNAME mac_muladd_8s_8s_32s_32_4_1_U50 SOURCE D:/project/DPUv2/dpu_conv.cpp:55 VARIABLE sext_ln55_149 LOOP OH_LOOP_OW_LOOP_IC_LOOP BUNDLEDNAME {} DSP 1 BRAM 0 URAM 0 STORAGESUBTYPE {} DISPNAME {bind_op sext} VISIBLE false} {BINDTYPE op ID {} IMPL dsp_slice LATENCY 3 OPTYPE add PRAGMA {} RTLNAME mac_muladd_8s_8s_32s_32_4_1_U50 SOURCE D:/project/DPUv2/dpu_conv.cpp:55 VARIABLE acc_95 LOOP OH_LOOP_OW_LOOP_IC_LOOP BUNDLEDNAME {} DSP 1 BRAM 0 URAM 0 STORAGESUBTYPE {} DISPNAME {bind_op add} VISIBLE true} {BINDTYPE op ID {} IMPL fabric LATENCY 0 OPTYPE add PRAGMA {} RTLNAME add_ln56_49_fu_5667_p2 SOURCE D:/project/DPUv2/dpu_conv.cpp:56 VARIABLE add_ln56_49 LOOP OH_LOOP_OW_LOOP_IC_LOOP BUNDLEDNAME {} DSP 0 BRAM 0 URAM 0 STORAGESUBTYPE {} DISPNAME {bind_op add} VISIBLE true} {BINDTYPE op ID {} IMPL fabric LATENCY 0 OPTYPE add PRAGMA {} RTLNAME add_ln55_203_fu_4531_p2 SOURCE D:/project/DPUv2/dpu_conv.cpp:55 VARIABLE add_ln55_203 LOOP OH_LOOP_OW_LOOP_IC_LOOP BUNDLEDNAME {} DSP 0 BRAM 0 URAM 0 STORAGESUBTYPE {} DISPNAME {bind_op add} VISIBLE true} {BINDTYPE op ID {} IMPL fabric LATENCY 0 OPTYPE add PRAGMA {} RTLNAME add_ln55_204_fu_4543_p2 SOURCE D:/project/DPUv2/dpu_conv.cpp:55 VARIABLE add_ln55_204 LOOP OH_LOOP_OW_LOOP_IC_LOOP BUNDLEDNAME {} DSP 0 BRAM 0 URAM 0 STORAGESUBTYPE {} DISPNAME {bind_op add} VISIBLE true} {BINDTYPE op ID {} IMPL dsp_slice LATENCY 3 OPTYPE mul PRAGMA {} RTLNAME mac_muladd_8s_8s_32s_32_4_1_U51 SOURCE D:/project/DPUv2/dpu_conv.cpp:55 VARIABLE mul_ln55_50 LOOP OH_LOOP_OW_LOOP_IC_LOOP BUNDLEDNAME {} DSP 1 BRAM 0 URAM 0 STORAGESUBTYPE {} DISPNAME {bind_op mul} VISIBLE true} {BINDTYPE op ID {} IMPL dsp_slice LATENCY 3 OPTYPE sext PRAGMA {} RTLNAME mac_muladd_8s_8s_32s_32_4_1_U51 SOURCE D:/project/DPUv2/dpu_conv.cpp:55 VARIABLE sext_ln55_152 LOOP OH_LOOP_OW_LOOP_IC_LOOP BUNDLEDNAME {} DSP 1 BRAM 0 URAM 0 STORAGESUBTYPE {} DISPNAME {bind_op sext} VISIBLE false} {BINDTYPE op ID {} IMPL dsp_slice LATENCY 3 OPTYPE add PRAGMA {} RTLNAME mac_muladd_8s_8s_32s_32_4_1_U51 SOURCE D:/project/DPUv2/dpu_conv.cpp:55 VARIABLE acc_96 LOOP OH_LOOP_OW_LOOP_IC_LOOP BUNDLEDNAME {} DSP 1 BRAM 0 URAM 0 STORAGESUBTYPE {} DISPNAME {bind_op add} VISIBLE true} {BINDTYPE op ID {} IMPL fabric LATENCY 0 OPTYPE add PRAGMA {} RTLNAME add_ln56_50_fu_5673_p2 SOURCE D:/project/DPUv2/dpu_conv.cpp:56 VARIABLE add_ln56_50 LOOP OH_LOOP_OW_LOOP_IC_LOOP BUNDLEDNAME {} DSP 0 BRAM 0 URAM 0 STORAGESUBTYPE {} DISPNAME {bind_op add} VISIBLE true} {BINDTYPE op ID {} IMPL fabric LATENCY 0 OPTYPE add PRAGMA {} RTLNAME add_ln55_208_fu_4571_p2 SOURCE D:/project/DPUv2/dpu_conv.cpp:55 VARIABLE add_ln55_208 LOOP OH_LOOP_OW_LOOP_IC_LOOP BUNDLEDNAME {} DSP 0 BRAM 0 URAM 0 STORAGESUBTYPE {} DISPNAME {bind_op add} VISIBLE true} {BINDTYPE op ID {} IMPL dsp_slice LATENCY 3 OPTYPE mul PRAGMA {} RTLNAME mac_muladd_8s_8s_32s_32_4_1_U52 SOURCE D:/project/DPUv2/dpu_conv.cpp:55 VARIABLE mul_ln55_51 LOOP OH_LOOP_OW_LOOP_IC_LOOP BUNDLEDNAME {} DSP 1 BRAM 0 URAM 0 STORAGESUBTYPE {} DISPNAME {bind_op mul} VISIBLE true} {BINDTYPE op ID {} IMPL dsp_slice LATENCY 3 OPTYPE sext PRAGMA {} RTLNAME mac_muladd_8s_8s_32s_32_4_1_U52 SOURCE D:/project/DPUv2/dpu_conv.cpp:55 VARIABLE sext_ln55_155 LOOP OH_LOOP_OW_LOOP_IC_LOOP BUNDLEDNAME {} DSP 1 BRAM 0 URAM 0 STORAGESUBTYPE {} DISPNAME {bind_op sext} VISIBLE false} {BINDTYPE op ID {} IMPL dsp_slice LATENCY 3 OPTYPE add PRAGMA {} RTLNAME mac_muladd_8s_8s_32s_32_4_1_U52 SOURCE D:/project/DPUv2/dpu_conv.cpp:55 VARIABLE acc_98 LOOP OH_LOOP_OW_LOOP_IC_LOOP BUNDLEDNAME {} DSP 1 BRAM 0 URAM 0 STORAGESUBTYPE {} DISPNAME {bind_op add} VISIBLE true} {BINDTYPE op ID {} IMPL fabric LATENCY 0 OPTYPE add PRAGMA {} RTLNAME add_ln56_51_fu_5691_p2 SOURCE D:/project/DPUv2/dpu_conv.cpp:56 VARIABLE add_ln56_51 LOOP OH_LOOP_OW_LOOP_IC_LOOP BUNDLEDNAME {} DSP 0 BRAM 0 URAM 0 STORAGESUBTYPE {} DISPNAME {bind_op add} VISIBLE true} {BINDTYPE op ID {} IMPL fabric LATENCY 0 OPTYPE add PRAGMA {} RTLNAME add_ln55_212_fu_4599_p2 SOURCE D:/project/DPUv2/dpu_conv.cpp:55 VARIABLE add_ln55_212 LOOP OH_LOOP_OW_LOOP_IC_LOOP BUNDLEDNAME {} DSP 0 BRAM 0 URAM 0 STORAGESUBTYPE {} DISPNAME {bind_op add} VISIBLE true} {BINDTYPE op ID {} IMPL dsp_slice LATENCY 3 OPTYPE mul PRAGMA {} RTLNAME mac_muladd_8s_8s_32s_32_4_1_U53 SOURCE D:/project/DPUv2/dpu_conv.cpp:55 VARIABLE mul_ln55_52 LOOP OH_LOOP_OW_LOOP_IC_LOOP BUNDLEDNAME {} DSP 1 BRAM 0 URAM 0 STORAGESUBTYPE {} DISPNAME {bind_op mul} VISIBLE true} {BINDTYPE op ID {} IMPL dsp_slice LATENCY 3 OPTYPE sext PRAGMA {} RTLNAME mac_muladd_8s_8s_32s_32_4_1_U53 SOURCE D:/project/DPUv2/dpu_conv.cpp:55 VARIABLE sext_ln55_158 LOOP OH_LOOP_OW_LOOP_IC_LOOP BUNDLEDNAME {} DSP 1 BRAM 0 URAM 0 STORAGESUBTYPE {} DISPNAME {bind_op sext} VISIBLE false} {BINDTYPE op ID {} IMPL dsp_slice LATENCY 3 OPTYPE add PRAGMA {} RTLNAME mac_muladd_8s_8s_32s_32_4_1_U53 SOURCE D:/project/DPUv2/dpu_conv.cpp:55 VARIABLE acc_100 LOOP OH_LOOP_OW_LOOP_IC_LOOP BUNDLEDNAME {} DSP 1 BRAM 0 URAM 0 STORAGESUBTYPE {} DISPNAME {bind_op add} VISIBLE true} {BINDTYPE op ID {} IMPL fabric LATENCY 0 OPTYPE add PRAGMA {} RTLNAME add_ln56_52_fu_5698_p2 SOURCE D:/project/DPUv2/dpu_conv.cpp:56 VARIABLE add_ln56_52 LOOP OH_LOOP_OW_LOOP_IC_LOOP BUNDLEDNAME {} DSP 0 BRAM 0 URAM 0 STORAGESUBTYPE {} DISPNAME {bind_op add} VISIBLE true} {BINDTYPE op ID {} IMPL fabric LATENCY 0 OPTYPE add PRAGMA {} RTLNAME add_ln55_216_fu_4627_p2 SOURCE D:/project/DPUv2/dpu_conv.cpp:55 VARIABLE add_ln55_216 LOOP OH_LOOP_OW_LOOP_IC_LOOP BUNDLEDNAME {} DSP 0 BRAM 0 URAM 0 STORAGESUBTYPE {} DISPNAME {bind_op add} VISIBLE true} {BINDTYPE op ID {} IMPL dsp_slice LATENCY 3 OPTYPE mul PRAGMA {} RTLNAME mac_muladd_8s_8s_32s_32_4_1_U54 SOURCE D:/project/DPUv2/dpu_conv.cpp:55 VARIABLE mul_ln55_53 LOOP OH_LOOP_OW_LOOP_IC_LOOP BUNDLEDNAME {} DSP 1 BRAM 0 URAM 0 STORAGESUBTYPE {} DISPNAME {bind_op mul} VISIBLE true} {BINDTYPE op ID {} IMPL dsp_slice LATENCY 3 OPTYPE sext PRAGMA {} RTLNAME mac_muladd_8s_8s_32s_32_4_1_U54 SOURCE D:/project/DPUv2/dpu_conv.cpp:55 VARIABLE sext_ln55_161 LOOP OH_LOOP_OW_LOOP_IC_LOOP BUNDLEDNAME {} DSP 1 BRAM 0 URAM 0 STORAGESUBTYPE {} DISPNAME {bind_op sext} VISIBLE false} {BINDTYPE op ID {} IMPL dsp_slice LATENCY 3 OPTYPE add PRAGMA {} RTLNAME mac_muladd_8s_8s_32s_32_4_1_U54 SOURCE D:/project/DPUv2/dpu_conv.cpp:55 VARIABLE acc_102 LOOP OH_LOOP_OW_LOOP_IC_LOOP BUNDLEDNAME {} DSP 1 BRAM 0 URAM 0 STORAGESUBTYPE {} DISPNAME {bind_op add} VISIBLE true} {BINDTYPE op ID {} IMPL fabric LATENCY 0 OPTYPE add PRAGMA {} RTLNAME add_ln56_53_fu_5716_p2 SOURCE D:/project/DPUv2/dpu_conv.cpp:56 VARIABLE add_ln56_53 LOOP OH_LOOP_OW_LOOP_IC_LOOP BUNDLEDNAME {} DSP 0 BRAM 0 URAM 0 STORAGESUBTYPE {} DISPNAME {bind_op add} VISIBLE true} {BINDTYPE op ID {} IMPL auto LATENCY 0 OPTYPE setlt PRAGMA {} RTLNAME icmp_ln46_6_fu_2984_p2 SOURCE D:/project/DPUv2/dpu_conv.cpp:46 VARIABLE icmp_ln46_6 LOOP OH_LOOP_OW_LOOP_IC_LOOP BUNDLEDNAME {} DSP 0 BRAM 0 URAM 0 STORAGESUBTYPE {} DISPNAME {bind_op setlt} VISIBLE false} {BINDTYPE op ID {} IMPL fabric LATENCY 0 OPTYPE add PRAGMA {} RTLNAME add_ln55_249_fu_3012_p2 SOURCE D:/project/DPUv2/dpu_conv.cpp:55 VARIABLE add_ln55_249 LOOP OH_LOOP_OW_LOOP_IC_LOOP BUNDLEDNAME {} DSP 0 BRAM 0 URAM 0 STORAGESUBTYPE {} DISPNAME {bind_op add} VISIBLE true} {BINDTYPE op ID {} IMPL fabric LATENCY 0 OPTYPE add PRAGMA {} RTLNAME add_ln55_218_fu_3022_p2 SOURCE D:/project/DPUv2/dpu_conv.cpp:55 VARIABLE add_ln55_218 LOOP OH_LOOP_OW_LOOP_IC_LOOP BUNDLEDNAME {} DSP 0 BRAM 0 URAM 0 STORAGESUBTYPE {} DISPNAME {bind_op add} VISIBLE true} {BINDTYPE op ID {} IMPL dsp_slice LATENCY 3 OPTYPE mul PRAGMA {} RTLNAME mac_muladd_8s_8s_32s_32_4_1_U55 SOURCE D:/project/DPUv2/dpu_conv.cpp:55 VARIABLE mul_ln55_54 LOOP OH_LOOP_OW_LOOP_IC_LOOP BUNDLEDNAME {} DSP 1 BRAM 0 URAM 0 STORAGESUBTYPE {} DISPNAME {bind_op mul} VISIBLE true} {BINDTYPE op ID {} IMPL dsp_slice LATENCY 3 OPTYPE sext PRAGMA {} RTLNAME mac_muladd_8s_8s_32s_32_4_1_U55 SOURCE D:/project/DPUv2/dpu_conv.cpp:55 VARIABLE sext_ln55_164 LOOP OH_LOOP_OW_LOOP_IC_LOOP BUNDLEDNAME {} DSP 1 BRAM 0 URAM 0 STORAGESUBTYPE {} DISPNAME {bind_op sext} VISIBLE false} {BINDTYPE op ID {} IMPL dsp_slice LATENCY 3 OPTYPE add PRAGMA {} RTLNAME mac_muladd_8s_8s_32s_32_4_1_U55 SOURCE D:/project/DPUv2/dpu_conv.cpp:55 VARIABLE acc_104 LOOP OH_LOOP_OW_LOOP_IC_LOOP BUNDLEDNAME {} DSP 1 BRAM 0 URAM 0 STORAGESUBTYPE {} DISPNAME {bind_op add} VISIBLE true} {BINDTYPE op ID {} IMPL fabric LATENCY 0 OPTYPE add PRAGMA {} RTLNAME add_ln56_54_fu_5723_p2 SOURCE D:/project/DPUv2/dpu_conv.cpp:56 VARIABLE add_ln56_54 LOOP OH_LOOP_OW_LOOP_IC_LOOP BUNDLEDNAME {} DSP 0 BRAM 0 URAM 0 STORAGESUBTYPE {} DISPNAME {bind_op add} VISIBLE true} {BINDTYPE op ID {} IMPL fabric LATENCY 0 OPTYPE add PRAGMA {} RTLNAME add_ln55_226_fu_4678_p2 SOURCE D:/project/DPUv2/dpu_conv.cpp:55 VARIABLE add_ln55_226 LOOP OH_LOOP_OW_LOOP_IC_LOOP BUNDLEDNAME {} DSP 0 BRAM 0 URAM 0 STORAGESUBTYPE {} DISPNAME {bind_op add} VISIBLE true} {BINDTYPE op ID {} IMPL dsp_slice LATENCY 3 OPTYPE mul PRAGMA {} RTLNAME mac_muladd_8s_8s_32s_32_4_1_U56 SOURCE D:/project/DPUv2/dpu_conv.cpp:55 VARIABLE mul_ln55_55 LOOP OH_LOOP_OW_LOOP_IC_LOOP BUNDLEDNAME {} DSP 1 BRAM 0 URAM 0 STORAGESUBTYPE {} DISPNAME {bind_op mul} VISIBLE true} {BINDTYPE op ID {} IMPL dsp_slice LATENCY 3 OPTYPE sext PRAGMA {} RTLNAME mac_muladd_8s_8s_32s_32_4_1_U56 SOURCE D:/project/DPUv2/dpu_conv.cpp:55 VARIABLE sext_ln55_167 LOOP OH_LOOP_OW_LOOP_IC_LOOP BUNDLEDNAME {} DSP 1 BRAM 0 URAM 0 STORAGESUBTYPE {} DISPNAME {bind_op sext} VISIBLE false} {BINDTYPE op ID {} IMPL dsp_slice LATENCY 3 OPTYPE add PRAGMA {} RTLNAME mac_muladd_8s_8s_32s_32_4_1_U56 SOURCE D:/project/DPUv2/dpu_conv.cpp:55 VARIABLE acc_106 LOOP OH_LOOP_OW_LOOP_IC_LOOP BUNDLEDNAME {} DSP 1 BRAM 0 URAM 0 STORAGESUBTYPE {} DISPNAME {bind_op add} VISIBLE true} {BINDTYPE op ID {} IMPL fabric LATENCY 0 OPTYPE add PRAGMA {} RTLNAME add_ln56_55_fu_5741_p2 SOURCE D:/project/DPUv2/dpu_conv.cpp:56 VARIABLE add_ln56_55 LOOP OH_LOOP_OW_LOOP_IC_LOOP BUNDLEDNAME {} DSP 0 BRAM 0 URAM 0 STORAGESUBTYPE {} DISPNAME {bind_op add} VISIBLE true} {BINDTYPE op ID {} IMPL fabric LATENCY 0 OPTYPE add PRAGMA {} RTLNAME add_ln55_230_fu_4706_p2 SOURCE D:/project/DPUv2/dpu_conv.cpp:55 VARIABLE add_ln55_230 LOOP OH_LOOP_OW_LOOP_IC_LOOP BUNDLEDNAME {} DSP 0 BRAM 0 URAM 0 STORAGESUBTYPE {} DISPNAME {bind_op add} VISIBLE true} {BINDTYPE op ID {} IMPL dsp_slice LATENCY 3 OPTYPE mul PRAGMA {} RTLNAME mac_muladd_8s_8s_32s_32_4_1_U57 SOURCE D:/project/DPUv2/dpu_conv.cpp:55 VARIABLE mul_ln55_56 LOOP OH_LOOP_OW_LOOP_IC_LOOP BUNDLEDNAME {} DSP 1 BRAM 0 URAM 0 STORAGESUBTYPE {} DISPNAME {bind_op mul} VISIBLE true} {BINDTYPE op ID {} IMPL dsp_slice LATENCY 3 OPTYPE sext PRAGMA {} RTLNAME mac_muladd_8s_8s_32s_32_4_1_U57 SOURCE D:/project/DPUv2/dpu_conv.cpp:55 VARIABLE sext_ln55_170 LOOP OH_LOOP_OW_LOOP_IC_LOOP BUNDLEDNAME {} DSP 1 BRAM 0 URAM 0 STORAGESUBTYPE {} DISPNAME {bind_op sext} VISIBLE false} {BINDTYPE op ID {} IMPL dsp_slice LATENCY 3 OPTYPE add PRAGMA {} RTLNAME mac_muladd_8s_8s_32s_32_4_1_U57 SOURCE D:/project/DPUv2/dpu_conv.cpp:55 VARIABLE acc_108 LOOP OH_LOOP_OW_LOOP_IC_LOOP BUNDLEDNAME {} DSP 1 BRAM 0 URAM 0 STORAGESUBTYPE {} DISPNAME {bind_op add} VISIBLE true} {BINDTYPE op ID {} IMPL fabric LATENCY 0 OPTYPE add PRAGMA {} RTLNAME add_ln56_56_fu_5748_p2 SOURCE D:/project/DPUv2/dpu_conv.cpp:56 VARIABLE add_ln56_56 LOOP OH_LOOP_OW_LOOP_IC_LOOP BUNDLEDNAME {} DSP 0 BRAM 0 URAM 0 STORAGESUBTYPE {} DISPNAME {bind_op add} VISIBLE true} {BINDTYPE op ID {} IMPL fabric LATENCY 0 OPTYPE add PRAGMA {} RTLNAME add_ln55_232_fu_4717_p2 SOURCE D:/project/DPUv2/dpu_conv.cpp:55 VARIABLE add_ln55_232 LOOP OH_LOOP_OW_LOOP_IC_LOOP BUNDLEDNAME {} DSP 0 BRAM 0 URAM 0 STORAGESUBTYPE {} DISPNAME {bind_op add} VISIBLE true} {BINDTYPE op ID {} IMPL fabric LATENCY 0 OPTYPE add PRAGMA {} RTLNAME add_ln55_233_fu_4721_p2 SOURCE D:/project/DPUv2/dpu_conv.cpp:55 VARIABLE add_ln55_233 LOOP OH_LOOP_OW_LOOP_IC_LOOP BUNDLEDNAME {} DSP 0 BRAM 0 URAM 0 STORAGESUBTYPE {} DISPNAME {bind_op add} VISIBLE true} {BINDTYPE op ID {} IMPL fabric LATENCY 0 OPTYPE add PRAGMA {} RTLNAME add_ln55_234_fu_4733_p2 SOURCE D:/project/DPUv2/dpu_conv.cpp:55 VARIABLE add_ln55_234 LOOP OH_LOOP_OW_LOOP_IC_LOOP BUNDLEDNAME {} DSP 0 BRAM 0 URAM 0 STORAGESUBTYPE {} DISPNAME {bind_op add} VISIBLE true} {BINDTYPE op ID {} IMPL dsp_slice LATENCY 3 OPTYPE mul PRAGMA {} RTLNAME mac_muladd_8s_8s_32s_32_4_1_U58 SOURCE D:/project/DPUv2/dpu_conv.cpp:55 VARIABLE mul_ln55_57 LOOP OH_LOOP_OW_LOOP_IC_LOOP BUNDLEDNAME {} DSP 1 BRAM 0 URAM 0 STORAGESUBTYPE {} DISPNAME {bind_op mul} VISIBLE true} {BINDTYPE op ID {} IMPL dsp_slice LATENCY 3 OPTYPE sext PRAGMA {} RTLNAME mac_muladd_8s_8s_32s_32_4_1_U58 SOURCE D:/project/DPUv2/dpu_conv.cpp:55 VARIABLE sext_ln55_173 LOOP OH_LOOP_OW_LOOP_IC_LOOP BUNDLEDNAME {} DSP 1 BRAM 0 URAM 0 STORAGESUBTYPE {} DISPNAME {bind_op sext} VISIBLE false} {BINDTYPE op ID {} IMPL dsp_slice LATENCY 3 OPTYPE add PRAGMA {} RTLNAME mac_muladd_8s_8s_32s_32_4_1_U58 SOURCE D:/project/DPUv2/dpu_conv.cpp:55 VARIABLE acc_110 LOOP OH_LOOP_OW_LOOP_IC_LOOP BUNDLEDNAME {} DSP 1 BRAM 0 URAM 0 STORAGESUBTYPE {} DISPNAME {bind_op add} VISIBLE true} {BINDTYPE op ID {} IMPL fabric LATENCY 0 OPTYPE add PRAGMA {} RTLNAME add_ln56_57_fu_5766_p2 SOURCE D:/project/DPUv2/dpu_conv.cpp:56 VARIABLE add_ln56_57 LOOP OH_LOOP_OW_LOOP_IC_LOOP BUNDLEDNAME {} DSP 0 BRAM 0 URAM 0 STORAGESUBTYPE {} DISPNAME {bind_op add} VISIBLE true} {BINDTYPE op ID {} IMPL fabric LATENCY 0 OPTYPE add PRAGMA {} RTLNAME add_ln55_236_fu_4744_p2 SOURCE D:/project/DPUv2/dpu_conv.cpp:55 VARIABLE add_ln55_236 LOOP OH_LOOP_OW_LOOP_IC_LOOP BUNDLEDNAME {} DSP 0 BRAM 0 URAM 0 STORAGESUBTYPE {} DISPNAME {bind_op add} VISIBLE true} {BINDTYPE op ID {} IMPL fabric LATENCY 0 OPTYPE add PRAGMA {} RTLNAME add_ln55_237_fu_4756_p2 SOURCE D:/project/DPUv2/dpu_conv.cpp:55 VARIABLE add_ln55_237 LOOP OH_LOOP_OW_LOOP_IC_LOOP BUNDLEDNAME {} DSP 0 BRAM 0 URAM 0 STORAGESUBTYPE {} DISPNAME {bind_op add} VISIBLE true} {BINDTYPE op ID {} IMPL dsp_slice LATENCY 3 OPTYPE mul PRAGMA {} RTLNAME mac_muladd_8s_8s_32s_32_4_1_U59 SOURCE D:/project/DPUv2/dpu_conv.cpp:55 VARIABLE mul_ln55_58 LOOP OH_LOOP_OW_LOOP_IC_LOOP BUNDLEDNAME {} DSP 1 BRAM 0 URAM 0 STORAGESUBTYPE {} DISPNAME {bind_op mul} VISIBLE true} {BINDTYPE op ID {} IMPL dsp_slice LATENCY 3 OPTYPE sext PRAGMA {} RTLNAME mac_muladd_8s_8s_32s_32_4_1_U59 SOURCE D:/project/DPUv2/dpu_conv.cpp:55 VARIABLE sext_ln55_176 LOOP OH_LOOP_OW_LOOP_IC_LOOP BUNDLEDNAME {} DSP 1 BRAM 0 URAM 0 STORAGESUBTYPE {} DISPNAME {bind_op sext} VISIBLE false} {BINDTYPE op ID {} IMPL dsp_slice LATENCY 3 OPTYPE add PRAGMA {} RTLNAME mac_muladd_8s_8s_32s_32_4_1_U59 SOURCE D:/project/DPUv2/dpu_conv.cpp:55 VARIABLE acc_112 LOOP OH_LOOP_OW_LOOP_IC_LOOP BUNDLEDNAME {} DSP 1 BRAM 0 URAM 0 STORAGESUBTYPE {} DISPNAME {bind_op add} VISIBLE true} {BINDTYPE op ID {} IMPL fabric LATENCY 0 OPTYPE add PRAGMA {} RTLNAME add_ln56_58_fu_5773_p2 SOURCE D:/project/DPUv2/dpu_conv.cpp:56 VARIABLE add_ln56_58 LOOP OH_LOOP_OW_LOOP_IC_LOOP BUNDLEDNAME {} DSP 0 BRAM 0 URAM 0 STORAGESUBTYPE {} DISPNAME {bind_op add} VISIBLE true} {BINDTYPE op ID {} IMPL fabric LATENCY 0 OPTYPE add PRAGMA {} RTLNAME add_ln55_239_fu_4767_p2 SOURCE D:/project/DPUv2/dpu_conv.cpp:55 VARIABLE add_ln55_239 LOOP OH_LOOP_OW_LOOP_IC_LOOP BUNDLEDNAME {} DSP 0 BRAM 0 URAM 0 STORAGESUBTYPE {} DISPNAME {bind_op add} VISIBLE true} {BINDTYPE op ID {} IMPL fabric LATENCY 0 OPTYPE add PRAGMA {} RTLNAME add_ln55_240_fu_4779_p2 SOURCE D:/project/DPUv2/dpu_conv.cpp:55 VARIABLE add_ln55_240 LOOP OH_LOOP_OW_LOOP_IC_LOOP BUNDLEDNAME {} DSP 0 BRAM 0 URAM 0 STORAGESUBTYPE {} DISPNAME {bind_op add} VISIBLE true} {BINDTYPE op ID {} IMPL dsp_slice LATENCY 3 OPTYPE mul PRAGMA {} RTLNAME mac_muladd_8s_8s_32s_32_4_1_U60 SOURCE D:/project/DPUv2/dpu_conv.cpp:55 VARIABLE mul_ln55_59 LOOP OH_LOOP_OW_LOOP_IC_LOOP BUNDLEDNAME {} DSP 1 BRAM 0 URAM 0 STORAGESUBTYPE {} DISPNAME {bind_op mul} VISIBLE true} {BINDTYPE op ID {} IMPL dsp_slice LATENCY 3 OPTYPE sext PRAGMA {} RTLNAME mac_muladd_8s_8s_32s_32_4_1_U60 SOURCE D:/project/DPUv2/dpu_conv.cpp:55 VARIABLE sext_ln55_179 LOOP OH_LOOP_OW_LOOP_IC_LOOP BUNDLEDNAME {} DSP 1 BRAM 0 URAM 0 STORAGESUBTYPE {} DISPNAME {bind_op sext} VISIBLE false} {BINDTYPE op ID {} IMPL dsp_slice LATENCY 3 OPTYPE add PRAGMA {} RTLNAME mac_muladd_8s_8s_32s_32_4_1_U60 SOURCE D:/project/DPUv2/dpu_conv.cpp:55 VARIABLE acc_113 LOOP OH_LOOP_OW_LOOP_IC_LOOP BUNDLEDNAME {} DSP 1 BRAM 0 URAM 0 STORAGESUBTYPE {} DISPNAME {bind_op add} VISIBLE true} {BINDTYPE op ID {} IMPL fabric LATENCY 0 OPTYPE add PRAGMA {} RTLNAME add_ln56_59_fu_5779_p2 SOURCE D:/project/DPUv2/dpu_conv.cpp:56 VARIABLE add_ln56_59 LOOP OH_LOOP_OW_LOOP_IC_LOOP BUNDLEDNAME {} DSP 0 BRAM 0 URAM 0 STORAGESUBTYPE {} DISPNAME {bind_op add} VISIBLE true} {BINDTYPE op ID {} IMPL fabric LATENCY 0 OPTYPE add PRAGMA {} RTLNAME add_ln55_244_fu_4807_p2 SOURCE D:/project/DPUv2/dpu_conv.cpp:55 VARIABLE add_ln55_244 LOOP OH_LOOP_OW_LOOP_IC_LOOP BUNDLEDNAME {} DSP 0 BRAM 0 URAM 0 STORAGESUBTYPE {} DISPNAME {bind_op add} VISIBLE true} {BINDTYPE op ID {} IMPL dsp_slice LATENCY 3 OPTYPE mul PRAGMA {} RTLNAME mac_muladd_8s_8s_32s_32_4_1_U61 SOURCE D:/project/DPUv2/dpu_conv.cpp:55 VARIABLE mul_ln55_60 LOOP OH_LOOP_OW_LOOP_IC_LOOP BUNDLEDNAME {} DSP 1 BRAM 0 URAM 0 STORAGESUBTYPE {} DISPNAME {bind_op mul} VISIBLE true} {BINDTYPE op ID {} IMPL dsp_slice LATENCY 3 OPTYPE sext PRAGMA {} RTLNAME mac_muladd_8s_8s_32s_32_4_1_U61 SOURCE D:/project/DPUv2/dpu_conv.cpp:55 VARIABLE sext_ln55_182 LOOP OH_LOOP_OW_LOOP_IC_LOOP BUNDLEDNAME {} DSP 1 BRAM 0 URAM 0 STORAGESUBTYPE {} DISPNAME {bind_op sext} VISIBLE false} {BINDTYPE op ID {} IMPL dsp_slice LATENCY 3 OPTYPE add PRAGMA {} RTLNAME mac_muladd_8s_8s_32s_32_4_1_U61 SOURCE D:/project/DPUv2/dpu_conv.cpp:55 VARIABLE acc_115 LOOP OH_LOOP_OW_LOOP_IC_LOOP BUNDLEDNAME {} DSP 1 BRAM 0 URAM 0 STORAGESUBTYPE {} DISPNAME {bind_op add} VISIBLE true} {BINDTYPE op ID {} IMPL fabric LATENCY 0 OPTYPE add PRAGMA {} RTLNAME add_ln56_60_fu_5797_p2 SOURCE D:/project/DPUv2/dpu_conv.cpp:56 VARIABLE add_ln56_60 LOOP OH_LOOP_OW_LOOP_IC_LOOP BUNDLEDNAME {} DSP 0 BRAM 0 URAM 0 STORAGESUBTYPE {} DISPNAME {bind_op add} VISIBLE true} {BINDTYPE op ID {} IMPL fabric LATENCY 0 OPTYPE add PRAGMA {} RTLNAME add_ln55_248_fu_4835_p2 SOURCE D:/project/DPUv2/dpu_conv.cpp:55 VARIABLE add_ln55_248 LOOP OH_LOOP_OW_LOOP_IC_LOOP BUNDLEDNAME {} DSP 0 BRAM 0 URAM 0 STORAGESUBTYPE {} DISPNAME {bind_op add} VISIBLE true} {BINDTYPE op ID {} IMPL dsp_slice LATENCY 3 OPTYPE mul PRAGMA {} RTLNAME mac_muladd_8s_8s_32s_32_4_1_U62 SOURCE D:/project/DPUv2/dpu_conv.cpp:55 VARIABLE mul_ln55_61 LOOP OH_LOOP_OW_LOOP_IC_LOOP BUNDLEDNAME {} DSP 1 BRAM 0 URAM 0 STORAGESUBTYPE {} DISPNAME {bind_op mul} VISIBLE true} {BINDTYPE op ID {} IMPL dsp_slice LATENCY 3 OPTYPE sext PRAGMA {} RTLNAME mac_muladd_8s_8s_32s_32_4_1_U62 SOURCE D:/project/DPUv2/dpu_conv.cpp:55 VARIABLE sext_ln55_185 LOOP OH_LOOP_OW_LOOP_IC_LOOP BUNDLEDNAME {} DSP 1 BRAM 0 URAM 0 STORAGESUBTYPE {} DISPNAME {bind_op sext} VISIBLE false} {BINDTYPE op ID {} IMPL dsp_slice LATENCY 3 OPTYPE add PRAGMA {} RTLNAME mac_muladd_8s_8s_32s_32_4_1_U62 SOURCE D:/project/DPUv2/dpu_conv.cpp:55 VARIABLE acc_117 LOOP OH_LOOP_OW_LOOP_IC_LOOP BUNDLEDNAME {} DSP 1 BRAM 0 URAM 0 STORAGESUBTYPE {} DISPNAME {bind_op add} VISIBLE true} {BINDTYPE op ID {} IMPL fabric LATENCY 0 OPTYPE add PRAGMA {} RTLNAME add_ln56_61_fu_5804_p2 SOURCE D:/project/DPUv2/dpu_conv.cpp:56 VARIABLE add_ln56_61 LOOP OH_LOOP_OW_LOOP_IC_LOOP BUNDLEDNAME {} DSP 0 BRAM 0 URAM 0 STORAGESUBTYPE {} DISPNAME {bind_op add} VISIBLE true} {BINDTYPE op ID {} IMPL fabric LATENCY 0 OPTYPE add PRAGMA {} RTLNAME add_ln55_252_fu_4863_p2 SOURCE D:/project/DPUv2/dpu_conv.cpp:55 VARIABLE add_ln55_252 LOOP OH_LOOP_OW_LOOP_IC_LOOP BUNDLEDNAME {} DSP 0 BRAM 0 URAM 0 STORAGESUBTYPE {} DISPNAME {bind_op add} VISIBLE true} {BINDTYPE op ID {} IMPL dsp_slice LATENCY 3 OPTYPE mul PRAGMA {} RTLNAME mac_muladd_8s_8s_32s_32_4_1_U63 SOURCE D:/project/DPUv2/dpu_conv.cpp:55 VARIABLE mul_ln55_62 LOOP OH_LOOP_OW_LOOP_IC_LOOP BUNDLEDNAME {} DSP 1 BRAM 0 URAM 0 STORAGESUBTYPE {} DISPNAME {bind_op mul} VISIBLE true} {BINDTYPE op ID {} IMPL dsp_slice LATENCY 3 OPTYPE sext PRAGMA {} RTLNAME mac_muladd_8s_8s_32s_32_4_1_U63 SOURCE D:/project/DPUv2/dpu_conv.cpp:55 VARIABLE sext_ln55_188 LOOP OH_LOOP_OW_LOOP_IC_LOOP BUNDLEDNAME {} DSP 1 BRAM 0 URAM 0 STORAGESUBTYPE {} DISPNAME {bind_op sext} VISIBLE false} {BINDTYPE op ID {} IMPL dsp_slice LATENCY 3 OPTYPE add PRAGMA {} RTLNAME mac_muladd_8s_8s_32s_32_4_1_U63 SOURCE D:/project/DPUv2/dpu_conv.cpp:55 VARIABLE acc_119 LOOP OH_LOOP_OW_LOOP_IC_LOOP BUNDLEDNAME {} DSP 1 BRAM 0 URAM 0 STORAGESUBTYPE {} DISPNAME {bind_op add} VISIBLE true} {BINDTYPE op ID {} IMPL fabric LATENCY 0 OPTYPE add PRAGMA {} RTLNAME add_ln56_62_fu_5822_p2 SOURCE D:/project/DPUv2/dpu_conv.cpp:56 VARIABLE add_ln56_62 LOOP OH_LOOP_OW_LOOP_IC_LOOP BUNDLEDNAME {} DSP 0 BRAM 0 URAM 0 STORAGESUBTYPE {} DISPNAME {bind_op add} VISIBLE true} {BINDTYPE op ID {} IMPL auto LATENCY 0 OPTYPE setlt PRAGMA {} RTLNAME icmp_ln46_7_fu_3050_p2 SOURCE D:/project/DPUv2/dpu_conv.cpp:46 VARIABLE icmp_ln46_7 LOOP OH_LOOP_OW_LOOP_IC_LOOP BUNDLEDNAME {} DSP 0 BRAM 0 URAM 0 STORAGESUBTYPE {} DISPNAME {bind_op setlt} VISIBLE false} {BINDTYPE op ID {} IMPL fabric LATENCY 0 OPTYPE add PRAGMA {} RTLNAME add_ln55_254_fu_3070_p2 SOURCE D:/project/DPUv2/dpu_conv.cpp:55 VARIABLE add_ln55_254 LOOP OH_LOOP_OW_LOOP_IC_LOOP BUNDLEDNAME {} DSP 0 BRAM 0 URAM 0 STORAGESUBTYPE {} DISPNAME {bind_op add} VISIBLE true} {BINDTYPE op ID {} IMPL fabric LATENCY 0 OPTYPE add PRAGMA {} RTLNAME add_ln55_289_fu_3083_p2 SOURCE D:/project/DPUv2/dpu_conv.cpp:55 VARIABLE add_ln55_289 LOOP OH_LOOP_OW_LOOP_IC_LOOP BUNDLEDNAME {} DSP 0 BRAM 0 URAM 0 STORAGESUBTYPE {} DISPNAME {bind_op add} VISIBLE true} {BINDTYPE op ID {} IMPL dsp_slice LATENCY 3 OPTYPE mul PRAGMA {} RTLNAME mac_muladd_8s_8s_32s_32_4_1_U64 SOURCE D:/project/DPUv2/dpu_conv.cpp:55 VARIABLE mul_ln55_63 LOOP OH_LOOP_OW_LOOP_IC_LOOP BUNDLEDNAME {} DSP 1 BRAM 0 URAM 0 STORAGESUBTYPE {} DISPNAME {bind_op mul} VISIBLE true} {BINDTYPE op ID {} IMPL dsp_slice LATENCY 3 OPTYPE sext PRAGMA {} RTLNAME mac_muladd_8s_8s_32s_32_4_1_U64 SOURCE D:/project/DPUv2/dpu_conv.cpp:55 VARIABLE sext_ln55_191 LOOP OH_LOOP_OW_LOOP_IC_LOOP BUNDLEDNAME {} DSP 1 BRAM 0 URAM 0 STORAGESUBTYPE {} DISPNAME {bind_op sext} VISIBLE false} {BINDTYPE op ID {} IMPL dsp_slice LATENCY 3 OPTYPE add PRAGMA {} RTLNAME mac_muladd_8s_8s_32s_32_4_1_U64 SOURCE D:/project/DPUv2/dpu_conv.cpp:55 VARIABLE acc_121 LOOP OH_LOOP_OW_LOOP_IC_LOOP BUNDLEDNAME {} DSP 1 BRAM 0 URAM 0 STORAGESUBTYPE {} DISPNAME {bind_op add} VISIBLE true} {BINDTYPE op ID {} IMPL fabric LATENCY 0 OPTYPE add PRAGMA {} RTLNAME add_ln56_63_fu_5829_p2 SOURCE D:/project/DPUv2/dpu_conv.cpp:56 VARIABLE add_ln56_63 LOOP OH_LOOP_OW_LOOP_IC_LOOP BUNDLEDNAME {} DSP 0 BRAM 0 URAM 0 STORAGESUBTYPE {} DISPNAME {bind_op add} VISIBLE true} {BINDTYPE op ID {} IMPL fabric LATENCY 0 OPTYPE add PRAGMA {} RTLNAME add_ln55_262_fu_4914_p2 SOURCE D:/project/DPUv2/dpu_conv.cpp:55 VARIABLE add_ln55_262 LOOP OH_LOOP_OW_LOOP_IC_LOOP BUNDLEDNAME {} DSP 0 BRAM 0 URAM 0 STORAGESUBTYPE {} DISPNAME {bind_op add} VISIBLE true} {BINDTYPE op ID {} IMPL dsp_slice LATENCY 3 OPTYPE mul PRAGMA {} RTLNAME mac_muladd_8s_8s_32s_32_4_1_U65 SOURCE D:/project/DPUv2/dpu_conv.cpp:55 VARIABLE mul_ln55_64 LOOP OH_LOOP_OW_LOOP_IC_LOOP BUNDLEDNAME {} DSP 1 BRAM 0 URAM 0 STORAGESUBTYPE {} DISPNAME {bind_op mul} VISIBLE true} {BINDTYPE op ID {} IMPL dsp_slice LATENCY 3 OPTYPE sext PRAGMA {} RTLNAME mac_muladd_8s_8s_32s_32_4_1_U65 SOURCE D:/project/DPUv2/dpu_conv.cpp:55 VARIABLE sext_ln55_194 LOOP OH_LOOP_OW_LOOP_IC_LOOP BUNDLEDNAME {} DSP 1 BRAM 0 URAM 0 STORAGESUBTYPE {} DISPNAME {bind_op sext} VISIBLE false} {BINDTYPE op ID {} IMPL dsp_slice LATENCY 3 OPTYPE add PRAGMA {} RTLNAME mac_muladd_8s_8s_32s_32_4_1_U65 SOURCE D:/project/DPUv2/dpu_conv.cpp:55 VARIABLE acc_123 LOOP OH_LOOP_OW_LOOP_IC_LOOP BUNDLEDNAME {} DSP 1 BRAM 0 URAM 0 STORAGESUBTYPE {} DISPNAME {bind_op add} VISIBLE true} {BINDTYPE op ID {} IMPL fabric LATENCY 0 OPTYPE add PRAGMA {} RTLNAME add_ln56_64_fu_5847_p2 SOURCE D:/project/DPUv2/dpu_conv.cpp:56 VARIABLE add_ln56_64 LOOP OH_LOOP_OW_LOOP_IC_LOOP BUNDLEDNAME {} DSP 0 BRAM 0 URAM 0 STORAGESUBTYPE {} DISPNAME {bind_op add} VISIBLE true} {BINDTYPE op ID {} IMPL fabric LATENCY 0 OPTYPE add PRAGMA {} RTLNAME add_ln55_266_fu_4942_p2 SOURCE D:/project/DPUv2/dpu_conv.cpp:55 VARIABLE add_ln55_266 LOOP OH_LOOP_OW_LOOP_IC_LOOP BUNDLEDNAME {} DSP 0 BRAM 0 URAM 0 STORAGESUBTYPE {} DISPNAME {bind_op add} VISIBLE true} {BINDTYPE op ID {} IMPL dsp_slice LATENCY 3 OPTYPE mul PRAGMA {} RTLNAME mac_muladd_8s_8s_32s_32_4_1_U66 SOURCE D:/project/DPUv2/dpu_conv.cpp:55 VARIABLE mul_ln55_65 LOOP OH_LOOP_OW_LOOP_IC_LOOP BUNDLEDNAME {} DSP 1 BRAM 0 URAM 0 STORAGESUBTYPE {} DISPNAME {bind_op mul} VISIBLE true} {BINDTYPE op ID {} IMPL dsp_slice LATENCY 3 OPTYPE sext PRAGMA {} RTLNAME mac_muladd_8s_8s_32s_32_4_1_U66 SOURCE D:/project/DPUv2/dpu_conv.cpp:55 VARIABLE sext_ln55_197 LOOP OH_LOOP_OW_LOOP_IC_LOOP BUNDLEDNAME {} DSP 1 BRAM 0 URAM 0 STORAGESUBTYPE {} DISPNAME {bind_op sext} VISIBLE false} {BINDTYPE op ID {} IMPL dsp_slice LATENCY 3 OPTYPE add PRAGMA {} RTLNAME mac_muladd_8s_8s_32s_32_4_1_U66 SOURCE D:/project/DPUv2/dpu_conv.cpp:55 VARIABLE acc_125 LOOP OH_LOOP_OW_LOOP_IC_LOOP BUNDLEDNAME {} DSP 1 BRAM 0 URAM 0 STORAGESUBTYPE {} DISPNAME {bind_op add} VISIBLE true} {BINDTYPE op ID {} IMPL fabric LATENCY 0 OPTYPE add PRAGMA {} RTLNAME add_ln56_65_fu_5854_p2 SOURCE D:/project/DPUv2/dpu_conv.cpp:56 VARIABLE add_ln56_65 LOOP OH_LOOP_OW_LOOP_IC_LOOP BUNDLEDNAME {} DSP 0 BRAM 0 URAM 0 STORAGESUBTYPE {} DISPNAME {bind_op add} VISIBLE true} {BINDTYPE op ID {} IMPL fabric LATENCY 0 OPTYPE add PRAGMA {} RTLNAME add_ln55_268_fu_4953_p2 SOURCE D:/project/DPUv2/dpu_conv.cpp:55 VARIABLE add_ln55_268 LOOP OH_LOOP_OW_LOOP_IC_LOOP BUNDLEDNAME {} DSP 0 BRAM 0 URAM 0 STORAGESUBTYPE {} DISPNAME {bind_op add} VISIBLE true} {BINDTYPE op ID {} IMPL fabric LATENCY 0 OPTYPE add PRAGMA {} RTLNAME add_ln55_269_fu_4957_p2 SOURCE D:/project/DPUv2/dpu_conv.cpp:55 VARIABLE add_ln55_269 LOOP OH_LOOP_OW_LOOP_IC_LOOP BUNDLEDNAME {} DSP 0 BRAM 0 URAM 0 STORAGESUBTYPE {} DISPNAME {bind_op add} VISIBLE true} {BINDTYPE op ID {} IMPL fabric LATENCY 0 OPTYPE add PRAGMA {} RTLNAME add_ln55_270_fu_4969_p2 SOURCE D:/project/DPUv2/dpu_conv.cpp:55 VARIABLE add_ln55_270 LOOP OH_LOOP_OW_LOOP_IC_LOOP BUNDLEDNAME {} DSP 0 BRAM 0 URAM 0 STORAGESUBTYPE {} DISPNAME {bind_op add} VISIBLE true} {BINDTYPE op ID {} IMPL dsp_slice LATENCY 3 OPTYPE mul PRAGMA {} RTLNAME mac_muladd_8s_8s_32s_32_4_1_U67 SOURCE D:/project/DPUv2/dpu_conv.cpp:55 VARIABLE mul_ln55_66 LOOP OH_LOOP_OW_LOOP_IC_LOOP BUNDLEDNAME {} DSP 1 BRAM 0 URAM 0 STORAGESUBTYPE {} DISPNAME {bind_op mul} VISIBLE true} {BINDTYPE op ID {} IMPL dsp_slice LATENCY 3 OPTYPE sext PRAGMA {} RTLNAME mac_muladd_8s_8s_32s_32_4_1_U67 SOURCE D:/project/DPUv2/dpu_conv.cpp:55 VARIABLE sext_ln55_200 LOOP OH_LOOP_OW_LOOP_IC_LOOP BUNDLEDNAME {} DSP 1 BRAM 0 URAM 0 STORAGESUBTYPE {} DISPNAME {bind_op sext} VISIBLE false} {BINDTYPE op ID {} IMPL dsp_slice LATENCY 3 OPTYPE add PRAGMA {} RTLNAME mac_muladd_8s_8s_32s_32_4_1_U67 SOURCE D:/project/DPUv2/dpu_conv.cpp:55 VARIABLE acc_127 LOOP OH_LOOP_OW_LOOP_IC_LOOP BUNDLEDNAME {} DSP 1 BRAM 0 URAM 0 STORAGESUBTYPE {} DISPNAME {bind_op add} VISIBLE true} {BINDTYPE op ID {} IMPL fabric LATENCY 0 OPTYPE add PRAGMA {} RTLNAME add_ln56_66_fu_5872_p2 SOURCE D:/project/DPUv2/dpu_conv.cpp:56 VARIABLE add_ln56_66 LOOP OH_LOOP_OW_LOOP_IC_LOOP BUNDLEDNAME {} DSP 0 BRAM 0 URAM 0 STORAGESUBTYPE {} DISPNAME {bind_op add} VISIBLE true} {BINDTYPE op ID {} IMPL fabric LATENCY 0 OPTYPE add PRAGMA {} RTLNAME add_ln55_272_fu_4980_p2 SOURCE D:/project/DPUv2/dpu_conv.cpp:55 VARIABLE add_ln55_272 LOOP OH_LOOP_OW_LOOP_IC_LOOP BUNDLEDNAME {} DSP 0 BRAM 0 URAM 0 STORAGESUBTYPE {} DISPNAME {bind_op add} VISIBLE true} {BINDTYPE op ID {} IMPL fabric LATENCY 0 OPTYPE add PRAGMA {} RTLNAME add_ln55_273_fu_4992_p2 SOURCE D:/project/DPUv2/dpu_conv.cpp:55 VARIABLE add_ln55_273 LOOP OH_LOOP_OW_LOOP_IC_LOOP BUNDLEDNAME {} DSP 0 BRAM 0 URAM 0 STORAGESUBTYPE {} DISPNAME {bind_op add} VISIBLE true} {BINDTYPE op ID {} IMPL dsp_slice LATENCY 3 OPTYPE mul PRAGMA {} RTLNAME mac_muladd_8s_8s_32s_32_4_1_U68 SOURCE D:/project/DPUv2/dpu_conv.cpp:55 VARIABLE mul_ln55_67 LOOP OH_LOOP_OW_LOOP_IC_LOOP BUNDLEDNAME {} DSP 1 BRAM 0 URAM 0 STORAGESUBTYPE {} DISPNAME {bind_op mul} VISIBLE true} {BINDTYPE op ID {} IMPL dsp_slice LATENCY 3 OPTYPE sext PRAGMA {} RTLNAME mac_muladd_8s_8s_32s_32_4_1_U68 SOURCE D:/project/DPUv2/dpu_conv.cpp:55 VARIABLE sext_ln55_203 LOOP OH_LOOP_OW_LOOP_IC_LOOP BUNDLEDNAME {} DSP 1 BRAM 0 URAM 0 STORAGESUBTYPE {} DISPNAME {bind_op sext} VISIBLE false} {BINDTYPE op ID {} IMPL dsp_slice LATENCY 3 OPTYPE add PRAGMA {} RTLNAME mac_muladd_8s_8s_32s_32_4_1_U68 SOURCE D:/project/DPUv2/dpu_conv.cpp:55 VARIABLE acc_129 LOOP OH_LOOP_OW_LOOP_IC_LOOP BUNDLEDNAME {} DSP 1 BRAM 0 URAM 0 STORAGESUBTYPE {} DISPNAME {bind_op add} VISIBLE true} {BINDTYPE op ID {} IMPL fabric LATENCY 0 OPTYPE add PRAGMA {} RTLNAME add_ln56_67_fu_5879_p2 SOURCE D:/project/DPUv2/dpu_conv.cpp:56 VARIABLE add_ln56_67 LOOP OH_LOOP_OW_LOOP_IC_LOOP BUNDLEDNAME {} DSP 0 BRAM 0 URAM 0 STORAGESUBTYPE {} DISPNAME {bind_op add} VISIBLE true} {BINDTYPE op ID {} IMPL fabric LATENCY 0 OPTYPE add PRAGMA {} RTLNAME add_ln55_275_fu_5003_p2 SOURCE D:/project/DPUv2/dpu_conv.cpp:55 VARIABLE add_ln55_275 LOOP OH_LOOP_OW_LOOP_IC_LOOP BUNDLEDNAME {} DSP 0 BRAM 0 URAM 0 STORAGESUBTYPE {} DISPNAME {bind_op add} VISIBLE true} {BINDTYPE op ID {} IMPL fabric LATENCY 0 OPTYPE add PRAGMA {} RTLNAME add_ln55_276_fu_5015_p2 SOURCE D:/project/DPUv2/dpu_conv.cpp:55 VARIABLE add_ln55_276 LOOP OH_LOOP_OW_LOOP_IC_LOOP BUNDLEDNAME {} DSP 0 BRAM 0 URAM 0 STORAGESUBTYPE {} DISPNAME {bind_op add} VISIBLE true} {BINDTYPE op ID {} IMPL dsp_slice LATENCY 3 OPTYPE mul PRAGMA {} RTLNAME mac_muladd_8s_8s_32s_32_4_1_U69 SOURCE D:/project/DPUv2/dpu_conv.cpp:55 VARIABLE mul_ln55_68 LOOP OH_LOOP_OW_LOOP_IC_LOOP BUNDLEDNAME {} DSP 1 BRAM 0 URAM 0 STORAGESUBTYPE {} DISPNAME {bind_op mul} VISIBLE true} {BINDTYPE op ID {} IMPL dsp_slice LATENCY 3 OPTYPE sext PRAGMA {} RTLNAME mac_muladd_8s_8s_32s_32_4_1_U69 SOURCE D:/project/DPUv2/dpu_conv.cpp:55 VARIABLE sext_ln55_206 LOOP OH_LOOP_OW_LOOP_IC_LOOP BUNDLEDNAME {} DSP 1 BRAM 0 URAM 0 STORAGESUBTYPE {} DISPNAME {bind_op sext} VISIBLE false} {BINDTYPE op ID {} IMPL dsp_slice LATENCY 3 OPTYPE add PRAGMA {} RTLNAME mac_muladd_8s_8s_32s_32_4_1_U69 SOURCE D:/project/DPUv2/dpu_conv.cpp:55 VARIABLE acc_130 LOOP OH_LOOP_OW_LOOP_IC_LOOP BUNDLEDNAME {} DSP 1 BRAM 0 URAM 0 STORAGESUBTYPE {} DISPNAME {bind_op add} VISIBLE true} {BINDTYPE op ID {} IMPL fabric LATENCY 0 OPTYPE add PRAGMA {} RTLNAME add_ln56_68_fu_5885_p2 SOURCE D:/project/DPUv2/dpu_conv.cpp:56 VARIABLE add_ln56_68 LOOP OH_LOOP_OW_LOOP_IC_LOOP BUNDLEDNAME {} DSP 0 BRAM 0 URAM 0 STORAGESUBTYPE {} DISPNAME {bind_op add} VISIBLE true} {BINDTYPE op ID {} IMPL fabric LATENCY 0 OPTYPE add PRAGMA {} RTLNAME add_ln55_280_fu_5043_p2 SOURCE D:/project/DPUv2/dpu_conv.cpp:55 VARIABLE add_ln55_280 LOOP OH_LOOP_OW_LOOP_IC_LOOP BUNDLEDNAME {} DSP 0 BRAM 0 URAM 0 STORAGESUBTYPE {} DISPNAME {bind_op add} VISIBLE true} {BINDTYPE op ID {} IMPL dsp_slice LATENCY 3 OPTYPE mul PRAGMA {} RTLNAME mac_muladd_8s_8s_32s_32_4_1_U70 SOURCE D:/project/DPUv2/dpu_conv.cpp:55 VARIABLE mul_ln55_69 LOOP OH_LOOP_OW_LOOP_IC_LOOP BUNDLEDNAME {} DSP 1 BRAM 0 URAM 0 STORAGESUBTYPE {} DISPNAME {bind_op mul} VISIBLE true} {BINDTYPE op ID {} IMPL dsp_slice LATENCY 3 OPTYPE sext PRAGMA {} RTLNAME mac_muladd_8s_8s_32s_32_4_1_U70 SOURCE D:/project/DPUv2/dpu_conv.cpp:55 VARIABLE sext_ln55_209 LOOP OH_LOOP_OW_LOOP_IC_LOOP BUNDLEDNAME {} DSP 1 BRAM 0 URAM 0 STORAGESUBTYPE {} DISPNAME {bind_op sext} VISIBLE false} {BINDTYPE op ID {} IMPL dsp_slice LATENCY 3 OPTYPE add PRAGMA {} RTLNAME mac_muladd_8s_8s_32s_32_4_1_U70 SOURCE D:/project/DPUv2/dpu_conv.cpp:55 VARIABLE acc_132 LOOP OH_LOOP_OW_LOOP_IC_LOOP BUNDLEDNAME {} DSP 1 BRAM 0 URAM 0 STORAGESUBTYPE {} DISPNAME {bind_op add} VISIBLE true} {BINDTYPE op ID {} IMPL fabric LATENCY 0 OPTYPE add PRAGMA {} RTLNAME add_ln56_69_fu_5903_p2 SOURCE D:/project/DPUv2/dpu_conv.cpp:56 VARIABLE add_ln56_69 LOOP OH_LOOP_OW_LOOP_IC_LOOP BUNDLEDNAME {} DSP 0 BRAM 0 URAM 0 STORAGESUBTYPE {} DISPNAME {bind_op add} VISIBLE true} {BINDTYPE op ID {} IMPL fabric LATENCY 0 OPTYPE add PRAGMA {} RTLNAME add_ln55_284_fu_5071_p2 SOURCE D:/project/DPUv2/dpu_conv.cpp:55 VARIABLE add_ln55_284 LOOP OH_LOOP_OW_LOOP_IC_LOOP BUNDLEDNAME {} DSP 0 BRAM 0 URAM 0 STORAGESUBTYPE {} DISPNAME {bind_op add} VISIBLE true} {BINDTYPE op ID {} IMPL dsp_slice LATENCY 3 OPTYPE mul PRAGMA {} RTLNAME mac_muladd_8s_8s_32s_32_4_1_U71 SOURCE D:/project/DPUv2/dpu_conv.cpp:55 VARIABLE mul_ln55_70 LOOP OH_LOOP_OW_LOOP_IC_LOOP BUNDLEDNAME {} DSP 1 BRAM 0 URAM 0 STORAGESUBTYPE {} DISPNAME {bind_op mul} VISIBLE true} {BINDTYPE op ID {} IMPL dsp_slice LATENCY 3 OPTYPE sext PRAGMA {} RTLNAME mac_muladd_8s_8s_32s_32_4_1_U71 SOURCE D:/project/DPUv2/dpu_conv.cpp:55 VARIABLE sext_ln55_212 LOOP OH_LOOP_OW_LOOP_IC_LOOP BUNDLEDNAME {} DSP 1 BRAM 0 URAM 0 STORAGESUBTYPE {} DISPNAME {bind_op sext} VISIBLE false} {BINDTYPE op ID {} IMPL dsp_slice LATENCY 3 OPTYPE add PRAGMA {} RTLNAME mac_muladd_8s_8s_32s_32_4_1_U71 SOURCE D:/project/DPUv2/dpu_conv.cpp:55 VARIABLE acc_134 LOOP OH_LOOP_OW_LOOP_IC_LOOP BUNDLEDNAME {} DSP 1 BRAM 0 URAM 0 STORAGESUBTYPE {} DISPNAME {bind_op add} VISIBLE true} {BINDTYPE op ID {} IMPL fabric LATENCY 0 OPTYPE add PRAGMA {} RTLNAME add_ln56_70_fu_5910_p2 SOURCE D:/project/DPUv2/dpu_conv.cpp:56 VARIABLE add_ln56_70 LOOP OH_LOOP_OW_LOOP_IC_LOOP BUNDLEDNAME {} DSP 0 BRAM 0 URAM 0 STORAGESUBTYPE {} DISPNAME {bind_op add} VISIBLE true} {BINDTYPE op ID {} IMPL fabric LATENCY 0 OPTYPE add PRAGMA {} RTLNAME add_ln55_288_fu_5099_p2 SOURCE D:/project/DPUv2/dpu_conv.cpp:55 VARIABLE add_ln55_288 LOOP OH_LOOP_OW_LOOP_IC_LOOP BUNDLEDNAME {} DSP 0 BRAM 0 URAM 0 STORAGESUBTYPE {} DISPNAME {bind_op add} VISIBLE true} {BINDTYPE op ID {} IMPL dsp_slice LATENCY 3 OPTYPE mul PRAGMA {} RTLNAME mac_muladd_8s_8s_32s_32_4_1_U72 SOURCE D:/project/DPUv2/dpu_conv.cpp:55 VARIABLE mul_ln55_71 LOOP OH_LOOP_OW_LOOP_IC_LOOP BUNDLEDNAME {} DSP 1 BRAM 0 URAM 0 STORAGESUBTYPE {} DISPNAME {bind_op mul} VISIBLE true} {BINDTYPE op ID {} IMPL dsp_slice LATENCY 3 OPTYPE sext PRAGMA {} RTLNAME mac_muladd_8s_8s_32s_32_4_1_U72 SOURCE D:/project/DPUv2/dpu_conv.cpp:55 VARIABLE sext_ln55_215 LOOP OH_LOOP_OW_LOOP_IC_LOOP BUNDLEDNAME {} DSP 1 BRAM 0 URAM 0 STORAGESUBTYPE {} DISPNAME {bind_op sext} VISIBLE false} {BINDTYPE op ID {} IMPL dsp_slice LATENCY 3 OPTYPE add PRAGMA {} RTLNAME mac_muladd_8s_8s_32s_32_4_1_U72 SOURCE D:/project/DPUv2/dpu_conv.cpp:55 VARIABLE acc_136 LOOP OH_LOOP_OW_LOOP_IC_LOOP BUNDLEDNAME {} DSP 1 BRAM 0 URAM 0 STORAGESUBTYPE {} DISPNAME {bind_op add} VISIBLE true} {BINDTYPE op ID {} IMPL fabric LATENCY 0 OPTYPE add PRAGMA {} RTLNAME add_ln56_71_fu_5928_p2 SOURCE D:/project/DPUv2/dpu_conv.cpp:56 VARIABLE add_ln56_71 LOOP OH_LOOP_OW_LOOP_IC_LOOP BUNDLEDNAME {} DSP 0 BRAM 0 URAM 0 STORAGESUBTYPE {} DISPNAME {bind_op add} VISIBLE true} {BINDTYPE op ID {} IMPL fabric LATENCY 0 OPTYPE add PRAGMA {} RTLNAME add_ln36_fu_3104_p2 SOURCE D:/project/DPUv2/dpu_conv.cpp:36 VARIABLE add_ln36 LOOP OH_LOOP_OW_LOOP_IC_LOOP BUNDLEDNAME {} DSP 0 BRAM 0 URAM 0 STORAGESUBTYPE {} DISPNAME {bind_op add} VISIBLE true} {BINDTYPE op ID {} IMPL auto LATENCY 0 OPTYPE and PRAGMA {} RTLNAME and_ln66_fu_6066_p2 SOURCE D:/project/DPUv2/dpu_conv.cpp:66 VARIABLE and_ln66 LOOP OH_LOOP_OW_LOOP_IC_LOOP BUNDLEDNAME {} DSP 0 BRAM 0 URAM 0 STORAGESUBTYPE {} DISPNAME {bind_op and} VISIBLE false} {BINDTYPE op ID {} IMPL auto_sel LATENCY 0 OPTYPE select PRAGMA {} RTLNAME shifted_1_fu_6071_p3 SOURCE D:/project/DPUv2/dpu_conv.cpp:66 VARIABLE shifted_1 LOOP OH_LOOP_OW_LOOP_IC_LOOP BUNDLEDNAME {} DSP 0 BRAM 0 URAM 0 STORAGESUBTYPE {} DISPNAME {bind_op select} VISIBLE false} {BINDTYPE op ID {} IMPL auto LATENCY 0 OPTYPE setgt PRAGMA {} RTLNAME icmp_ln67_fu_6089_p2 SOURCE D:/project/DPUv2/dpu_conv.cpp:67 VARIABLE icmp_ln67 LOOP OH_LOOP_OW_LOOP_IC_LOOP BUNDLEDNAME {} DSP 0 BRAM 0 URAM 0 STORAGESUBTYPE {} DISPNAME {bind_op setgt} VISIBLE false} {BINDTYPE op ID {} IMPL auto_sel LATENCY 0 OPTYPE select PRAGMA {} RTLNAME shifted_2_fu_6100_p3 SOURCE D:/project/DPUv2/dpu_conv.cpp:67 VARIABLE shifted_2 LOOP OH_LOOP_OW_LOOP_IC_LOOP BUNDLEDNAME {} DSP 0 BRAM 0 URAM 0 STORAGESUBTYPE {} DISPNAME {bind_op select} VISIBLE false} {BINDTYPE op ID {} IMPL auto LATENCY 0 OPTYPE setlt PRAGMA {} RTLNAME icmp_ln68_fu_6106_p2 SOURCE D:/project/DPUv2/dpu_conv.cpp:68 VARIABLE icmp_ln68 LOOP OH_LOOP_OW_LOOP_IC_LOOP BUNDLEDNAME {} DSP 0 BRAM 0 URAM 0 STORAGESUBTYPE {} DISPNAME {bind_op setlt} VISIBLE false} {BINDTYPE op ID {} IMPL auto_sel LATENCY 0 OPTYPE select PRAGMA {} RTLNAME select_ln70_fu_6116_p3 SOURCE D:/project/DPUv2/dpu_conv.cpp:70 VARIABLE select_ln70 LOOP OH_LOOP_OW_LOOP_IC_LOOP BUNDLEDNAME {} DSP 0 BRAM 0 URAM 0 STORAGESUBTYPE {} DISPNAME {bind_op select} VISIBLE false} {BINDTYPE op ID {} IMPL fabric LATENCY 0 OPTYPE add PRAGMA {} RTLNAME add_ln31_4_fu_5110_p2 SOURCE D:/project/DPUv2/dpu_conv.cpp:31 VARIABLE add_ln31_4 LOOP OH_LOOP_OW_LOOP_IC_LOOP BUNDLEDNAME {} DSP 0 BRAM 0 URAM 0 STORAGESUBTYPE {} DISPNAME {bind_op add} VISIBLE true} {BINDTYPE op ID {} IMPL auto LATENCY 0 OPTYPE seteq PRAGMA {} RTLNAME icmp_ln31_2_fu_5115_p2 SOURCE D:/project/DPUv2/dpu_conv.cpp:31 VARIABLE icmp_ln31_2 LOOP OH_LOOP_OW_LOOP_IC_LOOP BUNDLEDNAME {} DSP 0 BRAM 0 URAM 0 STORAGESUBTYPE {} DISPNAME {bind_op seteq} VISIBLE false} {BINDTYPE op ID {} IMPL fabric LATENCY 0 OPTYPE add PRAGMA {} RTLNAME add_ln31_5_fu_2270_p2 SOURCE D:/project/DPUv2/dpu_conv.cpp:31 VARIABLE add_ln31_5 LOOP OH_LOOP_OW_LOOP_IC_LOOP BUNDLEDNAME {} DSP 0 BRAM 0 URAM 0 STORAGESUBTYPE {} DISPNAME {bind_op add} VISIBLE true} {BINDTYPE op ID {} IMPL auto_sel LATENCY 0 OPTYPE select PRAGMA {} RTLNAME select_ln31_2_fu_2276_p3 SOURCE D:/project/DPUv2/dpu_conv.cpp:31 VARIABLE select_ln31_2 LOOP OH_LOOP_OW_LOOP_IC_LOOP BUNDLEDNAME {} DSP 0 BRAM 0 URAM 0 STORAGESUBTYPE {} DISPNAME {bind_op select} VISIBLE false}} AREA {DSP 72 BRAM 0 URAM 0}} conv3x3_relu {BINDINFO {{BINDTYPE op ID {} IMPL auto LATENCY 0 OPTYPE mul PRAGMA {} RTLNAME mul_8ns_11ns_19_1_1_U123 SOURCE D:/project/DPUv2/dpu_conv.cpp:23 VARIABLE bound7 LOOP {} BUNDLEDNAME {} DSP 1 BRAM 0 URAM 0 STORAGESUBTYPE {} DISPNAME {bind_op mul} VISIBLE true} {BINDTYPE op ID {} IMPL auto LATENCY 0 OPTYPE seteq PRAGMA {} RTLNAME icmp_ln23_fu_468_p2 SOURCE D:/project/DPUv2/dpu_conv.cpp:23 VARIABLE icmp_ln23 LOOP OC_LOOP BUNDLEDNAME {} DSP 0 BRAM 0 URAM 0 STORAGESUBTYPE {} DISPNAME {bind_op seteq} VISIBLE false} {BINDTYPE op ID {} IMPL fabric LATENCY 0 OPTYPE add PRAGMA {} RTLNAME add_ln23_fu_473_p2 SOURCE D:/project/DPUv2/dpu_conv.cpp:23 VARIABLE add_ln23 LOOP OC_LOOP BUNDLEDNAME {} DSP 0 BRAM 0 URAM 0 STORAGESUBTYPE {} DISPNAME {bind_op add} VISIBLE true} {BINDTYPE op ID {} IMPL fabric LATENCY 0 OPTYPE add PRAGMA {} RTLNAME add_ln33_fu_491_p2 SOURCE D:/project/DPUv2/dpu_conv.cpp:33 VARIABLE add_ln33 LOOP OC_LOOP BUNDLEDNAME {} DSP 0 BRAM 0 URAM 0 STORAGESUBTYPE {} DISPNAME {bind_op add} VISIBLE true}} AREA {DSP 73 BRAM 0 URAM 0}} dpu_conv_top_Pipeline_COPY_OC_COPY_H_COPY_W {BINDINFO {{BINDTYPE op ID {} IMPL auto LATENCY 0 OPTYPE seteq PRAGMA {} RTLNAME icmp_ln115_fu_234_p2 SOURCE D:/project/DPUv2/dpu_conv.cpp:115 VARIABLE icmp_ln115 LOOP COPY_OC_COPY_H_COPY_W BUNDLEDNAME {} DSP 0 BRAM 0 URAM 0 STORAGESUBTYPE {} DISPNAME {bind_op seteq} VISIBLE false} {BINDTYPE op ID {} IMPL fabric LATENCY 0 OPTYPE add PRAGMA {} RTLNAME add_ln115_fu_239_p2 SOURCE D:/project/DPUv2/dpu_conv.cpp:115 VARIABLE add_ln115 LOOP COPY_OC_COPY_H_COPY_W BUNDLEDNAME {} DSP 0 BRAM 0 URAM 0 STORAGESUBTYPE {} DISPNAME {bind_op add} VISIBLE true} {BINDTYPE op ID {} IMPL auto LATENCY 0 OPTYPE seteq PRAGMA {} RTLNAME icmp_ln117_fu_245_p2 SOURCE D:/project/DPUv2/dpu_conv.cpp:117 VARIABLE icmp_ln117 LOOP COPY_OC_COPY_H_COPY_W BUNDLEDNAME {} DSP 0 BRAM 0 URAM 0 STORAGESUBTYPE {} DISPNAME {bind_op seteq} VISIBLE false} {BINDTYPE op ID {} IMPL auto_sel LATENCY 0 OPTYPE select PRAGMA {} RTLNAME select_ln115_fu_340_p3 SOURCE D:/project/DPUv2/dpu_conv.cpp:115 VARIABLE select_ln115 LOOP COPY_OC_COPY_H_COPY_W BUNDLEDNAME {} DSP 0 BRAM 0 URAM 0 STORAGESUBTYPE {} DISPNAME {bind_op select} VISIBLE false} {BINDTYPE op ID {} IMPL auto LATENCY 0 OPTYPE or PRAGMA {} RTLNAME or_ln115_fu_250_p2 SOURCE D:/project/DPUv2/dpu_conv.cpp:115 VARIABLE or_ln115 LOOP COPY_OC_COPY_H_COPY_W BUNDLEDNAME {} DSP 0 BRAM 0 URAM 0 STORAGESUBTYPE {} DISPNAME {bind_op or} VISIBLE false} {BINDTYPE op ID {} IMPL fabric LATENCY 0 OPTYPE add PRAGMA {} RTLNAME add_ln115_1_fu_347_p2 SOURCE D:/project/DPUv2/dpu_conv.cpp:115 VARIABLE add_ln115_1 LOOP COPY_OC_COPY_H_COPY_W BUNDLEDNAME {} DSP 0 BRAM 0 URAM 0 STORAGESUBTYPE {} DISPNAME {bind_op add} VISIBLE true} {BINDTYPE op ID {} IMPL auto_sel LATENCY 0 OPTYPE select PRAGMA {} RTLNAME select_ln115_1_fu_427_p3 SOURCE D:/project/DPUv2/dpu_conv.cpp:115 VARIABLE select_ln115_1 LOOP COPY_OC_COPY_H_COPY_W BUNDLEDNAME {} DSP 0 BRAM 0 URAM 0 STORAGESUBTYPE {} DISPNAME {bind_op select} VISIBLE false} {BINDTYPE op ID {} IMPL auto_sel LATENCY 0 OPTYPE select PRAGMA {} RTLNAME select_ln115_2_fu_438_p3 SOURCE D:/project/DPUv2/dpu_conv.cpp:115 VARIABLE select_ln115_2 LOOP COPY_OC_COPY_H_COPY_W BUNDLEDNAME {} DSP 0 BRAM 0 URAM 0 STORAGESUBTYPE {} DISPNAME {bind_op select} VISIBLE false} {BINDTYPE op ID {} IMPL fabric LATENCY 0 OPTYPE add PRAGMA {} RTLNAME add_ln119_4_fu_445_p2 SOURCE D:/project/DPUv2/dpu_conv.cpp:119 VARIABLE add_ln119_4 LOOP COPY_OC_COPY_H_COPY_W BUNDLEDNAME {} DSP 0 BRAM 0 URAM 0 STORAGESUBTYPE {} DISPNAME {bind_op add} VISIBLE true} {BINDTYPE op ID {} IMPL auto_sel LATENCY 0 OPTYPE select PRAGMA {} RTLNAME select_ln115_3_fu_450_p3 SOURCE D:/project/DPUv2/dpu_conv.cpp:115 VARIABLE select_ln115_3 LOOP COPY_OC_COPY_H_COPY_W BUNDLEDNAME {} DSP 0 BRAM 0 URAM 0 STORAGESUBTYPE {} DISPNAME {bind_op select} VISIBLE false} {BINDTYPE op ID {} IMPL auto LATENCY 0 OPTYPE seteq PRAGMA {} RTLNAME icmp_ln119_fu_256_p2 SOURCE D:/project/DPUv2/dpu_conv.cpp:119 VARIABLE icmp_ln119 LOOP COPY_OC_COPY_H_COPY_W BUNDLEDNAME {} DSP 0 BRAM 0 URAM 0 STORAGESUBTYPE {} DISPNAME {bind_op seteq} VISIBLE false} {BINDTYPE op ID {} IMPL auto LATENCY 0 OPTYPE seteq PRAGMA {} RTLNAME icmp_ln119_1_fu_261_p2 SOURCE D:/project/DPUv2/dpu_conv.cpp:119 VARIABLE icmp_ln119_1 LOOP COPY_OC_COPY_H_COPY_W BUNDLEDNAME {} DSP 0 BRAM 0 URAM 0 STORAGESUBTYPE {} DISPNAME {bind_op seteq} VISIBLE false} {BINDTYPE op ID {} IMPL auto_sel LATENCY 0 OPTYPE select PRAGMA {} RTLNAME select_ln115_4_fu_266_p3 SOURCE D:/project/DPUv2/dpu_conv.cpp:115 VARIABLE select_ln115_4 LOOP COPY_OC_COPY_H_COPY_W BUNDLEDNAME {} DSP 0 BRAM 0 URAM 0 STORAGESUBTYPE {} DISPNAME {bind_op select} VISIBLE false} {BINDTYPE op ID {} IMPL auto_sel LATENCY 0 OPTYPE select PRAGMA {} RTLNAME select_ln115_5_fu_353_p3 SOURCE D:/project/DPUv2/dpu_conv.cpp:115 VARIABLE select_ln115_5 LOOP COPY_OC_COPY_H_COPY_W BUNDLEDNAME {} DSP 0 BRAM 0 URAM 0 STORAGESUBTYPE {} DISPNAME {bind_op select} VISIBLE false} {BINDTYPE op ID {} IMPL fabric LATENCY 0 OPTYPE add PRAGMA {} RTLNAME add_ln117_fu_360_p2 SOURCE D:/project/DPUv2/dpu_conv.cpp:117 VARIABLE add_ln117 LOOP COPY_OC_COPY_H_COPY_W BUNDLEDNAME {} DSP 0 BRAM 0 URAM 0 STORAGESUBTYPE {} DISPNAME {bind_op add} VISIBLE true} {BINDTYPE op ID {} IMPL auto LATENCY 0 OPTYPE or PRAGMA {} RTLNAME or_ln117_fu_274_p2 SOURCE D:/project/DPUv2/dpu_conv.cpp:117 VARIABLE or_ln117 LOOP COPY_OC_COPY_H_COPY_W BUNDLEDNAME {} DSP 0 BRAM 0 URAM 0 STORAGESUBTYPE {} DISPNAME {bind_op or} VISIBLE false} {BINDTYPE op ID {} IMPL auto_sel LATENCY 0 OPTYPE select PRAGMA {} RTLNAME select_ln117_fu_468_p3 SOURCE D:/project/DPUv2/dpu_conv.cpp:117 VARIABLE select_ln117 LOOP COPY_OC_COPY_H_COPY_W BUNDLEDNAME {} DSP 0 BRAM 0 URAM 0 STORAGESUBTYPE {} DISPNAME {bind_op select} VISIBLE false} {BINDTYPE op ID {} IMPL auto_sel LATENCY 0 OPTYPE select PRAGMA {} RTLNAME select_ln117_1_fu_490_p3 SOURCE D:/project/DPUv2/dpu_conv.cpp:117 VARIABLE select_ln117_1 LOOP COPY_OC_COPY_H_COPY_W BUNDLEDNAME {} DSP 0 BRAM 0 URAM 0 STORAGESUBTYPE {} DISPNAME {bind_op select} VISIBLE false} {BINDTYPE op ID {} IMPL auto_sel LATENCY 0 OPTYPE select PRAGMA {} RTLNAME select_ln117_2_fu_366_p3 SOURCE D:/project/DPUv2/dpu_conv.cpp:117 VARIABLE select_ln117_2 LOOP COPY_OC_COPY_H_COPY_W BUNDLEDNAME {} DSP 0 BRAM 0 URAM 0 STORAGESUBTYPE {} DISPNAME {bind_op select} VISIBLE false} {BINDTYPE op ID {} IMPL fabric LATENCY 0 OPTYPE add PRAGMA {} RTLNAME add_ln119_7_fu_280_p2 SOURCE D:/project/DPUv2/dpu_conv.cpp:119 VARIABLE add_ln119_7 LOOP COPY_OC_COPY_H_COPY_W BUNDLEDNAME {} DSP 0 BRAM 0 URAM 0 STORAGESUBTYPE {} DISPNAME {bind_op add} VISIBLE true} {BINDTYPE op ID {} IMPL auto LATENCY 0 OPTYPE or PRAGMA {} RTLNAME or_ln119_fu_286_p2 SOURCE D:/project/DPUv2/dpu_conv.cpp:119 VARIABLE or_ln119 LOOP COPY_OC_COPY_H_COPY_W BUNDLEDNAME {} DSP 0 BRAM 0 URAM 0 STORAGESUBTYPE {} DISPNAME {bind_op or} VISIBLE false} {BINDTYPE op ID {} IMPL auto_sel LATENCY 0 OPTYPE select PRAGMA {} RTLNAME select_ln119_fu_292_p3 SOURCE D:/project/DPUv2/dpu_conv.cpp:119 VARIABLE select_ln119 LOOP COPY_OC_COPY_H_COPY_W BUNDLEDNAME {} DSP 0 BRAM 0 URAM 0 STORAGESUBTYPE {} DISPNAME {bind_op select} VISIBLE false} {BINDTYPE op ID {} IMPL auto LATENCY 0 OPTYPE seteq PRAGMA {} RTLNAME icmp_ln119_2_fu_300_p2 SOURCE D:/project/DPUv2/dpu_conv.cpp:119 VARIABLE icmp_ln119_2 LOOP COPY_OC_COPY_H_COPY_W BUNDLEDNAME {} DSP 0 BRAM 0 URAM 0 STORAGESUBTYPE {} DISPNAME {bind_op seteq} VISIBLE false} {BINDTYPE op ID {} IMPL fabric LATENCY 0 OPTYPE add PRAGMA {} RTLNAME add_ln117_1_fu_305_p2 SOURCE D:/project/DPUv2/dpu_conv.cpp:117 VARIABLE add_ln117_1 LOOP COPY_OC_COPY_H_COPY_W BUNDLEDNAME {} DSP 0 BRAM 0 URAM 0 STORAGESUBTYPE {} DISPNAME {bind_op add} VISIBLE true} {BINDTYPE op ID {} IMPL auto_sel LATENCY 0 OPTYPE select PRAGMA {} RTLNAME select_ln117_3_fu_311_p3 SOURCE D:/project/DPUv2/dpu_conv.cpp:117 VARIABLE select_ln117_3 LOOP COPY_OC_COPY_H_COPY_W BUNDLEDNAME {} DSP 0 BRAM 0 URAM 0 STORAGESUBTYPE {} DISPNAME {bind_op select} VISIBLE false}} AREA {DSP 0 BRAM 0 URAM 0}} dpu_conv_top_Pipeline_POOL_OC_POOL_H_POOL_W {BINDINFO {{BINDTYPE op ID {} IMPL auto LATENCY 0 OPTYPE seteq PRAGMA {} RTLNAME icmp_ln85_fu_248_p2 SOURCE D:/project/DPUv2/dpu_conv.cpp:85 VARIABLE icmp_ln85 LOOP POOL_OC_POOL_H_POOL_W BUNDLEDNAME {} DSP 0 BRAM 0 URAM 0 STORAGESUBTYPE {} DISPNAME {bind_op seteq} VISIBLE false} {BINDTYPE op ID {} IMPL fabric LATENCY 0 OPTYPE add PRAGMA {} RTLNAME add_ln85_fu_253_p2 SOURCE D:/project/DPUv2/dpu_conv.cpp:85 VARIABLE add_ln85 LOOP POOL_OC_POOL_H_POOL_W BUNDLEDNAME {} DSP 0 BRAM 0 URAM 0 STORAGESUBTYPE {} DISPNAME {bind_op add} VISIBLE true} {BINDTYPE op ID {} IMPL auto LATENCY 0 OPTYPE seteq PRAGMA {} RTLNAME icmp_ln87_fu_262_p2 SOURCE D:/project/DPUv2/dpu_conv.cpp:87 VARIABLE icmp_ln87 LOOP POOL_OC_POOL_H_POOL_W BUNDLEDNAME {} DSP 0 BRAM 0 URAM 0 STORAGESUBTYPE {} DISPNAME {bind_op seteq} VISIBLE false} {BINDTYPE op ID {} IMPL auto_sel LATENCY 0 OPTYPE select PRAGMA {} RTLNAME select_ln85_fu_267_p3 SOURCE D:/project/DPUv2/dpu_conv.cpp:85 VARIABLE select_ln85 LOOP POOL_OC_POOL_H_POOL_W BUNDLEDNAME {} DSP 0 BRAM 0 URAM 0 STORAGESUBTYPE {} DISPNAME {bind_op select} VISIBLE false} {BINDTYPE op ID {} IMPL fabric LATENCY 0 OPTYPE add PRAGMA {} RTLNAME add_ln85_1_fu_275_p2 SOURCE D:/project/DPUv2/dpu_conv.cpp:85 VARIABLE add_ln85_1 LOOP POOL_OC_POOL_H_POOL_W BUNDLEDNAME {} DSP 0 BRAM 0 URAM 0 STORAGESUBTYPE {} DISPNAME {bind_op add} VISIBLE true} {BINDTYPE op ID {} IMPL auto_sel LATENCY 0 OPTYPE select PRAGMA {} RTLNAME select_ln85_1_fu_289_p3 SOURCE D:/project/DPUv2/dpu_conv.cpp:85 VARIABLE select_ln85_1 LOOP POOL_OC_POOL_H_POOL_W BUNDLEDNAME {} DSP 0 BRAM 0 URAM 0 STORAGESUBTYPE {} DISPNAME {bind_op select} VISIBLE false} {BINDTYPE op ID {} IMPL fabric LATENCY 0 OPTYPE add PRAGMA {} RTLNAME add_ln91_8_fu_415_p2 SOURCE D:/project/DPUv2/dpu_conv.cpp:91 VARIABLE add_ln91_8 LOOP POOL_OC_POOL_H_POOL_W BUNDLEDNAME {} DSP 0 BRAM 0 URAM 0 STORAGESUBTYPE {} DISPNAME {bind_op add} VISIBLE true} {BINDTYPE op ID {} IMPL auto_sel LATENCY 0 OPTYPE select PRAGMA {} RTLNAME select_ln85_2_fu_420_p3 SOURCE D:/project/DPUv2/dpu_conv.cpp:85 VARIABLE select_ln85_2 LOOP POOL_OC_POOL_H_POOL_W BUNDLEDNAME {} DSP 0 BRAM 0 URAM 0 STORAGESUBTYPE {} DISPNAME {bind_op select} VISIBLE false} {BINDTYPE op ID {} IMPL auto LATENCY 0 OPTYPE seteq PRAGMA {} RTLNAME icmp_ln89_fu_301_p2 SOURCE D:/project/DPUv2/dpu_conv.cpp:89 VARIABLE icmp_ln89 LOOP POOL_OC_POOL_H_POOL_W BUNDLEDNAME {} DSP 0 BRAM 0 URAM 0 STORAGESUBTYPE {} DISPNAME {bind_op seteq} VISIBLE false} {BINDTYPE op ID {} IMPL auto LATENCY 0 OPTYPE seteq PRAGMA {} RTLNAME icmp_ln89_1_fu_306_p2 SOURCE D:/project/DPUv2/dpu_conv.cpp:89 VARIABLE icmp_ln89_1 LOOP POOL_OC_POOL_H_POOL_W BUNDLEDNAME {} DSP 0 BRAM 0 URAM 0 STORAGESUBTYPE {} DISPNAME {bind_op seteq} VISIBLE false} {BINDTYPE op ID {} IMPL auto_sel LATENCY 0 OPTYPE select PRAGMA {} RTLNAME select_ln85_3_fu_311_p3 SOURCE D:/project/DPUv2/dpu_conv.cpp:85 VARIABLE select_ln85_3 LOOP POOL_OC_POOL_H_POOL_W BUNDLEDNAME {} DSP 0 BRAM 0 URAM 0 STORAGESUBTYPE {} DISPNAME {bind_op select} VISIBLE false} {BINDTYPE op ID {} IMPL auto_sel LATENCY 0 OPTYPE select PRAGMA {} RTLNAME select_ln85_4_fu_319_p3 SOURCE D:/project/DPUv2/dpu_conv.cpp:85 VARIABLE select_ln85_4 LOOP POOL_OC_POOL_H_POOL_W BUNDLEDNAME {} DSP 0 BRAM 0 URAM 0 STORAGESUBTYPE {} DISPNAME {bind_op select} VISIBLE false} {BINDTYPE op ID {} IMPL fabric LATENCY 0 OPTYPE add PRAGMA {} RTLNAME add_ln87_fu_327_p2 SOURCE D:/project/DPUv2/dpu_conv.cpp:87 VARIABLE add_ln87 LOOP POOL_OC_POOL_H_POOL_W BUNDLEDNAME {} DSP 0 BRAM 0 URAM 0 STORAGESUBTYPE {} DISPNAME {bind_op add} VISIBLE true} {BINDTYPE op ID {} IMPL auto LATENCY 0 OPTYPE or PRAGMA {} RTLNAME empty_67_fu_333_p2 SOURCE D:/project/DPUv2/dpu_conv.cpp:85 VARIABLE empty_67 LOOP POOL_OC_POOL_H_POOL_W BUNDLEDNAME {} DSP 0 BRAM 0 URAM 0 STORAGESUBTYPE {} DISPNAME {bind_op or} VISIBLE false} {BINDTYPE op ID {} IMPL auto_sel LATENCY 0 OPTYPE select PRAGMA {} RTLNAME ow_mid2_fu_339_p3 SOURCE D:/project/DPUv2/dpu_conv.cpp:85 VARIABLE ow_mid2 LOOP POOL_OC_POOL_H_POOL_W BUNDLEDNAME {} DSP 0 BRAM 0 URAM 0 STORAGESUBTYPE {} DISPNAME {bind_op select} VISIBLE false} {BINDTYPE op ID {} IMPL auto_sel LATENCY 0 OPTYPE select PRAGMA {} RTLNAME add_ln91_2_mid2_fu_448_p3 SOURCE D:/project/DPUv2/dpu_conv.cpp:85 VARIABLE add_ln91_2_mid2 LOOP POOL_OC_POOL_H_POOL_W BUNDLEDNAME {} DSP 0 BRAM 0 URAM 0 STORAGESUBTYPE {} DISPNAME {bind_op select} VISIBLE false} {BINDTYPE op ID {} IMPL auto_sel LATENCY 0 OPTYPE select PRAGMA {} RTLNAME select_ln87_fu_455_p3 SOURCE D:/project/DPUv2/dpu_conv.cpp:87 VARIABLE select_ln87 LOOP POOL_OC_POOL_H_POOL_W BUNDLEDNAME {} DSP 0 BRAM 0 URAM 0 STORAGESUBTYPE {} DISPNAME {bind_op select} VISIBLE false} {BINDTYPE op ID {} IMPL auto LATENCY 0 OPTYPE seteq PRAGMA {} RTLNAME first_iter_0_fu_347_p2 SOURCE D:/project/DPUv2/dpu_conv.cpp:85 VARIABLE first_iter_0 LOOP POOL_OC_POOL_H_POOL_W BUNDLEDNAME {} DSP 0 BRAM 0 URAM 0 STORAGESUBTYPE {} DISPNAME {bind_op seteq} VISIBLE false} {BINDTYPE op ID {} IMPL fabric LATENCY 0 OPTYPE add PRAGMA {} RTLNAME add_ln91_fu_353_p2 SOURCE D:/project/DPUv2/dpu_conv.cpp:91 VARIABLE add_ln91 LOOP POOL_OC_POOL_H_POOL_W BUNDLEDNAME {} DSP 0 BRAM 0 URAM 0 STORAGESUBTYPE {} DISPNAME {bind_op add} VISIBLE true} {BINDTYPE op ID {} IMPL fabric LATENCY 0 OPTYPE add PRAGMA {} RTLNAME add_ln91_4_fu_498_p2 SOURCE D:/project/DPUv2/dpu_conv.cpp:91 VARIABLE add_ln91_4 LOOP POOL_OC_POOL_H_POOL_W BUNDLEDNAME {} DSP 0 BRAM 0 URAM 0 STORAGESUBTYPE {} DISPNAME {bind_op add} VISIBLE true} {BINDTYPE op ID {} IMPL auto LATENCY 0 OPTYPE setgt PRAGMA {} RTLNAME icmp_ln96_fu_563_p2 SOURCE D:/project/DPUv2/dpu_conv.cpp:96 VARIABLE icmp_ln96 LOOP POOL_OC_POOL_H_POOL_W BUNDLEDNAME {} DSP 0 BRAM 0 URAM 0 STORAGESUBTYPE {} DISPNAME {bind_op setgt} VISIBLE false} {BINDTYPE op ID {} IMPL auto_sel LATENCY 0 OPTYPE select PRAGMA {} RTLNAME m0_fu_568_p3 SOURCE D:/project/DPUv2/dpu_conv.cpp:96 VARIABLE m0 LOOP POOL_OC_POOL_H_POOL_W BUNDLEDNAME {} DSP 0 BRAM 0 URAM 0 STORAGESUBTYPE {} DISPNAME {bind_op select} VISIBLE false} {BINDTYPE op ID {} IMPL auto LATENCY 0 OPTYPE setgt PRAGMA {} RTLNAME icmp_ln97_fu_575_p2 SOURCE D:/project/DPUv2/dpu_conv.cpp:97 VARIABLE icmp_ln97 LOOP POOL_OC_POOL_H_POOL_W BUNDLEDNAME {} DSP 0 BRAM 0 URAM 0 STORAGESUBTYPE {} DISPNAME {bind_op setgt} VISIBLE false} {BINDTYPE op ID {} IMPL auto_sel LATENCY 0 OPTYPE select PRAGMA {} RTLNAME m1_fu_580_p3 SOURCE D:/project/DPUv2/dpu_conv.cpp:97 VARIABLE m1 LOOP POOL_OC_POOL_H_POOL_W BUNDLEDNAME {} DSP 0 BRAM 0 URAM 0 STORAGESUBTYPE {} DISPNAME {bind_op select} VISIBLE false} {BINDTYPE op ID {} IMPL auto LATENCY 0 OPTYPE setgt PRAGMA {} RTLNAME icmp_ln98_fu_587_p2 SOURCE D:/project/DPUv2/dpu_conv.cpp:98 VARIABLE icmp_ln98 LOOP POOL_OC_POOL_H_POOL_W BUNDLEDNAME {} DSP 0 BRAM 0 URAM 0 STORAGESUBTYPE {} DISPNAME {bind_op setgt} VISIBLE false} {BINDTYPE op ID {} IMPL auto_sel LATENCY 0 OPTYPE select PRAGMA {} RTLNAME select_ln98_fu_592_p3 SOURCE D:/project/DPUv2/dpu_conv.cpp:98 VARIABLE select_ln98 LOOP POOL_OC_POOL_H_POOL_W BUNDLEDNAME {} DSP 0 BRAM 0 URAM 0 STORAGESUBTYPE {} DISPNAME {bind_op select} VISIBLE false} {BINDTYPE op ID {} IMPL fabric LATENCY 0 OPTYPE add PRAGMA {} RTLNAME add_ln89_fu_543_p2 SOURCE D:/project/DPUv2/dpu_conv.cpp:89 VARIABLE add_ln89 LOOP POOL_OC_POOL_H_POOL_W BUNDLEDNAME {} DSP 0 BRAM 0 URAM 0 STORAGESUBTYPE {} DISPNAME {bind_op add} VISIBLE true} {BINDTYPE op ID {} IMPL auto LATENCY 0 OPTYPE seteq PRAGMA {} RTLNAME icmp_ln89_2_fu_548_p2 SOURCE D:/project/DPUv2/dpu_conv.cpp:89 VARIABLE icmp_ln89_2 LOOP POOL_OC_POOL_H_POOL_W BUNDLEDNAME {} DSP 0 BRAM 0 URAM 0 STORAGESUBTYPE {} DISPNAME {bind_op seteq} VISIBLE false} {BINDTYPE op ID {} IMPL fabric LATENCY 0 OPTYPE add PRAGMA {} RTLNAME add_ln87_1_fu_358_p2 SOURCE D:/project/DPUv2/dpu_conv.cpp:87 VARIABLE add_ln87_1 LOOP POOL_OC_POOL_H_POOL_W BUNDLEDNAME {} DSP 0 BRAM 0 URAM 0 STORAGESUBTYPE {} DISPNAME {bind_op add} VISIBLE true} {BINDTYPE op ID {} IMPL auto_sel LATENCY 0 OPTYPE select PRAGMA {} RTLNAME select_ln87_1_fu_364_p3 SOURCE D:/project/DPUv2/dpu_conv.cpp:87 VARIABLE select_ln87_1 LOOP POOL_OC_POOL_H_POOL_W BUNDLEDNAME {} DSP 0 BRAM 0 URAM 0 STORAGESUBTYPE {} DISPNAME {bind_op select} VISIBLE false}} AREA {DSP 0 BRAM 0 URAM 0}} dpu_conv_top {BINDINFO {{BINDTYPE op ID {} IMPL auto LATENCY 0 OPTYPE mul PRAGMA {} RTLNAME mul_8ns_8ns_16_1_1_U182 SOURCE D:/project/DPUv2/dpu_conv.cpp:112 VARIABLE mul_ln112 LOOP {} BUNDLEDNAME {} DSP 0 BRAM 0 URAM 0 STORAGESUBTYPE {} DISPNAME {bind_op mul} VISIBLE true} {BINDTYPE op ID {} IMPL auto LATENCY 0 OPTYPE mul PRAGMA {} RTLNAME mul_8ns_16ns_24_1_1_U184 SOURCE D:/project/DPUv2/dpu_conv.cpp:112 VARIABLE mul_ln112_1 LOOP {} BUNDLEDNAME {} DSP 1 BRAM 0 URAM 0 STORAGESUBTYPE {} DISPNAME {bind_op mul} VISIBLE true} {BINDTYPE op ID {} IMPL auto LATENCY 0 OPTYPE mul PRAGMA {} RTLNAME mul_7ns_7ns_14_1_1_U183 SOURCE D:/project/DPUv2/dpu_conv.cpp:82 VARIABLE mul_ln82 LOOP {} BUNDLEDNAME {} DSP 0 BRAM 0 URAM 0 STORAGESUBTYPE {} DISPNAME {bind_op mul} VISIBLE true} {BINDTYPE op ID {} IMPL auto LATENCY 0 OPTYPE mul PRAGMA {} RTLNAME mul_8ns_14ns_22_1_1_U185 SOURCE D:/project/DPUv2/dpu_conv.cpp:82 VARIABLE mul_ln82_1 LOOP {} BUNDLEDNAME {} DSP 1 BRAM 0 URAM 0 STORAGESUBTYPE {} DISPNAME {bind_op mul} VISIBLE true}} AREA {DSP 75 BRAM 36 URAM 0}}}}'
INFO-FLOW: DBG:PUTS:      update_csynth_reports json2rpt_hw_sw_interfaces
Execute     send_msg_by_id INFO @200-1603@%s  and missed bursts 
INFO: [HLS 200-1603] Design has inferred MAXI bursts and missed bursts, see Vitis HLS GUI synthesis summary report for detailed information.
INFO-FLOW: Running: gen_csynth_sec_pragma
INFO-FLOW: Done: gen_csynth_sec_pragma time: 0.1 seconds 
Execute     send_msg_by_id INFO @200-2225@%s D:/project/DPU_Project/DPU_HLS/dpu_conv_top/hls/syn/inferred_directives.ini 
INFO: [HLS 200-2225] Wrote inferred directives to file D:/project/DPU_Project/DPU_HLS/dpu_conv_top/hls/syn/inferred_directives.ini
INFO-FLOW: DBG:PUTS:      update_csynth_reports wrote xml
INFO-FLOW: DBG:PUTS:      update_csynth_reports appended to csynth rpt file
INFO-FLOW: Done: add_csynth_report_sections time: 1.5 seconds 
INFO: [HLS 200-111] Finished Updating report files: CPU user time: 7 seconds. CPU system time: 1 seconds. Elapsed time: 15.018 seconds; current allocated memory: 394.543 MB.
INFO: [VHDL 208-304] Generating VHDL RTL for dpu_conv_top.
INFO: [VLOG 209-307] Generating Verilog RTL for dpu_conv_top.
Execute     syn_report -model dpu_conv_top -printsummary 
INFO: [HLS 200-790] **** Loop Constraint Status: All loop constraints were NOT satisfied.
INFO: [HLS 200-789] **** Estimated Fmax: 124.53 MHz
Execute     AP::msg_collection_file -close 
Command   csynth_design done; 116.244 sec.
Execute   export_design -flow none -format ip_catalog 
Execute     config_export -flow=none -format=ip_catalog 
INFO-FLOW: DBG:PUTS: export_design_wrap: -format ip_catalog -rtl verilog
Execute     source D:/project/DPU_Project/DPU_HLS/dpu_conv_top/hls/.autopilot/db/global.setting.tcl 
INFO-FLOW: DBG:PUTS:   auto_impl: pack: -export -rtl verilog
INFO-FLOW: DBG:PROC: ::AESL_AUTOIMPL::auto_impl args='-export -rtl verilog'
Execute     source D:/project/DPU_Project/DPU_HLS/dpu_conv_top/hls/.autopilot/db/global.setting.tcl 
INFO: [IMPL 213-8] Exporting RTL as a Vivado IP.
INFO-FLOW: DBG:PUTS: automg_wrap -export -pcore_version 1.00.a -rtl vlog -tool Vivado -impltomg_flag
INFO-FLOW: DBG:PROC: ::AESL_AUTOMG::auto_generate args='-export -pcore_version 1.00.a -rtl vlog -tool Vivado -impltomg_flag'
INFO-FLOW: DBG:PUTS:     auto_generate -export -pcore_version 1.00.a -rtl vlog -tool Vivado -impltomg_flag
Execute     source D:/project/DPU_Project/DPU_HLS/dpu_conv_top/hls/.autopilot/db/global.setting.tcl 
INFO-FLOW: DBG:PUTS: read_platform_lib D:/project/DPU_Project/DPU_HLS/dpu_conv_top/hls/.autopilot/db/global.setting.tcl
Execute     source C:/AMDDesignTools/2025.2/Vitis/common/technology/generic/autopilot/common.gen 
Execute       source C:/AMDDesignTools/2025.2/Vitis/common/technology/generic/autopilot/APCoreGen.gen 
Execute     source C:/AMDDesignTools/2025.2/Vitis/common/technology/generic/autopilot/op.gen 
Execute     source C:/AMDDesignTools/2025.2/Vitis/common/technology/generic/autopilot/op_simcore.gen 
Execute     source C:/AMDDesignTools/2025.2/Vitis/common/technology/generic/autopilot/interface.gen 
Execute     source D:/project/DPU_Project/DPU_HLS/dpu_conv_top/hls/.autopilot/db/global.setting.tcl 
Execute     source C:/AMDDesignTools/2025.2/Vitis/common/technology/xilinx/common/xilinx.gen 
Execute       source C:/AMDDesignTools/2025.2/Vitis/common/technology/xilinx/interface/plb46.gen 
Execute       source C:/AMDDesignTools/2025.2/Vitis/common/technology/xilinx/interface/axi4.gen 
Execute       source C:/AMDDesignTools/2025.2/Vitis/common/technology/xilinx/interface/nativeAXI4.gen 
Execute         source C:/AMDDesignTools/2025.2/Vitis/common/technology/xilinx/interface/saxilite.gen 
Execute       source C:/AMDDesignTools/2025.2/Vitis/common/technology/xilinx/scripts/xilinxcoregen.gen 
Execute       source C:/AMDDesignTools/2025.2/Vitis/common/technology/xilinx/interface/XilEDKCoreGen.gen 
Execute       source C:/AMDDesignTools/2025.2/Vitis/common/technology/xilinx/ip/dds_compiler.gen 
Execute       source C:/AMDDesignTools/2025.2/Vitis/common/technology/xilinx/ip/util.gen 
Execute       source C:/AMDDesignTools/2025.2/Vitis/common/technology/xilinx/ip/xfft.gen 
Command       ap_source done; 0.114 sec.
Execute       source C:/AMDDesignTools/2025.2/Vitis/common/technology/xilinx/ip/xfir.gen 
Execute       source C:/AMDDesignTools/2025.2/Vitis/common/technology/xilinx/DSP48/dsp48.gen 
Command     ap_source done; 0.189 sec.
INFO-FLOW: DBG:PUTS:       initCTypeInfo top_module=dpu_conv_top xml_exists=0
Execute     source D:/project/DPU_Project/DPU_HLS/dpu_conv_top/hls/.autopilot/db/dpu_conv_top.rtl_wrap.cfg.tcl 
Execute     source D:/project/DPU_Project/DPU_HLS/dpu_conv_top/hls/.autopilot/db/dpu_conv_top.rtl_wrap.cfg.tcl 
Execute     source D:/project/DPU_Project/DPU_HLS/dpu_conv_top/hls/.autopilot/db/dpu_conv_top.rtl_wrap.cfg.tcl 
Execute     source D:/project/DPU_Project/DPU_HLS/dpu_conv_top/hls/.autopilot/db/dpu_conv_top.tbgen.tcl 
Execute     source D:/project/DPU_Project/DPU_HLS/dpu_conv_top/hls/.autopilot/db/dpu_conv_top.tbgen.tcl 
Execute     source D:/project/DPU_Project/DPU_HLS/dpu_conv_top/hls/.autopilot/db/dpu_conv_top.tbgen.tcl 
Execute     source D:/project/DPU_Project/DPU_HLS/dpu_conv_top/hls/.autopilot/db/global.setting.tcl 
Execute     source D:/project/DPU_Project/DPU_HLS/dpu_conv_top/hls/.autopilot/db/dpu_conv_top.tbgen.tcl 
Execute     source D:/project/DPU_Project/DPU_HLS/dpu_conv_top/hls/.autopilot/db/cosimDB.tcl 
INFO-FLOW: DBG:PUTS:       cosim_export_main adding deadlock detection to dpu_conv_top
INFO-FLOW: DBG:PUTS:       generate_datafile_ip_script ip_types={vitis sysgen} #gSsdmPorts=0
INFO-FLOW: DBG:PUTS: Skipping loadAnalyze_DB, #g_database=45
INFO-FLOW: DBG:PUTS:       generate_json generate_bd_files=0 generate_xo_files=false #modelList=35 #gSsdmPorts=0
INFO-FLOW: DBG:PROC: ::AP::DESIGN_DATA::generate_json generate_bd_files='0' generate_xo_files='false' modelList='dpu_conv_top_mac_muladd_8s_8s_32s_32_4_1
dpu_conv_top_flow_control_loop_pipe_sequential_init
dpu_conv_top_mul_8ns_11ns_19_1_1
dpu_conv_top_flow_control_loop_pipe_sequential_init
dpu_conv_top_flow_control_loop_pipe_sequential_init
dpu_conv_top_mul_8ns_8ns_16_1_1
dpu_conv_top_mul_7ns_7ns_14_1_1
dpu_conv_top_mul_8ns_16ns_24_1_1
dpu_conv_top_mul_8ns_14ns_22_1_1
dpu_conv_top_gmem0_0_m_axi
dpu_conv_top_gmem0_1_m_axi
dpu_conv_top_gmem0_2_m_axi
dpu_conv_top_gmem0_3_m_axi
dpu_conv_top_gmem0_4_m_axi
dpu_conv_top_gmem0_5_m_axi
dpu_conv_top_gmem0_6_m_axi
dpu_conv_top_gmem0_7_m_axi
dpu_conv_top_gmem1_0_m_axi
dpu_conv_top_gmem1_1_m_axi
dpu_conv_top_gmem1_2_m_axi
dpu_conv_top_gmem1_3_m_axi
dpu_conv_top_gmem1_4_m_axi
dpu_conv_top_gmem1_5_m_axi
dpu_conv_top_gmem1_6_m_axi
dpu_conv_top_gmem1_7_m_axi
dpu_conv_top_gmem1_m_axi
dpu_conv_top_gmem2_m_axi
dpu_conv_top_gmem0_m_axi
dpu_conv_top_CTRL_s_axi
dpu_conv_top_control_s_axi
conv3x3_relu_Pipeline_OH_LOOP_OW_LOOP_IC_LOOP
conv3x3_relu
dpu_conv_top_Pipeline_COPY_OC_COPY_H_COPY_W
dpu_conv_top_Pipeline_POOL_OC_POOL_H_POOL_W
dpu_conv_top
' rtl_lang='vlog' bootstrap_tcl='false' outdir='' outfilename=''
Execute     source D:/project/DPU_Project/DPU_HLS/dpu_conv_top/hls/.autopilot/db/global.setting.tcl 
Execute     source D:/project/DPU_Project/DPU_HLS/dpu_conv_top/hls/.autopilot/db/global.setting.tcl 
Execute     source D:/project/DPU_Project/DPU_HLS/dpu_conv_top/hls/.autopilot/db/top-io-be.tcl 
Execute     source D:/project/DPU_Project/DPU_HLS/dpu_conv_top/hls/.autopilot/db/dpu_conv_top.tbgen.tcl 
Execute     source D:/project/DPU_Project/DPU_HLS/dpu_conv_top/hls/.autopilot/db/dpu_conv_top.compgen.dataonly.tcl 
Execute     source D:/project/DPU_Project/DPU_HLS/dpu_conv_top/hls/.autopilot/db/dpu_conv_top.compgen.dataonly.tcl 
Execute     source D:/project/DPU_Project/DPU_HLS/dpu_conv_top/hls/.autopilot/db/dpu_conv_top.compgen.dataonly.tcl 
Execute     source D:/project/DPU_Project/DPU_HLS/dpu_conv_top/hls/.autopilot/db/dpu_conv_top.compgen.dataonly.tcl 
Execute     source D:/project/DPU_Project/DPU_HLS/dpu_conv_top/hls/.autopilot/db/dpu_conv_top.rtl_wrap.cfg.tcl 
Execute     source D:/project/DPU_Project/DPU_HLS/dpu_conv_top/hls/.autopilot/db/dpu_conv_top.compgen.dataonly.tcl 
Execute     source D:/project/DPU_Project/DPU_HLS/dpu_conv_top/hls/.autopilot/db/conv3x3_relu_Pipeline_OH_LOOP_OW_LOOP_IC_LOOP.tbgen.tcl 
Execute     source D:/project/DPU_Project/DPU_HLS/dpu_conv_top/hls/.autopilot/db/conv3x3_relu.tbgen.tcl 
Execute     source D:/project/DPU_Project/DPU_HLS/dpu_conv_top/hls/.autopilot/db/dpu_conv_top_Pipeline_COPY_OC_COPY_H_COPY_W.tbgen.tcl 
Execute     source D:/project/DPU_Project/DPU_HLS/dpu_conv_top/hls/.autopilot/db/dpu_conv_top_Pipeline_POOL_OC_POOL_H_POOL_W.tbgen.tcl 
Execute     source D:/project/DPU_Project/DPU_HLS/dpu_conv_top/hls/.autopilot/db/dpu_conv_top.tbgen.tcl 
Execute     source D:/project/DPU_Project/DPU_HLS/dpu_conv_top/hls/.autopilot/db/global.setting.tcl 
Execute     ap_part_info -name xc7z020-clg400-1 -data names -quiet 
Execute     ap_part_info -name xc7z020-clg400-1 -data info -quiet 
Execute     source D:/project/DPU_Project/DPU_HLS/dpu_conv_top/hls/.autopilot/db/dpu_conv_top.constraint.tcl 
Execute     sc_get_clocks dpu_conv_top 
Execute     source D:/project/DPU_Project/DPU_HLS/dpu_conv_top/hls/.autopilot/db/global.setting.tcl 
INFO-FLOW: DBG:PUTS:       generate_syn_sh
Execute     ap_part_info -name xc7z020-clg400-1 -data names -quiet 
Execute     ap_part_info -name xc7z020-clg400-1 -data info -quiet 
Execute     source D:/project/DPU_Project/DPU_HLS/dpu_conv_top/hls/.autopilot/db/global.setting.tcl 
INFO-FLOW: DBG:PUTS:       generate_imp_constraints
Execute     ap_part_info -name xc7z020-clg400-1 -data names -quiet 
Execute     ap_part_info -name xc7z020-clg400-1 -data info -quiet 
Execute     source D:/project/DPU_Project/DPU_HLS/dpu_conv_top/hls/.autopilot/db/dpu_conv_top.constraint.tcl 
Execute     source D:/project/DPU_Project/DPU_HLS/dpu_conv_top/hls/.autopilot/db/dpu_conv_top.tbgen.tcl 
INFO-FLOW: DBG:PUTS:       delete-temp-dirs pwd=D:/project/DPU_Project/DPU_HLS/dpu_conv_top/hls
Execute     ap_part_info -name xc7z020-clg400-1 -data names -quiet 
Execute     ap_part_info -name xc7z020-clg400-1 -data info -quiet 
INFO-FLOW: DBG:PUTS: read_platform_lib D:/project/DPU_Project/DPU_HLS/dpu_conv_top/hls/.autopilot/db/global.setting.tcl
Execute     source C:/AMDDesignTools/2025.2/Vitis/common/technology/generic/autopilot/common.gen 
Execute       source C:/AMDDesignTools/2025.2/Vitis/common/technology/generic/autopilot/APCoreGen.gen 
Execute     source C:/AMDDesignTools/2025.2/Vitis/common/technology/generic/autopilot/op.gen 
Execute     source C:/AMDDesignTools/2025.2/Vitis/common/technology/generic/autopilot/op_simcore.gen 
Execute     source C:/AMDDesignTools/2025.2/Vitis/common/technology/generic/autopilot/interface.gen 
Execute     source D:/project/DPU_Project/DPU_HLS/dpu_conv_top/hls/.autopilot/db/global.setting.tcl 
Execute     source C:/AMDDesignTools/2025.2/Vitis/common/technology/xilinx/common/xilinx.gen 
Execute       source C:/AMDDesignTools/2025.2/Vitis/common/technology/xilinx/interface/plb46.gen 
Execute       source C:/AMDDesignTools/2025.2/Vitis/common/technology/xilinx/interface/axi4.gen 
Execute       source C:/AMDDesignTools/2025.2/Vitis/common/technology/xilinx/interface/nativeAXI4.gen 
Execute         source C:/AMDDesignTools/2025.2/Vitis/common/technology/xilinx/interface/saxilite.gen 
Execute       source C:/AMDDesignTools/2025.2/Vitis/common/technology/xilinx/scripts/xilinxcoregen.gen 
Execute       source C:/AMDDesignTools/2025.2/Vitis/common/technology/xilinx/interface/XilEDKCoreGen.gen 
Execute       source C:/AMDDesignTools/2025.2/Vitis/common/technology/xilinx/ip/dds_compiler.gen 
Execute       source C:/AMDDesignTools/2025.2/Vitis/common/technology/xilinx/ip/util.gen 
Execute       source C:/AMDDesignTools/2025.2/Vitis/common/technology/xilinx/ip/xfft.gen 
Command       ap_source done; 0.133 sec.
Execute       source C:/AMDDesignTools/2025.2/Vitis/common/technology/xilinx/ip/xfir.gen 
Execute       source C:/AMDDesignTools/2025.2/Vitis/common/technology/xilinx/DSP48/dsp48.gen 
Command     ap_source done; 0.208 sec.
INFO-FLOW: DBG:PUTS:     IP package: exec D:/project/DPU_Project/DPU_HLS/dpu_conv_top/hls/impl/ip/pack.bat
INFO-FLOW: DBG:PUTS:     IP package: success D:/project/DPU_Project/DPU_HLS/dpu_conv_top/hls/impl/ip/pack.bat
Execute     send_msg_by_id INFO @200-802@%s dpu_conv_top/dpu_conv_top.zip 
INFO: [HLS 200-802] Generated output file dpu_conv_top/dpu_conv_top.zip
Command   export_design done; 92.074 sec.
Execute   close_project 
Execute     close_solution 
Execute       cleanup_all 
Command       cleanup_all done; 0.132 sec.
Execute       cleanup_all 
