

================================================================
== Vitis HLS Report for 'conv3x3_relu'
================================================================
* Date:           Mon Sep  7 20:13:31 2026

* Version:        2025.2 (Build 6295257 on Nov 14 2025)
* Project:        dpu_conv_top
* Solution:       hls (Vivado IP Flow Target)
* Product family: zynq
* Target device:  xc7z020-clg400-1


================================================================
== Performance Estimates
================================================================
+ Timing: 
    * Summary: 
    +--------+----------+----------+------------+
    |  Clock |  Target  | Estimated| Uncertainty|
    +--------+----------+----------+------------+
    |ap_clk  |  11.00 ns|  8.030 ns|     2.97 ns|
    +--------+----------+----------+------------+

+ Latency: 
    * Summary: 
    +---------+-----------+----------+-----------+-----+-----------+---------+
    |   Latency (cycles)  |  Latency (absolute)  |     Interval    | Pipeline|
    |   min   |    max    |    min   |    max    | min |    max    |   Type  |
    +---------+-----------+----------+-----------+-----+-----------+---------+
    |      606|  150996801|  6.666 us|  1.661 sec|  606|  150996801|       no|
    +---------+-----------+----------+-----------+-----+-----------+---------+

    + Detail: 
        * Instance: 
        +----------------------------------------------------------+-----------------------------------------------+---------+---------+----------+-----------+-----+-----+-------------------+
        |                                                          |                                               |  Latency (cycles) |  Latency (absolute)  |  Interval |      Pipeline     |
        |                         Instance                         |                     Module                    |   min   |   max   |    min   |    max    | min | max |        Type       |
        +----------------------------------------------------------+-----------------------------------------------+---------+---------+----------+-----------+-----+-----+-------------------+
        |grp_conv3x3_relu_Pipeline_OH_LOOP_OW_LOOP_IC_LOOP_fu_378  |conv3x3_relu_Pipeline_OH_LOOP_OW_LOOP_IC_LOOP  |      592|  2359312|  6.512 us|  25.952 ms|    0|    0|  loop pipeline stp|
        +----------------------------------------------------------+-----------------------------------------------+---------+---------+----------+-----------+-----+-----+-------------------+

        * Loop: 
        +-----------+---------+-----------+---------------+-----------+-----------+--------+----------+
        |           |   Latency (cycles)  |   Iteration   |  Initiation Interval  |  Trip  |          |
        | Loop Name |   min   |    max    |    Latency    |  achieved |   target  |  Count | Pipelined|
        +-----------+---------+-----------+---------------+-----------+-----------+--------+----------+
        |- OC_LOOP  |      605|  150996800|  605 ~ 2359325|          -|          -|  1 ~ 64|        no|
        +-----------+---------+-----------+---------------+-----------+-----------+--------+----------+



================================================================
== Utilization Estimates
================================================================
* Summary: 
+-----------------+---------+-----+--------+-------+-----+
|       Name      | BRAM_18K| DSP |   FF   |  LUT  | URAM|
+-----------------+---------+-----+--------+-------+-----+
|DSP              |        -|    -|       -|      -|    -|
|Expression       |        -|    -|       0|    135|    -|
|FIFO             |        -|    -|       -|      -|    -|
|Instance         |        -|   73|   16631|  21353|    -|
|Memory           |        -|    -|       -|      -|    -|
|Multiplexer      |        -|    -|       0|    128|    -|
|Register         |        -|    -|    1476|      -|    -|
+-----------------+---------+-----+--------+-------+-----+
|Total            |        0|   73|   18107|  21616|    0|
+-----------------+---------+-----+--------+-------+-----+
|Available        |      280|  220|  106400|  53200|    0|
+-----------------+---------+-----+--------+-------+-----+
|Utilization (%)  |        0|   33|      17|     40|    0|
+-----------------+---------+-----+--------+-------+-----+

+ Detail: 
    * Instance: 
    +----------------------------------------------------------+-----------------------------------------------+---------+----+-------+-------+-----+
    |                         Instance                         |                     Module                    | BRAM_18K| DSP|   FF  |  LUT  | URAM|
    +----------------------------------------------------------+-----------------------------------------------+---------+----+-------+-------+-----+
    |grp_conv3x3_relu_Pipeline_OH_LOOP_OW_LOOP_IC_LOOP_fu_378  |conv3x3_relu_Pipeline_OH_LOOP_OW_LOOP_IC_LOOP  |        0|  72|  16631|  21347|    0|
    |mul_8ns_11ns_19_1_1_U130                                  |mul_8ns_11ns_19_1_1                            |        0|   1|      0|      6|    0|
    +----------------------------------------------------------+-----------------------------------------------+---------+----+-------+-------+-----+
    |Total                                                     |                                               |        0|  73|  16631|  21353|    0|
    +----------------------------------------------------------+-----------------------------------------------+---------+----+-------+-------+-----+

    * DSP: 
    N/A

    * Memory: 
    N/A

    * FIFO: 
    N/A

    * Expression: 
    +---------------------------+----------+----+---+----+------------+------------+
    |       Variable Name       | Operation| DSP| FF| LUT| Bitwidth P0| Bitwidth P1|
    +---------------------------+----------+----+---+----+------------+------------+
    |add_ln23_fu_512_p2         |         +|   0|  0|  15|           8|           1|
    |add_ln33_fu_530_p2         |         +|   0|  0|  71|          64|          64|
    |icmp_ln23_fu_507_p2        |      icmp|   0|  0|  15|           8|           8|
    |ap_block_state1            |        or|   0|  0|   2|           1|           1|
    |mac_count_out_0_fu_560_p3  |    select|   0|  0|  32|           1|          32|
    +---------------------------+----------+----+---+----+------------+------------+
    |Total                      |          |   0|  0| 135|          82|         106|
    +---------------------------+----------+----+---+----+------------+------------+

    * Multiplexer: 
    +----------------------------+----+-----------+-----+-----------+
    |            Name            | LUT| Input Size| Bits| Total Bits|
    +----------------------------+----+-----------+-----+-----------+
    |ap_NS_fsm                   |  65|         15|    1|         15|
    |ap_done                     |   9|          2|    1|          2|
    |cycle_count_out_0_fu_202    |   9|          2|   32|         64|
    |gmem1_blk_n_AR              |   9|          2|    1|          2|
    |gmem1_blk_n_R               |   9|          2|    1|          2|
    |mac_count_flag_0_i_reg_366  |   9|          2|    1|          2|
    |mac_count_loc_0_i_fu_194    |   9|          2|   32|         64|
    |oc_fu_190                   |   9|          2|    8|         16|
    +----------------------------+----+-----------+-----+-----------+
    |Total                       | 128|         29|   77|        167|
    +----------------------------+----+-----------+-----+-----------+

    * Register: 
    +-----------------------------------------------------------------------+----+----+-----+-----------+
    |                                  Name                                 | FF | LUT| Bits| Const Bits|
    +-----------------------------------------------------------------------+----+----+-----+-----------+
    |ap_CS_fsm                                                              |  14|   0|   14|          0|
    |ap_done_reg                                                            |   1|   0|    1|          0|
    |bias_read_reg_659                                                      |  64|   0|   64|          0|
    |bound4_reg_761                                                         |  19|   0|   19|          0|
    |cycle_count_out_0_fu_202                                               |  32|   0|   32|          0|
    |cycle_count_out_0_load_reg_791                                         |  32|   0|   32|          0|
    |do_relu_read_reg_631                                                   |   1|   0|    1|          0|
    |gmem1_addr_read_reg_796                                                |  32|   0|   32|          0|
    |gmem1_addr_reg_775                                                     |  64|   0|   64|          0|
    |grp_conv3x3_relu_Pipeline_OH_LOOP_OW_LOOP_IC_LOOP_fu_378_ap_start_reg  |   1|   0|    1|          0|
    |ifmap_0_read_reg_739                                                   |  64|   0|   64|          0|
    |ifmap_1_read_reg_734                                                   |  64|   0|   64|          0|
    |ifmap_2_read_reg_729                                                   |  64|   0|   64|          0|
    |ifmap_3_read_reg_724                                                   |  64|   0|   64|          0|
    |ifmap_4_read_reg_719                                                   |  64|   0|   64|          0|
    |ifmap_5_read_reg_714                                                   |  64|   0|   64|          0|
    |ifmap_6_read_reg_709                                                   |  64|   0|   64|          0|
    |ifmap_7_read_reg_704                                                   |  64|   0|   64|          0|
    |in_ch_read_reg_642                                                     |   8|   0|    8|          0|
    |in_h_read_reg_653                                                      |   8|   0|    8|          0|
    |in_w_read_reg_647                                                      |   8|   0|    8|          0|
    |mac_count_flag_0_i_reg_366                                             |   1|   0|    1|          0|
    |mac_count_loc_0_i_fu_194                                               |  32|   0|   32|          0|
    |mac_count_loc_0_i_load_reg_781                                         |  32|   0|   32|          0|
    |mac_count_new_0_i_fu_198                                               |  32|   0|   32|          0|
    |mac_count_new_0_i_load_reg_786                                         |  32|   0|   32|          0|
    |oc_3_reg_766                                                           |   8|   0|    8|          0|
    |oc_fu_190                                                              |   8|   0|    8|          0|
    |out_ch_read_reg_636                                                    |   8|   0|    8|          0|
    |p_read_cast_reg_744                                                    |   1|   0|   32|         31|
    |shl_ln_reg_755                                                         |   8|   0|   11|          3|
    |trunc_ln23_reg_801                                                     |   6|   0|    6|          0|
    |weight_0_read_reg_699                                                  |  64|   0|   64|          0|
    |weight_1_read_reg_694                                                  |  64|   0|   64|          0|
    |weight_2_read_reg_689                                                  |  64|   0|   64|          0|
    |weight_3_read_reg_684                                                  |  64|   0|   64|          0|
    |weight_4_read_reg_679                                                  |  64|   0|   64|          0|
    |weight_5_read_reg_674                                                  |  64|   0|   64|          0|
    |weight_6_read_reg_669                                                  |  64|   0|   64|          0|
    |weight_7_read_reg_664                                                  |  64|   0|   64|          0|
    +-----------------------------------------------------------------------+----+----+-----+-----------+
    |Total                                                                  |1476|   0| 1510|         34|
    +-----------------------------------------------------------------------+----+----+-----+-----------+



================================================================
== Interface
================================================================
* Summary: 
+----------------------------------------------------------------------------------+-----+-----+------------+-------------------------------------------------------------------------+--------------+
|                                     RTL Ports                                    | Dir | Bits|  Protocol  |                              Source Object                              |    C Type    |
+----------------------------------------------------------------------------------+-----+-----+------------+-------------------------------------------------------------------------+--------------+
|ap_clk                                                                            |   in|    1|  ap_ctrl_hs|                                                             conv3x3_relu|  return value|
|ap_rst                                                                            |   in|    1|  ap_ctrl_hs|                                                             conv3x3_relu|  return value|
|ap_start                                                                          |   in|    1|  ap_ctrl_hs|                                                             conv3x3_relu|  return value|
|ap_done                                                                           |  out|    1|  ap_ctrl_hs|                                                             conv3x3_relu|  return value|
|ap_continue                                                                       |   in|    1|  ap_ctrl_hs|                                                             conv3x3_relu|  return value|
|ap_idle                                                                           |  out|    1|  ap_ctrl_hs|                                                             conv3x3_relu|  return value|
|ap_ready                                                                          |  out|    1|  ap_ctrl_hs|                                                             conv3x3_relu|  return value|
|ap_return_0                                                                       |  out|   32|  ap_ctrl_hs|                                                             conv3x3_relu|  return value|
|ap_return_1                                                                       |  out|   32|  ap_ctrl_hs|                                                             conv3x3_relu|  return value|
|ap_return_2                                                                       |  out|    8|  ap_ctrl_hs|                                                             conv3x3_relu|  return value|
|ap_return_3                                                                       |  out|    8|  ap_ctrl_hs|                                                             conv3x3_relu|  return value|
|ap_return_4                                                                       |  out|    8|  ap_ctrl_hs|                                                             conv3x3_relu|  return value|
|m_axi_gmem0_0_0_AWVALID                                                           |  out|    1|       m_axi|                                                                  gmem0_0|       pointer|
|m_axi_gmem0_0_0_AWREADY                                                           |   in|    1|       m_axi|                                                                  gmem0_0|       pointer|
|m_axi_gmem0_0_0_AWADDR                                                            |  out|   64|       m_axi|                                                                  gmem0_0|       pointer|
|m_axi_gmem0_0_0_AWID                                                              |  out|    1|       m_axi|                                                                  gmem0_0|       pointer|
|m_axi_gmem0_0_0_AWLEN                                                             |  out|   32|       m_axi|                                                                  gmem0_0|       pointer|
|m_axi_gmem0_0_0_AWSIZE                                                            |  out|    3|       m_axi|                                                                  gmem0_0|       pointer|
|m_axi_gmem0_0_0_AWBURST                                                           |  out|    2|       m_axi|                                                                  gmem0_0|       pointer|
|m_axi_gmem0_0_0_AWLOCK                                                            |  out|    2|       m_axi|                                                                  gmem0_0|       pointer|
|m_axi_gmem0_0_0_AWCACHE                                                           |  out|    4|       m_axi|                                                                  gmem0_0|       pointer|
|m_axi_gmem0_0_0_AWPROT                                                            |  out|    3|       m_axi|                                                                  gmem0_0|       pointer|
|m_axi_gmem0_0_0_AWQOS                                                             |  out|    4|       m_axi|                                                                  gmem0_0|       pointer|
|m_axi_gmem0_0_0_AWREGION                                                          |  out|    4|       m_axi|                                                                  gmem0_0|       pointer|
|m_axi_gmem0_0_0_AWUSER                                                            |  out|    1|       m_axi|                                                                  gmem0_0|       pointer|
|m_axi_gmem0_0_0_WVALID                                                            |  out|    1|       m_axi|                                                                  gmem0_0|       pointer|
|m_axi_gmem0_0_0_WREADY                                                            |   in|    1|       m_axi|                                                                  gmem0_0|       pointer|
|m_axi_gmem0_0_0_WDATA                                                             |  out|    8|       m_axi|                                                                  gmem0_0|       pointer|
|m_axi_gmem0_0_0_WSTRB                                                             |  out|    1|       m_axi|                                                                  gmem0_0|       pointer|
|m_axi_gmem0_0_0_WLAST                                                             |  out|    1|       m_axi|                                                                  gmem0_0|       pointer|
|m_axi_gmem0_0_0_WID                                                               |  out|    1|       m_axi|                                                                  gmem0_0|       pointer|
|m_axi_gmem0_0_0_WUSER                                                             |  out|    1|       m_axi|                                                                  gmem0_0|       pointer|
|m_axi_gmem0_0_0_ARVALID                                                           |  out|    1|       m_axi|                                                                  gmem0_0|       pointer|
|m_axi_gmem0_0_0_ARREADY                                                           |   in|    1|       m_axi|                                                                  gmem0_0|       pointer|
|m_axi_gmem0_0_0_ARADDR                                                            |  out|   64|       m_axi|                                                                  gmem0_0|       pointer|
|m_axi_gmem0_0_0_ARID                                                              |  out|    1|       m_axi|                                                                  gmem0_0|       pointer|
|m_axi_gmem0_0_0_ARLEN                                                             |  out|   32|       m_axi|                                                                  gmem0_0|       pointer|
|m_axi_gmem0_0_0_ARSIZE                                                            |  out|    3|       m_axi|                                                                  gmem0_0|       pointer|
|m_axi_gmem0_0_0_ARBURST                                                           |  out|    2|       m_axi|                                                                  gmem0_0|       pointer|
|m_axi_gmem0_0_0_ARLOCK                                                            |  out|    2|       m_axi|                                                                  gmem0_0|       pointer|
|m_axi_gmem0_0_0_ARCACHE                                                           |  out|    4|       m_axi|                                                                  gmem0_0|       pointer|
|m_axi_gmem0_0_0_ARPROT                                                            |  out|    3|       m_axi|                                                                  gmem0_0|       pointer|
|m_axi_gmem0_0_0_ARQOS                                                             |  out|    4|       m_axi|                                                                  gmem0_0|       pointer|
|m_axi_gmem0_0_0_ARREGION                                                          |  out|    4|       m_axi|                                                                  gmem0_0|       pointer|
|m_axi_gmem0_0_0_ARUSER                                                            |  out|    1|       m_axi|                                                                  gmem0_0|       pointer|
|m_axi_gmem0_0_0_RVALID                                                            |   in|    1|       m_axi|                                                                  gmem0_0|       pointer|
|m_axi_gmem0_0_0_RREADY                                                            |  out|    1|       m_axi|                                                                  gmem0_0|       pointer|
|m_axi_gmem0_0_0_RDATA                                                             |   in|    8|       m_axi|                                                                  gmem0_0|       pointer|
|m_axi_gmem0_0_0_RLAST                                                             |   in|    1|       m_axi|                                                                  gmem0_0|       pointer|
|m_axi_gmem0_0_0_RID                                                               |   in|    1|       m_axi|                                                                  gmem0_0|       pointer|
|m_axi_gmem0_0_0_RFIFONUM                                                          |   in|   11|       m_axi|                                                                  gmem0_0|       pointer|
|m_axi_gmem0_0_0_RUSER                                                             |   in|    1|       m_axi|                                                                  gmem0_0|       pointer|
|m_axi_gmem0_0_0_RRESP                                                             |   in|    2|       m_axi|                                                                  gmem0_0|       pointer|
|m_axi_gmem0_0_0_BVALID                                                            |   in|    1|       m_axi|                                                                  gmem0_0|       pointer|
|m_axi_gmem0_0_0_BREADY                                                            |  out|    1|       m_axi|                                                                  gmem0_0|       pointer|
|m_axi_gmem0_0_0_BRESP                                                             |   in|    2|       m_axi|                                                                  gmem0_0|       pointer|
|m_axi_gmem0_0_0_BID                                                               |   in|    1|       m_axi|                                                                  gmem0_0|       pointer|
|m_axi_gmem0_0_0_BUSER                                                             |   in|    1|       m_axi|                                                                  gmem0_0|       pointer|
|ifmap_0                                                                           |   in|   64|     ap_none|                                                                  ifmap_0|        scalar|
|m_axi_gmem0_1_0_AWVALID                                                           |  out|    1|       m_axi|                                                                  gmem0_1|       pointer|
|m_axi_gmem0_1_0_AWREADY                                                           |   in|    1|       m_axi|                                                                  gmem0_1|       pointer|
|m_axi_gmem0_1_0_AWADDR                                                            |  out|   64|       m_axi|                                                                  gmem0_1|       pointer|
|m_axi_gmem0_1_0_AWID                                                              |  out|    1|       m_axi|                                                                  gmem0_1|       pointer|
|m_axi_gmem0_1_0_AWLEN                                                             |  out|   32|       m_axi|                                                                  gmem0_1|       pointer|
|m_axi_gmem0_1_0_AWSIZE                                                            |  out|    3|       m_axi|                                                                  gmem0_1|       pointer|
|m_axi_gmem0_1_0_AWBURST                                                           |  out|    2|       m_axi|                                                                  gmem0_1|       pointer|
|m_axi_gmem0_1_0_AWLOCK                                                            |  out|    2|       m_axi|                                                                  gmem0_1|       pointer|
|m_axi_gmem0_1_0_AWCACHE                                                           |  out|    4|       m_axi|                                                                  gmem0_1|       pointer|
|m_axi_gmem0_1_0_AWPROT                                                            |  out|    3|       m_axi|                                                                  gmem0_1|       pointer|
|m_axi_gmem0_1_0_AWQOS                                                             |  out|    4|       m_axi|                                                                  gmem0_1|       pointer|
|m_axi_gmem0_1_0_AWREGION                                                          |  out|    4|       m_axi|                                                                  gmem0_1|       pointer|
|m_axi_gmem0_1_0_AWUSER                                                            |  out|    1|       m_axi|                                                                  gmem0_1|       pointer|
|m_axi_gmem0_1_0_WVALID                                                            |  out|    1|       m_axi|                                                                  gmem0_1|       pointer|
|m_axi_gmem0_1_0_WREADY                                                            |   in|    1|       m_axi|                                                                  gmem0_1|       pointer|
|m_axi_gmem0_1_0_WDATA                                                             |  out|    8|       m_axi|                                                                  gmem0_1|       pointer|
|m_axi_gmem0_1_0_WSTRB                                                             |  out|    1|       m_axi|                                                                  gmem0_1|       pointer|
|m_axi_gmem0_1_0_WLAST                                                             |  out|    1|       m_axi|                                                                  gmem0_1|       pointer|
|m_axi_gmem0_1_0_WID                                                               |  out|    1|       m_axi|                                                                  gmem0_1|       pointer|
|m_axi_gmem0_1_0_WUSER                                                             |  out|    1|       m_axi|                                                                  gmem0_1|       pointer|
|m_axi_gmem0_1_0_ARVALID                                                           |  out|    1|       m_axi|                                                                  gmem0_1|       pointer|
|m_axi_gmem0_1_0_ARREADY                                                           |   in|    1|       m_axi|                                                                  gmem0_1|       pointer|
|m_axi_gmem0_1_0_ARADDR                                                            |  out|   64|       m_axi|                                                                  gmem0_1|       pointer|
|m_axi_gmem0_1_0_ARID                                                              |  out|    1|       m_axi|                                                                  gmem0_1|       pointer|
|m_axi_gmem0_1_0_ARLEN                                                             |  out|   32|       m_axi|                                                                  gmem0_1|       pointer|
|m_axi_gmem0_1_0_ARSIZE                                                            |  out|    3|       m_axi|                                                                  gmem0_1|       pointer|
|m_axi_gmem0_1_0_ARBURST                                                           |  out|    2|       m_axi|                                                                  gmem0_1|       pointer|
|m_axi_gmem0_1_0_ARLOCK                                                            |  out|    2|       m_axi|                                                                  gmem0_1|       pointer|
|m_axi_gmem0_1_0_ARCACHE                                                           |  out|    4|       m_axi|                                                                  gmem0_1|       pointer|
|m_axi_gmem0_1_0_ARPROT                                                            |  out|    3|       m_axi|                                                                  gmem0_1|       pointer|
|m_axi_gmem0_1_0_ARQOS                                                             |  out|    4|       m_axi|                                                                  gmem0_1|       pointer|
|m_axi_gmem0_1_0_ARREGION                                                          |  out|    4|       m_axi|                                                                  gmem0_1|       pointer|
|m_axi_gmem0_1_0_ARUSER                                                            |  out|    1|       m_axi|                                                                  gmem0_1|       pointer|
|m_axi_gmem0_1_0_RVALID                                                            |   in|    1|       m_axi|                                                                  gmem0_1|       pointer|
|m_axi_gmem0_1_0_RREADY                                                            |  out|    1|       m_axi|                                                                  gmem0_1|       pointer|
|m_axi_gmem0_1_0_RDATA                                                             |   in|    8|       m_axi|                                                                  gmem0_1|       pointer|
|m_axi_gmem0_1_0_RLAST                                                             |   in|    1|       m_axi|                                                                  gmem0_1|       pointer|
|m_axi_gmem0_1_0_RID                                                               |   in|    1|       m_axi|                                                                  gmem0_1|       pointer|
|m_axi_gmem0_1_0_RFIFONUM                                                          |   in|   11|       m_axi|                                                                  gmem0_1|       pointer|
|m_axi_gmem0_1_0_RUSER                                                             |   in|    1|       m_axi|                                                                  gmem0_1|       pointer|
|m_axi_gmem0_1_0_RRESP                                                             |   in|    2|       m_axi|                                                                  gmem0_1|       pointer|
|m_axi_gmem0_1_0_BVALID                                                            |   in|    1|       m_axi|                                                                  gmem0_1|       pointer|
|m_axi_gmem0_1_0_BREADY                                                            |  out|    1|       m_axi|                                                                  gmem0_1|       pointer|
|m_axi_gmem0_1_0_BRESP                                                             |   in|    2|       m_axi|                                                                  gmem0_1|       pointer|
|m_axi_gmem0_1_0_BID                                                               |   in|    1|       m_axi|                                                                  gmem0_1|       pointer|
|m_axi_gmem0_1_0_BUSER                                                             |   in|    1|       m_axi|                                                                  gmem0_1|       pointer|
|ifmap_1                                                                           |   in|   64|     ap_none|                                                                  ifmap_1|        scalar|
|m_axi_gmem0_2_0_AWVALID                                                           |  out|    1|       m_axi|                                                                  gmem0_2|       pointer|
|m_axi_gmem0_2_0_AWREADY                                                           |   in|    1|       m_axi|                                                                  gmem0_2|       pointer|
|m_axi_gmem0_2_0_AWADDR                                                            |  out|   64|       m_axi|                                                                  gmem0_2|       pointer|
|m_axi_gmem0_2_0_AWID                                                              |  out|    1|       m_axi|                                                                  gmem0_2|       pointer|
|m_axi_gmem0_2_0_AWLEN                                                             |  out|   32|       m_axi|                                                                  gmem0_2|       pointer|
|m_axi_gmem0_2_0_AWSIZE                                                            |  out|    3|       m_axi|                                                                  gmem0_2|       pointer|
|m_axi_gmem0_2_0_AWBURST                                                           |  out|    2|       m_axi|                                                                  gmem0_2|       pointer|
|m_axi_gmem0_2_0_AWLOCK                                                            |  out|    2|       m_axi|                                                                  gmem0_2|       pointer|
|m_axi_gmem0_2_0_AWCACHE                                                           |  out|    4|       m_axi|                                                                  gmem0_2|       pointer|
|m_axi_gmem0_2_0_AWPROT                                                            |  out|    3|       m_axi|                                                                  gmem0_2|       pointer|
|m_axi_gmem0_2_0_AWQOS                                                             |  out|    4|       m_axi|                                                                  gmem0_2|       pointer|
|m_axi_gmem0_2_0_AWREGION                                                          |  out|    4|       m_axi|                                                                  gmem0_2|       pointer|
|m_axi_gmem0_2_0_AWUSER                                                            |  out|    1|       m_axi|                                                                  gmem0_2|       pointer|
|m_axi_gmem0_2_0_WVALID                                                            |  out|    1|       m_axi|                                                                  gmem0_2|       pointer|
|m_axi_gmem0_2_0_WREADY                                                            |   in|    1|       m_axi|                                                                  gmem0_2|       pointer|
|m_axi_gmem0_2_0_WDATA                                                             |  out|    8|       m_axi|                                                                  gmem0_2|       pointer|
|m_axi_gmem0_2_0_WSTRB                                                             |  out|    1|       m_axi|                                                                  gmem0_2|       pointer|
|m_axi_gmem0_2_0_WLAST                                                             |  out|    1|       m_axi|                                                                  gmem0_2|       pointer|
|m_axi_gmem0_2_0_WID                                                               |  out|    1|       m_axi|                                                                  gmem0_2|       pointer|
|m_axi_gmem0_2_0_WUSER                                                             |  out|    1|       m_axi|                                                                  gmem0_2|       pointer|
|m_axi_gmem0_2_0_ARVALID                                                           |  out|    1|       m_axi|                                                                  gmem0_2|       pointer|
|m_axi_gmem0_2_0_ARREADY                                                           |   in|    1|       m_axi|                                                                  gmem0_2|       pointer|
|m_axi_gmem0_2_0_ARADDR                                                            |  out|   64|       m_axi|                                                                  gmem0_2|       pointer|
|m_axi_gmem0_2_0_ARID                                                              |  out|    1|       m_axi|                                                                  gmem0_2|       pointer|
|m_axi_gmem0_2_0_ARLEN                                                             |  out|   32|       m_axi|                                                                  gmem0_2|       pointer|
|m_axi_gmem0_2_0_ARSIZE                                                            |  out|    3|       m_axi|                                                                  gmem0_2|       pointer|
|m_axi_gmem0_2_0_ARBURST                                                           |  out|    2|       m_axi|                                                                  gmem0_2|       pointer|
|m_axi_gmem0_2_0_ARLOCK                                                            |  out|    2|       m_axi|                                                                  gmem0_2|       pointer|
|m_axi_gmem0_2_0_ARCACHE                                                           |  out|    4|       m_axi|                                                                  gmem0_2|       pointer|
|m_axi_gmem0_2_0_ARPROT                                                            |  out|    3|       m_axi|                                                                  gmem0_2|       pointer|
|m_axi_gmem0_2_0_ARQOS                                                             |  out|    4|       m_axi|                                                                  gmem0_2|       pointer|
|m_axi_gmem0_2_0_ARREGION                                                          |  out|    4|       m_axi|                                                                  gmem0_2|       pointer|
|m_axi_gmem0_2_0_ARUSER                                                            |  out|    1|       m_axi|                                                                  gmem0_2|       pointer|
|m_axi_gmem0_2_0_RVALID                                                            |   in|    1|       m_axi|                                                                  gmem0_2|       pointer|
|m_axi_gmem0_2_0_RREADY                                                            |  out|    1|       m_axi|                                                                  gmem0_2|       pointer|
|m_axi_gmem0_2_0_RDATA                                                             |   in|    8|       m_axi|                                                                  gmem0_2|       pointer|
|m_axi_gmem0_2_0_RLAST                                                             |   in|    1|       m_axi|                                                                  gmem0_2|       pointer|
|m_axi_gmem0_2_0_RID                                                               |   in|    1|       m_axi|                                                                  gmem0_2|       pointer|
|m_axi_gmem0_2_0_RFIFONUM                                                          |   in|   11|       m_axi|                                                                  gmem0_2|       pointer|
|m_axi_gmem0_2_0_RUSER                                                             |   in|    1|       m_axi|                                                                  gmem0_2|       pointer|
|m_axi_gmem0_2_0_RRESP                                                             |   in|    2|       m_axi|                                                                  gmem0_2|       pointer|
|m_axi_gmem0_2_0_BVALID                                                            |   in|    1|       m_axi|                                                                  gmem0_2|       pointer|
|m_axi_gmem0_2_0_BREADY                                                            |  out|    1|       m_axi|                                                                  gmem0_2|       pointer|
|m_axi_gmem0_2_0_BRESP                                                             |   in|    2|       m_axi|                                                                  gmem0_2|       pointer|
|m_axi_gmem0_2_0_BID                                                               |   in|    1|       m_axi|                                                                  gmem0_2|       pointer|
|m_axi_gmem0_2_0_BUSER                                                             |   in|    1|       m_axi|                                                                  gmem0_2|       pointer|
|ifmap_2                                                                           |   in|   64|     ap_none|                                                                  ifmap_2|        scalar|
|m_axi_gmem0_3_0_AWVALID                                                           |  out|    1|       m_axi|                                                                  gmem0_3|       pointer|
|m_axi_gmem0_3_0_AWREADY                                                           |   in|    1|       m_axi|                                                                  gmem0_3|       pointer|
|m_axi_gmem0_3_0_AWADDR                                                            |  out|   64|       m_axi|                                                                  gmem0_3|       pointer|
|m_axi_gmem0_3_0_AWID                                                              |  out|    1|       m_axi|                                                                  gmem0_3|       pointer|
|m_axi_gmem0_3_0_AWLEN                                                             |  out|   32|       m_axi|                                                                  gmem0_3|       pointer|
|m_axi_gmem0_3_0_AWSIZE                                                            |  out|    3|       m_axi|                                                                  gmem0_3|       pointer|
|m_axi_gmem0_3_0_AWBURST                                                           |  out|    2|       m_axi|                                                                  gmem0_3|       pointer|
|m_axi_gmem0_3_0_AWLOCK                                                            |  out|    2|       m_axi|                                                                  gmem0_3|       pointer|
|m_axi_gmem0_3_0_AWCACHE                                                           |  out|    4|       m_axi|                                                                  gmem0_3|       pointer|
|m_axi_gmem0_3_0_AWPROT                                                            |  out|    3|       m_axi|                                                                  gmem0_3|       pointer|
|m_axi_gmem0_3_0_AWQOS                                                             |  out|    4|       m_axi|                                                                  gmem0_3|       pointer|
|m_axi_gmem0_3_0_AWREGION                                                          |  out|    4|       m_axi|                                                                  gmem0_3|       pointer|
|m_axi_gmem0_3_0_AWUSER                                                            |  out|    1|       m_axi|                                                                  gmem0_3|       pointer|
|m_axi_gmem0_3_0_WVALID                                                            |  out|    1|       m_axi|                                                                  gmem0_3|       pointer|
|m_axi_gmem0_3_0_WREADY                                                            |   in|    1|       m_axi|                                                                  gmem0_3|       pointer|
|m_axi_gmem0_3_0_WDATA                                                             |  out|    8|       m_axi|                                                                  gmem0_3|       pointer|
|m_axi_gmem0_3_0_WSTRB                                                             |  out|    1|       m_axi|                                                                  gmem0_3|       pointer|
|m_axi_gmem0_3_0_WLAST                                                             |  out|    1|       m_axi|                                                                  gmem0_3|       pointer|
|m_axi_gmem0_3_0_WID                                                               |  out|    1|       m_axi|                                                                  gmem0_3|       pointer|
|m_axi_gmem0_3_0_WUSER                                                             |  out|    1|       m_axi|                                                                  gmem0_3|       pointer|
|m_axi_gmem0_3_0_ARVALID                                                           |  out|    1|       m_axi|                                                                  gmem0_3|       pointer|
|m_axi_gmem0_3_0_ARREADY                                                           |   in|    1|       m_axi|                                                                  gmem0_3|       pointer|
|m_axi_gmem0_3_0_ARADDR                                                            |  out|   64|       m_axi|                                                                  gmem0_3|       pointer|
|m_axi_gmem0_3_0_ARID                                                              |  out|    1|       m_axi|                                                                  gmem0_3|       pointer|
|m_axi_gmem0_3_0_ARLEN                                                             |  out|   32|       m_axi|                                                                  gmem0_3|       pointer|
|m_axi_gmem0_3_0_ARSIZE                                                            |  out|    3|       m_axi|                                                                  gmem0_3|       pointer|
|m_axi_gmem0_3_0_ARBURST                                                           |  out|    2|       m_axi|                                                                  gmem0_3|       pointer|
|m_axi_gmem0_3_0_ARLOCK                                                            |  out|    2|       m_axi|                                                                  gmem0_3|       pointer|
|m_axi_gmem0_3_0_ARCACHE                                                           |  out|    4|       m_axi|                                                                  gmem0_3|       pointer|
|m_axi_gmem0_3_0_ARPROT                                                            |  out|    3|       m_axi|                                                                  gmem0_3|       pointer|
|m_axi_gmem0_3_0_ARQOS                                                             |  out|    4|       m_axi|                                                                  gmem0_3|       pointer|
|m_axi_gmem0_3_0_ARREGION                                                          |  out|    4|       m_axi|                                                                  gmem0_3|       pointer|
|m_axi_gmem0_3_0_ARUSER                                                            |  out|    1|       m_axi|                                                                  gmem0_3|       pointer|
|m_axi_gmem0_3_0_RVALID                                                            |   in|    1|       m_axi|                                                                  gmem0_3|       pointer|
|m_axi_gmem0_3_0_RREADY                                                            |  out|    1|       m_axi|                                                                  gmem0_3|       pointer|
|m_axi_gmem0_3_0_RDATA                                                             |   in|    8|       m_axi|                                                                  gmem0_3|       pointer|
|m_axi_gmem0_3_0_RLAST                                                             |   in|    1|       m_axi|                                                                  gmem0_3|       pointer|
|m_axi_gmem0_3_0_RID                                                               |   in|    1|       m_axi|                                                                  gmem0_3|       pointer|
|m_axi_gmem0_3_0_RFIFONUM                                                          |   in|   11|       m_axi|                                                                  gmem0_3|       pointer|
|m_axi_gmem0_3_0_RUSER                                                             |   in|    1|       m_axi|                                                                  gmem0_3|       pointer|
|m_axi_gmem0_3_0_RRESP                                                             |   in|    2|       m_axi|                                                                  gmem0_3|       pointer|
|m_axi_gmem0_3_0_BVALID                                                            |   in|    1|       m_axi|                                                                  gmem0_3|       pointer|
|m_axi_gmem0_3_0_BREADY                                                            |  out|    1|       m_axi|                                                                  gmem0_3|       pointer|
|m_axi_gmem0_3_0_BRESP                                                             |   in|    2|       m_axi|                                                                  gmem0_3|       pointer|
|m_axi_gmem0_3_0_BID                                                               |   in|    1|       m_axi|                                                                  gmem0_3|       pointer|
|m_axi_gmem0_3_0_BUSER                                                             |   in|    1|       m_axi|                                                                  gmem0_3|       pointer|
|ifmap_3                                                                           |   in|   64|     ap_none|                                                                  ifmap_3|        scalar|
|m_axi_gmem0_4_0_AWVALID                                                           |  out|    1|       m_axi|                                                                  gmem0_4|       pointer|
|m_axi_gmem0_4_0_AWREADY                                                           |   in|    1|       m_axi|                                                                  gmem0_4|       pointer|
|m_axi_gmem0_4_0_AWADDR                                                            |  out|   64|       m_axi|                                                                  gmem0_4|       pointer|
|m_axi_gmem0_4_0_AWID                                                              |  out|    1|       m_axi|                                                                  gmem0_4|       pointer|
|m_axi_gmem0_4_0_AWLEN                                                             |  out|   32|       m_axi|                                                                  gmem0_4|       pointer|
|m_axi_gmem0_4_0_AWSIZE                                                            |  out|    3|       m_axi|                                                                  gmem0_4|       pointer|
|m_axi_gmem0_4_0_AWBURST                                                           |  out|    2|       m_axi|                                                                  gmem0_4|       pointer|
|m_axi_gmem0_4_0_AWLOCK                                                            |  out|    2|       m_axi|                                                                  gmem0_4|       pointer|
|m_axi_gmem0_4_0_AWCACHE                                                           |  out|    4|       m_axi|                                                                  gmem0_4|       pointer|
|m_axi_gmem0_4_0_AWPROT                                                            |  out|    3|       m_axi|                                                                  gmem0_4|       pointer|
|m_axi_gmem0_4_0_AWQOS                                                             |  out|    4|       m_axi|                                                                  gmem0_4|       pointer|
|m_axi_gmem0_4_0_AWREGION                                                          |  out|    4|       m_axi|                                                                  gmem0_4|       pointer|
|m_axi_gmem0_4_0_AWUSER                                                            |  out|    1|       m_axi|                                                                  gmem0_4|       pointer|
|m_axi_gmem0_4_0_WVALID                                                            |  out|    1|       m_axi|                                                                  gmem0_4|       pointer|
|m_axi_gmem0_4_0_WREADY                                                            |   in|    1|       m_axi|                                                                  gmem0_4|       pointer|
|m_axi_gmem0_4_0_WDATA                                                             |  out|    8|       m_axi|                                                                  gmem0_4|       pointer|
|m_axi_gmem0_4_0_WSTRB                                                             |  out|    1|       m_axi|                                                                  gmem0_4|       pointer|
|m_axi_gmem0_4_0_WLAST                                                             |  out|    1|       m_axi|                                                                  gmem0_4|       pointer|
|m_axi_gmem0_4_0_WID                                                               |  out|    1|       m_axi|                                                                  gmem0_4|       pointer|
|m_axi_gmem0_4_0_WUSER                                                             |  out|    1|       m_axi|                                                                  gmem0_4|       pointer|
|m_axi_gmem0_4_0_ARVALID                                                           |  out|    1|       m_axi|                                                                  gmem0_4|       pointer|
|m_axi_gmem0_4_0_ARREADY                                                           |   in|    1|       m_axi|                                                                  gmem0_4|       pointer|
|m_axi_gmem0_4_0_ARADDR                                                            |  out|   64|       m_axi|                                                                  gmem0_4|       pointer|
|m_axi_gmem0_4_0_ARID                                                              |  out|    1|       m_axi|                                                                  gmem0_4|       pointer|
|m_axi_gmem0_4_0_ARLEN                                                             |  out|   32|       m_axi|                                                                  gmem0_4|       pointer|
|m_axi_gmem0_4_0_ARSIZE                                                            |  out|    3|       m_axi|                                                                  gmem0_4|       pointer|
|m_axi_gmem0_4_0_ARBURST                                                           |  out|    2|       m_axi|                                                                  gmem0_4|       pointer|
|m_axi_gmem0_4_0_ARLOCK                                                            |  out|    2|       m_axi|                                                                  gmem0_4|       pointer|
|m_axi_gmem0_4_0_ARCACHE                                                           |  out|    4|       m_axi|                                                                  gmem0_4|       pointer|
|m_axi_gmem0_4_0_ARPROT                                                            |  out|    3|       m_axi|                                                                  gmem0_4|       pointer|
|m_axi_gmem0_4_0_ARQOS                                                             |  out|    4|       m_axi|                                                                  gmem0_4|       pointer|
|m_axi_gmem0_4_0_ARREGION                                                          |  out|    4|       m_axi|                                                                  gmem0_4|       pointer|
|m_axi_gmem0_4_0_ARUSER                                                            |  out|    1|       m_axi|                                                                  gmem0_4|       pointer|
|m_axi_gmem0_4_0_RVALID                                                            |   in|    1|       m_axi|                                                                  gmem0_4|       pointer|
|m_axi_gmem0_4_0_RREADY                                                            |  out|    1|       m_axi|                                                                  gmem0_4|       pointer|
|m_axi_gmem0_4_0_RDATA                                                             |   in|    8|       m_axi|                                                                  gmem0_4|       pointer|
|m_axi_gmem0_4_0_RLAST                                                             |   in|    1|       m_axi|                                                                  gmem0_4|       pointer|
|m_axi_gmem0_4_0_RID                                                               |   in|    1|       m_axi|                                                                  gmem0_4|       pointer|
|m_axi_gmem0_4_0_RFIFONUM                                                          |   in|   11|       m_axi|                                                                  gmem0_4|       pointer|
|m_axi_gmem0_4_0_RUSER                                                             |   in|    1|       m_axi|                                                                  gmem0_4|       pointer|
|m_axi_gmem0_4_0_RRESP                                                             |   in|    2|       m_axi|                                                                  gmem0_4|       pointer|
|m_axi_gmem0_4_0_BVALID                                                            |   in|    1|       m_axi|                                                                  gmem0_4|       pointer|
|m_axi_gmem0_4_0_BREADY                                                            |  out|    1|       m_axi|                                                                  gmem0_4|       pointer|
|m_axi_gmem0_4_0_BRESP                                                             |   in|    2|       m_axi|                                                                  gmem0_4|       pointer|
|m_axi_gmem0_4_0_BID                                                               |   in|    1|       m_axi|                                                                  gmem0_4|       pointer|
|m_axi_gmem0_4_0_BUSER                                                             |   in|    1|       m_axi|                                                                  gmem0_4|       pointer|
|ifmap_4                                                                           |   in|   64|     ap_none|                                                                  ifmap_4|        scalar|
|m_axi_gmem0_5_0_AWVALID                                                           |  out|    1|       m_axi|                                                                  gmem0_5|       pointer|
|m_axi_gmem0_5_0_AWREADY                                                           |   in|    1|       m_axi|                                                                  gmem0_5|       pointer|
|m_axi_gmem0_5_0_AWADDR                                                            |  out|   64|       m_axi|                                                                  gmem0_5|       pointer|
|m_axi_gmem0_5_0_AWID                                                              |  out|    1|       m_axi|                                                                  gmem0_5|       pointer|
|m_axi_gmem0_5_0_AWLEN                                                             |  out|   32|       m_axi|                                                                  gmem0_5|       pointer|
|m_axi_gmem0_5_0_AWSIZE                                                            |  out|    3|       m_axi|                                                                  gmem0_5|       pointer|
|m_axi_gmem0_5_0_AWBURST                                                           |  out|    2|       m_axi|                                                                  gmem0_5|       pointer|
|m_axi_gmem0_5_0_AWLOCK                                                            |  out|    2|       m_axi|                                                                  gmem0_5|       pointer|
|m_axi_gmem0_5_0_AWCACHE                                                           |  out|    4|       m_axi|                                                                  gmem0_5|       pointer|
|m_axi_gmem0_5_0_AWPROT                                                            |  out|    3|       m_axi|                                                                  gmem0_5|       pointer|
|m_axi_gmem0_5_0_AWQOS                                                             |  out|    4|       m_axi|                                                                  gmem0_5|       pointer|
|m_axi_gmem0_5_0_AWREGION                                                          |  out|    4|       m_axi|                                                                  gmem0_5|       pointer|
|m_axi_gmem0_5_0_AWUSER                                                            |  out|    1|       m_axi|                                                                  gmem0_5|       pointer|
|m_axi_gmem0_5_0_WVALID                                                            |  out|    1|       m_axi|                                                                  gmem0_5|       pointer|
|m_axi_gmem0_5_0_WREADY                                                            |   in|    1|       m_axi|                                                                  gmem0_5|       pointer|
|m_axi_gmem0_5_0_WDATA                                                             |  out|    8|       m_axi|                                                                  gmem0_5|       pointer|
|m_axi_gmem0_5_0_WSTRB                                                             |  out|    1|       m_axi|                                                                  gmem0_5|       pointer|
|m_axi_gmem0_5_0_WLAST                                                             |  out|    1|       m_axi|                                                                  gmem0_5|       pointer|
|m_axi_gmem0_5_0_WID                                                               |  out|    1|       m_axi|                                                                  gmem0_5|       pointer|
|m_axi_gmem0_5_0_WUSER                                                             |  out|    1|       m_axi|                                                                  gmem0_5|       pointer|
|m_axi_gmem0_5_0_ARVALID                                                           |  out|    1|       m_axi|                                                                  gmem0_5|       pointer|
|m_axi_gmem0_5_0_ARREADY                                                           |   in|    1|       m_axi|                                                                  gmem0_5|       pointer|
|m_axi_gmem0_5_0_ARADDR                                                            |  out|   64|       m_axi|                                                                  gmem0_5|       pointer|
|m_axi_gmem0_5_0_ARID                                                              |  out|    1|       m_axi|                                                                  gmem0_5|       pointer|
|m_axi_gmem0_5_0_ARLEN                                                             |  out|   32|       m_axi|                                                                  gmem0_5|       pointer|
|m_axi_gmem0_5_0_ARSIZE                                                            |  out|    3|       m_axi|                                                                  gmem0_5|       pointer|
|m_axi_gmem0_5_0_ARBURST                                                           |  out|    2|       m_axi|                                                                  gmem0_5|       pointer|
|m_axi_gmem0_5_0_ARLOCK                                                            |  out|    2|       m_axi|                                                                  gmem0_5|       pointer|
|m_axi_gmem0_5_0_ARCACHE                                                           |  out|    4|       m_axi|                                                                  gmem0_5|       pointer|
|m_axi_gmem0_5_0_ARPROT                                                            |  out|    3|       m_axi|                                                                  gmem0_5|       pointer|
|m_axi_gmem0_5_0_ARQOS                                                             |  out|    4|       m_axi|                                                                  gmem0_5|       pointer|
|m_axi_gmem0_5_0_ARREGION                                                          |  out|    4|       m_axi|                                                                  gmem0_5|       pointer|
|m_axi_gmem0_5_0_ARUSER                                                            |  out|    1|       m_axi|                                                                  gmem0_5|       pointer|
|m_axi_gmem0_5_0_RVALID                                                            |   in|    1|       m_axi|                                                                  gmem0_5|       pointer|
|m_axi_gmem0_5_0_RREADY                                                            |  out|    1|       m_axi|                                                                  gmem0_5|       pointer|
|m_axi_gmem0_5_0_RDATA                                                             |   in|    8|       m_axi|                                                                  gmem0_5|       pointer|
|m_axi_gmem0_5_0_RLAST                                                             |   in|    1|       m_axi|                                                                  gmem0_5|       pointer|
|m_axi_gmem0_5_0_RID                                                               |   in|    1|       m_axi|                                                                  gmem0_5|       pointer|
|m_axi_gmem0_5_0_RFIFONUM                                                          |   in|   11|       m_axi|                                                                  gmem0_5|       pointer|
|m_axi_gmem0_5_0_RUSER                                                             |   in|    1|       m_axi|                                                                  gmem0_5|       pointer|
|m_axi_gmem0_5_0_RRESP                                                             |   in|    2|       m_axi|                                                                  gmem0_5|       pointer|
|m_axi_gmem0_5_0_BVALID                                                            |   in|    1|       m_axi|                                                                  gmem0_5|       pointer|
|m_axi_gmem0_5_0_BREADY                                                            |  out|    1|       m_axi|                                                                  gmem0_5|       pointer|
|m_axi_gmem0_5_0_BRESP                                                             |   in|    2|       m_axi|                                                                  gmem0_5|       pointer|
|m_axi_gmem0_5_0_BID                                                               |   in|    1|       m_axi|                                                                  gmem0_5|       pointer|
|m_axi_gmem0_5_0_BUSER                                                             |   in|    1|       m_axi|                                                                  gmem0_5|       pointer|
|ifmap_5                                                                           |   in|   64|     ap_none|                                                                  ifmap_5|        scalar|
|m_axi_gmem0_6_0_AWVALID                                                           |  out|    1|       m_axi|                                                                  gmem0_6|       pointer|
|m_axi_gmem0_6_0_AWREADY                                                           |   in|    1|       m_axi|                                                                  gmem0_6|       pointer|
|m_axi_gmem0_6_0_AWADDR                                                            |  out|   64|       m_axi|                                                                  gmem0_6|       pointer|
|m_axi_gmem0_6_0_AWID                                                              |  out|    1|       m_axi|                                                                  gmem0_6|       pointer|
|m_axi_gmem0_6_0_AWLEN                                                             |  out|   32|       m_axi|                                                                  gmem0_6|       pointer|
|m_axi_gmem0_6_0_AWSIZE                                                            |  out|    3|       m_axi|                                                                  gmem0_6|       pointer|
|m_axi_gmem0_6_0_AWBURST                                                           |  out|    2|       m_axi|                                                                  gmem0_6|       pointer|
|m_axi_gmem0_6_0_AWLOCK                                                            |  out|    2|       m_axi|                                                                  gmem0_6|       pointer|
|m_axi_gmem0_6_0_AWCACHE                                                           |  out|    4|       m_axi|                                                                  gmem0_6|       pointer|
|m_axi_gmem0_6_0_AWPROT                                                            |  out|    3|       m_axi|                                                                  gmem0_6|       pointer|
|m_axi_gmem0_6_0_AWQOS                                                             |  out|    4|       m_axi|                                                                  gmem0_6|       pointer|
|m_axi_gmem0_6_0_AWREGION                                                          |  out|    4|       m_axi|                                                                  gmem0_6|       pointer|
|m_axi_gmem0_6_0_AWUSER                                                            |  out|    1|       m_axi|                                                                  gmem0_6|       pointer|
|m_axi_gmem0_6_0_WVALID                                                            |  out|    1|       m_axi|                                                                  gmem0_6|       pointer|
|m_axi_gmem0_6_0_WREADY                                                            |   in|    1|       m_axi|                                                                  gmem0_6|       pointer|
|m_axi_gmem0_6_0_WDATA                                                             |  out|    8|       m_axi|                                                                  gmem0_6|       pointer|
|m_axi_gmem0_6_0_WSTRB                                                             |  out|    1|       m_axi|                                                                  gmem0_6|       pointer|
|m_axi_gmem0_6_0_WLAST                                                             |  out|    1|       m_axi|                                                                  gmem0_6|       pointer|
|m_axi_gmem0_6_0_WID                                                               |  out|    1|       m_axi|                                                                  gmem0_6|       pointer|
|m_axi_gmem0_6_0_WUSER                                                             |  out|    1|       m_axi|                                                                  gmem0_6|       pointer|
|m_axi_gmem0_6_0_ARVALID                                                           |  out|    1|       m_axi|                                                                  gmem0_6|       pointer|
|m_axi_gmem0_6_0_ARREADY                                                           |   in|    1|       m_axi|                                                                  gmem0_6|       pointer|
|m_axi_gmem0_6_0_ARADDR                                                            |  out|   64|       m_axi|                                                                  gmem0_6|       pointer|
|m_axi_gmem0_6_0_ARID                                                              |  out|    1|       m_axi|                                                                  gmem0_6|       pointer|
|m_axi_gmem0_6_0_ARLEN                                                             |  out|   32|       m_axi|                                                                  gmem0_6|       pointer|
|m_axi_gmem0_6_0_ARSIZE                                                            |  out|    3|       m_axi|                                                                  gmem0_6|       pointer|
|m_axi_gmem0_6_0_ARBURST                                                           |  out|    2|       m_axi|                                                                  gmem0_6|       pointer|
|m_axi_gmem0_6_0_ARLOCK                                                            |  out|    2|       m_axi|                                                                  gmem0_6|       pointer|
|m_axi_gmem0_6_0_ARCACHE                                                           |  out|    4|       m_axi|                                                                  gmem0_6|       pointer|
|m_axi_gmem0_6_0_ARPROT                                                            |  out|    3|       m_axi|                                                                  gmem0_6|       pointer|
|m_axi_gmem0_6_0_ARQOS                                                             |  out|    4|       m_axi|                                                                  gmem0_6|       pointer|
|m_axi_gmem0_6_0_ARREGION                                                          |  out|    4|       m_axi|                                                                  gmem0_6|       pointer|
|m_axi_gmem0_6_0_ARUSER                                                            |  out|    1|       m_axi|                                                                  gmem0_6|       pointer|
|m_axi_gmem0_6_0_RVALID                                                            |   in|    1|       m_axi|                                                                  gmem0_6|       pointer|
|m_axi_gmem0_6_0_RREADY                                                            |  out|    1|       m_axi|                                                                  gmem0_6|       pointer|
|m_axi_gmem0_6_0_RDATA                                                             |   in|    8|       m_axi|                                                                  gmem0_6|       pointer|
|m_axi_gmem0_6_0_RLAST                                                             |   in|    1|       m_axi|                                                                  gmem0_6|       pointer|
|m_axi_gmem0_6_0_RID                                                               |   in|    1|       m_axi|                                                                  gmem0_6|       pointer|
|m_axi_gmem0_6_0_RFIFONUM                                                          |   in|   11|       m_axi|                                                                  gmem0_6|       pointer|
|m_axi_gmem0_6_0_RUSER                                                             |   in|    1|       m_axi|                                                                  gmem0_6|       pointer|
|m_axi_gmem0_6_0_RRESP                                                             |   in|    2|       m_axi|                                                                  gmem0_6|       pointer|
|m_axi_gmem0_6_0_BVALID                                                            |   in|    1|       m_axi|                                                                  gmem0_6|       pointer|
|m_axi_gmem0_6_0_BREADY                                                            |  out|    1|       m_axi|                                                                  gmem0_6|       pointer|
|m_axi_gmem0_6_0_BRESP                                                             |   in|    2|       m_axi|                                                                  gmem0_6|       pointer|
|m_axi_gmem0_6_0_BID                                                               |   in|    1|       m_axi|                                                                  gmem0_6|       pointer|
|m_axi_gmem0_6_0_BUSER                                                             |   in|    1|       m_axi|                                                                  gmem0_6|       pointer|
|ifmap_6                                                                           |   in|   64|     ap_none|                                                                  ifmap_6|        scalar|
|m_axi_gmem0_7_0_AWVALID                                                           |  out|    1|       m_axi|                                                                  gmem0_7|       pointer|
|m_axi_gmem0_7_0_AWREADY                                                           |   in|    1|       m_axi|                                                                  gmem0_7|       pointer|
|m_axi_gmem0_7_0_AWADDR                                                            |  out|   64|       m_axi|                                                                  gmem0_7|       pointer|
|m_axi_gmem0_7_0_AWID                                                              |  out|    1|       m_axi|                                                                  gmem0_7|       pointer|
|m_axi_gmem0_7_0_AWLEN                                                             |  out|   32|       m_axi|                                                                  gmem0_7|       pointer|
|m_axi_gmem0_7_0_AWSIZE                                                            |  out|    3|       m_axi|                                                                  gmem0_7|       pointer|
|m_axi_gmem0_7_0_AWBURST                                                           |  out|    2|       m_axi|                                                                  gmem0_7|       pointer|
|m_axi_gmem0_7_0_AWLOCK                                                            |  out|    2|       m_axi|                                                                  gmem0_7|       pointer|
|m_axi_gmem0_7_0_AWCACHE                                                           |  out|    4|       m_axi|                                                                  gmem0_7|       pointer|
|m_axi_gmem0_7_0_AWPROT                                                            |  out|    3|       m_axi|                                                                  gmem0_7|       pointer|
|m_axi_gmem0_7_0_AWQOS                                                             |  out|    4|       m_axi|                                                                  gmem0_7|       pointer|
|m_axi_gmem0_7_0_AWREGION                                                          |  out|    4|       m_axi|                                                                  gmem0_7|       pointer|
|m_axi_gmem0_7_0_AWUSER                                                            |  out|    1|       m_axi|                                                                  gmem0_7|       pointer|
|m_axi_gmem0_7_0_WVALID                                                            |  out|    1|       m_axi|                                                                  gmem0_7|       pointer|
|m_axi_gmem0_7_0_WREADY                                                            |   in|    1|       m_axi|                                                                  gmem0_7|       pointer|
|m_axi_gmem0_7_0_WDATA                                                             |  out|    8|       m_axi|                                                                  gmem0_7|       pointer|
|m_axi_gmem0_7_0_WSTRB                                                             |  out|    1|       m_axi|                                                                  gmem0_7|       pointer|
|m_axi_gmem0_7_0_WLAST                                                             |  out|    1|       m_axi|                                                                  gmem0_7|       pointer|
|m_axi_gmem0_7_0_WID                                                               |  out|    1|       m_axi|                                                                  gmem0_7|       pointer|
|m_axi_gmem0_7_0_WUSER                                                             |  out|    1|       m_axi|                                                                  gmem0_7|       pointer|
|m_axi_gmem0_7_0_ARVALID                                                           |  out|    1|       m_axi|                                                                  gmem0_7|       pointer|
|m_axi_gmem0_7_0_ARREADY                                                           |   in|    1|       m_axi|                                                                  gmem0_7|       pointer|
|m_axi_gmem0_7_0_ARADDR                                                            |  out|   64|       m_axi|                                                                  gmem0_7|       pointer|
|m_axi_gmem0_7_0_ARID                                                              |  out|    1|       m_axi|                                                                  gmem0_7|       pointer|
|m_axi_gmem0_7_0_ARLEN                                                             |  out|   32|       m_axi|                                                                  gmem0_7|       pointer|
|m_axi_gmem0_7_0_ARSIZE                                                            |  out|    3|       m_axi|                                                                  gmem0_7|       pointer|
|m_axi_gmem0_7_0_ARBURST                                                           |  out|    2|       m_axi|                                                                  gmem0_7|       pointer|
|m_axi_gmem0_7_0_ARLOCK                                                            |  out|    2|       m_axi|                                                                  gmem0_7|       pointer|
|m_axi_gmem0_7_0_ARCACHE                                                           |  out|    4|       m_axi|                                                                  gmem0_7|       pointer|
|m_axi_gmem0_7_0_ARPROT                                                            |  out|    3|       m_axi|                                                                  gmem0_7|       pointer|
|m_axi_gmem0_7_0_ARQOS                                                             |  out|    4|       m_axi|                                                                  gmem0_7|       pointer|
|m_axi_gmem0_7_0_ARREGION                                                          |  out|    4|       m_axi|                                                                  gmem0_7|       pointer|
|m_axi_gmem0_7_0_ARUSER                                                            |  out|    1|       m_axi|                                                                  gmem0_7|       pointer|
|m_axi_gmem0_7_0_RVALID                                                            |   in|    1|       m_axi|                                                                  gmem0_7|       pointer|
|m_axi_gmem0_7_0_RREADY                                                            |  out|    1|       m_axi|                                                                  gmem0_7|       pointer|
|m_axi_gmem0_7_0_RDATA                                                             |   in|    8|       m_axi|                                                                  gmem0_7|       pointer|
|m_axi_gmem0_7_0_RLAST                                                             |   in|    1|       m_axi|                                                                  gmem0_7|       pointer|
|m_axi_gmem0_7_0_RID                                                               |   in|    1|       m_axi|                                                                  gmem0_7|       pointer|
|m_axi_gmem0_7_0_RFIFONUM                                                          |   in|   11|       m_axi|                                                                  gmem0_7|       pointer|
|m_axi_gmem0_7_0_RUSER                                                             |   in|    1|       m_axi|                                                                  gmem0_7|       pointer|
|m_axi_gmem0_7_0_RRESP                                                             |   in|    2|       m_axi|                                                                  gmem0_7|       pointer|
|m_axi_gmem0_7_0_BVALID                                                            |   in|    1|       m_axi|                                                                  gmem0_7|       pointer|
|m_axi_gmem0_7_0_BREADY                                                            |  out|    1|       m_axi|                                                                  gmem0_7|       pointer|
|m_axi_gmem0_7_0_BRESP                                                             |   in|    2|       m_axi|                                                                  gmem0_7|       pointer|
|m_axi_gmem0_7_0_BID                                                               |   in|    1|       m_axi|                                                                  gmem0_7|       pointer|
|m_axi_gmem0_7_0_BUSER                                                             |   in|    1|       m_axi|                                                                  gmem0_7|       pointer|
|ifmap_7                                                                           |   in|   64|     ap_none|                                                                  ifmap_7|        scalar|
|m_axi_gmem1_0_0_AWVALID                                                           |  out|    1|       m_axi|                                                                  gmem1_0|       pointer|
|m_axi_gmem1_0_0_AWREADY                                                           |   in|    1|       m_axi|                                                                  gmem1_0|       pointer|
|m_axi_gmem1_0_0_AWADDR                                                            |  out|   64|       m_axi|                                                                  gmem1_0|       pointer|
|m_axi_gmem1_0_0_AWID                                                              |  out|    1|       m_axi|                                                                  gmem1_0|       pointer|
|m_axi_gmem1_0_0_AWLEN                                                             |  out|   32|       m_axi|                                                                  gmem1_0|       pointer|
|m_axi_gmem1_0_0_AWSIZE                                                            |  out|    3|       m_axi|                                                                  gmem1_0|       pointer|
|m_axi_gmem1_0_0_AWBURST                                                           |  out|    2|       m_axi|                                                                  gmem1_0|       pointer|
|m_axi_gmem1_0_0_AWLOCK                                                            |  out|    2|       m_axi|                                                                  gmem1_0|       pointer|
|m_axi_gmem1_0_0_AWCACHE                                                           |  out|    4|       m_axi|                                                                  gmem1_0|       pointer|
|m_axi_gmem1_0_0_AWPROT                                                            |  out|    3|       m_axi|                                                                  gmem1_0|       pointer|
|m_axi_gmem1_0_0_AWQOS                                                             |  out|    4|       m_axi|                                                                  gmem1_0|       pointer|
|m_axi_gmem1_0_0_AWREGION                                                          |  out|    4|       m_axi|                                                                  gmem1_0|       pointer|
|m_axi_gmem1_0_0_AWUSER                                                            |  out|    1|       m_axi|                                                                  gmem1_0|       pointer|
|m_axi_gmem1_0_0_WVALID                                                            |  out|    1|       m_axi|                                                                  gmem1_0|       pointer|
|m_axi_gmem1_0_0_WREADY                                                            |   in|    1|       m_axi|                                                                  gmem1_0|       pointer|
|m_axi_gmem1_0_0_WDATA                                                             |  out|    8|       m_axi|                                                                  gmem1_0|       pointer|
|m_axi_gmem1_0_0_WSTRB                                                             |  out|    1|       m_axi|                                                                  gmem1_0|       pointer|
|m_axi_gmem1_0_0_WLAST                                                             |  out|    1|       m_axi|                                                                  gmem1_0|       pointer|
|m_axi_gmem1_0_0_WID                                                               |  out|    1|       m_axi|                                                                  gmem1_0|       pointer|
|m_axi_gmem1_0_0_WUSER                                                             |  out|    1|       m_axi|                                                                  gmem1_0|       pointer|
|m_axi_gmem1_0_0_ARVALID                                                           |  out|    1|       m_axi|                                                                  gmem1_0|       pointer|
|m_axi_gmem1_0_0_ARREADY                                                           |   in|    1|       m_axi|                                                                  gmem1_0|       pointer|
|m_axi_gmem1_0_0_ARADDR                                                            |  out|   64|       m_axi|                                                                  gmem1_0|       pointer|
|m_axi_gmem1_0_0_ARID                                                              |  out|    1|       m_axi|                                                                  gmem1_0|       pointer|
|m_axi_gmem1_0_0_ARLEN                                                             |  out|   32|       m_axi|                                                                  gmem1_0|       pointer|
|m_axi_gmem1_0_0_ARSIZE                                                            |  out|    3|       m_axi|                                                                  gmem1_0|       pointer|
|m_axi_gmem1_0_0_ARBURST                                                           |  out|    2|       m_axi|                                                                  gmem1_0|       pointer|
|m_axi_gmem1_0_0_ARLOCK                                                            |  out|    2|       m_axi|                                                                  gmem1_0|       pointer|
|m_axi_gmem1_0_0_ARCACHE                                                           |  out|    4|       m_axi|                                                                  gmem1_0|       pointer|
|m_axi_gmem1_0_0_ARPROT                                                            |  out|    3|       m_axi|                                                                  gmem1_0|       pointer|
|m_axi_gmem1_0_0_ARQOS                                                             |  out|    4|       m_axi|                                                                  gmem1_0|       pointer|
|m_axi_gmem1_0_0_ARREGION                                                          |  out|    4|       m_axi|                                                                  gmem1_0|       pointer|
|m_axi_gmem1_0_0_ARUSER                                                            |  out|    1|       m_axi|                                                                  gmem1_0|       pointer|
|m_axi_gmem1_0_0_RVALID                                                            |   in|    1|       m_axi|                                                                  gmem1_0|       pointer|
|m_axi_gmem1_0_0_RREADY                                                            |  out|    1|       m_axi|                                                                  gmem1_0|       pointer|
|m_axi_gmem1_0_0_RDATA                                                             |   in|    8|       m_axi|                                                                  gmem1_0|       pointer|
|m_axi_gmem1_0_0_RLAST                                                             |   in|    1|       m_axi|                                                                  gmem1_0|       pointer|
|m_axi_gmem1_0_0_RID                                                               |   in|    1|       m_axi|                                                                  gmem1_0|       pointer|
|m_axi_gmem1_0_0_RFIFONUM                                                          |   in|   11|       m_axi|                                                                  gmem1_0|       pointer|
|m_axi_gmem1_0_0_RUSER                                                             |   in|    1|       m_axi|                                                                  gmem1_0|       pointer|
|m_axi_gmem1_0_0_RRESP                                                             |   in|    2|       m_axi|                                                                  gmem1_0|       pointer|
|m_axi_gmem1_0_0_BVALID                                                            |   in|    1|       m_axi|                                                                  gmem1_0|       pointer|
|m_axi_gmem1_0_0_BREADY                                                            |  out|    1|       m_axi|                                                                  gmem1_0|       pointer|
|m_axi_gmem1_0_0_BRESP                                                             |   in|    2|       m_axi|                                                                  gmem1_0|       pointer|
|m_axi_gmem1_0_0_BID                                                               |   in|    1|       m_axi|                                                                  gmem1_0|       pointer|
|m_axi_gmem1_0_0_BUSER                                                             |   in|    1|       m_axi|                                                                  gmem1_0|       pointer|
|weight_0                                                                          |   in|   64|     ap_none|                                                                 weight_0|        scalar|
|m_axi_gmem1_1_0_AWVALID                                                           |  out|    1|       m_axi|                                                                  gmem1_1|       pointer|
|m_axi_gmem1_1_0_AWREADY                                                           |   in|    1|       m_axi|                                                                  gmem1_1|       pointer|
|m_axi_gmem1_1_0_AWADDR                                                            |  out|   64|       m_axi|                                                                  gmem1_1|       pointer|
|m_axi_gmem1_1_0_AWID                                                              |  out|    1|       m_axi|                                                                  gmem1_1|       pointer|
|m_axi_gmem1_1_0_AWLEN                                                             |  out|   32|       m_axi|                                                                  gmem1_1|       pointer|
|m_axi_gmem1_1_0_AWSIZE                                                            |  out|    3|       m_axi|                                                                  gmem1_1|       pointer|
|m_axi_gmem1_1_0_AWBURST                                                           |  out|    2|       m_axi|                                                                  gmem1_1|       pointer|
|m_axi_gmem1_1_0_AWLOCK                                                            |  out|    2|       m_axi|                                                                  gmem1_1|       pointer|
|m_axi_gmem1_1_0_AWCACHE                                                           |  out|    4|       m_axi|                                                                  gmem1_1|       pointer|
|m_axi_gmem1_1_0_AWPROT                                                            |  out|    3|       m_axi|                                                                  gmem1_1|       pointer|
|m_axi_gmem1_1_0_AWQOS                                                             |  out|    4|       m_axi|                                                                  gmem1_1|       pointer|
|m_axi_gmem1_1_0_AWREGION                                                          |  out|    4|       m_axi|                                                                  gmem1_1|       pointer|
|m_axi_gmem1_1_0_AWUSER                                                            |  out|    1|       m_axi|                                                                  gmem1_1|       pointer|
|m_axi_gmem1_1_0_WVALID                                                            |  out|    1|       m_axi|                                                                  gmem1_1|       pointer|
|m_axi_gmem1_1_0_WREADY                                                            |   in|    1|       m_axi|                                                                  gmem1_1|       pointer|
|m_axi_gmem1_1_0_WDATA                                                             |  out|    8|       m_axi|                                                                  gmem1_1|       pointer|
|m_axi_gmem1_1_0_WSTRB                                                             |  out|    1|       m_axi|                                                                  gmem1_1|       pointer|
|m_axi_gmem1_1_0_WLAST                                                             |  out|    1|       m_axi|                                                                  gmem1_1|       pointer|
|m_axi_gmem1_1_0_WID                                                               |  out|    1|       m_axi|                                                                  gmem1_1|       pointer|
|m_axi_gmem1_1_0_WUSER                                                             |  out|    1|       m_axi|                                                                  gmem1_1|       pointer|
|m_axi_gmem1_1_0_ARVALID                                                           |  out|    1|       m_axi|                                                                  gmem1_1|       pointer|
|m_axi_gmem1_1_0_ARREADY                                                           |   in|    1|       m_axi|                                                                  gmem1_1|       pointer|
|m_axi_gmem1_1_0_ARADDR                                                            |  out|   64|       m_axi|                                                                  gmem1_1|       pointer|
|m_axi_gmem1_1_0_ARID                                                              |  out|    1|       m_axi|                                                                  gmem1_1|       pointer|
|m_axi_gmem1_1_0_ARLEN                                                             |  out|   32|       m_axi|                                                                  gmem1_1|       pointer|
|m_axi_gmem1_1_0_ARSIZE                                                            |  out|    3|       m_axi|                                                                  gmem1_1|       pointer|
|m_axi_gmem1_1_0_ARBURST                                                           |  out|    2|       m_axi|                                                                  gmem1_1|       pointer|
|m_axi_gmem1_1_0_ARLOCK                                                            |  out|    2|       m_axi|                                                                  gmem1_1|       pointer|
|m_axi_gmem1_1_0_ARCACHE                                                           |  out|    4|       m_axi|                                                                  gmem1_1|       pointer|
|m_axi_gmem1_1_0_ARPROT                                                            |  out|    3|       m_axi|                                                                  gmem1_1|       pointer|
|m_axi_gmem1_1_0_ARQOS                                                             |  out|    4|       m_axi|                                                                  gmem1_1|       pointer|
|m_axi_gmem1_1_0_ARREGION                                                          |  out|    4|       m_axi|                                                                  gmem1_1|       pointer|
|m_axi_gmem1_1_0_ARUSER                                                            |  out|    1|       m_axi|                                                                  gmem1_1|       pointer|
|m_axi_gmem1_1_0_RVALID                                                            |   in|    1|       m_axi|                                                                  gmem1_1|       pointer|
|m_axi_gmem1_1_0_RREADY                                                            |  out|    1|       m_axi|                                                                  gmem1_1|       pointer|
|m_axi_gmem1_1_0_RDATA                                                             |   in|    8|       m_axi|                                                                  gmem1_1|       pointer|
|m_axi_gmem1_1_0_RLAST                                                             |   in|    1|       m_axi|                                                                  gmem1_1|       pointer|
|m_axi_gmem1_1_0_RID                                                               |   in|    1|       m_axi|                                                                  gmem1_1|       pointer|
|m_axi_gmem1_1_0_RFIFONUM                                                          |   in|   11|       m_axi|                                                                  gmem1_1|       pointer|
|m_axi_gmem1_1_0_RUSER                                                             |   in|    1|       m_axi|                                                                  gmem1_1|       pointer|
|m_axi_gmem1_1_0_RRESP                                                             |   in|    2|       m_axi|                                                                  gmem1_1|       pointer|
|m_axi_gmem1_1_0_BVALID                                                            |   in|    1|       m_axi|                                                                  gmem1_1|       pointer|
|m_axi_gmem1_1_0_BREADY                                                            |  out|    1|       m_axi|                                                                  gmem1_1|       pointer|
|m_axi_gmem1_1_0_BRESP                                                             |   in|    2|       m_axi|                                                                  gmem1_1|       pointer|
|m_axi_gmem1_1_0_BID                                                               |   in|    1|       m_axi|                                                                  gmem1_1|       pointer|
|m_axi_gmem1_1_0_BUSER                                                             |   in|    1|       m_axi|                                                                  gmem1_1|       pointer|
|weight_1                                                                          |   in|   64|     ap_none|                                                                 weight_1|        scalar|
|m_axi_gmem1_2_0_AWVALID                                                           |  out|    1|       m_axi|                                                                  gmem1_2|       pointer|
|m_axi_gmem1_2_0_AWREADY                                                           |   in|    1|       m_axi|                                                                  gmem1_2|       pointer|
|m_axi_gmem1_2_0_AWADDR                                                            |  out|   64|       m_axi|                                                                  gmem1_2|       pointer|
|m_axi_gmem1_2_0_AWID                                                              |  out|    1|       m_axi|                                                                  gmem1_2|       pointer|
|m_axi_gmem1_2_0_AWLEN                                                             |  out|   32|       m_axi|                                                                  gmem1_2|       pointer|
|m_axi_gmem1_2_0_AWSIZE                                                            |  out|    3|       m_axi|                                                                  gmem1_2|       pointer|
|m_axi_gmem1_2_0_AWBURST                                                           |  out|    2|       m_axi|                                                                  gmem1_2|       pointer|
|m_axi_gmem1_2_0_AWLOCK                                                            |  out|    2|       m_axi|                                                                  gmem1_2|       pointer|
|m_axi_gmem1_2_0_AWCACHE                                                           |  out|    4|       m_axi|                                                                  gmem1_2|       pointer|
|m_axi_gmem1_2_0_AWPROT                                                            |  out|    3|       m_axi|                                                                  gmem1_2|       pointer|
|m_axi_gmem1_2_0_AWQOS                                                             |  out|    4|       m_axi|                                                                  gmem1_2|       pointer|
|m_axi_gmem1_2_0_AWREGION                                                          |  out|    4|       m_axi|                                                                  gmem1_2|       pointer|
|m_axi_gmem1_2_0_AWUSER                                                            |  out|    1|       m_axi|                                                                  gmem1_2|       pointer|
|m_axi_gmem1_2_0_WVALID                                                            |  out|    1|       m_axi|                                                                  gmem1_2|       pointer|
|m_axi_gmem1_2_0_WREADY                                                            |   in|    1|       m_axi|                                                                  gmem1_2|       pointer|
|m_axi_gmem1_2_0_WDATA                                                             |  out|    8|       m_axi|                                                                  gmem1_2|       pointer|
|m_axi_gmem1_2_0_WSTRB                                                             |  out|    1|       m_axi|                                                                  gmem1_2|       pointer|
|m_axi_gmem1_2_0_WLAST                                                             |  out|    1|       m_axi|                                                                  gmem1_2|       pointer|
|m_axi_gmem1_2_0_WID                                                               |  out|    1|       m_axi|                                                                  gmem1_2|       pointer|
|m_axi_gmem1_2_0_WUSER                                                             |  out|    1|       m_axi|                                                                  gmem1_2|       pointer|
|m_axi_gmem1_2_0_ARVALID                                                           |  out|    1|       m_axi|                                                                  gmem1_2|       pointer|
|m_axi_gmem1_2_0_ARREADY                                                           |   in|    1|       m_axi|                                                                  gmem1_2|       pointer|
|m_axi_gmem1_2_0_ARADDR                                                            |  out|   64|       m_axi|                                                                  gmem1_2|       pointer|
|m_axi_gmem1_2_0_ARID                                                              |  out|    1|       m_axi|                                                                  gmem1_2|       pointer|
|m_axi_gmem1_2_0_ARLEN                                                             |  out|   32|       m_axi|                                                                  gmem1_2|       pointer|
|m_axi_gmem1_2_0_ARSIZE                                                            |  out|    3|       m_axi|                                                                  gmem1_2|       pointer|
|m_axi_gmem1_2_0_ARBURST                                                           |  out|    2|       m_axi|                                                                  gmem1_2|       pointer|
|m_axi_gmem1_2_0_ARLOCK                                                            |  out|    2|       m_axi|                                                                  gmem1_2|       pointer|
|m_axi_gmem1_2_0_ARCACHE                                                           |  out|    4|       m_axi|                                                                  gmem1_2|       pointer|
|m_axi_gmem1_2_0_ARPROT                                                            |  out|    3|       m_axi|                                                                  gmem1_2|       pointer|
|m_axi_gmem1_2_0_ARQOS                                                             |  out|    4|       m_axi|                                                                  gmem1_2|       pointer|
|m_axi_gmem1_2_0_ARREGION                                                          |  out|    4|       m_axi|                                                                  gmem1_2|       pointer|
|m_axi_gmem1_2_0_ARUSER                                                            |  out|    1|       m_axi|                                                                  gmem1_2|       pointer|
|m_axi_gmem1_2_0_RVALID                                                            |   in|    1|       m_axi|                                                                  gmem1_2|       pointer|
|m_axi_gmem1_2_0_RREADY                                                            |  out|    1|       m_axi|                                                                  gmem1_2|       pointer|
|m_axi_gmem1_2_0_RDATA                                                             |   in|    8|       m_axi|                                                                  gmem1_2|       pointer|
|m_axi_gmem1_2_0_RLAST                                                             |   in|    1|       m_axi|                                                                  gmem1_2|       pointer|
|m_axi_gmem1_2_0_RID                                                               |   in|    1|       m_axi|                                                                  gmem1_2|       pointer|
|m_axi_gmem1_2_0_RFIFONUM                                                          |   in|   11|       m_axi|                                                                  gmem1_2|       pointer|
|m_axi_gmem1_2_0_RUSER                                                             |   in|    1|       m_axi|                                                                  gmem1_2|       pointer|
|m_axi_gmem1_2_0_RRESP                                                             |   in|    2|       m_axi|                                                                  gmem1_2|       pointer|
|m_axi_gmem1_2_0_BVALID                                                            |   in|    1|       m_axi|                                                                  gmem1_2|       pointer|
|m_axi_gmem1_2_0_BREADY                                                            |  out|    1|       m_axi|                                                                  gmem1_2|       pointer|
|m_axi_gmem1_2_0_BRESP                                                             |   in|    2|       m_axi|                                                                  gmem1_2|       pointer|
|m_axi_gmem1_2_0_BID                                                               |   in|    1|       m_axi|                                                                  gmem1_2|       pointer|
|m_axi_gmem1_2_0_BUSER                                                             |   in|    1|       m_axi|                                                                  gmem1_2|       pointer|
|weight_2                                                                          |   in|   64|     ap_none|                                                                 weight_2|        scalar|
|m_axi_gmem1_3_0_AWVALID                                                           |  out|    1|       m_axi|                                                                  gmem1_3|       pointer|
|m_axi_gmem1_3_0_AWREADY                                                           |   in|    1|       m_axi|                                                                  gmem1_3|       pointer|
|m_axi_gmem1_3_0_AWADDR                                                            |  out|   64|       m_axi|                                                                  gmem1_3|       pointer|
|m_axi_gmem1_3_0_AWID                                                              |  out|    1|       m_axi|                                                                  gmem1_3|       pointer|
|m_axi_gmem1_3_0_AWLEN                                                             |  out|   32|       m_axi|                                                                  gmem1_3|       pointer|
|m_axi_gmem1_3_0_AWSIZE                                                            |  out|    3|       m_axi|                                                                  gmem1_3|       pointer|
|m_axi_gmem1_3_0_AWBURST                                                           |  out|    2|       m_axi|                                                                  gmem1_3|       pointer|
|m_axi_gmem1_3_0_AWLOCK                                                            |  out|    2|       m_axi|                                                                  gmem1_3|       pointer|
|m_axi_gmem1_3_0_AWCACHE                                                           |  out|    4|       m_axi|                                                                  gmem1_3|       pointer|
|m_axi_gmem1_3_0_AWPROT                                                            |  out|    3|       m_axi|                                                                  gmem1_3|       pointer|
|m_axi_gmem1_3_0_AWQOS                                                             |  out|    4|       m_axi|                                                                  gmem1_3|       pointer|
|m_axi_gmem1_3_0_AWREGION                                                          |  out|    4|       m_axi|                                                                  gmem1_3|       pointer|
|m_axi_gmem1_3_0_AWUSER                                                            |  out|    1|       m_axi|                                                                  gmem1_3|       pointer|
|m_axi_gmem1_3_0_WVALID                                                            |  out|    1|       m_axi|                                                                  gmem1_3|       pointer|
|m_axi_gmem1_3_0_WREADY                                                            |   in|    1|       m_axi|                                                                  gmem1_3|       pointer|
|m_axi_gmem1_3_0_WDATA                                                             |  out|    8|       m_axi|                                                                  gmem1_3|       pointer|
|m_axi_gmem1_3_0_WSTRB                                                             |  out|    1|       m_axi|                                                                  gmem1_3|       pointer|
|m_axi_gmem1_3_0_WLAST                                                             |  out|    1|       m_axi|                                                                  gmem1_3|       pointer|
|m_axi_gmem1_3_0_WID                                                               |  out|    1|       m_axi|                                                                  gmem1_3|       pointer|
|m_axi_gmem1_3_0_WUSER                                                             |  out|    1|       m_axi|                                                                  gmem1_3|       pointer|
|m_axi_gmem1_3_0_ARVALID                                                           |  out|    1|       m_axi|                                                                  gmem1_3|       pointer|
|m_axi_gmem1_3_0_ARREADY                                                           |   in|    1|       m_axi|                                                                  gmem1_3|       pointer|
|m_axi_gmem1_3_0_ARADDR                                                            |  out|   64|       m_axi|                                                                  gmem1_3|       pointer|
|m_axi_gmem1_3_0_ARID                                                              |  out|    1|       m_axi|                                                                  gmem1_3|       pointer|
|m_axi_gmem1_3_0_ARLEN                                                             |  out|   32|       m_axi|                                                                  gmem1_3|       pointer|
|m_axi_gmem1_3_0_ARSIZE                                                            |  out|    3|       m_axi|                                                                  gmem1_3|       pointer|
|m_axi_gmem1_3_0_ARBURST                                                           |  out|    2|       m_axi|                                                                  gmem1_3|       pointer|
|m_axi_gmem1_3_0_ARLOCK                                                            |  out|    2|       m_axi|                                                                  gmem1_3|       pointer|
|m_axi_gmem1_3_0_ARCACHE                                                           |  out|    4|       m_axi|                                                                  gmem1_3|       pointer|
|m_axi_gmem1_3_0_ARPROT                                                            |  out|    3|       m_axi|                                                                  gmem1_3|       pointer|
|m_axi_gmem1_3_0_ARQOS                                                             |  out|    4|       m_axi|                                                                  gmem1_3|       pointer|
|m_axi_gmem1_3_0_ARREGION                                                          |  out|    4|       m_axi|                                                                  gmem1_3|       pointer|
|m_axi_gmem1_3_0_ARUSER                                                            |  out|    1|       m_axi|                                                                  gmem1_3|       pointer|
|m_axi_gmem1_3_0_RVALID                                                            |   in|    1|       m_axi|                                                                  gmem1_3|       pointer|
|m_axi_gmem1_3_0_RREADY                                                            |  out|    1|       m_axi|                                                                  gmem1_3|       pointer|
|m_axi_gmem1_3_0_RDATA                                                             |   in|    8|       m_axi|                                                                  gmem1_3|       pointer|
|m_axi_gmem1_3_0_RLAST                                                             |   in|    1|       m_axi|                                                                  gmem1_3|       pointer|
|m_axi_gmem1_3_0_RID                                                               |   in|    1|       m_axi|                                                                  gmem1_3|       pointer|
|m_axi_gmem1_3_0_RFIFONUM                                                          |   in|   11|       m_axi|                                                                  gmem1_3|       pointer|
|m_axi_gmem1_3_0_RUSER                                                             |   in|    1|       m_axi|                                                                  gmem1_3|       pointer|
|m_axi_gmem1_3_0_RRESP                                                             |   in|    2|       m_axi|                                                                  gmem1_3|       pointer|
|m_axi_gmem1_3_0_BVALID                                                            |   in|    1|       m_axi|                                                                  gmem1_3|       pointer|
|m_axi_gmem1_3_0_BREADY                                                            |  out|    1|       m_axi|                                                                  gmem1_3|       pointer|
|m_axi_gmem1_3_0_BRESP                                                             |   in|    2|       m_axi|                                                                  gmem1_3|       pointer|
|m_axi_gmem1_3_0_BID                                                               |   in|    1|       m_axi|                                                                  gmem1_3|       pointer|
|m_axi_gmem1_3_0_BUSER                                                             |   in|    1|       m_axi|                                                                  gmem1_3|       pointer|
|weight_3                                                                          |   in|   64|     ap_none|                                                                 weight_3|        scalar|
|m_axi_gmem1_4_0_AWVALID                                                           |  out|    1|       m_axi|                                                                  gmem1_4|       pointer|
|m_axi_gmem1_4_0_AWREADY                                                           |   in|    1|       m_axi|                                                                  gmem1_4|       pointer|
|m_axi_gmem1_4_0_AWADDR                                                            |  out|   64|       m_axi|                                                                  gmem1_4|       pointer|
|m_axi_gmem1_4_0_AWID                                                              |  out|    1|       m_axi|                                                                  gmem1_4|       pointer|
|m_axi_gmem1_4_0_AWLEN                                                             |  out|   32|       m_axi|                                                                  gmem1_4|       pointer|
|m_axi_gmem1_4_0_AWSIZE                                                            |  out|    3|       m_axi|                                                                  gmem1_4|       pointer|
|m_axi_gmem1_4_0_AWBURST                                                           |  out|    2|       m_axi|                                                                  gmem1_4|       pointer|
|m_axi_gmem1_4_0_AWLOCK                                                            |  out|    2|       m_axi|                                                                  gmem1_4|       pointer|
|m_axi_gmem1_4_0_AWCACHE                                                           |  out|    4|       m_axi|                                                                  gmem1_4|       pointer|
|m_axi_gmem1_4_0_AWPROT                                                            |  out|    3|       m_axi|                                                                  gmem1_4|       pointer|
|m_axi_gmem1_4_0_AWQOS                                                             |  out|    4|       m_axi|                                                                  gmem1_4|       pointer|
|m_axi_gmem1_4_0_AWREGION                                                          |  out|    4|       m_axi|                                                                  gmem1_4|       pointer|
|m_axi_gmem1_4_0_AWUSER                                                            |  out|    1|       m_axi|                                                                  gmem1_4|       pointer|
|m_axi_gmem1_4_0_WVALID                                                            |  out|    1|       m_axi|                                                                  gmem1_4|       pointer|
|m_axi_gmem1_4_0_WREADY                                                            |   in|    1|       m_axi|                                                                  gmem1_4|       pointer|
|m_axi_gmem1_4_0_WDATA                                                             |  out|    8|       m_axi|                                                                  gmem1_4|       pointer|
|m_axi_gmem1_4_0_WSTRB                                                             |  out|    1|       m_axi|                                                                  gmem1_4|       pointer|
|m_axi_gmem1_4_0_WLAST                                                             |  out|    1|       m_axi|                                                                  gmem1_4|       pointer|
|m_axi_gmem1_4_0_WID                                                               |  out|    1|       m_axi|                                                                  gmem1_4|       pointer|
|m_axi_gmem1_4_0_WUSER                                                             |  out|    1|       m_axi|                                                                  gmem1_4|       pointer|
|m_axi_gmem1_4_0_ARVALID                                                           |  out|    1|       m_axi|                                                                  gmem1_4|       pointer|
|m_axi_gmem1_4_0_ARREADY                                                           |   in|    1|       m_axi|                                                                  gmem1_4|       pointer|
|m_axi_gmem1_4_0_ARADDR                                                            |  out|   64|       m_axi|                                                                  gmem1_4|       pointer|
|m_axi_gmem1_4_0_ARID                                                              |  out|    1|       m_axi|                                                                  gmem1_4|       pointer|
|m_axi_gmem1_4_0_ARLEN                                                             |  out|   32|       m_axi|                                                                  gmem1_4|       pointer|
|m_axi_gmem1_4_0_ARSIZE                                                            |  out|    3|       m_axi|                                                                  gmem1_4|       pointer|
|m_axi_gmem1_4_0_ARBURST                                                           |  out|    2|       m_axi|                                                                  gmem1_4|       pointer|
|m_axi_gmem1_4_0_ARLOCK                                                            |  out|    2|       m_axi|                                                                  gmem1_4|       pointer|
|m_axi_gmem1_4_0_ARCACHE                                                           |  out|    4|       m_axi|                                                                  gmem1_4|       pointer|
|m_axi_gmem1_4_0_ARPROT                                                            |  out|    3|       m_axi|                                                                  gmem1_4|       pointer|
|m_axi_gmem1_4_0_ARQOS                                                             |  out|    4|       m_axi|                                                                  gmem1_4|       pointer|
|m_axi_gmem1_4_0_ARREGION                                                          |  out|    4|       m_axi|                                                                  gmem1_4|       pointer|
|m_axi_gmem1_4_0_ARUSER                                                            |  out|    1|       m_axi|                                                                  gmem1_4|       pointer|
|m_axi_gmem1_4_0_RVALID                                                            |   in|    1|       m_axi|                                                                  gmem1_4|       pointer|
|m_axi_gmem1_4_0_RREADY                                                            |  out|    1|       m_axi|                                                                  gmem1_4|       pointer|
|m_axi_gmem1_4_0_RDATA                                                             |   in|    8|       m_axi|                                                                  gmem1_4|       pointer|
|m_axi_gmem1_4_0_RLAST                                                             |   in|    1|       m_axi|                                                                  gmem1_4|       pointer|
|m_axi_gmem1_4_0_RID                                                               |   in|    1|       m_axi|                                                                  gmem1_4|       pointer|
|m_axi_gmem1_4_0_RFIFONUM                                                          |   in|   11|       m_axi|                                                                  gmem1_4|       pointer|
|m_axi_gmem1_4_0_RUSER                                                             |   in|    1|       m_axi|                                                                  gmem1_4|       pointer|
|m_axi_gmem1_4_0_RRESP                                                             |   in|    2|       m_axi|                                                                  gmem1_4|       pointer|
|m_axi_gmem1_4_0_BVALID                                                            |   in|    1|       m_axi|                                                                  gmem1_4|       pointer|
|m_axi_gmem1_4_0_BREADY                                                            |  out|    1|       m_axi|                                                                  gmem1_4|       pointer|
|m_axi_gmem1_4_0_BRESP                                                             |   in|    2|       m_axi|                                                                  gmem1_4|       pointer|
|m_axi_gmem1_4_0_BID                                                               |   in|    1|       m_axi|                                                                  gmem1_4|       pointer|
|m_axi_gmem1_4_0_BUSER                                                             |   in|    1|       m_axi|                                                                  gmem1_4|       pointer|
|weight_4                                                                          |   in|   64|     ap_none|                                                                 weight_4|        scalar|
|m_axi_gmem1_5_0_AWVALID                                                           |  out|    1|       m_axi|                                                                  gmem1_5|       pointer|
|m_axi_gmem1_5_0_AWREADY                                                           |   in|    1|       m_axi|                                                                  gmem1_5|       pointer|
|m_axi_gmem1_5_0_AWADDR                                                            |  out|   64|       m_axi|                                                                  gmem1_5|       pointer|
|m_axi_gmem1_5_0_AWID                                                              |  out|    1|       m_axi|                                                                  gmem1_5|       pointer|
|m_axi_gmem1_5_0_AWLEN                                                             |  out|   32|       m_axi|                                                                  gmem1_5|       pointer|
|m_axi_gmem1_5_0_AWSIZE                                                            |  out|    3|       m_axi|                                                                  gmem1_5|       pointer|
|m_axi_gmem1_5_0_AWBURST                                                           |  out|    2|       m_axi|                                                                  gmem1_5|       pointer|
|m_axi_gmem1_5_0_AWLOCK                                                            |  out|    2|       m_axi|                                                                  gmem1_5|       pointer|
|m_axi_gmem1_5_0_AWCACHE                                                           |  out|    4|       m_axi|                                                                  gmem1_5|       pointer|
|m_axi_gmem1_5_0_AWPROT                                                            |  out|    3|       m_axi|                                                                  gmem1_5|       pointer|
|m_axi_gmem1_5_0_AWQOS                                                             |  out|    4|       m_axi|                                                                  gmem1_5|       pointer|
|m_axi_gmem1_5_0_AWREGION                                                          |  out|    4|       m_axi|                                                                  gmem1_5|       pointer|
|m_axi_gmem1_5_0_AWUSER                                                            |  out|    1|       m_axi|                                                                  gmem1_5|       pointer|
|m_axi_gmem1_5_0_WVALID                                                            |  out|    1|       m_axi|                                                                  gmem1_5|       pointer|
|m_axi_gmem1_5_0_WREADY                                                            |   in|    1|       m_axi|                                                                  gmem1_5|       pointer|
|m_axi_gmem1_5_0_WDATA                                                             |  out|    8|       m_axi|                                                                  gmem1_5|       pointer|
|m_axi_gmem1_5_0_WSTRB                                                             |  out|    1|       m_axi|                                                                  gmem1_5|       pointer|
|m_axi_gmem1_5_0_WLAST                                                             |  out|    1|       m_axi|                                                                  gmem1_5|       pointer|
|m_axi_gmem1_5_0_WID                                                               |  out|    1|       m_axi|                                                                  gmem1_5|       pointer|
|m_axi_gmem1_5_0_WUSER                                                             |  out|    1|       m_axi|                                                                  gmem1_5|       pointer|
|m_axi_gmem1_5_0_ARVALID                                                           |  out|    1|       m_axi|                                                                  gmem1_5|       pointer|
|m_axi_gmem1_5_0_ARREADY                                                           |   in|    1|       m_axi|                                                                  gmem1_5|       pointer|
|m_axi_gmem1_5_0_ARADDR                                                            |  out|   64|       m_axi|                                                                  gmem1_5|       pointer|
|m_axi_gmem1_5_0_ARID                                                              |  out|    1|       m_axi|                                                                  gmem1_5|       pointer|
|m_axi_gmem1_5_0_ARLEN                                                             |  out|   32|       m_axi|                                                                  gmem1_5|       pointer|
|m_axi_gmem1_5_0_ARSIZE                                                            |  out|    3|       m_axi|                                                                  gmem1_5|       pointer|
|m_axi_gmem1_5_0_ARBURST                                                           |  out|    2|       m_axi|                                                                  gmem1_5|       pointer|
|m_axi_gmem1_5_0_ARLOCK                                                            |  out|    2|       m_axi|                                                                  gmem1_5|       pointer|
|m_axi_gmem1_5_0_ARCACHE                                                           |  out|    4|       m_axi|                                                                  gmem1_5|       pointer|
|m_axi_gmem1_5_0_ARPROT                                                            |  out|    3|       m_axi|                                                                  gmem1_5|       pointer|
|m_axi_gmem1_5_0_ARQOS                                                             |  out|    4|       m_axi|                                                                  gmem1_5|       pointer|
|m_axi_gmem1_5_0_ARREGION                                                          |  out|    4|       m_axi|                                                                  gmem1_5|       pointer|
|m_axi_gmem1_5_0_ARUSER                                                            |  out|    1|       m_axi|                                                                  gmem1_5|       pointer|
|m_axi_gmem1_5_0_RVALID                                                            |   in|    1|       m_axi|                                                                  gmem1_5|       pointer|
|m_axi_gmem1_5_0_RREADY                                                            |  out|    1|       m_axi|                                                                  gmem1_5|       pointer|
|m_axi_gmem1_5_0_RDATA                                                             |   in|    8|       m_axi|                                                                  gmem1_5|       pointer|
|m_axi_gmem1_5_0_RLAST                                                             |   in|    1|       m_axi|                                                                  gmem1_5|       pointer|
|m_axi_gmem1_5_0_RID                                                               |   in|    1|       m_axi|                                                                  gmem1_5|       pointer|
|m_axi_gmem1_5_0_RFIFONUM                                                          |   in|   11|       m_axi|                                                                  gmem1_5|       pointer|
|m_axi_gmem1_5_0_RUSER                                                             |   in|    1|       m_axi|                                                                  gmem1_5|       pointer|
|m_axi_gmem1_5_0_RRESP                                                             |   in|    2|       m_axi|                                                                  gmem1_5|       pointer|
|m_axi_gmem1_5_0_BVALID                                                            |   in|    1|       m_axi|                                                                  gmem1_5|       pointer|
|m_axi_gmem1_5_0_BREADY                                                            |  out|    1|       m_axi|                                                                  gmem1_5|       pointer|
|m_axi_gmem1_5_0_BRESP                                                             |   in|    2|       m_axi|                                                                  gmem1_5|       pointer|
|m_axi_gmem1_5_0_BID                                                               |   in|    1|       m_axi|                                                                  gmem1_5|       pointer|
|m_axi_gmem1_5_0_BUSER                                                             |   in|    1|       m_axi|                                                                  gmem1_5|       pointer|
|weight_5                                                                          |   in|   64|     ap_none|                                                                 weight_5|        scalar|
|m_axi_gmem1_6_0_AWVALID                                                           |  out|    1|       m_axi|                                                                  gmem1_6|       pointer|
|m_axi_gmem1_6_0_AWREADY                                                           |   in|    1|       m_axi|                                                                  gmem1_6|       pointer|
|m_axi_gmem1_6_0_AWADDR                                                            |  out|   64|       m_axi|                                                                  gmem1_6|       pointer|
|m_axi_gmem1_6_0_AWID                                                              |  out|    1|       m_axi|                                                                  gmem1_6|       pointer|
|m_axi_gmem1_6_0_AWLEN                                                             |  out|   32|       m_axi|                                                                  gmem1_6|       pointer|
|m_axi_gmem1_6_0_AWSIZE                                                            |  out|    3|       m_axi|                                                                  gmem1_6|       pointer|
|m_axi_gmem1_6_0_AWBURST                                                           |  out|    2|       m_axi|                                                                  gmem1_6|       pointer|
|m_axi_gmem1_6_0_AWLOCK                                                            |  out|    2|       m_axi|                                                                  gmem1_6|       pointer|
|m_axi_gmem1_6_0_AWCACHE                                                           |  out|    4|       m_axi|                                                                  gmem1_6|       pointer|
|m_axi_gmem1_6_0_AWPROT                                                            |  out|    3|       m_axi|                                                                  gmem1_6|       pointer|
|m_axi_gmem1_6_0_AWQOS                                                             |  out|    4|       m_axi|                                                                  gmem1_6|       pointer|
|m_axi_gmem1_6_0_AWREGION                                                          |  out|    4|       m_axi|                                                                  gmem1_6|       pointer|
|m_axi_gmem1_6_0_AWUSER                                                            |  out|    1|       m_axi|                                                                  gmem1_6|       pointer|
|m_axi_gmem1_6_0_WVALID                                                            |  out|    1|       m_axi|                                                                  gmem1_6|       pointer|
|m_axi_gmem1_6_0_WREADY                                                            |   in|    1|       m_axi|                                                                  gmem1_6|       pointer|
|m_axi_gmem1_6_0_WDATA                                                             |  out|    8|       m_axi|                                                                  gmem1_6|       pointer|
|m_axi_gmem1_6_0_WSTRB                                                             |  out|    1|       m_axi|                                                                  gmem1_6|       pointer|
|m_axi_gmem1_6_0_WLAST                                                             |  out|    1|       m_axi|                                                                  gmem1_6|       pointer|
|m_axi_gmem1_6_0_WID                                                               |  out|    1|       m_axi|                                                                  gmem1_6|       pointer|
|m_axi_gmem1_6_0_WUSER                                                             |  out|    1|       m_axi|                                                                  gmem1_6|       pointer|
|m_axi_gmem1_6_0_ARVALID                                                           |  out|    1|       m_axi|                                                                  gmem1_6|       pointer|
|m_axi_gmem1_6_0_ARREADY                                                           |   in|    1|       m_axi|                                                                  gmem1_6|       pointer|
|m_axi_gmem1_6_0_ARADDR                                                            |  out|   64|       m_axi|                                                                  gmem1_6|       pointer|
|m_axi_gmem1_6_0_ARID                                                              |  out|    1|       m_axi|                                                                  gmem1_6|       pointer|
|m_axi_gmem1_6_0_ARLEN                                                             |  out|   32|       m_axi|                                                                  gmem1_6|       pointer|
|m_axi_gmem1_6_0_ARSIZE                                                            |  out|    3|       m_axi|                                                                  gmem1_6|       pointer|
|m_axi_gmem1_6_0_ARBURST                                                           |  out|    2|       m_axi|                                                                  gmem1_6|       pointer|
|m_axi_gmem1_6_0_ARLOCK                                                            |  out|    2|       m_axi|                                                                  gmem1_6|       pointer|
|m_axi_gmem1_6_0_ARCACHE                                                           |  out|    4|       m_axi|                                                                  gmem1_6|       pointer|
|m_axi_gmem1_6_0_ARPROT                                                            |  out|    3|       m_axi|                                                                  gmem1_6|       pointer|
|m_axi_gmem1_6_0_ARQOS                                                             |  out|    4|       m_axi|                                                                  gmem1_6|       pointer|
|m_axi_gmem1_6_0_ARREGION                                                          |  out|    4|       m_axi|                                                                  gmem1_6|       pointer|
|m_axi_gmem1_6_0_ARUSER                                                            |  out|    1|       m_axi|                                                                  gmem1_6|       pointer|
|m_axi_gmem1_6_0_RVALID                                                            |   in|    1|       m_axi|                                                                  gmem1_6|       pointer|
|m_axi_gmem1_6_0_RREADY                                                            |  out|    1|       m_axi|                                                                  gmem1_6|       pointer|
|m_axi_gmem1_6_0_RDATA                                                             |   in|    8|       m_axi|                                                                  gmem1_6|       pointer|
|m_axi_gmem1_6_0_RLAST                                                             |   in|    1|       m_axi|                                                                  gmem1_6|       pointer|
|m_axi_gmem1_6_0_RID                                                               |   in|    1|       m_axi|                                                                  gmem1_6|       pointer|
|m_axi_gmem1_6_0_RFIFONUM                                                          |   in|   11|       m_axi|                                                                  gmem1_6|       pointer|
|m_axi_gmem1_6_0_RUSER                                                             |   in|    1|       m_axi|                                                                  gmem1_6|       pointer|
|m_axi_gmem1_6_0_RRESP                                                             |   in|    2|       m_axi|                                                                  gmem1_6|       pointer|
|m_axi_gmem1_6_0_BVALID                                                            |   in|    1|       m_axi|                                                                  gmem1_6|       pointer|
|m_axi_gmem1_6_0_BREADY                                                            |  out|    1|       m_axi|                                                                  gmem1_6|       pointer|
|m_axi_gmem1_6_0_BRESP                                                             |   in|    2|       m_axi|                                                                  gmem1_6|       pointer|
|m_axi_gmem1_6_0_BID                                                               |   in|    1|       m_axi|                                                                  gmem1_6|       pointer|
|m_axi_gmem1_6_0_BUSER                                                             |   in|    1|       m_axi|                                                                  gmem1_6|       pointer|
|weight_6                                                                          |   in|   64|     ap_none|                                                                 weight_6|        scalar|
|m_axi_gmem1_7_0_AWVALID                                                           |  out|    1|       m_axi|                                                                  gmem1_7|       pointer|
|m_axi_gmem1_7_0_AWREADY                                                           |   in|    1|       m_axi|                                                                  gmem1_7|       pointer|
|m_axi_gmem1_7_0_AWADDR                                                            |  out|   64|       m_axi|                                                                  gmem1_7|       pointer|
|m_axi_gmem1_7_0_AWID                                                              |  out|    1|       m_axi|                                                                  gmem1_7|       pointer|
|m_axi_gmem1_7_0_AWLEN                                                             |  out|   32|       m_axi|                                                                  gmem1_7|       pointer|
|m_axi_gmem1_7_0_AWSIZE                                                            |  out|    3|       m_axi|                                                                  gmem1_7|       pointer|
|m_axi_gmem1_7_0_AWBURST                                                           |  out|    2|       m_axi|                                                                  gmem1_7|       pointer|
|m_axi_gmem1_7_0_AWLOCK                                                            |  out|    2|       m_axi|                                                                  gmem1_7|       pointer|
|m_axi_gmem1_7_0_AWCACHE                                                           |  out|    4|       m_axi|                                                                  gmem1_7|       pointer|
|m_axi_gmem1_7_0_AWPROT                                                            |  out|    3|       m_axi|                                                                  gmem1_7|       pointer|
|m_axi_gmem1_7_0_AWQOS                                                             |  out|    4|       m_axi|                                                                  gmem1_7|       pointer|
|m_axi_gmem1_7_0_AWREGION                                                          |  out|    4|       m_axi|                                                                  gmem1_7|       pointer|
|m_axi_gmem1_7_0_AWUSER                                                            |  out|    1|       m_axi|                                                                  gmem1_7|       pointer|
|m_axi_gmem1_7_0_WVALID                                                            |  out|    1|       m_axi|                                                                  gmem1_7|       pointer|
|m_axi_gmem1_7_0_WREADY                                                            |   in|    1|       m_axi|                                                                  gmem1_7|       pointer|
|m_axi_gmem1_7_0_WDATA                                                             |  out|    8|       m_axi|                                                                  gmem1_7|       pointer|
|m_axi_gmem1_7_0_WSTRB                                                             |  out|    1|       m_axi|                                                                  gmem1_7|       pointer|
|m_axi_gmem1_7_0_WLAST                                                             |  out|    1|       m_axi|                                                                  gmem1_7|       pointer|
|m_axi_gmem1_7_0_WID                                                               |  out|    1|       m_axi|                                                                  gmem1_7|       pointer|
|m_axi_gmem1_7_0_WUSER                                                             |  out|    1|       m_axi|                                                                  gmem1_7|       pointer|
|m_axi_gmem1_7_0_ARVALID                                                           |  out|    1|       m_axi|                                                                  gmem1_7|       pointer|
|m_axi_gmem1_7_0_ARREADY                                                           |   in|    1|       m_axi|                                                                  gmem1_7|       pointer|
|m_axi_gmem1_7_0_ARADDR                                                            |  out|   64|       m_axi|                                                                  gmem1_7|       pointer|
|m_axi_gmem1_7_0_ARID                                                              |  out|    1|       m_axi|                                                                  gmem1_7|       pointer|
|m_axi_gmem1_7_0_ARLEN                                                             |  out|   32|       m_axi|                                                                  gmem1_7|       pointer|
|m_axi_gmem1_7_0_ARSIZE                                                            |  out|    3|       m_axi|                                                                  gmem1_7|       pointer|
|m_axi_gmem1_7_0_ARBURST                                                           |  out|    2|       m_axi|                                                                  gmem1_7|       pointer|
|m_axi_gmem1_7_0_ARLOCK                                                            |  out|    2|       m_axi|                                                                  gmem1_7|       pointer|
|m_axi_gmem1_7_0_ARCACHE                                                           |  out|    4|       m_axi|                                                                  gmem1_7|       pointer|
|m_axi_gmem1_7_0_ARPROT                                                            |  out|    3|       m_axi|                                                                  gmem1_7|       pointer|
|m_axi_gmem1_7_0_ARQOS                                                             |  out|    4|       m_axi|                                                                  gmem1_7|       pointer|
|m_axi_gmem1_7_0_ARREGION                                                          |  out|    4|       m_axi|                                                                  gmem1_7|       pointer|
|m_axi_gmem1_7_0_ARUSER                                                            |  out|    1|       m_axi|                                                                  gmem1_7|       pointer|
|m_axi_gmem1_7_0_RVALID                                                            |   in|    1|       m_axi|                                                                  gmem1_7|       pointer|
|m_axi_gmem1_7_0_RREADY                                                            |  out|    1|       m_axi|                                                                  gmem1_7|       pointer|
|m_axi_gmem1_7_0_RDATA                                                             |   in|    8|       m_axi|                                                                  gmem1_7|       pointer|
|m_axi_gmem1_7_0_RLAST                                                             |   in|    1|       m_axi|                                                                  gmem1_7|       pointer|
|m_axi_gmem1_7_0_RID                                                               |   in|    1|       m_axi|                                                                  gmem1_7|       pointer|
|m_axi_gmem1_7_0_RFIFONUM                                                          |   in|   11|       m_axi|                                                                  gmem1_7|       pointer|
|m_axi_gmem1_7_0_RUSER                                                             |   in|    1|       m_axi|                                                                  gmem1_7|       pointer|
|m_axi_gmem1_7_0_RRESP                                                             |   in|    2|       m_axi|                                                                  gmem1_7|       pointer|
|m_axi_gmem1_7_0_BVALID                                                            |   in|    1|       m_axi|                                                                  gmem1_7|       pointer|
|m_axi_gmem1_7_0_BREADY                                                            |  out|    1|       m_axi|                                                                  gmem1_7|       pointer|
|m_axi_gmem1_7_0_BRESP                                                             |   in|    2|       m_axi|                                                                  gmem1_7|       pointer|
|m_axi_gmem1_7_0_BID                                                               |   in|    1|       m_axi|                                                                  gmem1_7|       pointer|
|m_axi_gmem1_7_0_BUSER                                                             |   in|    1|       m_axi|                                                                  gmem1_7|       pointer|
|weight_7                                                                          |   in|   64|     ap_none|                                                                 weight_7|        scalar|
|m_axi_gmem1_0_AWVALID                                                             |  out|    1|       m_axi|                                                                    gmem1|       pointer|
|m_axi_gmem1_0_AWREADY                                                             |   in|    1|       m_axi|                                                                    gmem1|       pointer|
|m_axi_gmem1_0_AWADDR                                                              |  out|   64|       m_axi|                                                                    gmem1|       pointer|
|m_axi_gmem1_0_AWID                                                                |  out|    1|       m_axi|                                                                    gmem1|       pointer|
|m_axi_gmem1_0_AWLEN                                                               |  out|   32|       m_axi|                                                                    gmem1|       pointer|
|m_axi_gmem1_0_AWSIZE                                                              |  out|    3|       m_axi|                                                                    gmem1|       pointer|
|m_axi_gmem1_0_AWBURST                                                             |  out|    2|       m_axi|                                                                    gmem1|       pointer|
|m_axi_gmem1_0_AWLOCK                                                              |  out|    2|       m_axi|                                                                    gmem1|       pointer|
|m_axi_gmem1_0_AWCACHE                                                             |  out|    4|       m_axi|                                                                    gmem1|       pointer|
|m_axi_gmem1_0_AWPROT                                                              |  out|    3|       m_axi|                                                                    gmem1|       pointer|
|m_axi_gmem1_0_AWQOS                                                               |  out|    4|       m_axi|                                                                    gmem1|       pointer|
|m_axi_gmem1_0_AWREGION                                                            |  out|    4|       m_axi|                                                                    gmem1|       pointer|
|m_axi_gmem1_0_AWUSER                                                              |  out|    1|       m_axi|                                                                    gmem1|       pointer|
|m_axi_gmem1_0_WVALID                                                              |  out|    1|       m_axi|                                                                    gmem1|       pointer|
|m_axi_gmem1_0_WREADY                                                              |   in|    1|       m_axi|                                                                    gmem1|       pointer|
|m_axi_gmem1_0_WDATA                                                               |  out|   32|       m_axi|                                                                    gmem1|       pointer|
|m_axi_gmem1_0_WSTRB                                                               |  out|    4|       m_axi|                                                                    gmem1|       pointer|
|m_axi_gmem1_0_WLAST                                                               |  out|    1|       m_axi|                                                                    gmem1|       pointer|
|m_axi_gmem1_0_WID                                                                 |  out|    1|       m_axi|                                                                    gmem1|       pointer|
|m_axi_gmem1_0_WUSER                                                               |  out|    1|       m_axi|                                                                    gmem1|       pointer|
|m_axi_gmem1_0_ARVALID                                                             |  out|    1|       m_axi|                                                                    gmem1|       pointer|
|m_axi_gmem1_0_ARREADY                                                             |   in|    1|       m_axi|                                                                    gmem1|       pointer|
|m_axi_gmem1_0_ARADDR                                                              |  out|   64|       m_axi|                                                                    gmem1|       pointer|
|m_axi_gmem1_0_ARID                                                                |  out|    1|       m_axi|                                                                    gmem1|       pointer|
|m_axi_gmem1_0_ARLEN                                                               |  out|   32|       m_axi|                                                                    gmem1|       pointer|
|m_axi_gmem1_0_ARSIZE                                                              |  out|    3|       m_axi|                                                                    gmem1|       pointer|
|m_axi_gmem1_0_ARBURST                                                             |  out|    2|       m_axi|                                                                    gmem1|       pointer|
|m_axi_gmem1_0_ARLOCK                                                              |  out|    2|       m_axi|                                                                    gmem1|       pointer|
|m_axi_gmem1_0_ARCACHE                                                             |  out|    4|       m_axi|                                                                    gmem1|       pointer|
|m_axi_gmem1_0_ARPROT                                                              |  out|    3|       m_axi|                                                                    gmem1|       pointer|
|m_axi_gmem1_0_ARQOS                                                               |  out|    4|       m_axi|                                                                    gmem1|       pointer|
|m_axi_gmem1_0_ARREGION                                                            |  out|    4|       m_axi|                                                                    gmem1|       pointer|
|m_axi_gmem1_0_ARUSER                                                              |  out|    1|       m_axi|                                                                    gmem1|       pointer|
|m_axi_gmem1_0_RVALID                                                              |   in|    1|       m_axi|                                                                    gmem1|       pointer|
|m_axi_gmem1_0_RREADY                                                              |  out|    1|       m_axi|                                                                    gmem1|       pointer|
|m_axi_gmem1_0_RDATA                                                               |   in|   32|       m_axi|                                                                    gmem1|       pointer|
|m_axi_gmem1_0_RLAST                                                               |   in|    1|       m_axi|                                                                    gmem1|       pointer|
|m_axi_gmem1_0_RID                                                                 |   in|    1|       m_axi|                                                                    gmem1|       pointer|
|m_axi_gmem1_0_RFIFONUM                                                            |   in|    9|       m_axi|                                                                    gmem1|       pointer|
|m_axi_gmem1_0_RUSER                                                               |   in|    1|       m_axi|                                                                    gmem1|       pointer|
|m_axi_gmem1_0_RRESP                                                               |   in|    2|       m_axi|                                                                    gmem1|       pointer|
|m_axi_gmem1_0_BVALID                                                              |   in|    1|       m_axi|                                                                    gmem1|       pointer|
|m_axi_gmem1_0_BREADY                                                              |  out|    1|       m_axi|                                                                    gmem1|       pointer|
|m_axi_gmem1_0_BRESP                                                               |   in|    2|       m_axi|                                                                    gmem1|       pointer|
|m_axi_gmem1_0_BID                                                                 |   in|    1|       m_axi|                                                                    gmem1|       pointer|
|m_axi_gmem1_0_BUSER                                                               |   in|    1|       m_axi|                                                                    gmem1|       pointer|
|bias                                                                              |   in|   64|     ap_none|                                                                     bias|        scalar|
|in_h                                                                              |   in|    8|     ap_none|                                                                     in_h|        scalar|
|in_w                                                                              |   in|    8|     ap_none|                                                                     in_w|        scalar|
|in_ch                                                                             |   in|    8|     ap_none|                                                                    in_ch|        scalar|
|out_ch                                                                            |   in|    8|     ap_none|                                                                   out_ch|        scalar|
|do_relu                                                                           |   in|    1|     ap_none|                                                                  do_relu|        scalar|
|p_read                                                                            |   in|    1|     ap_none|                                                                   p_read|        scalar|
|p_read2                                                                           |   in|    1|     ap_none|                                                                  p_read2|        scalar|
|dpu_conv_top_ap_int_64_64_ap_int_64_3_3_ap_int_ap_int_64_64_1_address0            |  out|   17|   ap_memory|            dpu_conv_top_ap_int_64_64_ap_int_64_3_3_ap_int_ap_int_64_64_1|         array|
|dpu_conv_top_ap_int_64_64_ap_int_64_3_3_ap_int_ap_int_64_64_1_ce0                 |  out|    1|   ap_memory|            dpu_conv_top_ap_int_64_64_ap_int_64_3_3_ap_int_ap_int_64_64_1|         array|
|dpu_conv_top_ap_int_64_64_ap_int_64_3_3_ap_int_ap_int_64_64_1_we0                 |  out|    1|   ap_memory|            dpu_conv_top_ap_int_64_64_ap_int_64_3_3_ap_int_ap_int_64_64_1|         array|
|dpu_conv_top_ap_int_64_64_ap_int_64_3_3_ap_int_ap_int_64_64_1_d0                  |  out|    8|   ap_memory|            dpu_conv_top_ap_int_64_64_ap_int_64_3_3_ap_int_ap_int_64_64_1|         array|
|dpu_mulmulmulmulconv_top_ap_int_64_64_ap_int_64_3_3_ap_int_ap_int_64_64_address0  |  out|   17|   ap_memory|  dpu_mulmulmulmulconv_top_ap_int_64_64_ap_int_64_3_3_ap_int_ap_int_64_64|         array|
|dpu_mulmulmulmulconv_top_ap_int_64_64_ap_int_64_3_3_ap_int_ap_int_64_64_ce0       |  out|    1|   ap_memory|  dpu_mulmulmulmulconv_top_ap_int_64_64_ap_int_64_3_3_ap_int_ap_int_64_64|         array|
|dpu_mulmulmulmulconv_top_ap_int_64_64_ap_int_64_3_3_ap_int_ap_int_64_64_we0       |  out|    1|   ap_memory|  dpu_mulmulmulmulconv_top_ap_int_64_64_ap_int_64_3_3_ap_int_ap_int_64_64|         array|
|dpu_mulmulmulmulconv_top_ap_int_64_64_ap_int_64_3_3_ap_int_ap_int_64_64_d0        |  out|    8|   ap_memory|  dpu_mulmulmulmulconv_top_ap_int_64_64_ap_int_64_3_3_ap_int_ap_int_64_64|         array|
+----------------------------------------------------------------------------------+-----+-----+------------+-------------------------------------------------------------------------+--------------+

============================================================
+ Verbose Summary: Synthesis Manager
============================================================
InlineROM: 1
ExposeGlobal: 0
============================================================
+ Verbose Summary: CDFG Model
============================================================
IsTopModel: 0
ResetActiveHigh: 1
IsCombinational: 2
IsDatapathOnly: 0
HasWiredReturn: 1
HasMFsm: 0
HasVarLatency: 1
IsPipeline: 0
IsRtlPipelined: 0
IsInstanceOverlapped: 0
IsDontTouch: 0
HasImplIP: 0
IsGatedGlobalClock: 0


============================================================
+ Verbose Summary: Schedule
============================================================
* Number of FSM states : 14
* Pipeline : 0
* Dataflow Pipeline: 0

* FSM state transitions: 
1 --> 2 
2 --> 3 
3 --> 4 
4 --> 5 
5 --> 6 
6 --> 7 
7 --> 8 
8 --> 9 
9 --> 10 
10 --> 11 
11 --> 12 
12 --> 13 
13 --> 14 
14 --> 2 

* FSM state operations: 

State 1 <SV = 0> <Delay = 5.63>
ST_1 : Operation 15 [1/1] (0.00ns)   --->   "%oc = alloca i32 1" [C:/Users/user/Downloads/files/dpu_conv.cpp:23]   --->   Operation 15 'alloca' 'oc' <Predicate = true> <Delay = 0.00>
ST_1 : Operation 16 [1/1] (0.00ns)   --->   "%mac_count_loc_0_i = alloca i32 1"   --->   Operation 16 'alloca' 'mac_count_loc_0_i' <Predicate = true> <Delay = 0.00>
ST_1 : Operation 17 [1/1] (0.00ns)   --->   "%mac_count_new_0_i = alloca i32 1"   --->   Operation 17 'alloca' 'mac_count_new_0_i' <Predicate = true> <Delay = 0.00>
ST_1 : Operation 18 [1/1] (0.00ns)   --->   "%cycle_count_out_0 = alloca i32 1"   --->   Operation 18 'alloca' 'cycle_count_out_0' <Predicate = true> <Delay = 0.00>
ST_1 : Operation 19 [1/1] (3.63ns)   --->   "%p_read_1 = read i1 @_ssdm_op_Read.ap_auto.i1, i1 %p_read2"   --->   Operation 19 'read' 'p_read_1' <Predicate = true> <Delay = 3.63> <CoreInst = "FIFO_SRL">   --->   Core 80 'FIFO_SRL' <Latency = 0> <II = 1> <Delay = 3.63> <Storage> <Opcode : 'read' 'write' 'nbread' 'nbwrite'> <Ports = 0> <Width = 1> <Depth = 2> <FIFO>
ST_1 : Operation 20 [1/1] (3.63ns)   --->   "%p_read_2 = read i1 @_ssdm_op_Read.ap_auto.i1, i1 %p_read"   --->   Operation 20 'read' 'p_read_2' <Predicate = true> <Delay = 3.63> <CoreInst = "FIFO_SRL">   --->   Core 80 'FIFO_SRL' <Latency = 0> <II = 1> <Delay = 3.63> <Storage> <Opcode : 'read' 'write' 'nbread' 'nbwrite'> <Ports = 0> <Width = 1> <Depth = 2> <FIFO>
ST_1 : Operation 21 [1/1] (0.00ns)   --->   "%do_relu_read = read i1 @_ssdm_op_Read.ap_auto.i1, i1 %do_relu"   --->   Operation 21 'read' 'do_relu_read' <Predicate = true> <Delay = 0.00>
ST_1 : Operation 22 [1/1] (0.00ns)   --->   "%out_ch_read = read i8 @_ssdm_op_Read.ap_auto.i8, i8 %out_ch"   --->   Operation 22 'read' 'out_ch_read' <Predicate = true> <Delay = 0.00>
ST_1 : Operation 23 [1/1] (0.00ns)   --->   "%in_ch_read = read i8 @_ssdm_op_Read.ap_auto.i8, i8 %in_ch"   --->   Operation 23 'read' 'in_ch_read' <Predicate = true> <Delay = 0.00>
ST_1 : Operation 24 [1/1] (0.00ns)   --->   "%in_w_read = read i8 @_ssdm_op_Read.ap_auto.i8, i8 %in_w"   --->   Operation 24 'read' 'in_w_read' <Predicate = true> <Delay = 0.00>
ST_1 : Operation 25 [1/1] (0.00ns)   --->   "%in_h_read = read i8 @_ssdm_op_Read.ap_auto.i8, i8 %in_h"   --->   Operation 25 'read' 'in_h_read' <Predicate = true> <Delay = 0.00>
ST_1 : Operation 26 [1/1] (0.00ns)   --->   "%bias_read = read i64 @_ssdm_op_Read.ap_auto.i64, i64 %bias"   --->   Operation 26 'read' 'bias_read' <Predicate = true> <Delay = 0.00>
ST_1 : Operation 27 [1/1] (0.00ns)   --->   "%weight_7_read = read i64 @_ssdm_op_Read.ap_auto.i64, i64 %weight_7"   --->   Operation 27 'read' 'weight_7_read' <Predicate = true> <Delay = 0.00>
ST_1 : Operation 28 [1/1] (0.00ns)   --->   "%weight_6_read = read i64 @_ssdm_op_Read.ap_auto.i64, i64 %weight_6"   --->   Operation 28 'read' 'weight_6_read' <Predicate = true> <Delay = 0.00>
ST_1 : Operation 29 [1/1] (0.00ns)   --->   "%weight_5_read = read i64 @_ssdm_op_Read.ap_auto.i64, i64 %weight_5"   --->   Operation 29 'read' 'weight_5_read' <Predicate = true> <Delay = 0.00>
ST_1 : Operation 30 [1/1] (0.00ns)   --->   "%weight_4_read = read i64 @_ssdm_op_Read.ap_auto.i64, i64 %weight_4"   --->   Operation 30 'read' 'weight_4_read' <Predicate = true> <Delay = 0.00>
ST_1 : Operation 31 [1/1] (0.00ns)   --->   "%weight_3_read = read i64 @_ssdm_op_Read.ap_auto.i64, i64 %weight_3"   --->   Operation 31 'read' 'weight_3_read' <Predicate = true> <Delay = 0.00>
ST_1 : Operation 32 [1/1] (0.00ns)   --->   "%weight_2_read = read i64 @_ssdm_op_Read.ap_auto.i64, i64 %weight_2"   --->   Operation 32 'read' 'weight_2_read' <Predicate = true> <Delay = 0.00>
ST_1 : Operation 33 [1/1] (0.00ns)   --->   "%weight_1_read = read i64 @_ssdm_op_Read.ap_auto.i64, i64 %weight_1"   --->   Operation 33 'read' 'weight_1_read' <Predicate = true> <Delay = 0.00>
ST_1 : Operation 34 [1/1] (0.00ns)   --->   "%weight_0_read = read i64 @_ssdm_op_Read.ap_auto.i64, i64 %weight_0"   --->   Operation 34 'read' 'weight_0_read' <Predicate = true> <Delay = 0.00>
ST_1 : Operation 35 [1/1] (0.00ns)   --->   "%ifmap_7_read = read i64 @_ssdm_op_Read.ap_auto.i64, i64 %ifmap_7"   --->   Operation 35 'read' 'ifmap_7_read' <Predicate = true> <Delay = 0.00>
ST_1 : Operation 36 [1/1] (0.00ns)   --->   "%ifmap_6_read = read i64 @_ssdm_op_Read.ap_auto.i64, i64 %ifmap_6"   --->   Operation 36 'read' 'ifmap_6_read' <Predicate = true> <Delay = 0.00>
ST_1 : Operation 37 [1/1] (0.00ns)   --->   "%ifmap_5_read = read i64 @_ssdm_op_Read.ap_auto.i64, i64 %ifmap_5"   --->   Operation 37 'read' 'ifmap_5_read' <Predicate = true> <Delay = 0.00>
ST_1 : Operation 38 [1/1] (0.00ns)   --->   "%ifmap_4_read = read i64 @_ssdm_op_Read.ap_auto.i64, i64 %ifmap_4"   --->   Operation 38 'read' 'ifmap_4_read' <Predicate = true> <Delay = 0.00>
ST_1 : Operation 39 [1/1] (0.00ns)   --->   "%ifmap_3_read = read i64 @_ssdm_op_Read.ap_auto.i64, i64 %ifmap_3"   --->   Operation 39 'read' 'ifmap_3_read' <Predicate = true> <Delay = 0.00>
ST_1 : Operation 40 [1/1] (0.00ns)   --->   "%ifmap_2_read = read i64 @_ssdm_op_Read.ap_auto.i64, i64 %ifmap_2"   --->   Operation 40 'read' 'ifmap_2_read' <Predicate = true> <Delay = 0.00>
ST_1 : Operation 41 [1/1] (0.00ns)   --->   "%ifmap_1_read = read i64 @_ssdm_op_Read.ap_auto.i64, i64 %ifmap_1"   --->   Operation 41 'read' 'ifmap_1_read' <Predicate = true> <Delay = 0.00>
ST_1 : Operation 42 [1/1] (0.00ns)   --->   "%ifmap_0_read = read i64 @_ssdm_op_Read.ap_auto.i64, i64 %ifmap_0"   --->   Operation 42 'read' 'ifmap_0_read' <Predicate = true> <Delay = 0.00>
ST_1 : Operation 43 [1/1] (0.00ns)   --->   "%p_read2_cast = zext i1 %p_read_1"   --->   Operation 43 'zext' 'p_read2_cast' <Predicate = true> <Delay = 0.00>
ST_1 : Operation 44 [1/1] (0.00ns)   --->   "%p_read_cast = zext i1 %p_read_2"   --->   Operation 44 'zext' 'p_read_cast' <Predicate = true> <Delay = 0.00>
ST_1 : Operation 45 [1/1] (0.00ns)   --->   "%mac_count_flag_3_i_loc = alloca i64 1"   --->   Operation 45 'alloca' 'mac_count_flag_3_i_loc' <Predicate = true> <Delay = 0.00>
ST_1 : Operation 46 [1/1] (0.00ns)   --->   "%specinterface_ln0 = specinterface void @_ssdm_op_SpecInterface, i32 %gmem1, void @empty_38, i32 0, i32 0, void @empty_39, i32 0, i32 64, void @empty_5, void @empty_42, void @empty_39, i32 16, i32 16, i32 16, i32 16, void @empty_39, void @empty_39, i32 4294967295, i32 0, i32 0, i32 4"   --->   Operation 46 'specinterface' 'specinterface_ln0' <Predicate = true> <Delay = 0.00>
ST_1 : Operation 47 [1/1] (0.00ns)   --->   "%specinterface_ln0 = specinterface void @_ssdm_op_SpecInterface, i8 %gmem1_7, void @empty_38, i32 0, i32 0, void @empty_39, i32 0, i32 36864, void @empty_4, void @empty_42, void @empty_39, i32 16, i32 16, i32 16, i32 16, void @empty_39, void @empty_39, i32 4294967295, i32 0, i32 0, i32 1"   --->   Operation 47 'specinterface' 'specinterface_ln0' <Predicate = true> <Delay = 0.00>
ST_1 : Operation 48 [1/1] (0.00ns)   --->   "%specinterface_ln0 = specinterface void @_ssdm_op_SpecInterface, i8 %gmem1_6, void @empty_38, i32 0, i32 0, void @empty_39, i32 0, i32 36864, void @empty_41, void @empty_42, void @empty_39, i32 16, i32 16, i32 16, i32 16, void @empty_39, void @empty_39, i32 4294967295, i32 0, i32 0, i32 1"   --->   Operation 48 'specinterface' 'specinterface_ln0' <Predicate = true> <Delay = 0.00>
ST_1 : Operation 49 [1/1] (0.00ns)   --->   "%specinterface_ln0 = specinterface void @_ssdm_op_SpecInterface, i8 %gmem1_5, void @empty_38, i32 0, i32 0, void @empty_39, i32 0, i32 36864, void @empty_45, void @empty_42, void @empty_39, i32 16, i32 16, i32 16, i32 16, void @empty_39, void @empty_39, i32 4294967295, i32 0, i32 0, i32 1"   --->   Operation 49 'specinterface' 'specinterface_ln0' <Predicate = true> <Delay = 0.00>
ST_1 : Operation 50 [1/1] (0.00ns)   --->   "%specinterface_ln0 = specinterface void @_ssdm_op_SpecInterface, i8 %gmem1_4, void @empty_38, i32 0, i32 0, void @empty_39, i32 0, i32 36864, void @empty_2, void @empty_42, void @empty_39, i32 16, i32 16, i32 16, i32 16, void @empty_39, void @empty_39, i32 4294967295, i32 0, i32 0, i32 1"   --->   Operation 50 'specinterface' 'specinterface_ln0' <Predicate = true> <Delay = 0.00>
ST_1 : Operation 51 [1/1] (0.00ns)   --->   "%specinterface_ln0 = specinterface void @_ssdm_op_SpecInterface, i8 %gmem1_3, void @empty_38, i32 0, i32 0, void @empty_39, i32 0, i32 36864, void @empty_17, void @empty_42, void @empty_39, i32 16, i32 16, i32 16, i32 16, void @empty_39, void @empty_39, i32 4294967295, i32 0, i32 0, i32 1"   --->   Operation 51 'specinterface' 'specinterface_ln0' <Predicate = true> <Delay = 0.00>
ST_1 : Operation 52 [1/1] (0.00ns)   --->   "%specinterface_ln0 = specinterface void @_ssdm_op_SpecInterface, i8 %gmem1_2, void @empty_38, i32 0, i32 0, void @empty_39, i32 0, i32 36864, void @empty_0, void @empty_42, void @empty_39, i32 16, i32 16, i32 16, i32 16, void @empty_39, void @empty_39, i32 4294967295, i32 0, i32 0, i32 1"   --->   Operation 52 'specinterface' 'specinterface_ln0' <Predicate = true> <Delay = 0.00>
ST_1 : Operation 53 [1/1] (0.00ns)   --->   "%specinterface_ln0 = specinterface void @_ssdm_op_SpecInterface, i8 %gmem1_1, void @empty_38, i32 0, i32 0, void @empty_39, i32 0, i32 36864, void @empty_31, void @empty_42, void @empty_39, i32 16, i32 16, i32 16, i32 16, void @empty_39, void @empty_39, i32 4294967295, i32 0, i32 0, i32 1"   --->   Operation 53 'specinterface' 'specinterface_ln0' <Predicate = true> <Delay = 0.00>
ST_1 : Operation 54 [1/1] (0.00ns)   --->   "%specinterface_ln0 = specinterface void @_ssdm_op_SpecInterface, i8 %gmem1_0, void @empty_38, i32 0, i32 0, void @empty_39, i32 0, i32 36864, void @empty_47, void @empty_42, void @empty_39, i32 16, i32 16, i32 16, i32 16, void @empty_39, void @empty_39, i32 4294967295, i32 0, i32 0, i32 1"   --->   Operation 54 'specinterface' 'specinterface_ln0' <Predicate = true> <Delay = 0.00>
ST_1 : Operation 55 [1/1] (0.00ns)   --->   "%specinterface_ln0 = specinterface void @_ssdm_op_SpecInterface, i8 %gmem0_7, void @empty_38, i32 0, i32 0, void @empty_39, i32 0, i32 262144, void @empty_46, void @empty_42, void @empty_39, i32 16, i32 16, i32 16, i32 16, void @empty_39, void @empty_39, i32 4294967295, i32 0, i32 0, i32 1"   --->   Operation 55 'specinterface' 'specinterface_ln0' <Predicate = true> <Delay = 0.00>
ST_1 : Operation 56 [1/1] (0.00ns)   --->   "%specinterface_ln0 = specinterface void @_ssdm_op_SpecInterface, i8 %gmem0_6, void @empty_38, i32 0, i32 0, void @empty_39, i32 0, i32 262144, void @empty_48, void @empty_42, void @empty_39, i32 16, i32 16, i32 16, i32 16, void @empty_39, void @empty_39, i32 4294967295, i32 0, i32 0, i32 1"   --->   Operation 56 'specinterface' 'specinterface_ln0' <Predicate = true> <Delay = 0.00>
ST_1 : Operation 57 [1/1] (0.00ns)   --->   "%specinterface_ln0 = specinterface void @_ssdm_op_SpecInterface, i8 %gmem0_5, void @empty_38, i32 0, i32 0, void @empty_39, i32 0, i32 262144, void @empty_3, void @empty_42, void @empty_39, i32 16, i32 16, i32 16, i32 16, void @empty_39, void @empty_39, i32 4294967295, i32 0, i32 0, i32 1"   --->   Operation 57 'specinterface' 'specinterface_ln0' <Predicate = true> <Delay = 0.00>
ST_1 : Operation 58 [1/1] (0.00ns)   --->   "%specinterface_ln0 = specinterface void @_ssdm_op_SpecInterface, i8 %gmem0_4, void @empty_38, i32 0, i32 0, void @empty_39, i32 0, i32 262144, void @empty_44, void @empty_42, void @empty_39, i32 16, i32 16, i32 16, i32 16, void @empty_39, void @empty_39, i32 4294967295, i32 0, i32 0, i32 1"   --->   Operation 58 'specinterface' 'specinterface_ln0' <Predicate = true> <Delay = 0.00>
ST_1 : Operation 59 [1/1] (0.00ns)   --->   "%specinterface_ln0 = specinterface void @_ssdm_op_SpecInterface, i8 %gmem0_3, void @empty_38, i32 0, i32 0, void @empty_39, i32 0, i32 262144, void @empty_37, void @empty_42, void @empty_39, i32 16, i32 16, i32 16, i32 16, void @empty_39, void @empty_39, i32 4294967295, i32 0, i32 0, i32 1"   --->   Operation 59 'specinterface' 'specinterface_ln0' <Predicate = true> <Delay = 0.00>
ST_1 : Operation 60 [1/1] (0.00ns)   --->   "%specinterface_ln0 = specinterface void @_ssdm_op_SpecInterface, i8 %gmem0_2, void @empty_38, i32 0, i32 0, void @empty_39, i32 0, i32 262144, void @empty_1, void @empty_42, void @empty_39, i32 16, i32 16, i32 16, i32 16, void @empty_39, void @empty_39, i32 4294967295, i32 0, i32 0, i32 1"   --->   Operation 60 'specinterface' 'specinterface_ln0' <Predicate = true> <Delay = 0.00>
ST_1 : Operation 61 [1/1] (0.00ns)   --->   "%specinterface_ln0 = specinterface void @_ssdm_op_SpecInterface, i8 %gmem0_1, void @empty_38, i32 0, i32 0, void @empty_39, i32 0, i32 262144, void @empty_43, void @empty_42, void @empty_39, i32 16, i32 16, i32 16, i32 16, void @empty_39, void @empty_39, i32 4294967295, i32 0, i32 0, i32 1"   --->   Operation 61 'specinterface' 'specinterface_ln0' <Predicate = true> <Delay = 0.00>
ST_1 : Operation 62 [1/1] (0.00ns)   --->   "%specinterface_ln0 = specinterface void @_ssdm_op_SpecInterface, i8 %gmem0_0, void @empty_38, i32 0, i32 0, void @empty_39, i32 0, i32 262144, void @empty_40, void @empty_42, void @empty_39, i32 16, i32 16, i32 16, i32 16, void @empty_39, void @empty_39, i32 4294967295, i32 0, i32 0, i32 1"   --->   Operation 62 'specinterface' 'specinterface_ln0' <Predicate = true> <Delay = 0.00>
ST_1 : Operation 63 [1/1] (0.00ns)   --->   "%shl_ln = bitconcatenate i11 @_ssdm_op_BitConcatenate.i11.i8.i3, i8 %in_w_read, i3 0" [C:/Users/user/Downloads/files/dpu_conv.cpp:23]   --->   Operation 63 'bitconcatenate' 'shl_ln' <Predicate = true> <Delay = 0.00>
ST_1 : Operation 64 [1/1] (0.00ns)   --->   "%in_h_cast = zext i8 %in_h_read"   --->   Operation 64 'zext' 'in_h_cast' <Predicate = true> <Delay = 0.00>
ST_1 : Operation 65 [1/1] (0.00ns)   --->   "%shl_ln_cast = zext i11 %shl_ln" [C:/Users/user/Downloads/files/dpu_conv.cpp:23]   --->   Operation 65 'zext' 'shl_ln_cast' <Predicate = true> <Delay = 0.00>
ST_1 : Operation 66 [1/1] (5.63ns)   --->   "%bound4 = mul i19 %in_h_cast, i19 %shl_ln_cast" [C:/Users/user/Downloads/files/dpu_conv.cpp:23]   --->   Operation 66 'mul' 'bound4' <Predicate = true> <Delay = 5.63> <CoreInst = "Multiplier">   --->   Core 3 'Multiplier' <Latency = 0> <II = 1> <Delay = 5.63> <FuncUnit> <Opcode : 'mul'> <InPorts = 2> <OutPorts = 1>
ST_1 : Operation 67 [1/1] (0.00ns)   --->   "%store_ln0 = store i32 %p_read2_cast, i32 %cycle_count_out_0"   --->   Operation 67 'store' 'store_ln0' <Predicate = true> <Delay = 0.00>
ST_1 : Operation 68 [1/1] (0.00ns)   --->   "%store_ln0 = store i32 %p_read_cast, i32 %mac_count_loc_0_i"   --->   Operation 68 'store' 'store_ln0' <Predicate = true> <Delay = 0.00>
ST_1 : Operation 69 [1/1] (1.58ns)   --->   "%store_ln23 = store i8 0, i8 %oc" [C:/Users/user/Downloads/files/dpu_conv.cpp:23]   --->   Operation 69 'store' 'store_ln23' <Predicate = true> <Delay = 1.58>
ST_1 : Operation 70 [1/1] (1.58ns)   --->   "%br_ln23 = br void %OH_LOOP.i" [C:/Users/user/Downloads/files/dpu_conv.cpp:23]   --->   Operation 70 'br' 'br_ln23' <Predicate = true> <Delay = 1.58>

State 2 <SV = 1> <Delay = 3.52>
ST_2 : Operation 71 [1/1] (0.00ns)   --->   "%mac_count_flag_0_i = phi i1 0, void %entry, i1 %mac_count_flag_3_i_loc_load, void %OH_LOOP.split.i"   --->   Operation 71 'phi' 'mac_count_flag_0_i' <Predicate = true> <Delay = 0.00>
ST_2 : Operation 72 [1/1] (0.00ns)   --->   "%oc_3 = load i8 %oc" [C:/Users/user/Downloads/files/dpu_conv.cpp:23]   --->   Operation 72 'load' 'oc_3' <Predicate = true> <Delay = 0.00>
ST_2 : Operation 73 [1/1] (1.91ns)   --->   "%icmp_ln23 = icmp_eq  i8 %oc_3, i8 %out_ch_read" [C:/Users/user/Downloads/files/dpu_conv.cpp:23]   --->   Operation 73 'icmp' 'icmp_ln23' <Predicate = true> <Delay = 1.91> <CoreInst = "Cmp">   --->   Core 9 'Cmp' <Latency = 0> <II = 1> <Delay = 1.91> <FuncUnit> <Opcode : 'seteq' 'setne' 'setle' 'setge' 'setlt' 'setgt'> <InPorts = 2> <OutPorts = 1>
ST_2 : Operation 74 [1/1] (1.91ns)   --->   "%add_ln23 = add i8 %oc_3, i8 1" [C:/Users/user/Downloads/files/dpu_conv.cpp:23]   --->   Operation 74 'add' 'add_ln23' <Predicate = true> <Delay = 1.91> <CoreInst = "Adder">   --->   Core 1 'Adder' <Latency = 0> <II = 1> <Delay = 1.91> <FuncUnit> <Opcode : 'add' 'sub'> <InPorts = 2> <OutPorts = 1>
ST_2 : Operation 75 [1/1] (0.00ns)   --->   "%br_ln23 = br i1 %icmp_ln23, void %OH_LOOP.split.i, void %for.end95.i" [C:/Users/user/Downloads/files/dpu_conv.cpp:23]   --->   Operation 75 'br' 'br_ln23' <Predicate = true> <Delay = 0.00>
ST_2 : Operation 76 [1/1] (0.00ns)   --->   "%shl_ln1 = bitconcatenate i10 @_ssdm_op_BitConcatenate.i10.i8.i2, i8 %oc_3, i2 0" [C:/Users/user/Downloads/files/dpu_conv.cpp:33]   --->   Operation 76 'bitconcatenate' 'shl_ln1' <Predicate = (!icmp_ln23)> <Delay = 0.00>
ST_2 : Operation 77 [1/1] (0.00ns)   --->   "%zext_ln33 = zext i10 %shl_ln1" [C:/Users/user/Downloads/files/dpu_conv.cpp:33]   --->   Operation 77 'zext' 'zext_ln33' <Predicate = (!icmp_ln23)> <Delay = 0.00>
ST_2 : Operation 78 [1/1] (3.52ns)   --->   "%add_ln33 = add i64 %zext_ln33, i64 %bias_read" [C:/Users/user/Downloads/files/dpu_conv.cpp:33]   --->   Operation 78 'add' 'add_ln33' <Predicate = (!icmp_ln23)> <Delay = 3.52> <CoreInst = "Adder">   --->   Core 1 'Adder' <Latency = 0> <II = 1> <Delay = 3.52> <FuncUnit> <Opcode : 'add' 'sub'> <InPorts = 2> <OutPorts = 1>
ST_2 : Operation 79 [1/1] (0.00ns)   --->   "%trunc_ln = partselect i62 @_ssdm_op_PartSelect.i62.i64.i32.i32, i64 %add_ln33, i32 2, i32 63" [C:/Users/user/Downloads/files/dpu_conv.cpp:33]   --->   Operation 79 'partselect' 'trunc_ln' <Predicate = (!icmp_ln23)> <Delay = 0.00>
ST_2 : Operation 80 [1/1] (0.00ns)   --->   "%sext_ln33 = sext i62 %trunc_ln" [C:/Users/user/Downloads/files/dpu_conv.cpp:33]   --->   Operation 80 'sext' 'sext_ln33' <Predicate = (!icmp_ln23)> <Delay = 0.00>
ST_2 : Operation 81 [1/1] (0.00ns)   --->   "%gmem1_addr = getelementptr i32 %gmem1, i64 %sext_ln33" [C:/Users/user/Downloads/files/dpu_conv.cpp:33]   --->   Operation 81 'getelementptr' 'gmem1_addr' <Predicate = (!icmp_ln23)> <Delay = 0.00>
ST_2 : Operation 82 [1/1] (1.58ns)   --->   "%store_ln23 = store i8 %add_ln23, i8 %oc" [C:/Users/user/Downloads/files/dpu_conv.cpp:23]   --->   Operation 82 'store' 'store_ln23' <Predicate = (!icmp_ln23)> <Delay = 1.58>
ST_2 : Operation 83 [1/1] (0.00ns)   --->   "%mac_count_new_0_i_load_1 = load i32 %mac_count_new_0_i"   --->   Operation 83 'load' 'mac_count_new_0_i_load_1' <Predicate = (icmp_ln23)> <Delay = 0.00>
ST_2 : Operation 84 [1/1] (0.00ns)   --->   "%cycle_count_out_0_load_1 = load i32 %cycle_count_out_0"   --->   Operation 84 'load' 'cycle_count_out_0_load_1' <Predicate = (icmp_ln23)> <Delay = 0.00>
ST_2 : Operation 85 [1/1] (0.69ns)   --->   "%mac_count_out_0 = select i1 %mac_count_flag_0_i, i32 %mac_count_new_0_i_load_1, i32 %p_read_cast"   --->   Operation 85 'select' 'mac_count_out_0' <Predicate = (icmp_ln23)> <Delay = 0.69> <CoreInst = "Sel">   --->   Core 73 'Sel' <Latency = 0> <II = 1> <Delay = 0.69> <FuncUnit> <Opcode : 'select'> <InPorts = 3> <OutPorts = 1>
ST_2 : Operation 86 [1/1] (0.00ns)   --->   "%mrv = insertvalue i88 <undef>, i32 %mac_count_out_0"   --->   Operation 86 'insertvalue' 'mrv' <Predicate = (icmp_ln23)> <Delay = 0.00>
ST_2 : Operation 87 [1/1] (0.00ns)   --->   "%mrv_1 = insertvalue i88 %mrv, i32 %cycle_count_out_0_load_1"   --->   Operation 87 'insertvalue' 'mrv_1' <Predicate = (icmp_ln23)> <Delay = 0.00>
ST_2 : Operation 88 [1/1] (0.00ns)   --->   "%mrv_2 = insertvalue i88 %mrv_1, i8 %in_h_read"   --->   Operation 88 'insertvalue' 'mrv_2' <Predicate = (icmp_ln23)> <Delay = 0.00>
ST_2 : Operation 89 [1/1] (0.00ns)   --->   "%mrv_3 = insertvalue i88 %mrv_2, i8 %in_w_read"   --->   Operation 89 'insertvalue' 'mrv_3' <Predicate = (icmp_ln23)> <Delay = 0.00>
ST_2 : Operation 90 [1/1] (0.00ns)   --->   "%mrv_4 = insertvalue i88 %mrv_3, i8 %out_ch_read"   --->   Operation 90 'insertvalue' 'mrv_4' <Predicate = (icmp_ln23)> <Delay = 0.00>
ST_2 : Operation 91 [1/1] (0.00ns)   --->   "%ret_ln0 = ret i88 %mrv_4"   --->   Operation 91 'ret' 'ret_ln0' <Predicate = (icmp_ln23)> <Delay = 0.00>

State 3 <SV = 2> <Delay = 0.00>
ST_3 : Operation 92 [8/8] (8.03ns)   --->   "%acc_req = readreq i1 @_ssdm_op_ReadReq.m_axi.i32P1A, i64 %gmem1_addr, i64 1" [C:/Users/user/Downloads/files/dpu_conv.cpp:33]   --->   Operation 92 'readreq' 'acc_req' <Predicate = true> <Delay = 8.03> <CoreInst = "m_axi">   --->   Core 111 'm_axi' <Latency = 6> <II = 1> <Delay = 1.00> <Adapter> <Opcode : 'readrequnaligned' 'writerequnaligned' 'read' 'write' 'readreq' 'writereq' 'writeresp'>

State 4 <SV = 3> <Delay = 0.00>
ST_4 : Operation 93 [7/8] (8.03ns)   --->   "%acc_req = readreq i1 @_ssdm_op_ReadReq.m_axi.i32P1A, i64 %gmem1_addr, i64 1" [C:/Users/user/Downloads/files/dpu_conv.cpp:33]   --->   Operation 93 'readreq' 'acc_req' <Predicate = true> <Delay = 8.03> <CoreInst = "m_axi">   --->   Core 111 'm_axi' <Latency = 6> <II = 1> <Delay = 1.00> <Adapter> <Opcode : 'readrequnaligned' 'writerequnaligned' 'read' 'write' 'readreq' 'writereq' 'writeresp'>

State 5 <SV = 4> <Delay = 0.00>
ST_5 : Operation 94 [6/8] (8.03ns)   --->   "%acc_req = readreq i1 @_ssdm_op_ReadReq.m_axi.i32P1A, i64 %gmem1_addr, i64 1" [C:/Users/user/Downloads/files/dpu_conv.cpp:33]   --->   Operation 94 'readreq' 'acc_req' <Predicate = true> <Delay = 8.03> <CoreInst = "m_axi">   --->   Core 111 'm_axi' <Latency = 6> <II = 1> <Delay = 1.00> <Adapter> <Opcode : 'readrequnaligned' 'writerequnaligned' 'read' 'write' 'readreq' 'writereq' 'writeresp'>

State 6 <SV = 5> <Delay = 0.00>
ST_6 : Operation 95 [5/8] (8.03ns)   --->   "%acc_req = readreq i1 @_ssdm_op_ReadReq.m_axi.i32P1A, i64 %gmem1_addr, i64 1" [C:/Users/user/Downloads/files/dpu_conv.cpp:33]   --->   Operation 95 'readreq' 'acc_req' <Predicate = true> <Delay = 8.03> <CoreInst = "m_axi">   --->   Core 111 'm_axi' <Latency = 6> <II = 1> <Delay = 1.00> <Adapter> <Opcode : 'readrequnaligned' 'writerequnaligned' 'read' 'write' 'readreq' 'writereq' 'writeresp'>

State 7 <SV = 6> <Delay = 0.00>
ST_7 : Operation 96 [4/8] (8.03ns)   --->   "%acc_req = readreq i1 @_ssdm_op_ReadReq.m_axi.i32P1A, i64 %gmem1_addr, i64 1" [C:/Users/user/Downloads/files/dpu_conv.cpp:33]   --->   Operation 96 'readreq' 'acc_req' <Predicate = true> <Delay = 8.03> <CoreInst = "m_axi">   --->   Core 111 'm_axi' <Latency = 6> <II = 1> <Delay = 1.00> <Adapter> <Opcode : 'readrequnaligned' 'writerequnaligned' 'read' 'write' 'readreq' 'writereq' 'writeresp'>

State 8 <SV = 7> <Delay = 0.00>
ST_8 : Operation 97 [3/8] (8.03ns)   --->   "%acc_req = readreq i1 @_ssdm_op_ReadReq.m_axi.i32P1A, i64 %gmem1_addr, i64 1" [C:/Users/user/Downloads/files/dpu_conv.cpp:33]   --->   Operation 97 'readreq' 'acc_req' <Predicate = true> <Delay = 8.03> <CoreInst = "m_axi">   --->   Core 111 'm_axi' <Latency = 6> <II = 1> <Delay = 1.00> <Adapter> <Opcode : 'readrequnaligned' 'writerequnaligned' 'read' 'write' 'readreq' 'writereq' 'writeresp'>

State 9 <SV = 8> <Delay = 0.00>
ST_9 : Operation 98 [2/8] (8.03ns)   --->   "%acc_req = readreq i1 @_ssdm_op_ReadReq.m_axi.i32P1A, i64 %gmem1_addr, i64 1" [C:/Users/user/Downloads/files/dpu_conv.cpp:33]   --->   Operation 98 'readreq' 'acc_req' <Predicate = true> <Delay = 8.03> <CoreInst = "m_axi">   --->   Core 111 'm_axi' <Latency = 6> <II = 1> <Delay = 1.00> <Adapter> <Opcode : 'readrequnaligned' 'writerequnaligned' 'read' 'write' 'readreq' 'writereq' 'writeresp'>

State 10 <SV = 9> <Delay = 8.03>
ST_10 : Operation 99 [1/8] ( I:8.03ns O:8.03ns )   --->   "%acc_req = readreq i1 @_ssdm_op_ReadReq.m_axi.i32P1A, i64 %gmem1_addr, i64 1" [C:/Users/user/Downloads/files/dpu_conv.cpp:33]   --->   Operation 99 'readreq' 'acc_req' <Predicate = true> <Delay = 8.03> <CoreInst = "m_axi">   --->   Core 111 'm_axi' <Latency = 6> <II = 1> <Delay = 1.00> <Adapter> <Opcode : 'readrequnaligned' 'writerequnaligned' 'read' 'write' 'readreq' 'writereq' 'writeresp'>

State 11 <SV = 10> <Delay = 8.03>
ST_11 : Operation 100 [1/1] (0.00ns)   --->   "%mac_count_loc_0_i_load = load i32 %mac_count_loc_0_i"   --->   Operation 100 'load' 'mac_count_loc_0_i_load' <Predicate = true> <Delay = 0.00>
ST_11 : Operation 101 [1/1] (0.00ns)   --->   "%mac_count_new_0_i_load = load i32 %mac_count_new_0_i"   --->   Operation 101 'load' 'mac_count_new_0_i_load' <Predicate = true> <Delay = 0.00>
ST_11 : Operation 102 [1/1] (0.00ns)   --->   "%cycle_count_out_0_load = load i32 %cycle_count_out_0"   --->   Operation 102 'load' 'cycle_count_out_0_load' <Predicate = true> <Delay = 0.00>
ST_11 : Operation 103 [1/1] ( I:8.03ns O:8.03ns )   --->   "%gmem1_addr_read = read i32 @_ssdm_op_Read.m_axi.i32P1A, i64 %gmem1_addr" [C:/Users/user/Downloads/files/dpu_conv.cpp:33]   --->   Operation 103 'read' 'gmem1_addr_read' <Predicate = true> <Delay = 8.03> <CoreInst = "m_axi">   --->   Core 111 'm_axi' <Latency = 3> <II = 1> <Delay = 1.00> <Adapter> <Opcode : 'readrequnaligned' 'writerequnaligned' 'read' 'write' 'readreq' 'writereq' 'writeresp'>

State 12 <SV = 11> <Delay = 1.91>
ST_12 : Operation 104 [1/1] (0.00ns)   --->   "%trunc_ln23 = trunc i8 %oc_3" [C:/Users/user/Downloads/files/dpu_conv.cpp:23]   --->   Operation 104 'trunc' 'trunc_ln23' <Predicate = true> <Delay = 0.00>
ST_12 : Operation 105 [2/2] (1.91ns)   --->   "%call_ln33 = call void @conv3x3_relu_Pipeline_OH_LOOP_OW_LOOP_IC_LOOP, i32 %cycle_count_out_0_load, i1 %mac_count_flag_0_i, i32 %mac_count_new_0_i_load, i32 %mac_count_loc_0_i_load, i32 %gmem1_addr_read, i8 %in_w_read, i8 %in_h_read, i11 %shl_ln, i11 %shl_ln, i19 %bound4, i1 %do_relu_read, i8 %in_ch_read, i6 %trunc_ln23, i8 %oc_3, i8 %gmem0_0, i8 %gmem1_0, i64 %ifmap_0_read, i64 %weight_0_read, i8 %gmem0_1, i8 %gmem1_1, i64 %ifmap_1_read, i64 %weight_1_read, i8 %gmem0_2, i8 %gmem1_2, i64 %ifmap_2_read, i64 %weight_2_read, i8 %gmem0_3, i8 %gmem1_3, i64 %ifmap_3_read, i64 %weight_3_read, i8 %gmem0_4, i8 %gmem1_4, i64 %ifmap_4_read, i64 %weight_4_read, i8 %gmem0_5, i8 %gmem1_5, i64 %ifmap_5_read, i64 %weight_5_read, i8 %gmem0_6, i8 %gmem1_6, i64 %ifmap_6_read, i64 %weight_6_read, i8 %gmem0_7, i8 %gmem1_7, i64 %ifmap_7_read, i64 %weight_7_read, i1 %mac_count_flag_3_i_loc, i32 %mac_count_new_0_i, i32 %mac_count_loc_0_i, i32 %cycle_count_out_0, i8 %dpu_conv_top_ap_int_64_64_ap_int_64_3_3_ap_int_ap_int_64_64_1, i8 %dpu_mulmulmulmulconv_top_ap_int_64_64_ap_int_64_3_3_ap_int_ap_int_64_64" [C:/Users/user/Downloads/files/dpu_conv.cpp:33]   --->   Operation 105 'call' 'call_ln33' <Predicate = true> <Delay = 1.91> <CoreType = "Generic">   --->   Generic Core

State 13 <SV = 12> <Delay = 0.00>
ST_13 : Operation 106 [1/2] (0.00ns)   --->   "%call_ln33 = call void @conv3x3_relu_Pipeline_OH_LOOP_OW_LOOP_IC_LOOP, i32 %cycle_count_out_0_load, i1 %mac_count_flag_0_i, i32 %mac_count_new_0_i_load, i32 %mac_count_loc_0_i_load, i32 %gmem1_addr_read, i8 %in_w_read, i8 %in_h_read, i11 %shl_ln, i11 %shl_ln, i19 %bound4, i1 %do_relu_read, i8 %in_ch_read, i6 %trunc_ln23, i8 %oc_3, i8 %gmem0_0, i8 %gmem1_0, i64 %ifmap_0_read, i64 %weight_0_read, i8 %gmem0_1, i8 %gmem1_1, i64 %ifmap_1_read, i64 %weight_1_read, i8 %gmem0_2, i8 %gmem1_2, i64 %ifmap_2_read, i64 %weight_2_read, i8 %gmem0_3, i8 %gmem1_3, i64 %ifmap_3_read, i64 %weight_3_read, i8 %gmem0_4, i8 %gmem1_4, i64 %ifmap_4_read, i64 %weight_4_read, i8 %gmem0_5, i8 %gmem1_5, i64 %ifmap_5_read, i64 %weight_5_read, i8 %gmem0_6, i8 %gmem1_6, i64 %ifmap_6_read, i64 %weight_6_read, i8 %gmem0_7, i8 %gmem1_7, i64 %ifmap_7_read, i64 %weight_7_read, i1 %mac_count_flag_3_i_loc, i32 %mac_count_new_0_i, i32 %mac_count_loc_0_i, i32 %cycle_count_out_0, i8 %dpu_conv_top_ap_int_64_64_ap_int_64_3_3_ap_int_ap_int_64_64_1, i8 %dpu_mulmulmulmulconv_top_ap_int_64_64_ap_int_64_3_3_ap_int_ap_int_64_64" [C:/Users/user/Downloads/files/dpu_conv.cpp:33]   --->   Operation 106 'call' 'call_ln33' <Predicate = true> <Delay = 0.00> <CoreType = "Generic">   --->   Generic Core

State 14 <SV = 13> <Delay = 0.00>
ST_14 : Operation 107 [1/1] (0.00ns)   --->   "%speclooptripcount_ln26 = speclooptripcount void @_ssdm_op_SpecLoopTripCount, i64 1, i64 64, i64 4" [C:/Users/user/Downloads/files/dpu_conv.cpp:26]   --->   Operation 107 'speclooptripcount' 'speclooptripcount_ln26' <Predicate = true> <Delay = 0.00>
ST_14 : Operation 108 [1/1] (0.00ns)   --->   "%specloopname_ln23 = specloopname void @_ssdm_op_SpecLoopName, void @empty_36" [C:/Users/user/Downloads/files/dpu_conv.cpp:23]   --->   Operation 108 'specloopname' 'specloopname_ln23' <Predicate = true> <Delay = 0.00>
ST_14 : Operation 109 [1/1] (0.00ns)   --->   "%mac_count_flag_3_i_loc_load = load i1 %mac_count_flag_3_i_loc"   --->   Operation 109 'load' 'mac_count_flag_3_i_loc_load' <Predicate = true> <Delay = 0.00>
ST_14 : Operation 110 [1/1] (0.00ns)   --->   "%br_ln23 = br void %OH_LOOP.i" [C:/Users/user/Downloads/files/dpu_conv.cpp:23]   --->   Operation 110 'br' 'br_ln23' <Predicate = true> <Delay = 0.00>


============================================================
+ Verbose Summary: Binding
============================================================
STG Binding: 
---------------- STG Properties BEGIN ----------------
- Is combinational: 0
- Is one-state seq: 0
- Is datapath-only: 0
- Is pipelined: 0
- Is top level: 0
Port [ Return ] is wired: 1; IO mode=ap_ctrl_hs:ce=0
Port [ gmem0_0]:  wired=1; compound=1; hidden=0; nouse=0; global=0; static=0; extern=0; dir=0; type=4; pingpong=0; private_global=0; IO mode=m_axi:ce=0
Port [ ifmap_0]:  wired=1; compound=0; hidden=0; nouse=0; global=0; static=0; extern=0; dir=0; type=0; pingpong=0; private_global=0; IO mode=ap_none:ce=0
Port [ gmem0_1]:  wired=1; compound=1; hidden=0; nouse=0; global=0; static=0; extern=0; dir=0; type=4; pingpong=0; private_global=0; IO mode=m_axi:ce=0
Port [ ifmap_1]:  wired=1; compound=0; hidden=0; nouse=0; global=0; static=0; extern=0; dir=0; type=0; pingpong=0; private_global=0; IO mode=ap_none:ce=0
Port [ gmem0_2]:  wired=1; compound=1; hidden=0; nouse=0; global=0; static=0; extern=0; dir=0; type=4; pingpong=0; private_global=0; IO mode=m_axi:ce=0
Port [ ifmap_2]:  wired=1; compound=0; hidden=0; nouse=0; global=0; static=0; extern=0; dir=0; type=0; pingpong=0; private_global=0; IO mode=ap_none:ce=0
Port [ gmem0_3]:  wired=1; compound=1; hidden=0; nouse=0; global=0; static=0; extern=0; dir=0; type=4; pingpong=0; private_global=0; IO mode=m_axi:ce=0
Port [ ifmap_3]:  wired=1; compound=0; hidden=0; nouse=0; global=0; static=0; extern=0; dir=0; type=0; pingpong=0; private_global=0; IO mode=ap_none:ce=0
Port [ gmem0_4]:  wired=1; compound=1; hidden=0; nouse=0; global=0; static=0; extern=0; dir=0; type=4; pingpong=0; private_global=0; IO mode=m_axi:ce=0
Port [ ifmap_4]:  wired=1; compound=0; hidden=0; nouse=0; global=0; static=0; extern=0; dir=0; type=0; pingpong=0; private_global=0; IO mode=ap_none:ce=0
Port [ gmem0_5]:  wired=1; compound=1; hidden=0; nouse=0; global=0; static=0; extern=0; dir=0; type=4; pingpong=0; private_global=0; IO mode=m_axi:ce=0
Port [ ifmap_5]:  wired=1; compound=0; hidden=0; nouse=0; global=0; static=0; extern=0; dir=0; type=0; pingpong=0; private_global=0; IO mode=ap_none:ce=0
Port [ gmem0_6]:  wired=1; compound=1; hidden=0; nouse=0; global=0; static=0; extern=0; dir=0; type=4; pingpong=0; private_global=0; IO mode=m_axi:ce=0
Port [ ifmap_6]:  wired=1; compound=0; hidden=0; nouse=0; global=0; static=0; extern=0; dir=0; type=0; pingpong=0; private_global=0; IO mode=ap_none:ce=0
Port [ gmem0_7]:  wired=1; compound=1; hidden=0; nouse=0; global=0; static=0; extern=0; dir=0; type=4; pingpong=0; private_global=0; IO mode=m_axi:ce=0
Port [ ifmap_7]:  wired=1; compound=0; hidden=0; nouse=0; global=0; static=0; extern=0; dir=0; type=0; pingpong=0; private_global=0; IO mode=ap_none:ce=0
Port [ gmem1_0]:  wired=1; compound=1; hidden=0; nouse=0; global=0; static=0; extern=0; dir=0; type=4; pingpong=0; private_global=0; IO mode=m_axi:ce=0
Port [ weight_0]:  wired=1; compound=0; hidden=0; nouse=0; global=0; static=0; extern=0; dir=0; type=0; pingpong=0; private_global=0; IO mode=ap_none:ce=0
Port [ gmem1_1]:  wired=1; compound=1; hidden=0; nouse=0; global=0; static=0; extern=0; dir=0; type=4; pingpong=0; private_global=0; IO mode=m_axi:ce=0
Port [ weight_1]:  wired=1; compound=0; hidden=0; nouse=0; global=0; static=0; extern=0; dir=0; type=0; pingpong=0; private_global=0; IO mode=ap_none:ce=0
Port [ gmem1_2]:  wired=1; compound=1; hidden=0; nouse=0; global=0; static=0; extern=0; dir=0; type=4; pingpong=0; private_global=0; IO mode=m_axi:ce=0
Port [ weight_2]:  wired=1; compound=0; hidden=0; nouse=0; global=0; static=0; extern=0; dir=0; type=0; pingpong=0; private_global=0; IO mode=ap_none:ce=0
Port [ gmem1_3]:  wired=1; compound=1; hidden=0; nouse=0; global=0; static=0; extern=0; dir=0; type=4; pingpong=0; private_global=0; IO mode=m_axi:ce=0
Port [ weight_3]:  wired=1; compound=0; hidden=0; nouse=0; global=0; static=0; extern=0; dir=0; type=0; pingpong=0; private_global=0; IO mode=ap_none:ce=0
Port [ gmem1_4]:  wired=1; compound=1; hidden=0; nouse=0; global=0; static=0; extern=0; dir=0; type=4; pingpong=0; private_global=0; IO mode=m_axi:ce=0
Port [ weight_4]:  wired=1; compound=0; hidden=0; nouse=0; global=0; static=0; extern=0; dir=0; type=0; pingpong=0; private_global=0; IO mode=ap_none:ce=0
Port [ gmem1_5]:  wired=1; compound=1; hidden=0; nouse=0; global=0; static=0; extern=0; dir=0; type=4; pingpong=0; private_global=0; IO mode=m_axi:ce=0
Port [ weight_5]:  wired=1; compound=0; hidden=0; nouse=0; global=0; static=0; extern=0; dir=0; type=0; pingpong=0; private_global=0; IO mode=ap_none:ce=0
Port [ gmem1_6]:  wired=1; compound=1; hidden=0; nouse=0; global=0; static=0; extern=0; dir=0; type=4; pingpong=0; private_global=0; IO mode=m_axi:ce=0
Port [ weight_6]:  wired=1; compound=0; hidden=0; nouse=0; global=0; static=0; extern=0; dir=0; type=0; pingpong=0; private_global=0; IO mode=ap_none:ce=0
Port [ gmem1_7]:  wired=1; compound=1; hidden=0; nouse=0; global=0; static=0; extern=0; dir=0; type=4; pingpong=0; private_global=0; IO mode=m_axi:ce=0
Port [ weight_7]:  wired=1; compound=0; hidden=0; nouse=0; global=0; static=0; extern=0; dir=0; type=0; pingpong=0; private_global=0; IO mode=ap_none:ce=0
Port [ gmem1]:  wired=1; compound=1; hidden=0; nouse=0; global=0; static=0; extern=0; dir=0; type=4; pingpong=0; private_global=0; IO mode=m_axi:ce=0
Port [ bias]:  wired=1; compound=0; hidden=0; nouse=0; global=0; static=0; extern=0; dir=0; type=0; pingpong=0; private_global=0; IO mode=ap_none:ce=0
Port [ in_h]:  wired=1; compound=0; hidden=0; nouse=0; global=0; static=0; extern=0; dir=0; type=0; pingpong=0; private_global=0; IO mode=ap_none:ce=0
Port [ in_w]:  wired=1; compound=0; hidden=0; nouse=0; global=0; static=0; extern=0; dir=0; type=0; pingpong=0; private_global=0; IO mode=ap_none:ce=0
Port [ in_ch]:  wired=1; compound=0; hidden=0; nouse=0; global=0; static=0; extern=0; dir=0; type=0; pingpong=0; private_global=0; IO mode=ap_none:ce=0
Port [ out_ch]:  wired=1; compound=0; hidden=0; nouse=0; global=0; static=0; extern=0; dir=0; type=0; pingpong=0; private_global=0; IO mode=ap_none:ce=0
Port [ do_relu]:  wired=1; compound=0; hidden=0; nouse=0; global=0; static=0; extern=0; dir=0; type=0; pingpong=0; private_global=0; IO mode=ap_none:ce=0
Port [ p_read]:  wired=1; compound=0; hidden=0; nouse=0; global=0; static=0; extern=0; dir=0; type=0; pingpong=0; private_global=0; IO mode=ap_none:ce=0
Port [ p_read2]:  wired=1; compound=0; hidden=0; nouse=0; global=0; static=0; extern=0; dir=0; type=0; pingpong=0; private_global=0; IO mode=ap_none:ce=0
Port [ dpu_conv_top_ap_int_64_64_ap_int_64_3_3_ap_int_ap_int_64_64_1]:  wired=1; compound=1; hidden=0; nouse=0; global=1; static=1; extern=0; dir=1; type=1; pingpong=1; private_global=0; MemPort=[03]; IO mode=ap_memory:ce=0
Port [ dpu_mulmulmulmulconv_top_ap_int_64_64_ap_int_64_3_3_ap_int_ap_int_64_64]:  wired=1; compound=1; hidden=0; nouse=0; global=1; static=1; extern=0; dir=1; type=1; pingpong=1; private_global=0; MemPort=[03]; IO mode=ap_memory:ce=0
---------------- STG Properties END ------------------

---------------- Datapath Model BEGIN ----------------

<LifeTime>
<method=bitvector/>
oc                          (alloca           ) [ 011111111111111]
mac_count_loc_0_i           (alloca           ) [ 011111111111111]
mac_count_new_0_i           (alloca           ) [ 001111111111111]
cycle_count_out_0           (alloca           ) [ 011111111111111]
p_read_1                    (read             ) [ 000000000000000]
p_read_2                    (read             ) [ 000000000000000]
do_relu_read                (read             ) [ 001111111111111]
out_ch_read                 (read             ) [ 001111111111111]
in_ch_read                  (read             ) [ 001111111111111]
in_w_read                   (read             ) [ 001111111111111]
in_h_read                   (read             ) [ 001111111111111]
bias_read                   (read             ) [ 001111111111111]
weight_7_read               (read             ) [ 001111111111111]
weight_6_read               (read             ) [ 001111111111111]
weight_5_read               (read             ) [ 001111111111111]
weight_4_read               (read             ) [ 001111111111111]
weight_3_read               (read             ) [ 001111111111111]
weight_2_read               (read             ) [ 001111111111111]
weight_1_read               (read             ) [ 001111111111111]
weight_0_read               (read             ) [ 001111111111111]
ifmap_7_read                (read             ) [ 001111111111111]
ifmap_6_read                (read             ) [ 001111111111111]
ifmap_5_read                (read             ) [ 001111111111111]
ifmap_4_read                (read             ) [ 001111111111111]
ifmap_3_read                (read             ) [ 001111111111111]
ifmap_2_read                (read             ) [ 001111111111111]
ifmap_1_read                (read             ) [ 001111111111111]
ifmap_0_read                (read             ) [ 001111111111111]
p_read2_cast                (zext             ) [ 000000000000000]
p_read_cast                 (zext             ) [ 001111111111111]
mac_count_flag_3_i_loc      (alloca           ) [ 001111111111111]
specinterface_ln0           (specinterface    ) [ 000000000000000]
specinterface_ln0           (specinterface    ) [ 000000000000000]
specinterface_ln0           (specinterface    ) [ 000000000000000]
specinterface_ln0           (specinterface    ) [ 000000000000000]
specinterface_ln0           (specinterface    ) [ 000000000000000]
specinterface_ln0           (specinterface    ) [ 000000000000000]
specinterface_ln0           (specinterface    ) [ 000000000000000]
specinterface_ln0           (specinterface    ) [ 000000000000000]
specinterface_ln0           (specinterface    ) [ 000000000000000]
specinterface_ln0           (specinterface    ) [ 000000000000000]
specinterface_ln0           (specinterface    ) [ 000000000000000]
specinterface_ln0           (specinterface    ) [ 000000000000000]
specinterface_ln0           (specinterface    ) [ 000000000000000]
specinterface_ln0           (specinterface    ) [ 000000000000000]
specinterface_ln0           (specinterface    ) [ 000000000000000]
specinterface_ln0           (specinterface    ) [ 000000000000000]
specinterface_ln0           (specinterface    ) [ 000000000000000]
shl_ln                      (bitconcatenate   ) [ 001111111111111]
in_h_cast                   (zext             ) [ 000000000000000]
shl_ln_cast                 (zext             ) [ 000000000000000]
bound4                      (mul              ) [ 001111111111111]
store_ln0                   (store            ) [ 000000000000000]
store_ln0                   (store            ) [ 000000000000000]
store_ln23                  (store            ) [ 000000000000000]
br_ln23                     (br               ) [ 011111111111111]
mac_count_flag_0_i          (phi              ) [ 001111111111110]
oc_3                        (load             ) [ 000111111111110]
icmp_ln23                   (icmp             ) [ 001111111111111]
add_ln23                    (add              ) [ 000000000000000]
br_ln23                     (br               ) [ 000000000000000]
shl_ln1                     (bitconcatenate   ) [ 000000000000000]
zext_ln33                   (zext             ) [ 000000000000000]
add_ln33                    (add              ) [ 000000000000000]
trunc_ln                    (partselect       ) [ 000000000000000]
sext_ln33                   (sext             ) [ 000000000000000]
gmem1_addr                  (getelementptr    ) [ 000111111111000]
store_ln23                  (store            ) [ 000000000000000]
mac_count_new_0_i_load_1    (load             ) [ 000000000000000]
cycle_count_out_0_load_1    (load             ) [ 000000000000000]
mac_count_out_0             (select           ) [ 000000000000000]
mrv                         (insertvalue      ) [ 000000000000000]
mrv_1                       (insertvalue      ) [ 000000000000000]
mrv_2                       (insertvalue      ) [ 000000000000000]
mrv_3                       (insertvalue      ) [ 000000000000000]
mrv_4                       (insertvalue      ) [ 000000000000000]
ret_ln0                     (ret              ) [ 000000000000000]
acc_req                     (readreq          ) [ 000000000000000]
mac_count_loc_0_i_load      (load             ) [ 000000000000110]
mac_count_new_0_i_load      (load             ) [ 000000000000110]
cycle_count_out_0_load      (load             ) [ 000000000000110]
gmem1_addr_read             (read             ) [ 000000000000110]
trunc_ln23                  (trunc            ) [ 000000000000010]
call_ln33                   (call             ) [ 000000000000000]
speclooptripcount_ln26      (speclooptripcount) [ 000000000000000]
specloopname_ln23           (specloopname     ) [ 000000000000000]
mac_count_flag_3_i_loc_load (load             ) [ 011111111111111]
br_ln23                     (br               ) [ 011111111111111]
</LifeTime>

<model>

<comp_list>
<comp id="0" class="1000" name="gmem0_0">
<pin_list>
<pin id="1" dir="1" index="0" bw="1" slack="0"/>
</pin_list>
<bind>
<StgValue><ssdm name="gmem0_0"/><MemPortTyVec>0 </MemPortTyVec>
</StgValue>
</bind>
</comp>

<comp id="2" class="1000" name="ifmap_0">
<pin_list>
<pin id="3" dir="1" index="0" bw="1" slack="0"/>
</pin_list>
<bind>
<StgValue><ssdm name="ifmap_0"/></StgValue>
</bind>
</comp>

<comp id="4" class="1000" name="gmem0_1">
<pin_list>
<pin id="5" dir="1" index="0" bw="1" slack="0"/>
</pin_list>
<bind>
<StgValue><ssdm name="gmem0_1"/><MemPortTyVec>0 </MemPortTyVec>
</StgValue>
</bind>
</comp>

<comp id="6" class="1000" name="ifmap_1">
<pin_list>
<pin id="7" dir="1" index="0" bw="1" slack="0"/>
</pin_list>
<bind>
<StgValue><ssdm name="ifmap_1"/></StgValue>
</bind>
</comp>

<comp id="8" class="1000" name="gmem0_2">
<pin_list>
<pin id="9" dir="1" index="0" bw="1" slack="0"/>
</pin_list>
<bind>
<StgValue><ssdm name="gmem0_2"/><MemPortTyVec>0 </MemPortTyVec>
</StgValue>
</bind>
</comp>

<comp id="10" class="1000" name="ifmap_2">
<pin_list>
<pin id="11" dir="1" index="0" bw="1" slack="0"/>
</pin_list>
<bind>
<StgValue><ssdm name="ifmap_2"/></StgValue>
</bind>
</comp>

<comp id="12" class="1000" name="gmem0_3">
<pin_list>
<pin id="13" dir="1" index="0" bw="1" slack="0"/>
</pin_list>
<bind>
<StgValue><ssdm name="gmem0_3"/><MemPortTyVec>0 </MemPortTyVec>
</StgValue>
</bind>
</comp>

<comp id="14" class="1000" name="ifmap_3">
<pin_list>
<pin id="15" dir="1" index="0" bw="1" slack="0"/>
</pin_list>
<bind>
<StgValue><ssdm name="ifmap_3"/></StgValue>
</bind>
</comp>

<comp id="16" class="1000" name="gmem0_4">
<pin_list>
<pin id="17" dir="1" index="0" bw="1" slack="0"/>
</pin_list>
<bind>
<StgValue><ssdm name="gmem0_4"/><MemPortTyVec>0 </MemPortTyVec>
</StgValue>
</bind>
</comp>

<comp id="18" class="1000" name="ifmap_4">
<pin_list>
<pin id="19" dir="1" index="0" bw="1" slack="0"/>
</pin_list>
<bind>
<StgValue><ssdm name="ifmap_4"/></StgValue>
</bind>
</comp>

<comp id="20" class="1000" name="gmem0_5">
<pin_list>
<pin id="21" dir="1" index="0" bw="1" slack="0"/>
</pin_list>
<bind>
<StgValue><ssdm name="gmem0_5"/><MemPortTyVec>0 </MemPortTyVec>
</StgValue>
</bind>
</comp>

<comp id="22" class="1000" name="ifmap_5">
<pin_list>
<pin id="23" dir="1" index="0" bw="1" slack="0"/>
</pin_list>
<bind>
<StgValue><ssdm name="ifmap_5"/></StgValue>
</bind>
</comp>

<comp id="24" class="1000" name="gmem0_6">
<pin_list>
<pin id="25" dir="1" index="0" bw="1" slack="0"/>
</pin_list>
<bind>
<StgValue><ssdm name="gmem0_6"/><MemPortTyVec>0 </MemPortTyVec>
</StgValue>
</bind>
</comp>

<comp id="26" class="1000" name="ifmap_6">
<pin_list>
<pin id="27" dir="1" index="0" bw="1" slack="0"/>
</pin_list>
<bind>
<StgValue><ssdm name="ifmap_6"/></StgValue>
</bind>
</comp>

<comp id="28" class="1000" name="gmem0_7">
<pin_list>
<pin id="29" dir="1" index="0" bw="1" slack="0"/>
</pin_list>
<bind>
<StgValue><ssdm name="gmem0_7"/><MemPortTyVec>0 </MemPortTyVec>
</StgValue>
</bind>
</comp>

<comp id="30" class="1000" name="ifmap_7">
<pin_list>
<pin id="31" dir="1" index="0" bw="1" slack="0"/>
</pin_list>
<bind>
<StgValue><ssdm name="ifmap_7"/></StgValue>
</bind>
</comp>

<comp id="32" class="1000" name="gmem1_0">
<pin_list>
<pin id="33" dir="1" index="0" bw="1" slack="0"/>
</pin_list>
<bind>
<StgValue><ssdm name="gmem1_0"/><MemPortTyVec>0 </MemPortTyVec>
</StgValue>
</bind>
</comp>

<comp id="34" class="1000" name="weight_0">
<pin_list>
<pin id="35" dir="1" index="0" bw="1" slack="0"/>
</pin_list>
<bind>
<StgValue><ssdm name="weight_0"/></StgValue>
</bind>
</comp>

<comp id="36" class="1000" name="gmem1_1">
<pin_list>
<pin id="37" dir="1" index="0" bw="1" slack="0"/>
</pin_list>
<bind>
<StgValue><ssdm name="gmem1_1"/><MemPortTyVec>0 </MemPortTyVec>
</StgValue>
</bind>
</comp>

<comp id="38" class="1000" name="weight_1">
<pin_list>
<pin id="39" dir="1" index="0" bw="1" slack="0"/>
</pin_list>
<bind>
<StgValue><ssdm name="weight_1"/></StgValue>
</bind>
</comp>

<comp id="40" class="1000" name="gmem1_2">
<pin_list>
<pin id="41" dir="1" index="0" bw="1" slack="0"/>
</pin_list>
<bind>
<StgValue><ssdm name="gmem1_2"/><MemPortTyVec>0 </MemPortTyVec>
</StgValue>
</bind>
</comp>

<comp id="42" class="1000" name="weight_2">
<pin_list>
<pin id="43" dir="1" index="0" bw="1" slack="0"/>
</pin_list>
<bind>
<StgValue><ssdm name="weight_2"/></StgValue>
</bind>
</comp>

<comp id="44" class="1000" name="gmem1_3">
<pin_list>
<pin id="45" dir="1" index="0" bw="1" slack="0"/>
</pin_list>
<bind>
<StgValue><ssdm name="gmem1_3"/><MemPortTyVec>0 </MemPortTyVec>
</StgValue>
</bind>
</comp>

<comp id="46" class="1000" name="weight_3">
<pin_list>
<pin id="47" dir="1" index="0" bw="1" slack="0"/>
</pin_list>
<bind>
<StgValue><ssdm name="weight_3"/></StgValue>
</bind>
</comp>

<comp id="48" class="1000" name="gmem1_4">
<pin_list>
<pin id="49" dir="1" index="0" bw="1" slack="0"/>
</pin_list>
<bind>
<StgValue><ssdm name="gmem1_4"/><MemPortTyVec>0 </MemPortTyVec>
</StgValue>
</bind>
</comp>

<comp id="50" class="1000" name="weight_4">
<pin_list>
<pin id="51" dir="1" index="0" bw="1" slack="0"/>
</pin_list>
<bind>
<StgValue><ssdm name="weight_4"/></StgValue>
</bind>
</comp>

<comp id="52" class="1000" name="gmem1_5">
<pin_list>
<pin id="53" dir="1" index="0" bw="1" slack="0"/>
</pin_list>
<bind>
<StgValue><ssdm name="gmem1_5"/><MemPortTyVec>0 </MemPortTyVec>
</StgValue>
</bind>
</comp>

<comp id="54" class="1000" name="weight_5">
<pin_list>
<pin id="55" dir="1" index="0" bw="1" slack="0"/>
</pin_list>
<bind>
<StgValue><ssdm name="weight_5"/></StgValue>
</bind>
</comp>

<comp id="56" class="1000" name="gmem1_6">
<pin_list>
<pin id="57" dir="1" index="0" bw="1" slack="0"/>
</pin_list>
<bind>
<StgValue><ssdm name="gmem1_6"/><MemPortTyVec>0 </MemPortTyVec>
</StgValue>
</bind>
</comp>

<comp id="58" class="1000" name="weight_6">
<pin_list>
<pin id="59" dir="1" index="0" bw="1" slack="0"/>
</pin_list>
<bind>
<StgValue><ssdm name="weight_6"/></StgValue>
</bind>
</comp>

<comp id="60" class="1000" name="gmem1_7">
<pin_list>
<pin id="61" dir="1" index="0" bw="1" slack="0"/>
</pin_list>
<bind>
<StgValue><ssdm name="gmem1_7"/><MemPortTyVec>0 </MemPortTyVec>
</StgValue>
</bind>
</comp>

<comp id="62" class="1000" name="weight_7">
<pin_list>
<pin id="63" dir="1" index="0" bw="1" slack="0"/>
</pin_list>
<bind>
<StgValue><ssdm name="weight_7"/></StgValue>
</bind>
</comp>

<comp id="64" class="1000" name="gmem1">
<pin_list>
<pin id="65" dir="1" index="0" bw="1" slack="0"/>
</pin_list>
<bind>
<StgValue><ssdm name="gmem1"/><MemPortTyVec>0 </MemPortTyVec>
</StgValue>
</bind>
</comp>

<comp id="66" class="1000" name="bias">
<pin_list>
<pin id="67" dir="1" index="0" bw="1" slack="0"/>
</pin_list>
<bind>
<StgValue><ssdm name="bias"/></StgValue>
</bind>
</comp>

<comp id="68" class="1000" name="in_h">
<pin_list>
<pin id="69" dir="1" index="0" bw="1" slack="0"/>
</pin_list>
<bind>
<StgValue><ssdm name="in_h"/></StgValue>
</bind>
</comp>

<comp id="70" class="1000" name="in_w">
<pin_list>
<pin id="71" dir="1" index="0" bw="1" slack="0"/>
</pin_list>
<bind>
<StgValue><ssdm name="in_w"/></StgValue>
</bind>
</comp>

<comp id="72" class="1000" name="in_ch">
<pin_list>
<pin id="73" dir="1" index="0" bw="1" slack="0"/>
</pin_list>
<bind>
<StgValue><ssdm name="in_ch"/></StgValue>
</bind>
</comp>

<comp id="74" class="1000" name="out_ch">
<pin_list>
<pin id="75" dir="1" index="0" bw="1" slack="0"/>
</pin_list>
<bind>
<StgValue><ssdm name="out_ch"/></StgValue>
</bind>
</comp>

<comp id="76" class="1000" name="do_relu">
<pin_list>
<pin id="77" dir="1" index="0" bw="1" slack="0"/>
</pin_list>
<bind>
<StgValue><ssdm name="do_relu"/></StgValue>
</bind>
</comp>

<comp id="78" class="1000" name="p_read">
<pin_list>
<pin id="79" dir="1" index="0" bw="1" slack="0"/>
</pin_list>
<bind>
<StgValue><ssdm name="p_read"/></StgValue>
</bind>
</comp>

<comp id="80" class="1000" name="p_read2">
<pin_list>
<pin id="81" dir="1" index="0" bw="1" slack="0"/>
</pin_list>
<bind>
<StgValue><ssdm name="p_read2"/></StgValue>
</bind>
</comp>

<comp id="82" class="1000" name="dpu_conv_top_ap_int_64_64_ap_int_64_3_3_ap_int_ap_int_64_64_1">
<pin_list>
<pin id="83" dir="1" index="0" bw="1" slack="0"/>
</pin_list>
<bind>
<StgValue><ssdm name="dpu_conv_top_ap_int_64_64_ap_int_64_3_3_ap_int_ap_int_64_64_1"/><MemPortTyVec>0 3 </MemPortTyVec>
</StgValue>
</bind>
</comp>

<comp id="84" class="1000" name="dpu_mulmulmulmulconv_top_ap_int_64_64_ap_int_64_3_3_ap_int_ap_int_64_64">
<pin_list>
<pin id="85" dir="1" index="0" bw="1" slack="0"/>
</pin_list>
<bind>
<StgValue><ssdm name="dpu_mulmulmulmulconv_top_ap_int_64_64_ap_int_64_3_3_ap_int_ap_int_64_64"/><MemPortTyVec>0 3 </MemPortTyVec>
</StgValue>
</bind>
</comp>

<comp id="86" class="1001" name="const_86">
<pin_list>
<pin id="87" dir="1" index="0" bw="1" slack="0"/>
</pin_list>
<bind>
<StgValue><ssdm name=""/></StgValue>
</bind>
</comp>

<comp id="88" class="1001" name="const_88">
<pin_list>
<pin id="89" dir="1" index="0" bw="1" slack="0"/>
</pin_list>
<bind>
<StgValue><ssdm name="_ssdm_op_Read.ap_auto.i1"/></StgValue>
</bind>
</comp>

<comp id="90" class="1001" name="const_90">
<pin_list>
<pin id="91" dir="1" index="0" bw="1" slack="0"/>
</pin_list>
<bind>
<StgValue><ssdm name="_ssdm_op_Read.ap_auto.i8"/></StgValue>
</bind>
</comp>

<comp id="92" class="1001" name="const_92">
<pin_list>
<pin id="93" dir="1" index="0" bw="1" slack="0"/>
</pin_list>
<bind>
<StgValue><ssdm name="_ssdm_op_Read.ap_auto.i64"/></StgValue>
</bind>
</comp>

<comp id="94" class="1001" name="const_94">
<pin_list>
<pin id="95" dir="1" index="0" bw="1" slack="0"/>
</pin_list>
<bind>
<StgValue><ssdm name=""/></StgValue>
</bind>
</comp>

<comp id="96" class="1001" name="const_96">
<pin_list>
<pin id="97" dir="1" index="0" bw="1" slack="2147483647"/>
</pin_list>
<bind>
<StgValue><ssdm name="_ssdm_op_SpecInterface"/></StgValue>
</bind>
</comp>

<comp id="98" class="1001" name="const_98">
<pin_list>
<pin id="99" dir="1" index="0" bw="1" slack="2147483647"/>
</pin_list>
<bind>
<StgValue><ssdm name="empty_38"/></StgValue>
</bind>
</comp>

<comp id="100" class="1001" name="const_100">
<pin_list>
<pin id="101" dir="1" index="0" bw="1" slack="2147483647"/>
</pin_list>
<bind>
<StgValue><ssdm name=""/></StgValue>
</bind>
</comp>

<comp id="102" class="1001" name="const_102">
<pin_list>
<pin id="103" dir="1" index="0" bw="1" slack="2147483647"/>
</pin_list>
<bind>
<StgValue><ssdm name="empty_39"/></StgValue>
</bind>
</comp>

<comp id="104" class="1001" name="const_104">
<pin_list>
<pin id="105" dir="1" index="0" bw="1" slack="2147483647"/>
</pin_list>
<bind>
<StgValue><ssdm name=""/></StgValue>
</bind>
</comp>

<comp id="106" class="1001" name="const_106">
<pin_list>
<pin id="107" dir="1" index="0" bw="1" slack="2147483647"/>
</pin_list>
<bind>
<StgValue><ssdm name="empty_5"/></StgValue>
</bind>
</comp>

<comp id="108" class="1001" name="const_108">
<pin_list>
<pin id="109" dir="1" index="0" bw="1" slack="2147483647"/>
</pin_list>
<bind>
<StgValue><ssdm name="empty_42"/></StgValue>
</bind>
</comp>

<comp id="110" class="1001" name="const_110">
<pin_list>
<pin id="111" dir="1" index="0" bw="1" slack="2147483647"/>
</pin_list>
<bind>
<StgValue><ssdm name=""/></StgValue>
</bind>
</comp>

<comp id="112" class="1001" name="const_112">
<pin_list>
<pin id="113" dir="1" index="0" bw="1" slack="2147483647"/>
</pin_list>
<bind>
<StgValue><ssdm name=""/></StgValue>
</bind>
</comp>

<comp id="114" class="1001" name="const_114">
<pin_list>
<pin id="115" dir="1" index="0" bw="1" slack="2147483647"/>
</pin_list>
<bind>
<StgValue><ssdm name=""/></StgValue>
</bind>
</comp>

<comp id="116" class="1001" name="const_116">
<pin_list>
<pin id="117" dir="1" index="0" bw="1" slack="2147483647"/>
</pin_list>
<bind>
<StgValue><ssdm name=""/></StgValue>
</bind>
</comp>

<comp id="118" class="1001" name="const_118">
<pin_list>
<pin id="119" dir="1" index="0" bw="1" slack="2147483647"/>
</pin_list>
<bind>
<StgValue><ssdm name="empty_4"/></StgValue>
</bind>
</comp>

<comp id="120" class="1001" name="const_120">
<pin_list>
<pin id="121" dir="1" index="0" bw="1" slack="2147483647"/>
</pin_list>
<bind>
<StgValue><ssdm name="empty_41"/></StgValue>
</bind>
</comp>

<comp id="122" class="1001" name="const_122">
<pin_list>
<pin id="123" dir="1" index="0" bw="1" slack="2147483647"/>
</pin_list>
<bind>
<StgValue><ssdm name="empty_45"/></StgValue>
</bind>
</comp>

<comp id="124" class="1001" name="const_124">
<pin_list>
<pin id="125" dir="1" index="0" bw="1" slack="2147483647"/>
</pin_list>
<bind>
<StgValue><ssdm name="empty_2"/></StgValue>
</bind>
</comp>

<comp id="126" class="1001" name="const_126">
<pin_list>
<pin id="127" dir="1" index="0" bw="1" slack="2147483647"/>
</pin_list>
<bind>
<StgValue><ssdm name="empty_17"/></StgValue>
</bind>
</comp>

<comp id="128" class="1001" name="const_128">
<pin_list>
<pin id="129" dir="1" index="0" bw="1" slack="2147483647"/>
</pin_list>
<bind>
<StgValue><ssdm name="empty_0"/></StgValue>
</bind>
</comp>

<comp id="130" class="1001" name="const_130">
<pin_list>
<pin id="131" dir="1" index="0" bw="1" slack="2147483647"/>
</pin_list>
<bind>
<StgValue><ssdm name="empty_31"/></StgValue>
</bind>
</comp>

<comp id="132" class="1001" name="const_132">
<pin_list>
<pin id="133" dir="1" index="0" bw="1" slack="2147483647"/>
</pin_list>
<bind>
<StgValue><ssdm name="empty_47"/></StgValue>
</bind>
</comp>

<comp id="134" class="1001" name="const_134">
<pin_list>
<pin id="135" dir="1" index="0" bw="1" slack="2147483647"/>
</pin_list>
<bind>
<StgValue><ssdm name=""/></StgValue>
</bind>
</comp>

<comp id="136" class="1001" name="const_136">
<pin_list>
<pin id="137" dir="1" index="0" bw="1" slack="2147483647"/>
</pin_list>
<bind>
<StgValue><ssdm name="empty_46"/></StgValue>
</bind>
</comp>

<comp id="138" class="1001" name="const_138">
<pin_list>
<pin id="139" dir="1" index="0" bw="1" slack="2147483647"/>
</pin_list>
<bind>
<StgValue><ssdm name="empty_48"/></StgValue>
</bind>
</comp>

<comp id="140" class="1001" name="const_140">
<pin_list>
<pin id="141" dir="1" index="0" bw="1" slack="2147483647"/>
</pin_list>
<bind>
<StgValue><ssdm name="empty_3"/></StgValue>
</bind>
</comp>

<comp id="142" class="1001" name="const_142">
<pin_list>
<pin id="143" dir="1" index="0" bw="1" slack="2147483647"/>
</pin_list>
<bind>
<StgValue><ssdm name="empty_44"/></StgValue>
</bind>
</comp>

<comp id="144" class="1001" name="const_144">
<pin_list>
<pin id="145" dir="1" index="0" bw="1" slack="2147483647"/>
</pin_list>
<bind>
<StgValue><ssdm name="empty_37"/></StgValue>
</bind>
</comp>

<comp id="146" class="1001" name="const_146">
<pin_list>
<pin id="147" dir="1" index="0" bw="1" slack="2147483647"/>
</pin_list>
<bind>
<StgValue><ssdm name="empty_1"/></StgValue>
</bind>
</comp>

<comp id="148" class="1001" name="const_148">
<pin_list>
<pin id="149" dir="1" index="0" bw="1" slack="2147483647"/>
</pin_list>
<bind>
<StgValue><ssdm name="empty_43"/></StgValue>
</bind>
</comp>

<comp id="150" class="1001" name="const_150">
<pin_list>
<pin id="151" dir="1" index="0" bw="1" slack="2147483647"/>
</pin_list>
<bind>
<StgValue><ssdm name="empty_40"/></StgValue>
</bind>
</comp>

<comp id="152" class="1001" name="const_152">
<pin_list>
<pin id="153" dir="1" index="0" bw="1" slack="0"/>
</pin_list>
<bind>
<StgValue><ssdm name="_ssdm_op_BitConcatenate.i11.i8.i3"/></StgValue>
</bind>
</comp>

<comp id="154" class="1001" name="const_154">
<pin_list>
<pin id="155" dir="1" index="0" bw="1" slack="0"/>
</pin_list>
<bind>
<StgValue><ssdm name=""/></StgValue>
</bind>
</comp>

<comp id="156" class="1001" name="const_156">
<pin_list>
<pin id="157" dir="1" index="0" bw="1" slack="0"/>
</pin_list>
<bind>
<StgValue><ssdm name=""/></StgValue>
</bind>
</comp>

<comp id="158" class="1001" name="const_158">
<pin_list>
<pin id="159" dir="1" index="0" bw="1" slack="1"/>
</pin_list>
<bind>
<StgValue><ssdm name=""/></StgValue>
</bind>
</comp>

<comp id="160" class="1001" name="const_160">
<pin_list>
<pin id="161" dir="1" index="0" bw="1" slack="0"/>
</pin_list>
<bind>
<StgValue><ssdm name=""/></StgValue>
</bind>
</comp>

<comp id="162" class="1001" name="const_162">
<pin_list>
<pin id="163" dir="1" index="0" bw="1" slack="0"/>
</pin_list>
<bind>
<StgValue><ssdm name="_ssdm_op_BitConcatenate.i10.i8.i2"/></StgValue>
</bind>
</comp>

<comp id="164" class="1001" name="const_164">
<pin_list>
<pin id="165" dir="1" index="0" bw="1" slack="0"/>
</pin_list>
<bind>
<StgValue><ssdm name=""/></StgValue>
</bind>
</comp>

<comp id="166" class="1001" name="const_166">
<pin_list>
<pin id="167" dir="1" index="0" bw="1" slack="0"/>
</pin_list>
<bind>
<StgValue><ssdm name="_ssdm_op_PartSelect.i62.i64.i32.i32"/></StgValue>
</bind>
</comp>

<comp id="168" class="1001" name="const_168">
<pin_list>
<pin id="169" dir="1" index="0" bw="1" slack="0"/>
</pin_list>
<bind>
<StgValue><ssdm name=""/></StgValue>
</bind>
</comp>

<comp id="170" class="1001" name="const_170">
<pin_list>
<pin id="171" dir="1" index="0" bw="1" slack="0"/>
</pin_list>
<bind>
<StgValue><ssdm name=""/></StgValue>
</bind>
</comp>

<comp id="172" class="1001" name="const_172">
<pin_list>
<pin id="173" dir="1" index="0" bw="1" slack="0"/>
</pin_list>
<bind>
<StgValue><ssdm name=""/></StgValue>
</bind>
</comp>

<comp id="174" class="1001" name="const_174">
<pin_list>
<pin id="175" dir="1" index="0" bw="1" slack="0"/>
</pin_list>
<bind>
<StgValue><ssdm name="_ssdm_op_ReadReq.m_axi.i32P1A"/></StgValue>
</bind>
</comp>

<comp id="176" class="1001" name="const_176">
<pin_list>
<pin id="177" dir="1" index="0" bw="1" slack="0"/>
</pin_list>
<bind>
<StgValue><ssdm name="_ssdm_op_Read.m_axi.i32P1A"/></StgValue>
</bind>
</comp>

<comp id="178" class="1001" name="const_178">
<pin_list>
<pin id="179" dir="1" index="0" bw="1" slack="0"/>
</pin_list>
<bind>
<StgValue><ssdm name="conv3x3_relu_Pipeline_OH_LOOP_OW_LOOP_IC_LOOP"/></StgValue>
</bind>
</comp>

<comp id="180" class="1001" name="const_180">
<pin_list>
<pin id="181" dir="1" index="0" bw="1" slack="2147483647"/>
</pin_list>
<bind>
<StgValue><ssdm name="_ssdm_op_SpecLoopTripCount"/></StgValue>
</bind>
</comp>

<comp id="182" class="1001" name="const_182">
<pin_list>
<pin id="183" dir="1" index="0" bw="1" slack="2147483647"/>
</pin_list>
<bind>
<StgValue><ssdm name=""/></StgValue>
</bind>
</comp>

<comp id="184" class="1001" name="const_184">
<pin_list>
<pin id="185" dir="1" index="0" bw="1" slack="2147483647"/>
</pin_list>
<bind>
<StgValue><ssdm name=""/></StgValue>
</bind>
</comp>

<comp id="186" class="1001" name="const_186">
<pin_list>
<pin id="187" dir="1" index="0" bw="1" slack="2147483647"/>
</pin_list>
<bind>
<StgValue><ssdm name="_ssdm_op_SpecLoopName"/></StgValue>
</bind>
</comp>

<comp id="188" class="1001" name="const_188">
<pin_list>
<pin id="189" dir="1" index="0" bw="1" slack="2147483647"/>
</pin_list>
<bind>
<StgValue><ssdm name="empty_36"/></StgValue>
</bind>
</comp>

<comp id="190" class="1004" name="oc_fu_190">
<pin_list>
<pin id="191" dir="0" index="0" bw="1" slack="0"/>
<pin id="192" dir="1" index="1" bw="8" slack="0"/>
</pin_list>
<bind>
<opcode="alloca(26) " fcode="alloca"/>
<opset="oc/1 "/>
</bind>
</comp>

<comp id="194" class="1004" name="mac_count_loc_0_i_fu_194">
<pin_list>
<pin id="195" dir="0" index="0" bw="1" slack="0"/>
<pin id="196" dir="1" index="1" bw="32" slack="0"/>
</pin_list>
<bind>
<opcode="alloca(26) " fcode="alloca"/>
<opset="mac_count_loc_0_i/1 "/>
</bind>
</comp>

<comp id="198" class="1004" name="mac_count_new_0_i_fu_198">
<pin_list>
<pin id="199" dir="0" index="0" bw="1" slack="0"/>
<pin id="200" dir="1" index="1" bw="32" slack="1"/>
</pin_list>
<bind>
<opcode="alloca(26) " fcode="alloca"/>
<opset="mac_count_new_0_i/1 "/>
</bind>
</comp>

<comp id="202" class="1004" name="cycle_count_out_0_fu_202">
<pin_list>
<pin id="203" dir="0" index="0" bw="1" slack="0"/>
<pin id="204" dir="1" index="1" bw="32" slack="0"/>
</pin_list>
<bind>
<opcode="alloca(26) " fcode="alloca"/>
<opset="cycle_count_out_0/1 "/>
</bind>
</comp>

<comp id="206" class="1004" name="mac_count_flag_3_i_loc_fu_206">
<pin_list>
<pin id="207" dir="0" index="0" bw="1" slack="0"/>
<pin id="208" dir="1" index="1" bw="1" slack="11"/>
</pin_list>
<bind>
<opcode="alloca(26) " fcode="alloca"/>
<opset="mac_count_flag_3_i_loc/1 "/>
</bind>
</comp>

<comp id="210" class="1004" name="p_read_1_read_fu_210">
<pin_list>
<pin id="211" dir="0" index="0" bw="1" slack="0"/>
<pin id="212" dir="0" index="1" bw="1" slack="0"/>
<pin id="213" dir="1" index="2" bw="1" slack="0"/>
</pin_list>
<bind>
<opcode="read(1150) " fcode="read"/>
<opset="p_read_1/1 "/>
</bind>
</comp>

<comp id="216" class="1004" name="p_read_2_read_fu_216">
<pin_list>
<pin id="217" dir="0" index="0" bw="1" slack="0"/>
<pin id="218" dir="0" index="1" bw="1" slack="0"/>
<pin id="219" dir="1" index="2" bw="1" slack="0"/>
</pin_list>
<bind>
<opcode="read(1150) " fcode="read"/>
<opset="p_read_2/1 "/>
</bind>
</comp>

<comp id="222" class="1004" name="do_relu_read_read_fu_222">
<pin_list>
<pin id="223" dir="0" index="0" bw="1" slack="0"/>
<pin id="224" dir="0" index="1" bw="1" slack="0"/>
<pin id="225" dir="1" index="2" bw="1" slack="11"/>
</pin_list>
<bind>
<opcode="read(1150) " fcode="read"/>
<opset="do_relu_read/1 "/>
</bind>
</comp>

<comp id="228" class="1004" name="out_ch_read_read_fu_228">
<pin_list>
<pin id="229" dir="0" index="0" bw="8" slack="0"/>
<pin id="230" dir="0" index="1" bw="8" slack="0"/>
<pin id="231" dir="1" index="2" bw="8" slack="1"/>
</pin_list>
<bind>
<opcode="read(1150) " fcode="read"/>
<opset="out_ch_read/1 "/>
</bind>
</comp>

<comp id="234" class="1004" name="in_ch_read_read_fu_234">
<pin_list>
<pin id="235" dir="0" index="0" bw="8" slack="0"/>
<pin id="236" dir="0" index="1" bw="8" slack="0"/>
<pin id="237" dir="1" index="2" bw="8" slack="11"/>
</pin_list>
<bind>
<opcode="read(1150) " fcode="read"/>
<opset="in_ch_read/1 "/>
</bind>
</comp>

<comp id="240" class="1004" name="in_w_read_read_fu_240">
<pin_list>
<pin id="241" dir="0" index="0" bw="8" slack="0"/>
<pin id="242" dir="0" index="1" bw="8" slack="0"/>
<pin id="243" dir="1" index="2" bw="8" slack="0"/>
</pin_list>
<bind>
<opcode="read(1150) " fcode="read"/>
<opset="in_w_read/1 "/>
</bind>
</comp>

<comp id="246" class="1004" name="in_h_read_read_fu_246">
<pin_list>
<pin id="247" dir="0" index="0" bw="8" slack="0"/>
<pin id="248" dir="0" index="1" bw="8" slack="0"/>
<pin id="249" dir="1" index="2" bw="8" slack="0"/>
</pin_list>
<bind>
<opcode="read(1150) " fcode="read"/>
<opset="in_h_read/1 "/>
</bind>
</comp>

<comp id="252" class="1004" name="bias_read_read_fu_252">
<pin_list>
<pin id="253" dir="0" index="0" bw="64" slack="0"/>
<pin id="254" dir="0" index="1" bw="64" slack="0"/>
<pin id="255" dir="1" index="2" bw="64" slack="1"/>
</pin_list>
<bind>
<opcode="read(1150) " fcode="read"/>
<opset="bias_read/1 "/>
</bind>
</comp>

<comp id="258" class="1004" name="weight_7_read_read_fu_258">
<pin_list>
<pin id="259" dir="0" index="0" bw="64" slack="0"/>
<pin id="260" dir="0" index="1" bw="64" slack="0"/>
<pin id="261" dir="1" index="2" bw="64" slack="11"/>
</pin_list>
<bind>
<opcode="read(1150) " fcode="read"/>
<opset="weight_7_read/1 "/>
</bind>
</comp>

<comp id="264" class="1004" name="weight_6_read_read_fu_264">
<pin_list>
<pin id="265" dir="0" index="0" bw="64" slack="0"/>
<pin id="266" dir="0" index="1" bw="64" slack="0"/>
<pin id="267" dir="1" index="2" bw="64" slack="11"/>
</pin_list>
<bind>
<opcode="read(1150) " fcode="read"/>
<opset="weight_6_read/1 "/>
</bind>
</comp>

<comp id="270" class="1004" name="weight_5_read_read_fu_270">
<pin_list>
<pin id="271" dir="0" index="0" bw="64" slack="0"/>
<pin id="272" dir="0" index="1" bw="64" slack="0"/>
<pin id="273" dir="1" index="2" bw="64" slack="11"/>
</pin_list>
<bind>
<opcode="read(1150) " fcode="read"/>
<opset="weight_5_read/1 "/>
</bind>
</comp>

<comp id="276" class="1004" name="weight_4_read_read_fu_276">
<pin_list>
<pin id="277" dir="0" index="0" bw="64" slack="0"/>
<pin id="278" dir="0" index="1" bw="64" slack="0"/>
<pin id="279" dir="1" index="2" bw="64" slack="11"/>
</pin_list>
<bind>
<opcode="read(1150) " fcode="read"/>
<opset="weight_4_read/1 "/>
</bind>
</comp>

<comp id="282" class="1004" name="weight_3_read_read_fu_282">
<pin_list>
<pin id="283" dir="0" index="0" bw="64" slack="0"/>
<pin id="284" dir="0" index="1" bw="64" slack="0"/>
<pin id="285" dir="1" index="2" bw="64" slack="11"/>
</pin_list>
<bind>
<opcode="read(1150) " fcode="read"/>
<opset="weight_3_read/1 "/>
</bind>
</comp>

<comp id="288" class="1004" name="weight_2_read_read_fu_288">
<pin_list>
<pin id="289" dir="0" index="0" bw="64" slack="0"/>
<pin id="290" dir="0" index="1" bw="64" slack="0"/>
<pin id="291" dir="1" index="2" bw="64" slack="11"/>
</pin_list>
<bind>
<opcode="read(1150) " fcode="read"/>
<opset="weight_2_read/1 "/>
</bind>
</comp>

<comp id="294" class="1004" name="weight_1_read_read_fu_294">
<pin_list>
<pin id="295" dir="0" index="0" bw="64" slack="0"/>
<pin id="296" dir="0" index="1" bw="64" slack="0"/>
<pin id="297" dir="1" index="2" bw="64" slack="11"/>
</pin_list>
<bind>
<opcode="read(1150) " fcode="read"/>
<opset="weight_1_read/1 "/>
</bind>
</comp>

<comp id="300" class="1004" name="weight_0_read_read_fu_300">
<pin_list>
<pin id="301" dir="0" index="0" bw="64" slack="0"/>
<pin id="302" dir="0" index="1" bw="64" slack="0"/>
<pin id="303" dir="1" index="2" bw="64" slack="11"/>
</pin_list>
<bind>
<opcode="read(1150) " fcode="read"/>
<opset="weight_0_read/1 "/>
</bind>
</comp>

<comp id="306" class="1004" name="ifmap_7_read_read_fu_306">
<pin_list>
<pin id="307" dir="0" index="0" bw="64" slack="0"/>
<pin id="308" dir="0" index="1" bw="64" slack="0"/>
<pin id="309" dir="1" index="2" bw="64" slack="11"/>
</pin_list>
<bind>
<opcode="read(1150) " fcode="read"/>
<opset="ifmap_7_read/1 "/>
</bind>
</comp>

<comp id="312" class="1004" name="ifmap_6_read_read_fu_312">
<pin_list>
<pin id="313" dir="0" index="0" bw="64" slack="0"/>
<pin id="314" dir="0" index="1" bw="64" slack="0"/>
<pin id="315" dir="1" index="2" bw="64" slack="11"/>
</pin_list>
<bind>
<opcode="read(1150) " fcode="read"/>
<opset="ifmap_6_read/1 "/>
</bind>
</comp>

<comp id="318" class="1004" name="ifmap_5_read_read_fu_318">
<pin_list>
<pin id="319" dir="0" index="0" bw="64" slack="0"/>
<pin id="320" dir="0" index="1" bw="64" slack="0"/>
<pin id="321" dir="1" index="2" bw="64" slack="11"/>
</pin_list>
<bind>
<opcode="read(1150) " fcode="read"/>
<opset="ifmap_5_read/1 "/>
</bind>
</comp>

<comp id="324" class="1004" name="ifmap_4_read_read_fu_324">
<pin_list>
<pin id="325" dir="0" index="0" bw="64" slack="0"/>
<pin id="326" dir="0" index="1" bw="64" slack="0"/>
<pin id="327" dir="1" index="2" bw="64" slack="11"/>
</pin_list>
<bind>
<opcode="read(1150) " fcode="read"/>
<opset="ifmap_4_read/1 "/>
</bind>
</comp>

<comp id="330" class="1004" name="ifmap_3_read_read_fu_330">
<pin_list>
<pin id="331" dir="0" index="0" bw="64" slack="0"/>
<pin id="332" dir="0" index="1" bw="64" slack="0"/>
<pin id="333" dir="1" index="2" bw="64" slack="11"/>
</pin_list>
<bind>
<opcode="read(1150) " fcode="read"/>
<opset="ifmap_3_read/1 "/>
</bind>
</comp>

<comp id="336" class="1004" name="ifmap_2_read_read_fu_336">
<pin_list>
<pin id="337" dir="0" index="0" bw="64" slack="0"/>
<pin id="338" dir="0" index="1" bw="64" slack="0"/>
<pin id="339" dir="1" index="2" bw="64" slack="11"/>
</pin_list>
<bind>
<opcode="read(1150) " fcode="read"/>
<opset="ifmap_2_read/1 "/>
</bind>
</comp>

<comp id="342" class="1004" name="ifmap_1_read_read_fu_342">
<pin_list>
<pin id="343" dir="0" index="0" bw="64" slack="0"/>
<pin id="344" dir="0" index="1" bw="64" slack="0"/>
<pin id="345" dir="1" index="2" bw="64" slack="11"/>
</pin_list>
<bind>
<opcode="read(1150) " fcode="read"/>
<opset="ifmap_1_read/1 "/>
</bind>
</comp>

<comp id="348" class="1004" name="ifmap_0_read_read_fu_348">
<pin_list>
<pin id="349" dir="0" index="0" bw="64" slack="0"/>
<pin id="350" dir="0" index="1" bw="64" slack="0"/>
<pin id="351" dir="1" index="2" bw="64" slack="11"/>
</pin_list>
<bind>
<opcode="read(1150) " fcode="read"/>
<opset="ifmap_0_read/1 "/>
</bind>
</comp>

<comp id="354" class="1004" name="grp_readreq_fu_354">
<pin_list>
<pin id="355" dir="0" index="0" bw="1" slack="0"/>
<pin id="356" dir="0" index="1" bw="32" slack="1"/>
<pin id="357" dir="0" index="2" bw="1" slack="0"/>
<pin id="358" dir="1" index="3" bw="1" slack="2147483647"/>
</pin_list>
<bind>
<opcode="readreq(1154) " fcode="readreq"/>
<opset="acc_req/3 "/>
</bind>
</comp>

<comp id="361" class="1004" name="gmem1_addr_read_read_fu_361">
<pin_list>
<pin id="362" dir="0" index="0" bw="32" slack="0"/>
<pin id="363" dir="0" index="1" bw="32" slack="9"/>
<pin id="364" dir="1" index="2" bw="32" slack="1"/>
</pin_list>
<bind>
<opcode="read(1150) " fcode="read"/>
<opset="gmem1_addr_read/11 "/>
</bind>
</comp>

<comp id="366" class="1005" name="mac_count_flag_0_i_reg_366">
<pin_list>
<pin id="367" dir="0" index="0" bw="1" slack="1"/>
<pin id="368" dir="1" index="1" bw="1" slack="1"/>
</pin_list>
<bind>
<opset="mac_count_flag_0_i (phireg) "/>
</bind>
</comp>

<comp id="370" class="1004" name="mac_count_flag_0_i_phi_fu_370">
<pin_list>
<pin id="371" dir="0" index="0" bw="1" slack="1"/>
<pin id="372" dir="0" index="1" bw="0" slack="2147483647"/>
<pin id="373" dir="0" index="2" bw="1" slack="2147483647"/>
<pin id="374" dir="0" index="3" bw="0" slack="2147483647"/>
<pin id="375" dir="1" index="4" bw="1" slack="0"/>
</pin_list>
<bind>
<opcode="phi(47) " fcode="phi"/>
<opset="mac_count_flag_0_i/2 "/>
</bind>
</comp>

<comp id="378" class="1004" name="grp_conv3x3_relu_Pipeline_OH_LOOP_OW_LOOP_IC_LOOP_fu_378">
<pin_list>
<pin id="379" dir="0" index="0" bw="0" slack="0"/>
<pin id="380" dir="0" index="1" bw="32" slack="1"/>
<pin id="381" dir="0" index="2" bw="1" slack="10"/>
<pin id="382" dir="0" index="3" bw="32" slack="1"/>
<pin id="383" dir="0" index="4" bw="32" slack="2"/>
<pin id="384" dir="0" index="5" bw="32" slack="1"/>
<pin id="385" dir="0" index="6" bw="8" slack="11"/>
<pin id="386" dir="0" index="7" bw="8" slack="11"/>
<pin id="387" dir="0" index="8" bw="11" slack="11"/>
<pin id="388" dir="0" index="9" bw="11" slack="11"/>
<pin id="389" dir="0" index="10" bw="19" slack="11"/>
<pin id="390" dir="0" index="11" bw="1" slack="11"/>
<pin id="391" dir="0" index="12" bw="8" slack="11"/>
<pin id="392" dir="0" index="13" bw="6" slack="0"/>
<pin id="393" dir="0" index="14" bw="8" slack="10"/>
<pin id="394" dir="0" index="15" bw="8" slack="0"/>
<pin id="395" dir="0" index="16" bw="8" slack="0"/>
<pin id="396" dir="0" index="17" bw="64" slack="11"/>
<pin id="397" dir="0" index="18" bw="64" slack="11"/>
<pin id="398" dir="0" index="19" bw="8" slack="0"/>
<pin id="399" dir="0" index="20" bw="8" slack="0"/>
<pin id="400" dir="0" index="21" bw="64" slack="11"/>
<pin id="401" dir="0" index="22" bw="64" slack="11"/>
<pin id="402" dir="0" index="23" bw="8" slack="0"/>
<pin id="403" dir="0" index="24" bw="8" slack="0"/>
<pin id="404" dir="0" index="25" bw="64" slack="11"/>
<pin id="405" dir="0" index="26" bw="64" slack="11"/>
<pin id="406" dir="0" index="27" bw="8" slack="0"/>
<pin id="407" dir="0" index="28" bw="8" slack="0"/>
<pin id="408" dir="0" index="29" bw="64" slack="11"/>
<pin id="409" dir="0" index="30" bw="64" slack="11"/>
<pin id="410" dir="0" index="31" bw="8" slack="0"/>
<pin id="411" dir="0" index="32" bw="8" slack="0"/>
<pin id="412" dir="0" index="33" bw="64" slack="11"/>
<pin id="413" dir="0" index="34" bw="64" slack="11"/>
<pin id="414" dir="0" index="35" bw="8" slack="0"/>
<pin id="415" dir="0" index="36" bw="8" slack="0"/>
<pin id="416" dir="0" index="37" bw="64" slack="11"/>
<pin id="417" dir="0" index="38" bw="64" slack="11"/>
<pin id="418" dir="0" index="39" bw="8" slack="0"/>
<pin id="419" dir="0" index="40" bw="8" slack="0"/>
<pin id="420" dir="0" index="41" bw="64" slack="11"/>
<pin id="421" dir="0" index="42" bw="64" slack="11"/>
<pin id="422" dir="0" index="43" bw="8" slack="0"/>
<pin id="423" dir="0" index="44" bw="8" slack="0"/>
<pin id="424" dir="0" index="45" bw="64" slack="11"/>
<pin id="425" dir="0" index="46" bw="64" slack="11"/>
<pin id="426" dir="0" index="47" bw="1" slack="11"/>
<pin id="427" dir="0" index="48" bw="32" slack="11"/>
<pin id="428" dir="0" index="49" bw="32" slack="11"/>
<pin id="429" dir="0" index="50" bw="32" slack="11"/>
<pin id="430" dir="0" index="51" bw="8" slack="0"/>
<pin id="431" dir="0" index="52" bw="8" slack="0"/>
<pin id="432" dir="1" index="53" bw="0" slack="2147483647"/>
</pin_list>
<bind>
<opcode="call(48) " fcode="call"/>
<opset="call_ln33/12 "/>
</bind>
</comp>

<comp id="453" class="1004" name="grp_load_fu_453">
<pin_list>
<pin id="454" dir="0" index="0" bw="32" slack="1"/>
<pin id="455" dir="1" index="1" bw="32" slack="0"/>
</pin_list>
<bind>
<opcode="load(27) " fcode="load"/>
<opset="mac_count_new_0_i_load_1/2 mac_count_new_0_i_load/11 "/>
</bind>
</comp>

<comp id="456" class="1004" name="grp_load_fu_456">
<pin_list>
<pin id="457" dir="0" index="0" bw="32" slack="1"/>
<pin id="458" dir="1" index="1" bw="32" slack="0"/>
</pin_list>
<bind>
<opcode="load(27) " fcode="load"/>
<opset="cycle_count_out_0_load_1/2 cycle_count_out_0_load/11 "/>
</bind>
</comp>

<comp id="459" class="1004" name="p_read2_cast_fu_459">
<pin_list>
<pin id="460" dir="0" index="0" bw="1" slack="0"/>
<pin id="461" dir="1" index="1" bw="32" slack="0"/>
</pin_list>
<bind>
<opcode="zext(34) " fcode="zext"/>
<opset="p_read2_cast/1 "/>
</bind>
</comp>

<comp id="463" class="1004" name="p_read_cast_fu_463">
<pin_list>
<pin id="464" dir="0" index="0" bw="1" slack="0"/>
<pin id="465" dir="1" index="1" bw="32" slack="0"/>
</pin_list>
<bind>
<opcode="zext(34) " fcode="zext"/>
<opset="p_read_cast/1 "/>
</bind>
</comp>

<comp id="467" class="1004" name="shl_ln_fu_467">
<pin_list>
<pin id="468" dir="0" index="0" bw="11" slack="0"/>
<pin id="469" dir="0" index="1" bw="8" slack="0"/>
<pin id="470" dir="0" index="2" bw="1" slack="0"/>
<pin id="471" dir="1" index="3" bw="11" slack="0"/>
</pin_list>
<bind>
<opcode="bitconcatenate(1004) " fcode="bitconcatenate"/>
<opset="shl_ln/1 "/>
</bind>
</comp>

<comp id="475" class="1004" name="in_h_cast_fu_475">
<pin_list>
<pin id="476" dir="0" index="0" bw="8" slack="0"/>
<pin id="477" dir="1" index="1" bw="19" slack="0"/>
</pin_list>
<bind>
<opcode="zext(34) " fcode="zext"/>
<opset="in_h_cast/1 "/>
</bind>
</comp>

<comp id="479" class="1004" name="shl_ln_cast_fu_479">
<pin_list>
<pin id="480" dir="0" index="0" bw="11" slack="0"/>
<pin id="481" dir="1" index="1" bw="19" slack="0"/>
</pin_list>
<bind>
<opcode="zext(34) " fcode="zext"/>
<opset="shl_ln_cast/1 "/>
</bind>
</comp>

<comp id="483" class="1004" name="bound4_fu_483">
<pin_list>
<pin id="484" dir="0" index="0" bw="8" slack="0"/>
<pin id="485" dir="0" index="1" bw="11" slack="0"/>
<pin id="486" dir="1" index="2" bw="19" slack="11"/>
</pin_list>
<bind>
<opcode="mul(12) " fcode="mul"/>
<opset="bound4/1 "/>
</bind>
</comp>

<comp id="489" class="1004" name="store_ln0_store_fu_489">
<pin_list>
<pin id="490" dir="0" index="0" bw="1" slack="0"/>
<pin id="491" dir="0" index="1" bw="32" slack="0"/>
<pin id="492" dir="1" index="2" bw="0" slack="2147483647"/>
</pin_list>
<bind>
<opcode="store(28) " fcode="store"/>
<opset="store_ln0/1 "/>
</bind>
</comp>

<comp id="494" class="1004" name="store_ln0_store_fu_494">
<pin_list>
<pin id="495" dir="0" index="0" bw="1" slack="0"/>
<pin id="496" dir="0" index="1" bw="32" slack="0"/>
<pin id="497" dir="1" index="2" bw="0" slack="2147483647"/>
</pin_list>
<bind>
<opcode="store(28) " fcode="store"/>
<opset="store_ln0/1 "/>
</bind>
</comp>

<comp id="499" class="1004" name="store_ln23_store_fu_499">
<pin_list>
<pin id="500" dir="0" index="0" bw="1" slack="0"/>
<pin id="501" dir="0" index="1" bw="8" slack="0"/>
<pin id="502" dir="1" index="2" bw="0" slack="2147483647"/>
</pin_list>
<bind>
<opcode="store(28) " fcode="store"/>
<opset="store_ln23/1 "/>
</bind>
</comp>

<comp id="504" class="1004" name="oc_3_load_fu_504">
<pin_list>
<pin id="505" dir="0" index="0" bw="8" slack="1"/>
<pin id="506" dir="1" index="1" bw="8" slack="0"/>
</pin_list>
<bind>
<opcode="load(27) " fcode="load"/>
<opset="oc_3/2 "/>
</bind>
</comp>

<comp id="507" class="1004" name="icmp_ln23_fu_507">
<pin_list>
<pin id="508" dir="0" index="0" bw="8" slack="0"/>
<pin id="509" dir="0" index="1" bw="8" slack="1"/>
<pin id="510" dir="1" index="2" bw="1" slack="2147483647"/>
</pin_list>
<bind>
<opcode="icmp(45) " fcode="icmp"/>
<opset="icmp_ln23/2 "/>
</bind>
</comp>

<comp id="512" class="1004" name="add_ln23_fu_512">
<pin_list>
<pin id="513" dir="0" index="0" bw="8" slack="0"/>
<pin id="514" dir="0" index="1" bw="1" slack="0"/>
<pin id="515" dir="1" index="2" bw="8" slack="0"/>
</pin_list>
<bind>
<opcode="add(8) " fcode="add"/>
<opset="add_ln23/2 "/>
</bind>
</comp>

<comp id="518" class="1004" name="shl_ln1_fu_518">
<pin_list>
<pin id="519" dir="0" index="0" bw="10" slack="0"/>
<pin id="520" dir="0" index="1" bw="8" slack="0"/>
<pin id="521" dir="0" index="2" bw="1" slack="0"/>
<pin id="522" dir="1" index="3" bw="10" slack="0"/>
</pin_list>
<bind>
<opcode="bitconcatenate(1004) " fcode="bitconcatenate"/>
<opset="shl_ln1/2 "/>
</bind>
</comp>

<comp id="526" class="1004" name="zext_ln33_fu_526">
<pin_list>
<pin id="527" dir="0" index="0" bw="10" slack="0"/>
<pin id="528" dir="1" index="1" bw="64" slack="0"/>
</pin_list>
<bind>
<opcode="zext(34) " fcode="zext"/>
<opset="zext_ln33/2 "/>
</bind>
</comp>

<comp id="530" class="1004" name="add_ln33_fu_530">
<pin_list>
<pin id="531" dir="0" index="0" bw="10" slack="0"/>
<pin id="532" dir="0" index="1" bw="64" slack="1"/>
<pin id="533" dir="1" index="2" bw="64" slack="0"/>
</pin_list>
<bind>
<opcode="add(8) " fcode="add"/>
<opset="add_ln33/2 "/>
</bind>
</comp>

<comp id="535" class="1004" name="trunc_ln_fu_535">
<pin_list>
<pin id="536" dir="0" index="0" bw="62" slack="0"/>
<pin id="537" dir="0" index="1" bw="64" slack="0"/>
<pin id="538" dir="0" index="2" bw="3" slack="0"/>
<pin id="539" dir="0" index="3" bw="7" slack="0"/>
<pin id="540" dir="1" index="4" bw="62" slack="0"/>
</pin_list>
<bind>
<opcode="partselect(1002) " fcode="partselect"/>
<opset="trunc_ln/2 "/>
</bind>
</comp>

<comp id="545" class="1004" name="sext_ln33_fu_545">
<pin_list>
<pin id="546" dir="0" index="0" bw="62" slack="0"/>
<pin id="547" dir="1" index="1" bw="64" slack="0"/>
</pin_list>
<bind>
<opcode="sext(35) " fcode="sext"/>
<opset="sext_ln33/2 "/>
</bind>
</comp>

<comp id="549" class="1004" name="gmem1_addr_fu_549">
<pin_list>
<pin id="550" dir="0" index="0" bw="64" slack="0"/>
<pin id="551" dir="0" index="1" bw="64" slack="0"/>
<pin id="552" dir="1" index="2" bw="64" slack="1"/>
</pin_list>
<bind>
<opcode="getelementptr(29) " fcode="getelementptr"/>
<opset="gmem1_addr/2 "/>
</bind>
</comp>

<comp id="555" class="1004" name="store_ln23_store_fu_555">
<pin_list>
<pin id="556" dir="0" index="0" bw="8" slack="0"/>
<pin id="557" dir="0" index="1" bw="8" slack="1"/>
<pin id="558" dir="1" index="2" bw="0" slack="2147483647"/>
</pin_list>
<bind>
<opcode="store(28) " fcode="store"/>
<opset="store_ln23/2 "/>
</bind>
</comp>

<comp id="560" class="1004" name="mac_count_out_0_fu_560">
<pin_list>
<pin id="561" dir="0" index="0" bw="1" slack="0"/>
<pin id="562" dir="0" index="1" bw="32" slack="0"/>
<pin id="563" dir="0" index="2" bw="32" slack="1"/>
<pin id="564" dir="1" index="3" bw="32" slack="0"/>
</pin_list>
<bind>
<opcode="select(49) " fcode="select"/>
<opset="mac_count_out_0/2 "/>
</bind>
</comp>

<comp id="567" class="1004" name="mrv_fu_567">
<pin_list>
<pin id="568" dir="0" index="0" bw="88" slack="0"/>
<pin id="569" dir="0" index="1" bw="32" slack="0"/>
<pin id="570" dir="1" index="2" bw="88" slack="0"/>
</pin_list>
<bind>
<opcode="insertvalue(57) " fcode="insertvalue"/>
<opset="mrv/2 "/>
</bind>
</comp>

<comp id="573" class="1004" name="mrv_1_fu_573">
<pin_list>
<pin id="574" dir="0" index="0" bw="88" slack="0"/>
<pin id="575" dir="0" index="1" bw="32" slack="0"/>
<pin id="576" dir="1" index="2" bw="88" slack="0"/>
</pin_list>
<bind>
<opcode="insertvalue(57) " fcode="insertvalue"/>
<opset="mrv_1/2 "/>
</bind>
</comp>

<comp id="579" class="1004" name="mrv_2_fu_579">
<pin_list>
<pin id="580" dir="0" index="0" bw="88" slack="0"/>
<pin id="581" dir="0" index="1" bw="8" slack="1"/>
<pin id="582" dir="1" index="2" bw="88" slack="0"/>
</pin_list>
<bind>
<opcode="insertvalue(57) " fcode="insertvalue"/>
<opset="mrv_2/2 "/>
</bind>
</comp>

<comp id="584" class="1004" name="mrv_3_fu_584">
<pin_list>
<pin id="585" dir="0" index="0" bw="88" slack="0"/>
<pin id="586" dir="0" index="1" bw="8" slack="1"/>
<pin id="587" dir="1" index="2" bw="88" slack="0"/>
</pin_list>
<bind>
<opcode="insertvalue(57) " fcode="insertvalue"/>
<opset="mrv_3/2 "/>
</bind>
</comp>

<comp id="589" class="1004" name="mrv_4_fu_589">
<pin_list>
<pin id="590" dir="0" index="0" bw="88" slack="0"/>
<pin id="591" dir="0" index="1" bw="8" slack="1"/>
<pin id="592" dir="1" index="2" bw="88" slack="2147483647"/>
</pin_list>
<bind>
<opcode="insertvalue(57) " fcode="insertvalue"/>
<opset="mrv_4/2 "/>
</bind>
</comp>

<comp id="594" class="1004" name="mac_count_loc_0_i_load_load_fu_594">
<pin_list>
<pin id="595" dir="0" index="0" bw="32" slack="10"/>
<pin id="596" dir="1" index="1" bw="32" slack="2"/>
</pin_list>
<bind>
<opcode="load(27) " fcode="load"/>
<opset="mac_count_loc_0_i_load/11 "/>
</bind>
</comp>

<comp id="597" class="1004" name="trunc_ln23_fu_597">
<pin_list>
<pin id="598" dir="0" index="0" bw="8" slack="10"/>
<pin id="599" dir="1" index="1" bw="6" slack="0"/>
</pin_list>
<bind>
<opcode="trunc(33) " fcode="trunc"/>
<opset="trunc_ln23/12 "/>
</bind>
</comp>

<comp id="601" class="1004" name="mac_count_flag_3_i_loc_load_load_fu_601">
<pin_list>
<pin id="602" dir="0" index="0" bw="1" slack="13"/>
<pin id="603" dir="1" index="1" bw="1" slack="2147483647"/>
</pin_list>
<bind>
<opcode="load(27) " fcode="load"/>
<opset="mac_count_flag_3_i_loc_load/14 "/>
</bind>
</comp>

<comp id="604" class="1005" name="oc_reg_604">
<pin_list>
<pin id="605" dir="0" index="0" bw="8" slack="0"/>
<pin id="606" dir="1" index="1" bw="8" slack="0"/>
</pin_list>
<bind>
<opset="oc "/>
</bind>
</comp>

<comp id="611" class="1005" name="mac_count_loc_0_i_reg_611">
<pin_list>
<pin id="612" dir="0" index="0" bw="32" slack="0"/>
<pin id="613" dir="1" index="1" bw="32" slack="0"/>
</pin_list>
<bind>
<opset="mac_count_loc_0_i "/>
</bind>
</comp>

<comp id="618" class="1005" name="mac_count_new_0_i_reg_618">
<pin_list>
<pin id="619" dir="0" index="0" bw="32" slack="1"/>
<pin id="620" dir="1" index="1" bw="32" slack="1"/>
</pin_list>
<bind>
<opset="mac_count_new_0_i "/>
</bind>
</comp>

<comp id="624" class="1005" name="cycle_count_out_0_reg_624">
<pin_list>
<pin id="625" dir="0" index="0" bw="32" slack="0"/>
<pin id="626" dir="1" index="1" bw="32" slack="0"/>
</pin_list>
<bind>
<opset="cycle_count_out_0 "/>
</bind>
</comp>

<comp id="631" class="1005" name="do_relu_read_reg_631">
<pin_list>
<pin id="632" dir="0" index="0" bw="1" slack="11"/>
<pin id="633" dir="1" index="1" bw="1" slack="11"/>
</pin_list>
<bind>
<opset="do_relu_read "/>
</bind>
</comp>

<comp id="636" class="1005" name="out_ch_read_reg_636">
<pin_list>
<pin id="637" dir="0" index="0" bw="8" slack="1"/>
<pin id="638" dir="1" index="1" bw="8" slack="1"/>
</pin_list>
<bind>
<opset="out_ch_read "/>
</bind>
</comp>

<comp id="642" class="1005" name="in_ch_read_reg_642">
<pin_list>
<pin id="643" dir="0" index="0" bw="8" slack="11"/>
<pin id="644" dir="1" index="1" bw="8" slack="11"/>
</pin_list>
<bind>
<opset="in_ch_read "/>
</bind>
</comp>

<comp id="647" class="1005" name="in_w_read_reg_647">
<pin_list>
<pin id="648" dir="0" index="0" bw="8" slack="1"/>
<pin id="649" dir="1" index="1" bw="8" slack="1"/>
</pin_list>
<bind>
<opset="in_w_read "/>
</bind>
</comp>

<comp id="653" class="1005" name="in_h_read_reg_653">
<pin_list>
<pin id="654" dir="0" index="0" bw="8" slack="1"/>
<pin id="655" dir="1" index="1" bw="8" slack="1"/>
</pin_list>
<bind>
<opset="in_h_read "/>
</bind>
</comp>

<comp id="659" class="1005" name="bias_read_reg_659">
<pin_list>
<pin id="660" dir="0" index="0" bw="64" slack="1"/>
<pin id="661" dir="1" index="1" bw="64" slack="1"/>
</pin_list>
<bind>
<opset="bias_read "/>
</bind>
</comp>

<comp id="664" class="1005" name="weight_7_read_reg_664">
<pin_list>
<pin id="665" dir="0" index="0" bw="64" slack="11"/>
<pin id="666" dir="1" index="1" bw="64" slack="11"/>
</pin_list>
<bind>
<opset="weight_7_read "/>
</bind>
</comp>

<comp id="669" class="1005" name="weight_6_read_reg_669">
<pin_list>
<pin id="670" dir="0" index="0" bw="64" slack="11"/>
<pin id="671" dir="1" index="1" bw="64" slack="11"/>
</pin_list>
<bind>
<opset="weight_6_read "/>
</bind>
</comp>

<comp id="674" class="1005" name="weight_5_read_reg_674">
<pin_list>
<pin id="675" dir="0" index="0" bw="64" slack="11"/>
<pin id="676" dir="1" index="1" bw="64" slack="11"/>
</pin_list>
<bind>
<opset="weight_5_read "/>
</bind>
</comp>

<comp id="679" class="1005" name="weight_4_read_reg_679">
<pin_list>
<pin id="680" dir="0" index="0" bw="64" slack="11"/>
<pin id="681" dir="1" index="1" bw="64" slack="11"/>
</pin_list>
<bind>
<opset="weight_4_read "/>
</bind>
</comp>

<comp id="684" class="1005" name="weight_3_read_reg_684">
<pin_list>
<pin id="685" dir="0" index="0" bw="64" slack="11"/>
<pin id="686" dir="1" index="1" bw="64" slack="11"/>
</pin_list>
<bind>
<opset="weight_3_read "/>
</bind>
</comp>

<comp id="689" class="1005" name="weight_2_read_reg_689">
<pin_list>
<pin id="690" dir="0" index="0" bw="64" slack="11"/>
<pin id="691" dir="1" index="1" bw="64" slack="11"/>
</pin_list>
<bind>
<opset="weight_2_read "/>
</bind>
</comp>

<comp id="694" class="1005" name="weight_1_read_reg_694">
<pin_list>
<pin id="695" dir="0" index="0" bw="64" slack="11"/>
<pin id="696" dir="1" index="1" bw="64" slack="11"/>
</pin_list>
<bind>
<opset="weight_1_read "/>
</bind>
</comp>

<comp id="699" class="1005" name="weight_0_read_reg_699">
<pin_list>
<pin id="700" dir="0" index="0" bw="64" slack="11"/>
<pin id="701" dir="1" index="1" bw="64" slack="11"/>
</pin_list>
<bind>
<opset="weight_0_read "/>
</bind>
</comp>

<comp id="704" class="1005" name="ifmap_7_read_reg_704">
<pin_list>
<pin id="705" dir="0" index="0" bw="64" slack="11"/>
<pin id="706" dir="1" index="1" bw="64" slack="11"/>
</pin_list>
<bind>
<opset="ifmap_7_read "/>
</bind>
</comp>

<comp id="709" class="1005" name="ifmap_6_read_reg_709">
<pin_list>
<pin id="710" dir="0" index="0" bw="64" slack="11"/>
<pin id="711" dir="1" index="1" bw="64" slack="11"/>
</pin_list>
<bind>
<opset="ifmap_6_read "/>
</bind>
</comp>

<comp id="714" class="1005" name="ifmap_5_read_reg_714">
<pin_list>
<pin id="715" dir="0" index="0" bw="64" slack="11"/>
<pin id="716" dir="1" index="1" bw="64" slack="11"/>
</pin_list>
<bind>
<opset="ifmap_5_read "/>
</bind>
</comp>

<comp id="719" class="1005" name="ifmap_4_read_reg_719">
<pin_list>
<pin id="720" dir="0" index="0" bw="64" slack="11"/>
<pin id="721" dir="1" index="1" bw="64" slack="11"/>
</pin_list>
<bind>
<opset="ifmap_4_read "/>
</bind>
</comp>

<comp id="724" class="1005" name="ifmap_3_read_reg_724">
<pin_list>
<pin id="725" dir="0" index="0" bw="64" slack="11"/>
<pin id="726" dir="1" index="1" bw="64" slack="11"/>
</pin_list>
<bind>
<opset="ifmap_3_read "/>
</bind>
</comp>

<comp id="729" class="1005" name="ifmap_2_read_reg_729">
<pin_list>
<pin id="730" dir="0" index="0" bw="64" slack="11"/>
<pin id="731" dir="1" index="1" bw="64" slack="11"/>
</pin_list>
<bind>
<opset="ifmap_2_read "/>
</bind>
</comp>

<comp id="734" class="1005" name="ifmap_1_read_reg_734">
<pin_list>
<pin id="735" dir="0" index="0" bw="64" slack="11"/>
<pin id="736" dir="1" index="1" bw="64" slack="11"/>
</pin_list>
<bind>
<opset="ifmap_1_read "/>
</bind>
</comp>

<comp id="739" class="1005" name="ifmap_0_read_reg_739">
<pin_list>
<pin id="740" dir="0" index="0" bw="64" slack="11"/>
<pin id="741" dir="1" index="1" bw="64" slack="11"/>
</pin_list>
<bind>
<opset="ifmap_0_read "/>
</bind>
</comp>

<comp id="744" class="1005" name="p_read_cast_reg_744">
<pin_list>
<pin id="745" dir="0" index="0" bw="32" slack="1"/>
<pin id="746" dir="1" index="1" bw="32" slack="1"/>
</pin_list>
<bind>
<opset="p_read_cast "/>
</bind>
</comp>

<comp id="749" class="1005" name="mac_count_flag_3_i_loc_reg_749">
<pin_list>
<pin id="750" dir="0" index="0" bw="1" slack="11"/>
<pin id="751" dir="1" index="1" bw="1" slack="11"/>
</pin_list>
<bind>
<opset="mac_count_flag_3_i_loc "/>
</bind>
</comp>

<comp id="755" class="1005" name="shl_ln_reg_755">
<pin_list>
<pin id="756" dir="0" index="0" bw="11" slack="11"/>
<pin id="757" dir="1" index="1" bw="11" slack="11"/>
</pin_list>
<bind>
<opset="shl_ln "/>
</bind>
</comp>

<comp id="761" class="1005" name="bound4_reg_761">
<pin_list>
<pin id="762" dir="0" index="0" bw="19" slack="11"/>
<pin id="763" dir="1" index="1" bw="19" slack="11"/>
</pin_list>
<bind>
<opset="bound4 "/>
</bind>
</comp>

<comp id="766" class="1005" name="oc_3_reg_766">
<pin_list>
<pin id="767" dir="0" index="0" bw="8" slack="10"/>
<pin id="768" dir="1" index="1" bw="8" slack="10"/>
</pin_list>
<bind>
<opset="oc_3 "/>
</bind>
</comp>

<comp id="775" class="1005" name="gmem1_addr_reg_775">
<pin_list>
<pin id="776" dir="0" index="0" bw="32" slack="1"/>
<pin id="777" dir="1" index="1" bw="32" slack="1"/>
</pin_list>
<bind>
<opset="gmem1_addr "/>
</bind>
</comp>

<comp id="781" class="1005" name="mac_count_loc_0_i_load_reg_781">
<pin_list>
<pin id="782" dir="0" index="0" bw="32" slack="2"/>
<pin id="783" dir="1" index="1" bw="32" slack="2"/>
</pin_list>
<bind>
<opset="mac_count_loc_0_i_load "/>
</bind>
</comp>

<comp id="786" class="1005" name="mac_count_new_0_i_load_reg_786">
<pin_list>
<pin id="787" dir="0" index="0" bw="32" slack="1"/>
<pin id="788" dir="1" index="1" bw="32" slack="1"/>
</pin_list>
<bind>
<opset="mac_count_new_0_i_load "/>
</bind>
</comp>

<comp id="791" class="1005" name="cycle_count_out_0_load_reg_791">
<pin_list>
<pin id="792" dir="0" index="0" bw="32" slack="1"/>
<pin id="793" dir="1" index="1" bw="32" slack="1"/>
</pin_list>
<bind>
<opset="cycle_count_out_0_load "/>
</bind>
</comp>

<comp id="796" class="1005" name="gmem1_addr_read_reg_796">
<pin_list>
<pin id="797" dir="0" index="0" bw="32" slack="1"/>
<pin id="798" dir="1" index="1" bw="32" slack="1"/>
</pin_list>
<bind>
<opset="gmem1_addr_read "/>
</bind>
</comp>

<comp id="801" class="1005" name="trunc_ln23_reg_801">
<pin_list>
<pin id="802" dir="0" index="0" bw="6" slack="1"/>
<pin id="803" dir="1" index="1" bw="6" slack="1"/>
</pin_list>
<bind>
<opset="trunc_ln23 "/>
</bind>
</comp>

</comp_list>

<net_list>
<net id="193"><net_src comp="86" pin="0"/><net_sink comp="190" pin=0"/></net>

<net id="197"><net_src comp="86" pin="0"/><net_sink comp="194" pin=0"/></net>

<net id="201"><net_src comp="86" pin="0"/><net_sink comp="198" pin=0"/></net>

<net id="205"><net_src comp="86" pin="0"/><net_sink comp="202" pin=0"/></net>

<net id="209"><net_src comp="94" pin="0"/><net_sink comp="206" pin=0"/></net>

<net id="214"><net_src comp="88" pin="0"/><net_sink comp="210" pin=0"/></net>

<net id="215"><net_src comp="80" pin="0"/><net_sink comp="210" pin=1"/></net>

<net id="220"><net_src comp="88" pin="0"/><net_sink comp="216" pin=0"/></net>

<net id="221"><net_src comp="78" pin="0"/><net_sink comp="216" pin=1"/></net>

<net id="226"><net_src comp="88" pin="0"/><net_sink comp="222" pin=0"/></net>

<net id="227"><net_src comp="76" pin="0"/><net_sink comp="222" pin=1"/></net>

<net id="232"><net_src comp="90" pin="0"/><net_sink comp="228" pin=0"/></net>

<net id="233"><net_src comp="74" pin="0"/><net_sink comp="228" pin=1"/></net>

<net id="238"><net_src comp="90" pin="0"/><net_sink comp="234" pin=0"/></net>

<net id="239"><net_src comp="72" pin="0"/><net_sink comp="234" pin=1"/></net>

<net id="244"><net_src comp="90" pin="0"/><net_sink comp="240" pin=0"/></net>

<net id="245"><net_src comp="70" pin="0"/><net_sink comp="240" pin=1"/></net>

<net id="250"><net_src comp="90" pin="0"/><net_sink comp="246" pin=0"/></net>

<net id="251"><net_src comp="68" pin="0"/><net_sink comp="246" pin=1"/></net>

<net id="256"><net_src comp="92" pin="0"/><net_sink comp="252" pin=0"/></net>

<net id="257"><net_src comp="66" pin="0"/><net_sink comp="252" pin=1"/></net>

<net id="262"><net_src comp="92" pin="0"/><net_sink comp="258" pin=0"/></net>

<net id="263"><net_src comp="62" pin="0"/><net_sink comp="258" pin=1"/></net>

<net id="268"><net_src comp="92" pin="0"/><net_sink comp="264" pin=0"/></net>

<net id="269"><net_src comp="58" pin="0"/><net_sink comp="264" pin=1"/></net>

<net id="274"><net_src comp="92" pin="0"/><net_sink comp="270" pin=0"/></net>

<net id="275"><net_src comp="54" pin="0"/><net_sink comp="270" pin=1"/></net>

<net id="280"><net_src comp="92" pin="0"/><net_sink comp="276" pin=0"/></net>

<net id="281"><net_src comp="50" pin="0"/><net_sink comp="276" pin=1"/></net>

<net id="286"><net_src comp="92" pin="0"/><net_sink comp="282" pin=0"/></net>

<net id="287"><net_src comp="46" pin="0"/><net_sink comp="282" pin=1"/></net>

<net id="292"><net_src comp="92" pin="0"/><net_sink comp="288" pin=0"/></net>

<net id="293"><net_src comp="42" pin="0"/><net_sink comp="288" pin=1"/></net>

<net id="298"><net_src comp="92" pin="0"/><net_sink comp="294" pin=0"/></net>

<net id="299"><net_src comp="38" pin="0"/><net_sink comp="294" pin=1"/></net>

<net id="304"><net_src comp="92" pin="0"/><net_sink comp="300" pin=0"/></net>

<net id="305"><net_src comp="34" pin="0"/><net_sink comp="300" pin=1"/></net>

<net id="310"><net_src comp="92" pin="0"/><net_sink comp="306" pin=0"/></net>

<net id="311"><net_src comp="30" pin="0"/><net_sink comp="306" pin=1"/></net>

<net id="316"><net_src comp="92" pin="0"/><net_sink comp="312" pin=0"/></net>

<net id="317"><net_src comp="26" pin="0"/><net_sink comp="312" pin=1"/></net>

<net id="322"><net_src comp="92" pin="0"/><net_sink comp="318" pin=0"/></net>

<net id="323"><net_src comp="22" pin="0"/><net_sink comp="318" pin=1"/></net>

<net id="328"><net_src comp="92" pin="0"/><net_sink comp="324" pin=0"/></net>

<net id="329"><net_src comp="18" pin="0"/><net_sink comp="324" pin=1"/></net>

<net id="334"><net_src comp="92" pin="0"/><net_sink comp="330" pin=0"/></net>

<net id="335"><net_src comp="14" pin="0"/><net_sink comp="330" pin=1"/></net>

<net id="340"><net_src comp="92" pin="0"/><net_sink comp="336" pin=0"/></net>

<net id="341"><net_src comp="10" pin="0"/><net_sink comp="336" pin=1"/></net>

<net id="346"><net_src comp="92" pin="0"/><net_sink comp="342" pin=0"/></net>

<net id="347"><net_src comp="6" pin="0"/><net_sink comp="342" pin=1"/></net>

<net id="352"><net_src comp="92" pin="0"/><net_sink comp="348" pin=0"/></net>

<net id="353"><net_src comp="2" pin="0"/><net_sink comp="348" pin=1"/></net>

<net id="359"><net_src comp="174" pin="0"/><net_sink comp="354" pin=0"/></net>

<net id="360"><net_src comp="94" pin="0"/><net_sink comp="354" pin=2"/></net>

<net id="365"><net_src comp="176" pin="0"/><net_sink comp="361" pin=0"/></net>

<net id="369"><net_src comp="158" pin="0"/><net_sink comp="366" pin=0"/></net>

<net id="376"><net_src comp="366" pin="1"/><net_sink comp="370" pin=0"/></net>

<net id="377"><net_src comp="370" pin="4"/><net_sink comp="366" pin=0"/></net>

<net id="433"><net_src comp="178" pin="0"/><net_sink comp="378" pin=0"/></net>

<net id="434"><net_src comp="366" pin="1"/><net_sink comp="378" pin=2"/></net>

<net id="435"><net_src comp="0" pin="0"/><net_sink comp="378" pin=15"/></net>

<net id="436"><net_src comp="32" pin="0"/><net_sink comp="378" pin=16"/></net>

<net id="437"><net_src comp="4" pin="0"/><net_sink comp="378" pin=19"/></net>

<net id="438"><net_src comp="36" pin="0"/><net_sink comp="378" pin=20"/></net>

<net id="439"><net_src comp="8" pin="0"/><net_sink comp="378" pin=23"/></net>

<net id="440"><net_src comp="40" pin="0"/><net_sink comp="378" pin=24"/></net>

<net id="441"><net_src comp="12" pin="0"/><net_sink comp="378" pin=27"/></net>

<net id="442"><net_src comp="44" pin="0"/><net_sink comp="378" pin=28"/></net>

<net id="443"><net_src comp="16" pin="0"/><net_sink comp="378" pin=31"/></net>

<net id="444"><net_src comp="48" pin="0"/><net_sink comp="378" pin=32"/></net>

<net id="445"><net_src comp="20" pin="0"/><net_sink comp="378" pin=35"/></net>

<net id="446"><net_src comp="52" pin="0"/><net_sink comp="378" pin=36"/></net>

<net id="447"><net_src comp="24" pin="0"/><net_sink comp="378" pin=39"/></net>

<net id="448"><net_src comp="56" pin="0"/><net_sink comp="378" pin=40"/></net>

<net id="449"><net_src comp="28" pin="0"/><net_sink comp="378" pin=43"/></net>

<net id="450"><net_src comp="60" pin="0"/><net_sink comp="378" pin=44"/></net>

<net id="451"><net_src comp="82" pin="0"/><net_sink comp="378" pin=51"/></net>

<net id="452"><net_src comp="84" pin="0"/><net_sink comp="378" pin=52"/></net>

<net id="462"><net_src comp="210" pin="2"/><net_sink comp="459" pin=0"/></net>

<net id="466"><net_src comp="216" pin="2"/><net_sink comp="463" pin=0"/></net>

<net id="472"><net_src comp="152" pin="0"/><net_sink comp="467" pin=0"/></net>

<net id="473"><net_src comp="240" pin="2"/><net_sink comp="467" pin=1"/></net>

<net id="474"><net_src comp="154" pin="0"/><net_sink comp="467" pin=2"/></net>

<net id="478"><net_src comp="246" pin="2"/><net_sink comp="475" pin=0"/></net>

<net id="482"><net_src comp="467" pin="3"/><net_sink comp="479" pin=0"/></net>

<net id="487"><net_src comp="475" pin="1"/><net_sink comp="483" pin=0"/></net>

<net id="488"><net_src comp="479" pin="1"/><net_sink comp="483" pin=1"/></net>

<net id="493"><net_src comp="459" pin="1"/><net_sink comp="489" pin=0"/></net>

<net id="498"><net_src comp="463" pin="1"/><net_sink comp="494" pin=0"/></net>

<net id="503"><net_src comp="156" pin="0"/><net_sink comp="499" pin=0"/></net>

<net id="511"><net_src comp="504" pin="1"/><net_sink comp="507" pin=0"/></net>

<net id="516"><net_src comp="504" pin="1"/><net_sink comp="512" pin=0"/></net>

<net id="517"><net_src comp="160" pin="0"/><net_sink comp="512" pin=1"/></net>

<net id="523"><net_src comp="162" pin="0"/><net_sink comp="518" pin=0"/></net>

<net id="524"><net_src comp="504" pin="1"/><net_sink comp="518" pin=1"/></net>

<net id="525"><net_src comp="164" pin="0"/><net_sink comp="518" pin=2"/></net>

<net id="529"><net_src comp="518" pin="3"/><net_sink comp="526" pin=0"/></net>

<net id="534"><net_src comp="526" pin="1"/><net_sink comp="530" pin=0"/></net>

<net id="541"><net_src comp="166" pin="0"/><net_sink comp="535" pin=0"/></net>

<net id="542"><net_src comp="530" pin="2"/><net_sink comp="535" pin=1"/></net>

<net id="543"><net_src comp="168" pin="0"/><net_sink comp="535" pin=2"/></net>

<net id="544"><net_src comp="170" pin="0"/><net_sink comp="535" pin=3"/></net>

<net id="548"><net_src comp="535" pin="4"/><net_sink comp="545" pin=0"/></net>

<net id="553"><net_src comp="64" pin="0"/><net_sink comp="549" pin=0"/></net>

<net id="554"><net_src comp="545" pin="1"/><net_sink comp="549" pin=1"/></net>

<net id="559"><net_src comp="512" pin="2"/><net_sink comp="555" pin=0"/></net>

<net id="565"><net_src comp="370" pin="4"/><net_sink comp="560" pin=0"/></net>

<net id="566"><net_src comp="453" pin="1"/><net_sink comp="560" pin=1"/></net>

<net id="571"><net_src comp="172" pin="0"/><net_sink comp="567" pin=0"/></net>

<net id="572"><net_src comp="560" pin="3"/><net_sink comp="567" pin=1"/></net>

<net id="577"><net_src comp="567" pin="2"/><net_sink comp="573" pin=0"/></net>

<net id="578"><net_src comp="456" pin="1"/><net_sink comp="573" pin=1"/></net>

<net id="583"><net_src comp="573" pin="2"/><net_sink comp="579" pin=0"/></net>

<net id="588"><net_src comp="579" pin="2"/><net_sink comp="584" pin=0"/></net>

<net id="593"><net_src comp="584" pin="2"/><net_sink comp="589" pin=0"/></net>

<net id="600"><net_src comp="597" pin="1"/><net_sink comp="378" pin=13"/></net>

<net id="607"><net_src comp="190" pin="1"/><net_sink comp="604" pin=0"/></net>

<net id="608"><net_src comp="604" pin="1"/><net_sink comp="499" pin=1"/></net>

<net id="609"><net_src comp="604" pin="1"/><net_sink comp="504" pin=0"/></net>

<net id="610"><net_src comp="604" pin="1"/><net_sink comp="555" pin=1"/></net>

<net id="614"><net_src comp="194" pin="1"/><net_sink comp="611" pin=0"/></net>

<net id="615"><net_src comp="611" pin="1"/><net_sink comp="494" pin=1"/></net>

<net id="616"><net_src comp="611" pin="1"/><net_sink comp="594" pin=0"/></net>

<net id="617"><net_src comp="611" pin="1"/><net_sink comp="378" pin=49"/></net>

<net id="621"><net_src comp="198" pin="1"/><net_sink comp="618" pin=0"/></net>

<net id="622"><net_src comp="618" pin="1"/><net_sink comp="453" pin=0"/></net>

<net id="623"><net_src comp="618" pin="1"/><net_sink comp="378" pin=48"/></net>

<net id="627"><net_src comp="202" pin="1"/><net_sink comp="624" pin=0"/></net>

<net id="628"><net_src comp="624" pin="1"/><net_sink comp="489" pin=1"/></net>

<net id="629"><net_src comp="624" pin="1"/><net_sink comp="456" pin=0"/></net>

<net id="630"><net_src comp="624" pin="1"/><net_sink comp="378" pin=50"/></net>

<net id="634"><net_src comp="222" pin="2"/><net_sink comp="631" pin=0"/></net>

<net id="635"><net_src comp="631" pin="1"/><net_sink comp="378" pin=11"/></net>

<net id="639"><net_src comp="228" pin="2"/><net_sink comp="636" pin=0"/></net>

<net id="640"><net_src comp="636" pin="1"/><net_sink comp="507" pin=1"/></net>

<net id="641"><net_src comp="636" pin="1"/><net_sink comp="589" pin=1"/></net>

<net id="645"><net_src comp="234" pin="2"/><net_sink comp="642" pin=0"/></net>

<net id="646"><net_src comp="642" pin="1"/><net_sink comp="378" pin=12"/></net>

<net id="650"><net_src comp="240" pin="2"/><net_sink comp="647" pin=0"/></net>

<net id="651"><net_src comp="647" pin="1"/><net_sink comp="584" pin=1"/></net>

<net id="652"><net_src comp="647" pin="1"/><net_sink comp="378" pin=6"/></net>

<net id="656"><net_src comp="246" pin="2"/><net_sink comp="653" pin=0"/></net>

<net id="657"><net_src comp="653" pin="1"/><net_sink comp="579" pin=1"/></net>

<net id="658"><net_src comp="653" pin="1"/><net_sink comp="378" pin=7"/></net>

<net id="662"><net_src comp="252" pin="2"/><net_sink comp="659" pin=0"/></net>

<net id="663"><net_src comp="659" pin="1"/><net_sink comp="530" pin=1"/></net>

<net id="667"><net_src comp="258" pin="2"/><net_sink comp="664" pin=0"/></net>

<net id="668"><net_src comp="664" pin="1"/><net_sink comp="378" pin=46"/></net>

<net id="672"><net_src comp="264" pin="2"/><net_sink comp="669" pin=0"/></net>

<net id="673"><net_src comp="669" pin="1"/><net_sink comp="378" pin=42"/></net>

<net id="677"><net_src comp="270" pin="2"/><net_sink comp="674" pin=0"/></net>

<net id="678"><net_src comp="674" pin="1"/><net_sink comp="378" pin=38"/></net>

<net id="682"><net_src comp="276" pin="2"/><net_sink comp="679" pin=0"/></net>

<net id="683"><net_src comp="679" pin="1"/><net_sink comp="378" pin=34"/></net>

<net id="687"><net_src comp="282" pin="2"/><net_sink comp="684" pin=0"/></net>

<net id="688"><net_src comp="684" pin="1"/><net_sink comp="378" pin=30"/></net>

<net id="692"><net_src comp="288" pin="2"/><net_sink comp="689" pin=0"/></net>

<net id="693"><net_src comp="689" pin="1"/><net_sink comp="378" pin=26"/></net>

<net id="697"><net_src comp="294" pin="2"/><net_sink comp="694" pin=0"/></net>

<net id="698"><net_src comp="694" pin="1"/><net_sink comp="378" pin=22"/></net>

<net id="702"><net_src comp="300" pin="2"/><net_sink comp="699" pin=0"/></net>

<net id="703"><net_src comp="699" pin="1"/><net_sink comp="378" pin=18"/></net>

<net id="707"><net_src comp="306" pin="2"/><net_sink comp="704" pin=0"/></net>

<net id="708"><net_src comp="704" pin="1"/><net_sink comp="378" pin=45"/></net>

<net id="712"><net_src comp="312" pin="2"/><net_sink comp="709" pin=0"/></net>

<net id="713"><net_src comp="709" pin="1"/><net_sink comp="378" pin=41"/></net>

<net id="717"><net_src comp="318" pin="2"/><net_sink comp="714" pin=0"/></net>

<net id="718"><net_src comp="714" pin="1"/><net_sink comp="378" pin=37"/></net>

<net id="722"><net_src comp="324" pin="2"/><net_sink comp="719" pin=0"/></net>

<net id="723"><net_src comp="719" pin="1"/><net_sink comp="378" pin=33"/></net>

<net id="727"><net_src comp="330" pin="2"/><net_sink comp="724" pin=0"/></net>

<net id="728"><net_src comp="724" pin="1"/><net_sink comp="378" pin=29"/></net>

<net id="732"><net_src comp="336" pin="2"/><net_sink comp="729" pin=0"/></net>

<net id="733"><net_src comp="729" pin="1"/><net_sink comp="378" pin=25"/></net>

<net id="737"><net_src comp="342" pin="2"/><net_sink comp="734" pin=0"/></net>

<net id="738"><net_src comp="734" pin="1"/><net_sink comp="378" pin=21"/></net>

<net id="742"><net_src comp="348" pin="2"/><net_sink comp="739" pin=0"/></net>

<net id="743"><net_src comp="739" pin="1"/><net_sink comp="378" pin=17"/></net>

<net id="747"><net_src comp="463" pin="1"/><net_sink comp="744" pin=0"/></net>

<net id="748"><net_src comp="744" pin="1"/><net_sink comp="560" pin=2"/></net>

<net id="752"><net_src comp="206" pin="1"/><net_sink comp="749" pin=0"/></net>

<net id="753"><net_src comp="749" pin="1"/><net_sink comp="378" pin=47"/></net>

<net id="754"><net_src comp="749" pin="1"/><net_sink comp="601" pin=0"/></net>

<net id="758"><net_src comp="467" pin="3"/><net_sink comp="755" pin=0"/></net>

<net id="759"><net_src comp="755" pin="1"/><net_sink comp="378" pin=8"/></net>

<net id="760"><net_src comp="755" pin="1"/><net_sink comp="378" pin=9"/></net>

<net id="764"><net_src comp="483" pin="2"/><net_sink comp="761" pin=0"/></net>

<net id="765"><net_src comp="761" pin="1"/><net_sink comp="378" pin=10"/></net>

<net id="769"><net_src comp="504" pin="1"/><net_sink comp="766" pin=0"/></net>

<net id="770"><net_src comp="766" pin="1"/><net_sink comp="597" pin=0"/></net>

<net id="771"><net_src comp="766" pin="1"/><net_sink comp="378" pin=14"/></net>

<net id="778"><net_src comp="549" pin="2"/><net_sink comp="775" pin=0"/></net>

<net id="779"><net_src comp="775" pin="1"/><net_sink comp="354" pin=1"/></net>

<net id="780"><net_src comp="775" pin="1"/><net_sink comp="361" pin=1"/></net>

<net id="784"><net_src comp="594" pin="1"/><net_sink comp="781" pin=0"/></net>

<net id="785"><net_src comp="781" pin="1"/><net_sink comp="378" pin=4"/></net>

<net id="789"><net_src comp="453" pin="1"/><net_sink comp="786" pin=0"/></net>

<net id="790"><net_src comp="786" pin="1"/><net_sink comp="378" pin=3"/></net>

<net id="794"><net_src comp="456" pin="1"/><net_sink comp="791" pin=0"/></net>

<net id="795"><net_src comp="791" pin="1"/><net_sink comp="378" pin=1"/></net>

<net id="799"><net_src comp="361" pin="2"/><net_sink comp="796" pin=0"/></net>

<net id="800"><net_src comp="796" pin="1"/><net_sink comp="378" pin=5"/></net>

<net id="804"><net_src comp="597" pin="1"/><net_sink comp="801" pin=0"/></net>

<net id="805"><net_src comp="801" pin="1"/><net_sink comp="378" pin=13"/></net>

</net_list>

</model> 
---------------- Datapath Model END ------------------

* FSMD analyzer results:
  - Output states:
	Port: gmem0_0 | {}
	Port: gmem0_1 | {}
	Port: gmem0_2 | {}
	Port: gmem0_3 | {}
	Port: gmem0_4 | {}
	Port: gmem0_5 | {}
	Port: gmem0_6 | {}
	Port: gmem0_7 | {}
	Port: gmem1_0 | {}
	Port: gmem1_1 | {}
	Port: gmem1_2 | {}
	Port: gmem1_3 | {}
	Port: gmem1_4 | {}
	Port: gmem1_5 | {}
	Port: gmem1_6 | {}
	Port: gmem1_7 | {}
	Port: gmem1 | {}
	Port: dpu_conv_top_ap_int_64_64_ap_int_64_3_3_ap_int_ap_int_64_64_1 | {12 13 }
	Port: dpu_mulmulmulmulconv_top_ap_int_64_64_ap_int_64_3_3_ap_int_ap_int_64_64 | {12 13 }
 - Input state : 
	Port: conv3x3_relu : gmem0_0 | {12 13 }
	Port: conv3x3_relu : ifmap_0 | {1 }
	Port: conv3x3_relu : gmem0_1 | {12 13 }
	Port: conv3x3_relu : ifmap_1 | {1 }
	Port: conv3x3_relu : gmem0_2 | {12 13 }
	Port: conv3x3_relu : ifmap_2 | {1 }
	Port: conv3x3_relu : gmem0_3 | {12 13 }
	Port: conv3x3_relu : ifmap_3 | {1 }
	Port: conv3x3_relu : gmem0_4 | {12 13 }
	Port: conv3x3_relu : ifmap_4 | {1 }
	Port: conv3x3_relu : gmem0_5 | {12 13 }
	Port: conv3x3_relu : ifmap_5 | {1 }
	Port: conv3x3_relu : gmem0_6 | {12 13 }
	Port: conv3x3_relu : ifmap_6 | {1 }
	Port: conv3x3_relu : gmem0_7 | {12 13 }
	Port: conv3x3_relu : ifmap_7 | {1 }
	Port: conv3x3_relu : gmem1_0 | {12 13 }
	Port: conv3x3_relu : weight_0 | {1 }
	Port: conv3x3_relu : gmem1_1 | {12 13 }
	Port: conv3x3_relu : weight_1 | {1 }
	Port: conv3x3_relu : gmem1_2 | {12 13 }
	Port: conv3x3_relu : weight_2 | {1 }
	Port: conv3x3_relu : gmem1_3 | {12 13 }
	Port: conv3x3_relu : weight_3 | {1 }
	Port: conv3x3_relu : gmem1_4 | {12 13 }
	Port: conv3x3_relu : weight_4 | {1 }
	Port: conv3x3_relu : gmem1_5 | {12 13 }
	Port: conv3x3_relu : weight_5 | {1 }
	Port: conv3x3_relu : gmem1_6 | {12 13 }
	Port: conv3x3_relu : weight_6 | {1 }
	Port: conv3x3_relu : gmem1_7 | {12 13 }
	Port: conv3x3_relu : weight_7 | {1 }
	Port: conv3x3_relu : gmem1 | {3 4 5 6 7 8 9 10 11 }
	Port: conv3x3_relu : bias | {1 }
	Port: conv3x3_relu : in_h | {1 }
	Port: conv3x3_relu : in_w | {1 }
	Port: conv3x3_relu : in_ch | {1 }
	Port: conv3x3_relu : out_ch | {1 }
	Port: conv3x3_relu : do_relu | {1 }
	Port: conv3x3_relu : p_read | {1 }
	Port: conv3x3_relu : p_read2 | {1 }
	Port: conv3x3_relu : dpu_conv_top_ap_int_64_64_ap_int_64_3_3_ap_int_ap_int_64_64_1 | {}
	Port: conv3x3_relu : dpu_mulmulmulmulconv_top_ap_int_64_64_ap_int_64_3_3_ap_int_ap_int_64_64 | {}
  - Chain level:
	State 1
		shl_ln_cast : 1
		bound4 : 2
		store_ln0 : 1
		store_ln0 : 1
		store_ln23 : 1
	State 2
		icmp_ln23 : 1
		add_ln23 : 1
		br_ln23 : 2
		shl_ln1 : 1
		zext_ln33 : 2
		add_ln33 : 3
		trunc_ln : 4
		sext_ln33 : 5
		gmem1_addr : 6
		store_ln23 : 2
		mac_count_out_0 : 1
		mrv : 2
		mrv_1 : 3
		mrv_2 : 4
		mrv_3 : 5
		mrv_4 : 6
		ret_ln0 : 7
	State 3
	State 4
	State 5
	State 6
	State 7
	State 8
	State 9
	State 10
	State 11
	State 12
		call_ln33 : 1
	State 13
	State 14


============================================================
+ Verbose Summary: Datapath Resource usage 
============================================================

* Functional unit list:
|----------|----------------------------------------------------------|---------|---------|---------|---------|
| Operation|                      Functional Unit                     |   DSP   |  Delay  |    FF   |   LUT   |
|----------|----------------------------------------------------------|---------|---------|---------|---------|
|   call   | grp_conv3x3_relu_Pipeline_OH_LOOP_OW_LOOP_IC_LOOP_fu_378 |    72   | 317.767 |  13132  |  19136  |
|----------|----------------------------------------------------------|---------|---------|---------|---------|
|    add   |                      add_ln23_fu_512                     |    0    |    0    |    0    |    15   |
|          |                      add_ln33_fu_530                     |    0    |    0    |    0    |    71   |
|----------|----------------------------------------------------------|---------|---------|---------|---------|
|  select  |                  mac_count_out_0_fu_560                  |    0    |    0    |    0    |    32   |
|----------|----------------------------------------------------------|---------|---------|---------|---------|
|   icmp   |                     icmp_ln23_fu_507                     |    0    |    0    |    0    |    15   |
|----------|----------------------------------------------------------|---------|---------|---------|---------|
|    mul   |                       bound4_fu_483                      |    1    |    0    |    0    |    6    |
|----------|----------------------------------------------------------|---------|---------|---------|---------|
|          |                   p_read_1_read_fu_210                   |    0    |    0    |    0    |    0    |
|          |                   p_read_2_read_fu_216                   |    0    |    0    |    0    |    0    |
|          |                 do_relu_read_read_fu_222                 |    0    |    0    |    0    |    0    |
|          |                  out_ch_read_read_fu_228                 |    0    |    0    |    0    |    0    |
|          |                  in_ch_read_read_fu_234                  |    0    |    0    |    0    |    0    |
|          |                   in_w_read_read_fu_240                  |    0    |    0    |    0    |    0    |
|          |                   in_h_read_read_fu_246                  |    0    |    0    |    0    |    0    |
|          |                   bias_read_read_fu_252                  |    0    |    0    |    0    |    0    |
|          |                 weight_7_read_read_fu_258                |    0    |    0    |    0    |    0    |
|          |                 weight_6_read_read_fu_264                |    0    |    0    |    0    |    0    |
|          |                 weight_5_read_read_fu_270                |    0    |    0    |    0    |    0    |
|          |                 weight_4_read_read_fu_276                |    0    |    0    |    0    |    0    |
|   read   |                 weight_3_read_read_fu_282                |    0    |    0    |    0    |    0    |
|          |                 weight_2_read_read_fu_288                |    0    |    0    |    0    |    0    |
|          |                 weight_1_read_read_fu_294                |    0    |    0    |    0    |    0    |
|          |                 weight_0_read_read_fu_300                |    0    |    0    |    0    |    0    |
|          |                 ifmap_7_read_read_fu_306                 |    0    |    0    |    0    |    0    |
|          |                 ifmap_6_read_read_fu_312                 |    0    |    0    |    0    |    0    |
|          |                 ifmap_5_read_read_fu_318                 |    0    |    0    |    0    |    0    |
|          |                 ifmap_4_read_read_fu_324                 |    0    |    0    |    0    |    0    |
|          |                 ifmap_3_read_read_fu_330                 |    0    |    0    |    0    |    0    |
|          |                 ifmap_2_read_read_fu_336                 |    0    |    0    |    0    |    0    |
|          |                 ifmap_1_read_read_fu_342                 |    0    |    0    |    0    |    0    |
|          |                 ifmap_0_read_read_fu_348                 |    0    |    0    |    0    |    0    |
|          |                gmem1_addr_read_read_fu_361               |    0    |    0    |    0    |    0    |
|----------|----------------------------------------------------------|---------|---------|---------|---------|
|  readreq |                    grp_readreq_fu_354                    |    0    |    0    |    0    |    0    |
|----------|----------------------------------------------------------|---------|---------|---------|---------|
|          |                    p_read2_cast_fu_459                   |    0    |    0    |    0    |    0    |
|          |                    p_read_cast_fu_463                    |    0    |    0    |    0    |    0    |
|   zext   |                     in_h_cast_fu_475                     |    0    |    0    |    0    |    0    |
|          |                    shl_ln_cast_fu_479                    |    0    |    0    |    0    |    0    |
|          |                     zext_ln33_fu_526                     |    0    |    0    |    0    |    0    |
|----------|----------------------------------------------------------|---------|---------|---------|---------|
|bitconcatenate|                       shl_ln_fu_467                      |    0    |    0    |    0    |    0    |
|          |                      shl_ln1_fu_518                      |    0    |    0    |    0    |    0    |
|----------|----------------------------------------------------------|---------|---------|---------|---------|
|partselect|                      trunc_ln_fu_535                     |    0    |    0    |    0    |    0    |
|----------|----------------------------------------------------------|---------|---------|---------|---------|
|   sext   |                     sext_ln33_fu_545                     |    0    |    0    |    0    |    0    |
|----------|----------------------------------------------------------|---------|---------|---------|---------|
|          |                        mrv_fu_567                        |    0    |    0    |    0    |    0    |
|          |                       mrv_1_fu_573                       |    0    |    0    |    0    |    0    |
|insertvalue|                       mrv_2_fu_579                       |    0    |    0    |    0    |    0    |
|          |                       mrv_3_fu_584                       |    0    |    0    |    0    |    0    |
|          |                       mrv_4_fu_589                       |    0    |    0    |    0    |    0    |
|----------|----------------------------------------------------------|---------|---------|---------|---------|
|   trunc  |                     trunc_ln23_fu_597                    |    0    |    0    |    0    |    0    |
|----------|----------------------------------------------------------|---------|---------|---------|---------|
|   Total  |                                                          |    73   | 317.767 |  13132  |  19275  |
|----------|----------------------------------------------------------|---------|---------|---------|---------|

Memories:
N/A

* Register list:
+------------------------------+--------+
|                              |   FF   |
+------------------------------+--------+
|       bias_read_reg_659      |   64   |
|        bound4_reg_761        |   19   |
|cycle_count_out_0_load_reg_791|   32   |
|   cycle_count_out_0_reg_624  |   32   |
|     do_relu_read_reg_631     |    1   |
|    gmem1_addr_read_reg_796   |   32   |
|      gmem1_addr_reg_775      |   32   |
|     ifmap_0_read_reg_739     |   64   |
|     ifmap_1_read_reg_734     |   64   |
|     ifmap_2_read_reg_729     |   64   |
|     ifmap_3_read_reg_724     |   64   |
|     ifmap_4_read_reg_719     |   64   |
|     ifmap_5_read_reg_714     |   64   |
|     ifmap_6_read_reg_709     |   64   |
|     ifmap_7_read_reg_704     |   64   |
|      in_ch_read_reg_642      |    8   |
|       in_h_read_reg_653      |    8   |
|       in_w_read_reg_647      |    8   |
|  mac_count_flag_0_i_reg_366  |    1   |
|mac_count_flag_3_i_loc_reg_749|    1   |
|mac_count_loc_0_i_load_reg_781|   32   |
|   mac_count_loc_0_i_reg_611  |   32   |
|mac_count_new_0_i_load_reg_786|   32   |
|   mac_count_new_0_i_reg_618  |   32   |
|         oc_3_reg_766         |    8   |
|          oc_reg_604          |    8   |
|      out_ch_read_reg_636     |    8   |
|      p_read_cast_reg_744     |   32   |
|        shl_ln_reg_755        |   11   |
|      trunc_ln23_reg_801      |    6   |
|     weight_0_read_reg_699    |   64   |
|     weight_1_read_reg_694    |   64   |
|     weight_2_read_reg_689    |   64   |
|     weight_3_read_reg_684    |   64   |
|     weight_4_read_reg_679    |   64   |
|     weight_5_read_reg_674    |   64   |
|     weight_6_read_reg_669    |   64   |
|     weight_7_read_reg_664    |   64   |
+------------------------------+--------+
|             Total            |  1463  |
+------------------------------+--------+

* Multiplexer (MUX) list: 
|----------------------------------------------------------|------|------|------|--------||---------||---------||---------|
|                           Comp                           |  Pin | Size |  BW  | S x BW ||  Delay  ||    FF   ||   LUT   |
|----------------------------------------------------------|------|------|------|--------||---------||---------||---------|
|                mac_count_flag_0_i_reg_366                |  p0  |   2  |   1  |    2   ||    0    ||    9    |
| grp_conv3x3_relu_Pipeline_OH_LOOP_OW_LOOP_IC_LOOP_fu_378 |  p13 |   2  |   6  |   12   ||    0    ||    9    |
|----------------------------------------------------------|------|------|------|--------||---------||---------||---------|
|                           Total                          |      |      |      |   14   ||  3.176  ||    0    ||    18   |
|----------------------------------------------------------|------|------|------|--------||---------||---------||---------|



* Summary:
+-----------+--------+--------+--------+--------+
|           |   DSP  |  Delay |   FF   |   LUT  |
+-----------+--------+--------+--------+--------+
|  Function |   73   |   317  |  13132 |  19275 |
|   Memory  |    -   |    -   |    -   |    -   |
|Multiplexer|    -   |    3   |    0   |   18   |
|  Register |    -   |    -   |  1463  |    -   |
+-----------+--------+--------+--------+--------+
|   Total   |   73   |   320  |  14595 |  19293 |
+-----------+--------+--------+--------+--------+
