

================================================================
== Vitis HLS Report for 'copy_passthrough_Pipeline_COPY_OC_COPY_H_COPY_W'
================================================================
* Date:           Mon Sep  7 20:12:58 2026

* Version:        2025.2 (Build 6295257 on Nov 14 2025)
* Project:        dpu_conv_top
* Solution:       hls (Vivado IP Flow Target)
* Product family: zynq
* Target device:  xc7z020-clg400-1


================================================================
== Performance Estimates
================================================================
+ Timing: 
    * Summary: 
    +--------+----------+----------+------------+
    |  Clock |  Target  | Estimated| Uncertainty|
    +--------+----------+----------+------------+
    |ap_clk  |  11.00 ns|  8.030 ns|     2.97 ns|
    +--------+----------+----------+------------+

+ Latency: 
    * Summary: 
    +---------+----------+-----------+-----------+-----+-----+-------------------+
    |  Latency (cycles)  |   Latency (absolute)  |  Interval |      Pipeline     |
    |   min   |    max   |    min    |    max    | min | max |        Type       |
    +---------+----------+-----------+-----------+-----+-----+-------------------+
    |        4|  16581385|  44.000 ns|  0.182 sec|    0|    0|  loop pipeline stp|
    +---------+----------+-----------+-----------+-----+-----+-------------------+

    + Detail: 
        * Instance: 
        N/A

        * Loop: 
        +-------------------------+---------+----------+----------+-----------+-----------+--------------+----------+
        |                         |  Latency (cycles)  | Iteration|  Initiation Interval  |     Trip     |          |
        |        Loop Name        |   min   |    max   |  Latency |  achieved |   target  |     Count    | Pipelined|
        +-------------------------+---------+----------+----------+-----------+-----------+--------------+----------+
        |- COPY_OC_COPY_H_COPY_W  |        2|  16581383|        10|          1|          1|  0 ~ 16581375|       yes|
        +-------------------------+---------+----------+----------+-----------+-----------+--------------+----------+

============================================================
+ Verbose Summary: Synthesis Manager
============================================================
InlineROM: 1
ExposeGlobal: 0
============================================================
+ Verbose Summary: CDFG Model
============================================================
IsTopModel: 0
ResetActiveHigh: 1
IsCombinational: 0
IsDatapathOnly: 0
HasWiredReturn: 1
HasMFsm: 2
HasVarLatency: 1
IsPipeline: 0
IsRtlPipelined: 0
IsInstanceOverlapped: 0
IsDontTouch: 0
HasImplIP: 0
IsGatedGlobalClock: 0

+ Individual pipeline summary: 
  * Pipeline-0: initiation interval (II) = 1, depth = 11


============================================================
+ Verbose Summary: Schedule
============================================================
* Number of FSM states : 11
* Pipeline : 1
  Pipeline-0 : II = 1, D = 11, States = { 1 2 3 4 5 6 7 8 9 10 11 }
* Dataflow Pipeline: 0

* FSM state transitions: 
1 --> 2 
2 --> 3 
3 --> 4 
4 --> 5 
5 --> 6 
6 --> 7 
7 --> 8 
8 --> 9 
9 --> 10 
10 --> 11 
11 --> 

* FSM state operations: 

State 1 <SV = 0> <Delay = 1.58>
ST_1 : Operation 13 [1/1] (0.00ns)   --->   "%ow = alloca i32 1" [C:/Users/user/Downloads/files/dpu_conv.cpp:119]   --->   Operation 13 'alloca' 'ow' <Predicate = true> <Delay = 0.00>
ST_1 : Operation 14 [1/1] (0.00ns)   --->   "%oh = alloca i32 1" [C:/Users/user/Downloads/files/dpu_conv.cpp:117]   --->   Operation 14 'alloca' 'oh' <Predicate = true> <Delay = 0.00>
ST_1 : Operation 15 [1/1] (0.00ns)   --->   "%indvar_flatten = alloca i32 1"   --->   Operation 15 'alloca' 'indvar_flatten' <Predicate = true> <Delay = 0.00>
ST_1 : Operation 16 [1/1] (0.00ns)   --->   "%oc = alloca i32 1" [C:/Users/user/Downloads/files/dpu_conv.cpp:115]   --->   Operation 16 'alloca' 'oc' <Predicate = true> <Delay = 0.00>
ST_1 : Operation 17 [1/1] (0.00ns)   --->   "%indvar_flatten27 = alloca i32 1"   --->   Operation 17 'alloca' 'indvar_flatten27' <Predicate = true> <Delay = 0.00>
ST_1 : Operation 18 [1/1] (0.00ns)   --->   "%zext_ln119_read = read i8 @_ssdm_op_Read.ap_auto.i8, i8 %zext_ln119"   --->   Operation 18 'read' 'zext_ln119_read' <Predicate = true> <Delay = 0.00>
ST_1 : Operation 19 [1/1] (0.00ns)   --->   "%ofmap_read = read i64 @_ssdm_op_Read.ap_auto.i64, i64 %ofmap"   --->   Operation 19 'read' 'ofmap_read' <Predicate = true> <Delay = 0.00>
ST_1 : Operation 20 [1/1] (0.00ns)   --->   "%bound_read = read i16 @_ssdm_op_Read.ap_auto.i16, i16 %bound"   --->   Operation 20 'read' 'bound_read' <Predicate = true> <Delay = 0.00>
ST_1 : Operation 21 [1/1] (0.00ns)   --->   "%in_w_read = read i8 @_ssdm_op_Read.ap_auto.i8, i8 %in_w"   --->   Operation 21 'read' 'in_w_read' <Predicate = true> <Delay = 0.00>
ST_1 : Operation 22 [1/1] (0.00ns)   --->   "%bound7_read = read i24 @_ssdm_op_Read.ap_auto.i24, i24 %bound7"   --->   Operation 22 'read' 'bound7_read' <Predicate = true> <Delay = 0.00>
ST_1 : Operation 23 [1/1] (0.00ns)   --->   "%zext_ln119_cast = zext i8 %zext_ln119_read"   --->   Operation 23 'zext' 'zext_ln119_cast' <Predicate = true> <Delay = 0.00>
ST_1 : Operation 24 [1/1] (0.00ns)   --->   "%specinterface_ln0 = specinterface void @_ssdm_op_SpecInterface, i8 %gmem0, void @empty_38, i32 0, i32 0, void @empty_39, i32 0, i32 262144, void @empty_6, void @empty_42, void @empty_39, i32 16, i32 16, i32 16, i32 16, void @empty_39, void @empty_39, i32 4294967295, i32 0, i32 0, i32 1"   --->   Operation 24 'specinterface' 'specinterface_ln0' <Predicate = true> <Delay = 0.00>
ST_1 : Operation 25 [1/1] (1.58ns)   --->   "%store_ln0 = store i24 0, i24 %indvar_flatten27"   --->   Operation 25 'store' 'store_ln0' <Predicate = true> <Delay = 1.58>
ST_1 : Operation 26 [1/1] (1.58ns)   --->   "%store_ln115 = store i8 0, i8 %oc" [C:/Users/user/Downloads/files/dpu_conv.cpp:115]   --->   Operation 26 'store' 'store_ln115' <Predicate = true> <Delay = 1.58>
ST_1 : Operation 27 [1/1] (1.58ns)   --->   "%store_ln0 = store i16 0, i16 %indvar_flatten"   --->   Operation 27 'store' 'store_ln0' <Predicate = true> <Delay = 1.58>
ST_1 : Operation 28 [1/1] (1.58ns)   --->   "%store_ln117 = store i8 0, i8 %oh" [C:/Users/user/Downloads/files/dpu_conv.cpp:117]   --->   Operation 28 'store' 'store_ln117' <Predicate = true> <Delay = 1.58>
ST_1 : Operation 29 [1/1] (1.58ns)   --->   "%store_ln119 = store i8 0, i8 %ow" [C:/Users/user/Downloads/files/dpu_conv.cpp:119]   --->   Operation 29 'store' 'store_ln119' <Predicate = true> <Delay = 1.58>
ST_1 : Operation 30 [1/1] (0.00ns)   --->   "%br_ln0 = br void %for.inc.i"   --->   Operation 30 'br' 'br_ln0' <Predicate = true> <Delay = 0.00>

State 2 <SV = 1> <Delay = 4.47>
ST_2 : Operation 31 [1/1] (0.00ns)   --->   "%indvar_flatten_load = load i16 %indvar_flatten" [C:/Users/user/Downloads/files/dpu_conv.cpp:117]   --->   Operation 31 'load' 'indvar_flatten_load' <Predicate = true> <Delay = 0.00>
ST_2 : Operation 32 [1/1] (0.00ns)   --->   "%indvar_flatten27_load = load i24 %indvar_flatten27" [C:/Users/user/Downloads/files/dpu_conv.cpp:115]   --->   Operation 32 'load' 'indvar_flatten27_load' <Predicate = true> <Delay = 0.00>
ST_2 : Operation 33 [1/1] (2.31ns)   --->   "%icmp_ln115 = icmp_eq  i24 %indvar_flatten27_load, i24 %bound7_read" [C:/Users/user/Downloads/files/dpu_conv.cpp:115]   --->   Operation 33 'icmp' 'icmp_ln115' <Predicate = true> <Delay = 2.31> <CoreInst = "Cmp">   --->   Core 9 'Cmp' <Latency = 0> <II = 1> <Delay = 2.31> <FuncUnit> <Opcode : 'seteq' 'setne' 'setle' 'setge' 'setlt' 'setgt'> <InPorts = 2> <OutPorts = 1>
ST_2 : Operation 34 [1/1] (2.31ns)   --->   "%add_ln115_1 = add i24 %indvar_flatten27_load, i24 1" [C:/Users/user/Downloads/files/dpu_conv.cpp:115]   --->   Operation 34 'add' 'add_ln115_1' <Predicate = true> <Delay = 2.31> <CoreInst = "Adder">   --->   Core 1 'Adder' <Latency = 0> <II = 1> <Delay = 2.31> <FuncUnit> <Opcode : 'add' 'sub'> <InPorts = 2> <OutPorts = 1>
ST_2 : Operation 35 [1/1] (0.00ns)   --->   "%br_ln115 = br i1 %icmp_ln115, void %for.inc22.i, void %copy_passthrough.exit.exitStub" [C:/Users/user/Downloads/files/dpu_conv.cpp:115]   --->   Operation 35 'br' 'br_ln115' <Predicate = true> <Delay = 0.00>
ST_2 : Operation 36 [1/1] (2.07ns)   --->   "%icmp_ln117 = icmp_eq  i16 %indvar_flatten_load, i16 %bound_read" [C:/Users/user/Downloads/files/dpu_conv.cpp:117]   --->   Operation 36 'icmp' 'icmp_ln117' <Predicate = (!icmp_ln115)> <Delay = 2.07> <CoreInst = "Cmp">   --->   Core 9 'Cmp' <Latency = 0> <II = 1> <Delay = 2.07> <FuncUnit> <Opcode : 'seteq' 'setne' 'setle' 'setge' 'setlt' 'setgt'> <InPorts = 2> <OutPorts = 1>
ST_2 : Operation 37 [1/1] (2.07ns)   --->   "%add_ln117_1 = add i16 %indvar_flatten_load, i16 1" [C:/Users/user/Downloads/files/dpu_conv.cpp:117]   --->   Operation 37 'add' 'add_ln117_1' <Predicate = (!icmp_ln115)> <Delay = 2.07> <CoreInst = "Adder">   --->   Core 1 'Adder' <Latency = 0> <II = 1> <Delay = 2.07> <FuncUnit> <Opcode : 'add' 'sub'> <InPorts = 2> <OutPorts = 1>
ST_2 : Operation 38 [1/1] (0.80ns)   --->   "%select_ln117_1 = select i1 %icmp_ln117, i16 1, i16 %add_ln117_1" [C:/Users/user/Downloads/files/dpu_conv.cpp:117]   --->   Operation 38 'select' 'select_ln117_1' <Predicate = (!icmp_ln115)> <Delay = 0.80> <CoreInst = "Sel">   --->   Core 73 'Sel' <Latency = 0> <II = 1> <Delay = 0.80> <FuncUnit> <Opcode : 'select'> <InPorts = 3> <OutPorts = 1>
ST_2 : Operation 39 [1/1] (1.58ns)   --->   "%store_ln115 = store i24 %add_ln115_1, i24 %indvar_flatten27" [C:/Users/user/Downloads/files/dpu_conv.cpp:115]   --->   Operation 39 'store' 'store_ln115' <Predicate = (!icmp_ln115)> <Delay = 1.58>
ST_2 : Operation 40 [1/1] (1.58ns)   --->   "%store_ln117 = store i16 %select_ln117_1, i16 %indvar_flatten" [C:/Users/user/Downloads/files/dpu_conv.cpp:117]   --->   Operation 40 'store' 'store_ln117' <Predicate = (!icmp_ln115)> <Delay = 1.58>

State 3 <SV = 2> <Delay = 7.98>
ST_3 : Operation 41 [1/1] (0.00ns)   --->   "%oh_2 = load i8 %oh" [C:/Users/user/Downloads/files/dpu_conv.cpp:119]   --->   Operation 41 'load' 'oh_2' <Predicate = true> <Delay = 0.00>
ST_3 : Operation 42 [1/1] (0.00ns)   --->   "%oc_2 = load i8 %oc" [C:/Users/user/Downloads/files/dpu_conv.cpp:115]   --->   Operation 42 'load' 'oc_2' <Predicate = true> <Delay = 0.00>
ST_3 : Operation 43 [1/1] (0.00ns)   --->   "%ow_load = load i8 %ow" [C:/Users/user/Downloads/files/dpu_conv.cpp:119]   --->   Operation 43 'load' 'ow_load' <Predicate = (!icmp_ln115)> <Delay = 0.00>
ST_3 : Operation 44 [1/1] (1.91ns)   --->   "%add_ln115 = add i8 %oc_2, i8 1" [C:/Users/user/Downloads/files/dpu_conv.cpp:115]   --->   Operation 44 'add' 'add_ln115' <Predicate = (!icmp_ln115)> <Delay = 1.91> <CoreInst = "Adder">   --->   Core 1 'Adder' <Latency = 0> <II = 1> <Delay = 1.91> <FuncUnit> <Opcode : 'add' 'sub'> <InPorts = 2> <OutPorts = 1>
ST_3 : Operation 45 [1/1] (1.24ns)   --->   "%select_ln115 = select i1 %icmp_ln117, i8 0, i8 %oh_2" [C:/Users/user/Downloads/files/dpu_conv.cpp:115]   --->   Operation 45 'select' 'select_ln115' <Predicate = (!icmp_ln115)> <Delay = 1.24> <CoreInst = "Sel">   --->   Core 73 'Sel' <Latency = 0> <II = 1> <Delay = 1.24> <FuncUnit> <Opcode : 'select'> <InPorts = 3> <OutPorts = 1>
ST_3 : Operation 46 [1/1] (1.91ns)   --->   "%icmp_ln119 = icmp_eq  i8 %in_w_read, i8 0" [C:/Users/user/Downloads/files/dpu_conv.cpp:119]   --->   Operation 46 'icmp' 'icmp_ln119' <Predicate = (!icmp_ln115)> <Delay = 1.91> <CoreInst = "Cmp">   --->   Core 9 'Cmp' <Latency = 0> <II = 1> <Delay = 1.91> <FuncUnit> <Opcode : 'seteq' 'setne' 'setle' 'setge' 'setlt' 'setgt'> <InPorts = 2> <OutPorts = 1>
ST_3 : Operation 47 [1/1] (1.91ns)   --->   "%icmp_ln119_1 = icmp_eq  i8 %ow_load, i8 %in_w_read" [C:/Users/user/Downloads/files/dpu_conv.cpp:119]   --->   Operation 47 'icmp' 'icmp_ln119_1' <Predicate = (!icmp_ln115)> <Delay = 1.91> <CoreInst = "Cmp">   --->   Core 9 'Cmp' <Latency = 0> <II = 1> <Delay = 1.91> <FuncUnit> <Opcode : 'seteq' 'setne' 'setle' 'setge' 'setlt' 'setgt'> <InPorts = 2> <OutPorts = 1>
ST_3 : Operation 48 [1/1] (0.99ns)   --->   "%select_ln115_3 = select i1 %icmp_ln117, i1 %icmp_ln119, i1 %icmp_ln119_1" [C:/Users/user/Downloads/files/dpu_conv.cpp:115]   --->   Operation 48 'select' 'select_ln115_3' <Predicate = (!icmp_ln115)> <Delay = 0.99> <CoreInst = "Sel">   --->   Core 73 'Sel' <Latency = 0> <II = 1> <Delay = 0.99> <FuncUnit> <Opcode : 'select'> <InPorts = 3> <OutPorts = 1>
ST_3 : Operation 49 [1/1] (1.24ns)   --->   "%select_ln115_4 = select i1 %icmp_ln117, i8 %add_ln115, i8 %oc_2" [C:/Users/user/Downloads/files/dpu_conv.cpp:115]   --->   Operation 49 'select' 'select_ln115_4' <Predicate = (!icmp_ln115)> <Delay = 1.24> <CoreInst = "Sel">   --->   Core 73 'Sel' <Latency = 0> <II = 1> <Delay = 1.24> <FuncUnit> <Opcode : 'select'> <InPorts = 3> <OutPorts = 1>
ST_3 : Operation 50 [1/1] (0.00ns)   --->   "%trunc_ln117 = trunc i8 %select_ln115_4" [C:/Users/user/Downloads/files/dpu_conv.cpp:117]   --->   Operation 50 'trunc' 'trunc_ln117' <Predicate = (!icmp_ln115)> <Delay = 0.00>
ST_3 : Operation 51 [1/1] (1.91ns)   --->   "%add_ln117 = add i8 %select_ln115, i8 1" [C:/Users/user/Downloads/files/dpu_conv.cpp:117]   --->   Operation 51 'add' 'add_ln117' <Predicate = (!icmp_ln115)> <Delay = 1.91> <CoreInst = "Adder">   --->   Core 1 'Adder' <Latency = 0> <II = 1> <Delay = 1.91> <FuncUnit> <Opcode : 'add' 'sub'> <InPorts = 2> <OutPorts = 1>
ST_3 : Operation 52 [1/1] (0.00ns) (grouped into LUT with out node ow_mid2)   --->   "%empty = or i1 %select_ln115_3, i1 %icmp_ln117" [C:/Users/user/Downloads/files/dpu_conv.cpp:115]   --->   Operation 52 'or' 'empty' <Predicate = (!icmp_ln115)> <Delay = 0.00> <CoreInst = "LogicGate">   --->   Core 74 'LogicGate' <Latency = 0> <II = 1> <Delay = 0.97> <FuncUnit> <Opcode : 'and' 'or' 'xor'> <InPorts = 2> <OutPorts = 1>
ST_3 : Operation 53 [1/1] (1.24ns) (out node of the LUT)   --->   "%ow_mid2 = select i1 %empty, i8 0, i8 %ow_load" [C:/Users/user/Downloads/files/dpu_conv.cpp:115]   --->   Operation 53 'select' 'ow_mid2' <Predicate = (!icmp_ln115)> <Delay = 1.24> <CoreInst = "Sel">   --->   Core 73 'Sel' <Latency = 0> <II = 1> <Delay = 1.24> <FuncUnit> <Opcode : 'select'> <InPorts = 3> <OutPorts = 1>
ST_3 : Operation 54 [1/1] (1.24ns)   --->   "%select_ln117 = select i1 %select_ln115_3, i8 %add_ln117, i8 %select_ln115" [C:/Users/user/Downloads/files/dpu_conv.cpp:117]   --->   Operation 54 'select' 'select_ln117' <Predicate = (!icmp_ln115)> <Delay = 1.24> <CoreInst = "Sel">   --->   Core 73 'Sel' <Latency = 0> <II = 1> <Delay = 1.24> <FuncUnit> <Opcode : 'select'> <InPorts = 3> <OutPorts = 1>
ST_3 : Operation 55 [1/1] (1.91ns)   --->   "%first_iter_0 = icmp_eq  i8 %ow_mid2, i8 0" [C:/Users/user/Downloads/files/dpu_conv.cpp:115]   --->   Operation 55 'icmp' 'first_iter_0' <Predicate = (!icmp_ln115)> <Delay = 1.91> <CoreInst = "Cmp">   --->   Core 9 'Cmp' <Latency = 0> <II = 1> <Delay = 1.91> <FuncUnit> <Opcode : 'seteq' 'setne' 'setle' 'setge' 'setlt' 'setgt'> <InPorts = 2> <OutPorts = 1>
ST_3 : Operation 56 [1/1] (0.00ns)   --->   "%br_ln119 = br i1 %first_iter_0, void %for.inc.split.i, void %new.body.COPY_W.i" [C:/Users/user/Downloads/files/dpu_conv.cpp:119]   --->   Operation 56 'br' 'br_ln119' <Predicate = (!icmp_ln115)> <Delay = 0.00>
ST_3 : Operation 57 [1/1] (0.00ns)   --->   "%tmp = bitconcatenate i12 @_ssdm_op_BitConcatenate.i12.i6.i6, i6 %trunc_ln117, i6 0" [C:/Users/user/Downloads/files/dpu_conv.cpp:121]   --->   Operation 57 'bitconcatenate' 'tmp' <Predicate = (!icmp_ln115)> <Delay = 0.00>
ST_3 : Operation 58 [1/1] (0.00ns)   --->   "%zext_ln121 = zext i8 %select_ln117" [C:/Users/user/Downloads/files/dpu_conv.cpp:121]   --->   Operation 58 'zext' 'zext_ln121' <Predicate = (!icmp_ln115)> <Delay = 0.00>
ST_3 : Operation 59 [1/1] (1.54ns)   --->   "%add_ln121 = add i12 %tmp, i12 %zext_ln121" [C:/Users/user/Downloads/files/dpu_conv.cpp:121]   --->   Operation 59 'add' 'add_ln121' <Predicate = (!icmp_ln115)> <Delay = 1.54> <CoreInst = "Adder">   --->   Core 1 'Adder' <Latency = 0> <II = 1> <Delay = 1.54> <FuncUnit> <Opcode : 'add' 'sub'> <InPorts = 2> <OutPorts = 1>
ST_3 : Operation 60 [1/1] (1.91ns)   --->   "%add_ln119_2 = add i8 %ow_mid2, i8 1" [C:/Users/user/Downloads/files/dpu_conv.cpp:119]   --->   Operation 60 'add' 'add_ln119_2' <Predicate = (!icmp_ln115)> <Delay = 1.91> <CoreInst = "Adder">   --->   Core 1 'Adder' <Latency = 0> <II = 1> <Delay = 1.91> <FuncUnit> <Opcode : 'add' 'sub'> <InPorts = 2> <OutPorts = 1>
ST_3 : Operation 61 [1/1] (1.91ns)   --->   "%icmp_ln119_2 = icmp_eq  i8 %add_ln119_2, i8 %in_w_read" [C:/Users/user/Downloads/files/dpu_conv.cpp:119]   --->   Operation 61 'icmp' 'icmp_ln119_2' <Predicate = (!icmp_ln115)> <Delay = 1.91> <CoreInst = "Cmp">   --->   Core 9 'Cmp' <Latency = 0> <II = 1> <Delay = 1.91> <FuncUnit> <Opcode : 'seteq' 'setne' 'setle' 'setge' 'setlt' 'setgt'> <InPorts = 2> <OutPorts = 1>
ST_3 : Operation 62 [1/1] (0.00ns)   --->   "%br_ln119 = br i1 %icmp_ln119_2, void %new.latch.for.inc.split.i, void %last.iter.for.inc.split.i" [C:/Users/user/Downloads/files/dpu_conv.cpp:119]   --->   Operation 62 'br' 'br_ln119' <Predicate = (!icmp_ln115)> <Delay = 0.00>
ST_3 : Operation 63 [1/1] (1.58ns)   --->   "%store_ln115 = store i8 %select_ln115_4, i8 %oc" [C:/Users/user/Downloads/files/dpu_conv.cpp:115]   --->   Operation 63 'store' 'store_ln115' <Predicate = (!icmp_ln115)> <Delay = 1.58>
ST_3 : Operation 64 [1/1] (1.58ns)   --->   "%store_ln117 = store i8 %select_ln117, i8 %oh" [C:/Users/user/Downloads/files/dpu_conv.cpp:117]   --->   Operation 64 'store' 'store_ln117' <Predicate = (!icmp_ln115)> <Delay = 1.58>
ST_3 : Operation 65 [1/1] (1.58ns)   --->   "%store_ln119 = store i8 %add_ln119_2, i8 %ow" [C:/Users/user/Downloads/files/dpu_conv.cpp:119]   --->   Operation 65 'store' 'store_ln119' <Predicate = (!icmp_ln115)> <Delay = 1.58>
ST_3 : Operation 66 [1/1] (0.00ns)   --->   "%br_ln119 = br void %for.inc.i" [C:/Users/user/Downloads/files/dpu_conv.cpp:119]   --->   Operation 66 'br' 'br_ln119' <Predicate = (!icmp_ln115)> <Delay = 0.00>

State 4 <SV = 3> <Delay = 5.71>
ST_4 : Operation 67 [1/1] (0.00ns)   --->   "%shl_ln = bitconcatenate i20 @_ssdm_op_BitConcatenate.i20.i8.i12, i8 %oc_2, i12 0" [C:/Users/user/Downloads/files/dpu_conv.cpp:119]   --->   Operation 67 'bitconcatenate' 'shl_ln' <Predicate = true> <Delay = 0.00>
ST_4 : Operation 68 [1/1] (0.00ns)   --->   "%zext_ln117 = zext i20 %shl_ln" [C:/Users/user/Downloads/files/dpu_conv.cpp:117]   --->   Operation 68 'zext' 'zext_ln117' <Predicate = (!icmp_ln117 & !select_ln115_3)> <Delay = 0.00>
ST_4 : Operation 69 [1/1] (0.00ns)   --->   "%shl_ln119_1 = bitconcatenate i14 @_ssdm_op_BitConcatenate.i14.i8.i6, i8 %oh_2, i6 0" [C:/Users/user/Downloads/files/dpu_conv.cpp:119]   --->   Operation 69 'bitconcatenate' 'shl_ln119_1' <Predicate = (!icmp_ln117 & !select_ln115_3)> <Delay = 0.00>
ST_4 : Operation 70 [1/1] (0.00ns)   --->   "%zext_ln119_1 = zext i14 %shl_ln119_1" [C:/Users/user/Downloads/files/dpu_conv.cpp:119]   --->   Operation 70 'zext' 'zext_ln119_1' <Predicate = (!icmp_ln117 & !select_ln115_3)> <Delay = 0.00>
ST_4 : Operation 71 [1/1] (2.19ns)   --->   "%add_ln119 = add i21 %zext_ln117, i21 %zext_ln119_1" [C:/Users/user/Downloads/files/dpu_conv.cpp:119]   --->   Operation 71 'add' 'add_ln119' <Predicate = (!icmp_ln117 & !select_ln115_3)> <Delay = 2.19> <CoreInst = "Adder">   --->   Core 1 'Adder' <Latency = 0> <II = 1> <Delay = 2.19> <FuncUnit> <Opcode : 'add' 'sub'> <InPorts = 2> <OutPorts = 1>
ST_4 : Operation 72 [1/1] (0.00ns)   --->   "%specloopname_ln0 = specloopname void @_ssdm_op_SpecLoopName, void @COPY_OC_COPY_H_COPY_W_str"   --->   Operation 72 'specloopname' 'specloopname_ln0' <Predicate = (!icmp_ln115)> <Delay = 0.00>
ST_4 : Operation 73 [1/1] (0.00ns)   --->   "%speclooptripcount_ln0 = speclooptripcount void @_ssdm_op_SpecLoopTripCount, i64 0, i64 16581375, i64 2048383"   --->   Operation 73 'speclooptripcount' 'speclooptripcount_ln0' <Predicate = (!icmp_ln115)> <Delay = 0.00>
ST_4 : Operation 74 [1/1] (0.00ns)   --->   "%shl_ln119_mid1 = bitconcatenate i20 @_ssdm_op_BitConcatenate.i20.i8.i12, i8 %add_ln115, i12 0" [C:/Users/user/Downloads/files/dpu_conv.cpp:119]   --->   Operation 74 'bitconcatenate' 'shl_ln119_mid1' <Predicate = (!icmp_ln115)> <Delay = 0.00>
ST_4 : Operation 75 [1/1] (0.00ns) (grouped into LUT with out node add_ln119_1)   --->   "%select_ln115_1 = select i1 %icmp_ln117, i20 %shl_ln119_mid1, i20 %shl_ln" [C:/Users/user/Downloads/files/dpu_conv.cpp:115]   --->   Operation 75 'select' 'select_ln115_1' <Predicate = (!icmp_ln115 & select_ln115_3)> <Delay = 0.00> <CoreInst = "Sel">   --->   Core 73 'Sel' <Latency = 0> <II = 1> <Delay = 0.70> <FuncUnit> <Opcode : 'select'> <InPorts = 3> <OutPorts = 1>
ST_4 : Operation 76 [1/1] (0.00ns) (grouped into LUT with out node add_ln119_1)   --->   "%zext_ln115 = zext i20 %select_ln115_1" [C:/Users/user/Downloads/files/dpu_conv.cpp:115]   --->   Operation 76 'zext' 'zext_ln115' <Predicate = (!icmp_ln115 & select_ln115_3)> <Delay = 0.00>
ST_4 : Operation 77 [1/1] (0.00ns) (grouped into LUT with out node add_ln119_1_mid2)   --->   "%zext_ln115_1 = zext i20 %shl_ln119_mid1" [C:/Users/user/Downloads/files/dpu_conv.cpp:115]   --->   Operation 77 'zext' 'zext_ln115_1' <Predicate = (!icmp_ln115 & icmp_ln117 & !select_ln115_3)> <Delay = 0.00>
ST_4 : Operation 78 [1/1] (0.00ns) (grouped into LUT with out node add_ln119_1_mid2)   --->   "%select_ln115_2 = select i1 %icmp_ln117, i21 %zext_ln115_1, i21 %add_ln119" [C:/Users/user/Downloads/files/dpu_conv.cpp:115]   --->   Operation 78 'select' 'select_ln115_2' <Predicate = (!icmp_ln115 & !select_ln115_3)> <Delay = 0.00> <CoreInst = "Sel">   --->   Core 73 'Sel' <Latency = 0> <II = 1> <Delay = 0.70> <FuncUnit> <Opcode : 'select'> <InPorts = 3> <OutPorts = 1>
ST_4 : Operation 79 [1/1] (0.00ns) (grouped into LUT with out node add_ln119_1)   --->   "%shl_ln119_1_mid1 = bitconcatenate i14 @_ssdm_op_BitConcatenate.i14.i8.i6, i8 %add_ln117, i6 0" [C:/Users/user/Downloads/files/dpu_conv.cpp:119]   --->   Operation 79 'bitconcatenate' 'shl_ln119_1_mid1' <Predicate = (!icmp_ln115 & select_ln115_3)> <Delay = 0.00>
ST_4 : Operation 80 [1/1] (0.00ns) (grouped into LUT with out node add_ln119_1)   --->   "%zext_ln119_2 = zext i14 %shl_ln119_1_mid1" [C:/Users/user/Downloads/files/dpu_conv.cpp:119]   --->   Operation 80 'zext' 'zext_ln119_2' <Predicate = (!icmp_ln115 & select_ln115_3)> <Delay = 0.00>
ST_4 : Operation 81 [1/1] (2.19ns) (out node of the LUT)   --->   "%add_ln119_1 = add i21 %zext_ln115, i21 %zext_ln119_2" [C:/Users/user/Downloads/files/dpu_conv.cpp:119]   --->   Operation 81 'add' 'add_ln119_1' <Predicate = (!icmp_ln115 & select_ln115_3)> <Delay = 2.19> <CoreInst = "Adder">   --->   Core 1 'Adder' <Latency = 0> <II = 1> <Delay = 2.19> <FuncUnit> <Opcode : 'add' 'sub'> <InPorts = 2> <OutPorts = 1>
ST_4 : Operation 82 [1/1] (0.00ns) (grouped into LUT with out node add_ln119_1_mid2)   --->   "%add_ln119_1_mid2_v = select i1 %select_ln115_3, i21 %add_ln119_1, i21 %select_ln115_2" [C:/Users/user/Downloads/files/dpu_conv.cpp:115]   --->   Operation 82 'select' 'add_ln119_1_mid2_v' <Predicate = (!icmp_ln115)> <Delay = 0.00> <CoreInst = "Sel">   --->   Core 73 'Sel' <Latency = 0> <II = 1> <Delay = 0.70> <FuncUnit> <Opcode : 'select'> <InPorts = 3> <OutPorts = 1>
ST_4 : Operation 83 [1/1] (0.00ns) (grouped into LUT with out node add_ln119_1_mid2)   --->   "%add_ln119_1_mid2_v_cast = zext i21 %add_ln119_1_mid2_v" [C:/Users/user/Downloads/files/dpu_conv.cpp:115]   --->   Operation 83 'zext' 'add_ln119_1_mid2_v_cast' <Predicate = (!icmp_ln115)> <Delay = 0.00>
ST_4 : Operation 84 [1/1] (3.52ns) (out node of the LUT)   --->   "%add_ln119_1_mid2 = add i64 %add_ln119_1_mid2_v_cast, i64 %ofmap_read" [C:/Users/user/Downloads/files/dpu_conv.cpp:115]   --->   Operation 84 'add' 'add_ln119_1_mid2' <Predicate = (!icmp_ln115)> <Delay = 3.52> <CoreInst = "Adder">   --->   Core 1 'Adder' <Latency = 0> <II = 1> <Delay = 3.52> <FuncUnit> <Opcode : 'add' 'sub'> <InPorts = 2> <OutPorts = 1>
ST_4 : Operation 85 [1/1] (0.00ns)   --->   "%gmem0_addr = getelementptr i8 %gmem0, i64 %add_ln119_1_mid2" [C:/Users/user/Downloads/files/dpu_conv.cpp:119]   --->   Operation 85 'getelementptr' 'gmem0_addr' <Predicate = (!icmp_ln115 & first_iter_0)> <Delay = 0.00>
ST_4 : Operation 86 [1/1] (0.00ns)   --->   "%tmp_3 = bitconcatenate i17 @_ssdm_op_BitConcatenate.i17.i12.i5, i12 %add_ln121, i5 0" [C:/Users/user/Downloads/files/dpu_conv.cpp:121]   --->   Operation 86 'bitconcatenate' 'tmp_3' <Predicate = (!icmp_ln115)> <Delay = 0.00>
ST_4 : Operation 87 [1/1] (0.00ns)   --->   "%trunc_ln119 = trunc i8 %ow_mid2" [C:/Users/user/Downloads/files/dpu_conv.cpp:119]   --->   Operation 87 'trunc' 'trunc_ln119' <Predicate = (!icmp_ln115)> <Delay = 0.00>
ST_4 : Operation 88 [1/1] (0.00ns)   --->   "%lshr_ln = partselect i7 @_ssdm_op_PartSelect.i7.i8.i32.i32, i8 %ow_mid2, i32 1, i32 7" [C:/Users/user/Downloads/files/dpu_conv.cpp:119]   --->   Operation 88 'partselect' 'lshr_ln' <Predicate = (!icmp_ln115)> <Delay = 0.00>
ST_4 : Operation 89 [1/1] (0.00ns)   --->   "%zext_ln121_1 = zext i7 %lshr_ln" [C:/Users/user/Downloads/files/dpu_conv.cpp:121]   --->   Operation 89 'zext' 'zext_ln121_1' <Predicate = (!icmp_ln115)> <Delay = 0.00>
ST_4 : Operation 90 [1/1] (2.10ns)   --->   "%add_ln121_1 = add i17 %tmp_3, i17 %zext_ln121_1" [C:/Users/user/Downloads/files/dpu_conv.cpp:121]   --->   Operation 90 'add' 'add_ln121_1' <Predicate = (!icmp_ln115)> <Delay = 2.10> <CoreInst = "Adder">   --->   Core 1 'Adder' <Latency = 0> <II = 1> <Delay = 2.10> <FuncUnit> <Opcode : 'add' 'sub'> <InPorts = 2> <OutPorts = 1>
ST_4 : Operation 91 [1/1] (0.00ns)   --->   "%zext_ln121_2 = zext i17 %add_ln121_1" [C:/Users/user/Downloads/files/dpu_conv.cpp:121]   --->   Operation 91 'zext' 'zext_ln121_2' <Predicate = (!icmp_ln115)> <Delay = 0.00>
ST_4 : Operation 92 [1/1] (0.00ns)   --->   "%dpu_conv_top_ap_int_64_64_ap_int_64_3_3_ap_int_ap_int_64_64_6 = getelementptr i8 %dpu_conv_top_ap_int_8_64_64_ap_int_8_64_3_3_ap_int_32_ap_int_8_64_64_ap_uint_8_ap_uint_8_ap_uint_8_ap_uint_8_ap_uint_1_ap_uint_1_perf_counters_t_conv_buf, i64 0, i64 %zext_ln121_2" [C:/Users/user/Downloads/files/dpu_conv.cpp:121]   --->   Operation 92 'getelementptr' 'dpu_conv_top_ap_int_64_64_ap_int_64_3_3_ap_int_ap_int_64_64_6' <Predicate = (!icmp_ln115)> <Delay = 0.00>
ST_4 : Operation 93 [1/1] (0.00ns)   --->   "%dpu_conv_top_ap_int_64_64_ap_int_64_3_3_ap_int_ap_int_64_64_7 = getelementptr i8 %dpu_conv_top_ap_int_8_64_64_ap_int_8_64_3_3_ap_int_32_ap_int_8_64_64_ap_uint_8_ap_uint_8_ap_uint_8_ap_uint_8_ap_uint_1_ap_uint_1_perf_counters_t_conv_buf_1, i64 0, i64 %zext_ln121_2" [C:/Users/user/Downloads/files/dpu_conv.cpp:121]   --->   Operation 93 'getelementptr' 'dpu_conv_top_ap_int_64_64_ap_int_64_3_3_ap_int_ap_int_64_64_7' <Predicate = (!icmp_ln115)> <Delay = 0.00>
ST_4 : Operation 94 [2/2] (3.25ns)   --->   "%dpu_conv_top_ap_int_64_64_ap_int_64_3_3_ap_int_ap_int_64_64_8 = load i17 %dpu_conv_top_ap_int_64_64_ap_int_64_3_3_ap_int_ap_int_64_64_6" [C:/Users/user/Downloads/files/dpu_conv.cpp:121]   --->   Operation 94 'load' 'dpu_conv_top_ap_int_64_64_ap_int_64_3_3_ap_int_ap_int_64_64_8' <Predicate = (!icmp_ln115)> <Delay = 3.25> <CoreInst = "RAM">   --->   Core 81 'RAM' <Latency = 1> <II = 1> <Delay = 3.25> <Storage> <Opcode : 'load' 'store'> <Ports = 2> <Width = 8> <Depth = 131072> <RAM>
ST_4 : Operation 95 [2/2] (3.25ns)   --->   "%dpu_conv_top_ap_int_64_64_ap_int_64_3_3_ap_int_ap_int_64_64_9 = load i17 %dpu_conv_top_ap_int_64_64_ap_int_64_3_3_ap_int_ap_int_64_64_7" [C:/Users/user/Downloads/files/dpu_conv.cpp:121]   --->   Operation 95 'load' 'dpu_conv_top_ap_int_64_64_ap_int_64_3_3_ap_int_ap_int_64_64_9' <Predicate = (!icmp_ln115)> <Delay = 3.25> <CoreInst = "RAM">   --->   Core 81 'RAM' <Latency = 1> <II = 1> <Delay = 3.25> <Storage> <Opcode : 'load' 'store'> <Ports = 2> <Width = 8> <Depth = 131072> <RAM>
ST_4 : Operation 96 [1/1] (0.00ns)   --->   "%gmem0_addr_2 = getelementptr i8 %gmem0, i64 %add_ln119_1_mid2" [C:/Users/user/Downloads/files/dpu_conv.cpp:119]   --->   Operation 96 'getelementptr' 'gmem0_addr_2' <Predicate = (!icmp_ln115)> <Delay = 0.00>

State 5 <SV = 4> <Delay = 8.03>
ST_5 : Operation 97 [1/1] ( I:8.03ns O:8.03ns )   --->   "%empty_67 = writereq i1 @_ssdm_op_WriteReq.m_axi.p1i8, i8 %gmem0_addr, i64 %zext_ln119_cast" [C:/Users/user/Downloads/files/dpu_conv.cpp:119]   --->   Operation 97 'writereq' 'empty_67' <Predicate = (first_iter_0)> <Delay = 8.03> <CoreInst = "m_axi">   --->   Core 111 'm_axi' <Latency = 9> <II = 1> <Delay = 1.00> <Adapter> <Opcode : 'readrequnaligned' 'writerequnaligned' 'read' 'write' 'readreq' 'writereq' 'writeresp'>
ST_5 : Operation 98 [1/1] (0.00ns)   --->   "%br_ln119 = br void %for.inc.split.i" [C:/Users/user/Downloads/files/dpu_conv.cpp:119]   --->   Operation 98 'br' 'br_ln119' <Predicate = (first_iter_0)> <Delay = 0.00>
ST_5 : Operation 99 [1/2] ( I:3.25ns O:3.25ns )   --->   "%dpu_conv_top_ap_int_64_64_ap_int_64_3_3_ap_int_ap_int_64_64_8 = load i17 %dpu_conv_top_ap_int_64_64_ap_int_64_3_3_ap_int_ap_int_64_64_6" [C:/Users/user/Downloads/files/dpu_conv.cpp:121]   --->   Operation 99 'load' 'dpu_conv_top_ap_int_64_64_ap_int_64_3_3_ap_int_ap_int_64_64_8' <Predicate = true> <Delay = 3.25> <CoreInst = "RAM">   --->   Core 81 'RAM' <Latency = 1> <II = 1> <Delay = 3.25> <Storage> <Opcode : 'load' 'store'> <Ports = 2> <Width = 8> <Depth = 131072> <RAM>
ST_5 : Operation 100 [1/2] ( I:3.25ns O:3.25ns )   --->   "%dpu_conv_top_ap_int_64_64_ap_int_64_3_3_ap_int_ap_int_64_64_9 = load i17 %dpu_conv_top_ap_int_64_64_ap_int_64_3_3_ap_int_ap_int_64_64_7" [C:/Users/user/Downloads/files/dpu_conv.cpp:121]   --->   Operation 100 'load' 'dpu_conv_top_ap_int_64_64_ap_int_64_3_3_ap_int_ap_int_64_64_9' <Predicate = true> <Delay = 3.25> <CoreInst = "RAM">   --->   Core 81 'RAM' <Latency = 1> <II = 1> <Delay = 3.25> <Storage> <Opcode : 'load' 'store'> <Ports = 2> <Width = 8> <Depth = 131072> <RAM>
ST_5 : Operation 101 [1/1] (1.24ns)   --->   "%select_ln121 = select i1 %trunc_ln119, i8 %dpu_conv_top_ap_int_64_64_ap_int_64_3_3_ap_int_ap_int_64_64_9, i8 %dpu_conv_top_ap_int_64_64_ap_int_64_3_3_ap_int_ap_int_64_64_8" [C:/Users/user/Downloads/files/dpu_conv.cpp:121]   --->   Operation 101 'select' 'select_ln121' <Predicate = true> <Delay = 1.24> <CoreInst = "Sel">   --->   Core 73 'Sel' <Latency = 0> <II = 1> <Delay = 1.24> <FuncUnit> <Opcode : 'select'> <InPorts = 3> <OutPorts = 1>

State 6 <SV = 5> <Delay = 8.03>
ST_6 : Operation 102 [1/1] (0.00ns)   --->   "%specpipeline_ln120 = specpipeline void @_ssdm_op_SpecPipeline, i32 1, i32 0, i32 0, i32 0, i32 4294967295, void @empty_39" [C:/Users/user/Downloads/files/dpu_conv.cpp:120]   --->   Operation 102 'specpipeline' 'specpipeline_ln120' <Predicate = true> <Delay = 0.00>
ST_6 : Operation 103 [1/1] ( I:8.03ns O:8.03ns )   --->   "%write_ln121 = write void @_ssdm_op_Write.m_axi.p1i8.i8, i8 %gmem0_addr_2, i8 %select_ln121, i1 1" [C:/Users/user/Downloads/files/dpu_conv.cpp:121]   --->   Operation 103 'write' 'write_ln121' <Predicate = true> <Delay = 8.03> <CoreInst = "m_axi">   --->   Core 111 'm_axi' <Latency = 5> <II = 1> <Delay = 1.00> <Adapter> <Opcode : 'readrequnaligned' 'writerequnaligned' 'read' 'write' 'readreq' 'writereq' 'writeresp'>

State 7 <SV = 6> <Delay = 0.00>
ST_7 : Operation 104 [5/5] (8.03ns)   --->   "%empty_68 = writeresp i1 @_ssdm_op_WriteResp.m_axi.p1i8, i8 %gmem0_addr_2" [C:/Users/user/Downloads/files/dpu_conv.cpp:117]   --->   Operation 104 'writeresp' 'empty_68' <Predicate = (icmp_ln119_2)> <Delay = 8.03> <CoreInst = "m_axi">   --->   Core 111 'm_axi' <Latency = 3> <II = 1> <Delay = 1.00> <Adapter> <Opcode : 'readrequnaligned' 'writerequnaligned' 'read' 'write' 'readreq' 'writereq' 'writeresp'>

State 8 <SV = 7> <Delay = 0.00>
ST_8 : Operation 105 [4/5] (8.03ns)   --->   "%empty_68 = writeresp i1 @_ssdm_op_WriteResp.m_axi.p1i8, i8 %gmem0_addr_2" [C:/Users/user/Downloads/files/dpu_conv.cpp:117]   --->   Operation 105 'writeresp' 'empty_68' <Predicate = (icmp_ln119_2)> <Delay = 8.03> <CoreInst = "m_axi">   --->   Core 111 'm_axi' <Latency = 3> <II = 1> <Delay = 1.00> <Adapter> <Opcode : 'readrequnaligned' 'writerequnaligned' 'read' 'write' 'readreq' 'writereq' 'writeresp'>

State 9 <SV = 8> <Delay = 0.00>
ST_9 : Operation 106 [3/5] (8.03ns)   --->   "%empty_68 = writeresp i1 @_ssdm_op_WriteResp.m_axi.p1i8, i8 %gmem0_addr_2" [C:/Users/user/Downloads/files/dpu_conv.cpp:117]   --->   Operation 106 'writeresp' 'empty_68' <Predicate = (icmp_ln119_2)> <Delay = 8.03> <CoreInst = "m_axi">   --->   Core 111 'm_axi' <Latency = 3> <II = 1> <Delay = 1.00> <Adapter> <Opcode : 'readrequnaligned' 'writerequnaligned' 'read' 'write' 'readreq' 'writereq' 'writeresp'>

State 10 <SV = 9> <Delay = 1.58>
ST_10 : Operation 107 [2/5] (8.03ns)   --->   "%empty_68 = writeresp i1 @_ssdm_op_WriteResp.m_axi.p1i8, i8 %gmem0_addr_2" [C:/Users/user/Downloads/files/dpu_conv.cpp:117]   --->   Operation 107 'writeresp' 'empty_68' <Predicate = (icmp_ln119_2)> <Delay = 8.03> <CoreInst = "m_axi">   --->   Core 111 'm_axi' <Latency = 3> <II = 1> <Delay = 1.00> <Adapter> <Opcode : 'readrequnaligned' 'writerequnaligned' 'read' 'write' 'readreq' 'writereq' 'writeresp'>
ST_10 : Operation 110 [1/1] (1.58ns)   --->   "%ret_ln0 = ret"   --->   Operation 110 'ret' 'ret_ln0' <Predicate = (icmp_ln115)> <Delay = 1.58>

State 11 <SV = 10> <Delay = 8.03>
ST_11 : Operation 108 [1/5] ( I:8.03ns O:8.03ns )   --->   "%empty_68 = writeresp i1 @_ssdm_op_WriteResp.m_axi.p1i8, i8 %gmem0_addr_2" [C:/Users/user/Downloads/files/dpu_conv.cpp:117]   --->   Operation 108 'writeresp' 'empty_68' <Predicate = (icmp_ln119_2)> <Delay = 8.03> <CoreInst = "m_axi">   --->   Core 111 'm_axi' <Latency = 3> <II = 1> <Delay = 1.00> <Adapter> <Opcode : 'readrequnaligned' 'writerequnaligned' 'read' 'write' 'readreq' 'writereq' 'writeresp'>
ST_11 : Operation 109 [1/1] (0.00ns)   --->   "%br_ln119 = br void %new.latch.for.inc.split.i" [C:/Users/user/Downloads/files/dpu_conv.cpp:119]   --->   Operation 109 'br' 'br_ln119' <Predicate = (icmp_ln119_2)> <Delay = 0.00>


============================================================
+ Verbose Summary: Binding
============================================================
STG Binding: 
---------------- STG Properties BEGIN ----------------
- Is combinational: 0
- Is one-state seq: 0
- Is datapath-only: 0
- Is pipelined: 0
- Is top level: 0
Port [ Return ] is wired: 1; IO mode=ap_ctrl_hs:ce=0
Port [ bound7]:  wired=1; compound=0; hidden=0; nouse=0; global=0; static=0; extern=0; dir=0; type=0; pingpong=0; private_global=0; IO mode=ap_none:ce=0
Port [ dpu_conv_top_ap_int_8_64_64_ap_int_8_64_3_3_ap_int_32_ap_int_8_64_64_ap_uint_8_ap_uint_8_ap_uint_8_ap_uint_8_ap_uint_1_ap_uint_1_perf_counters_t_conv_buf]:  wired=1; compound=1; hidden=0; nouse=0; global=0; static=0; extern=0; dir=0; type=1; pingpong=1; private_global=0; MemPort=[13]; IO mode=ap_memory:ce=0
Port [ dpu_conv_top_ap_int_8_64_64_ap_int_8_64_3_3_ap_int_32_ap_int_8_64_64_ap_uint_8_ap_uint_8_ap_uint_8_ap_uint_8_ap_uint_1_ap_uint_1_perf_counters_t_conv_buf_1]:  wired=1; compound=1; hidden=0; nouse=0; global=0; static=0; extern=0; dir=0; type=1; pingpong=1; private_global=0; MemPort=[13]; IO mode=ap_memory:ce=0
Port [ gmem0]:  wired=1; compound=1; hidden=0; nouse=0; global=0; static=0; extern=0; dir=1; type=4; pingpong=0; private_global=0; IO mode=m_axi:ce=0
Port [ in_w]:  wired=1; compound=0; hidden=0; nouse=0; global=0; static=0; extern=0; dir=0; type=0; pingpong=0; private_global=0; IO mode=ap_none:ce=0
Port [ bound]:  wired=1; compound=0; hidden=0; nouse=0; global=0; static=0; extern=0; dir=0; type=0; pingpong=0; private_global=0; IO mode=ap_none:ce=0
Port [ ofmap]:  wired=1; compound=0; hidden=0; nouse=0; global=0; static=0; extern=0; dir=0; type=0; pingpong=0; private_global=0; IO mode=ap_none:ce=0
Port [ zext_ln119]:  wired=1; compound=0; hidden=0; nouse=0; global=0; static=0; extern=0; dir=0; type=0; pingpong=0; private_global=0; IO mode=ap_none:ce=0
---------------- STG Properties END ------------------

---------------- Datapath Model BEGIN ----------------

<LifeTime>
<method=bitvector/>
ow                                                            (alloca           ) [ 011100000000]
oh                                                            (alloca           ) [ 011100000000]
indvar_flatten                                                (alloca           ) [ 011000000000]
oc                                                            (alloca           ) [ 011100000000]
indvar_flatten27                                              (alloca           ) [ 011000000000]
zext_ln119_read                                               (read             ) [ 000000000000]
ofmap_read                                                    (read             ) [ 011110000000]
bound_read                                                    (read             ) [ 011000000000]
in_w_read                                                     (read             ) [ 011100000000]
bound7_read                                                   (read             ) [ 011000000000]
zext_ln119_cast                                               (zext             ) [ 011111000000]
specinterface_ln0                                             (specinterface    ) [ 000000000000]
store_ln0                                                     (store            ) [ 000000000000]
store_ln115                                                   (store            ) [ 000000000000]
store_ln0                                                     (store            ) [ 000000000000]
store_ln117                                                   (store            ) [ 000000000000]
store_ln119                                                   (store            ) [ 000000000000]
br_ln0                                                        (br               ) [ 000000000000]
indvar_flatten_load                                           (load             ) [ 000000000000]
indvar_flatten27_load                                         (load             ) [ 000000000000]
icmp_ln115                                                    (icmp             ) [ 011111111110]
add_ln115_1                                                   (add              ) [ 000000000000]
br_ln115                                                      (br               ) [ 000000000000]
icmp_ln117                                                    (icmp             ) [ 010110000000]
add_ln117_1                                                   (add              ) [ 000000000000]
select_ln117_1                                                (select           ) [ 000000000000]
store_ln115                                                   (store            ) [ 000000000000]
store_ln117                                                   (store            ) [ 000000000000]
oh_2                                                          (load             ) [ 010010000000]
oc_2                                                          (load             ) [ 010010000000]
ow_load                                                       (load             ) [ 000000000000]
add_ln115                                                     (add              ) [ 010010000000]
select_ln115                                                  (select           ) [ 000000000000]
icmp_ln119                                                    (icmp             ) [ 000000000000]
icmp_ln119_1                                                  (icmp             ) [ 000000000000]
select_ln115_3                                                (select           ) [ 010010000000]
select_ln115_4                                                (select           ) [ 000000000000]
trunc_ln117                                                   (trunc            ) [ 000000000000]
add_ln117                                                     (add              ) [ 010010000000]
empty                                                         (or               ) [ 000000000000]
ow_mid2                                                       (select           ) [ 010010000000]
select_ln117                                                  (select           ) [ 000000000000]
first_iter_0                                                  (icmp             ) [ 010011000000]
br_ln119                                                      (br               ) [ 000000000000]
tmp                                                           (bitconcatenate   ) [ 000000000000]
zext_ln121                                                    (zext             ) [ 000000000000]
add_ln121                                                     (add              ) [ 010010000000]
add_ln119_2                                                   (add              ) [ 000000000000]
icmp_ln119_2                                                  (icmp             ) [ 010011111111]
br_ln119                                                      (br               ) [ 000000000000]
store_ln115                                                   (store            ) [ 000000000000]
store_ln117                                                   (store            ) [ 000000000000]
store_ln119                                                   (store            ) [ 000000000000]
br_ln119                                                      (br               ) [ 000000000000]
shl_ln                                                        (bitconcatenate   ) [ 000000000000]
zext_ln117                                                    (zext             ) [ 000000000000]
shl_ln119_1                                                   (bitconcatenate   ) [ 000000000000]
zext_ln119_1                                                  (zext             ) [ 000000000000]
add_ln119                                                     (add              ) [ 000000000000]
specloopname_ln0                                              (specloopname     ) [ 000000000000]
speclooptripcount_ln0                                         (speclooptripcount) [ 000000000000]
shl_ln119_mid1                                                (bitconcatenate   ) [ 000000000000]
select_ln115_1                                                (select           ) [ 000000000000]
zext_ln115                                                    (zext             ) [ 000000000000]
zext_ln115_1                                                  (zext             ) [ 000000000000]
select_ln115_2                                                (select           ) [ 000000000000]
shl_ln119_1_mid1                                              (bitconcatenate   ) [ 000000000000]
zext_ln119_2                                                  (zext             ) [ 000000000000]
add_ln119_1                                                   (add              ) [ 000000000000]
add_ln119_1_mid2_v                                            (select           ) [ 000000000000]
add_ln119_1_mid2_v_cast                                       (zext             ) [ 000000000000]
add_ln119_1_mid2                                              (add              ) [ 000000000000]
gmem0_addr                                                    (getelementptr    ) [ 010001000000]
tmp_3                                                         (bitconcatenate   ) [ 000000000000]
trunc_ln119                                                   (trunc            ) [ 010001000000]
lshr_ln                                                       (partselect       ) [ 000000000000]
zext_ln121_1                                                  (zext             ) [ 000000000000]
add_ln121_1                                                   (add              ) [ 000000000000]
zext_ln121_2                                                  (zext             ) [ 000000000000]
dpu_conv_top_ap_int_64_64_ap_int_64_3_3_ap_int_ap_int_64_64_6 (getelementptr    ) [ 010001000000]
dpu_conv_top_ap_int_64_64_ap_int_64_3_3_ap_int_ap_int_64_64_7 (getelementptr    ) [ 010001000000]
gmem0_addr_2                                                  (getelementptr    ) [ 010001111111]
empty_67                                                      (writereq         ) [ 000000000000]
br_ln119                                                      (br               ) [ 000000000000]
dpu_conv_top_ap_int_64_64_ap_int_64_3_3_ap_int_ap_int_64_64_8 (load             ) [ 000000000000]
dpu_conv_top_ap_int_64_64_ap_int_64_3_3_ap_int_ap_int_64_64_9 (load             ) [ 000000000000]
select_ln121                                                  (select           ) [ 010000100000]
specpipeline_ln120                                            (specpipeline     ) [ 000000000000]
write_ln121                                                   (write            ) [ 000000000000]
empty_68                                                      (writeresp        ) [ 000000000000]
br_ln119                                                      (br               ) [ 000000000000]
ret_ln0                                                       (ret              ) [ 000000000000]
</LifeTime>

<model>

<comp_list>
<comp id="0" class="1000" name="bound7">
<pin_list>
<pin id="1" dir="1" index="0" bw="1" slack="0"/>
</pin_list>
<bind>
<StgValue><ssdm name="bound7"/></StgValue>
</bind>
</comp>

<comp id="2" class="1000" name="dpu_conv_top_ap_int_8_64_64_ap_int_8_64_3_3_ap_int_32_ap_int_8_64_64_ap_uint_8_ap_uint_8_ap_uint_8_ap_uint_8_ap_uint_1_ap_uint_1_perf_counters_t_conv_buf">
<pin_list>
<pin id="3" dir="1" index="0" bw="1" slack="0"/>
</pin_list>
<bind>
<StgValue><ssdm name="dpu_conv_top_ap_int_8_64_64_ap_int_8_64_3_3_ap_int_32_ap_int_8_64_64_ap_uint_8_ap_uint_8_ap_uint_8_ap_uint_8_ap_uint_1_ap_uint_1_perf_counters_t_conv_buf"/><MemPortTyVec>1 3 </MemPortTyVec>
</StgValue>
</bind>
</comp>

<comp id="4" class="1000" name="dpu_conv_top_ap_int_8_64_64_ap_int_8_64_3_3_ap_int_32_ap_int_8_64_64_ap_uint_8_ap_uint_8_ap_uint_8_ap_uint_8_ap_uint_1_ap_uint_1_perf_counters_t_conv_buf_1">
<pin_list>
<pin id="5" dir="1" index="0" bw="1" slack="0"/>
</pin_list>
<bind>
<StgValue><ssdm name="dpu_conv_top_ap_int_8_64_64_ap_int_8_64_3_3_ap_int_32_ap_int_8_64_64_ap_uint_8_ap_uint_8_ap_uint_8_ap_uint_8_ap_uint_1_ap_uint_1_perf_counters_t_conv_buf_1"/><MemPortTyVec>1 3 </MemPortTyVec>
</StgValue>
</bind>
</comp>

<comp id="6" class="1000" name="gmem0">
<pin_list>
<pin id="7" dir="1" index="0" bw="1" slack="0"/>
</pin_list>
<bind>
<StgValue><ssdm name="gmem0"/><MemPortTyVec>1 </MemPortTyVec>
</StgValue>
</bind>
</comp>

<comp id="8" class="1000" name="in_w">
<pin_list>
<pin id="9" dir="1" index="0" bw="1" slack="0"/>
</pin_list>
<bind>
<StgValue><ssdm name="in_w"/></StgValue>
</bind>
</comp>

<comp id="10" class="1000" name="bound">
<pin_list>
<pin id="11" dir="1" index="0" bw="1" slack="0"/>
</pin_list>
<bind>
<StgValue><ssdm name="bound"/></StgValue>
</bind>
</comp>

<comp id="12" class="1000" name="ofmap">
<pin_list>
<pin id="13" dir="1" index="0" bw="1" slack="0"/>
</pin_list>
<bind>
<StgValue><ssdm name="ofmap"/></StgValue>
</bind>
</comp>

<comp id="14" class="1000" name="zext_ln119">
<pin_list>
<pin id="15" dir="1" index="0" bw="1" slack="0"/>
</pin_list>
<bind>
<StgValue><ssdm name="zext_ln119"/></StgValue>
</bind>
</comp>

<comp id="16" class="1001" name="const_16">
<pin_list>
<pin id="17" dir="1" index="0" bw="1" slack="0"/>
</pin_list>
<bind>
<StgValue><ssdm name=""/></StgValue>
</bind>
</comp>

<comp id="18" class="1001" name="const_18">
<pin_list>
<pin id="19" dir="1" index="0" bw="1" slack="0"/>
</pin_list>
<bind>
<StgValue><ssdm name="_ssdm_op_Read.ap_auto.i8"/></StgValue>
</bind>
</comp>

<comp id="20" class="1001" name="const_20">
<pin_list>
<pin id="21" dir="1" index="0" bw="1" slack="0"/>
</pin_list>
<bind>
<StgValue><ssdm name="_ssdm_op_Read.ap_auto.i64"/></StgValue>
</bind>
</comp>

<comp id="22" class="1001" name="const_22">
<pin_list>
<pin id="23" dir="1" index="0" bw="1" slack="0"/>
</pin_list>
<bind>
<StgValue><ssdm name="_ssdm_op_Read.ap_auto.i16"/></StgValue>
</bind>
</comp>

<comp id="24" class="1001" name="const_24">
<pin_list>
<pin id="25" dir="1" index="0" bw="1" slack="0"/>
</pin_list>
<bind>
<StgValue><ssdm name="_ssdm_op_Read.ap_auto.i24"/></StgValue>
</bind>
</comp>

<comp id="26" class="1001" name="const_26">
<pin_list>
<pin id="27" dir="1" index="0" bw="1" slack="2147483647"/>
</pin_list>
<bind>
<StgValue><ssdm name="_ssdm_op_SpecInterface"/></StgValue>
</bind>
</comp>

<comp id="28" class="1001" name="const_28">
<pin_list>
<pin id="29" dir="1" index="0" bw="1" slack="2147483647"/>
</pin_list>
<bind>
<StgValue><ssdm name="empty_38"/></StgValue>
</bind>
</comp>

<comp id="30" class="1001" name="const_30">
<pin_list>
<pin id="31" dir="1" index="0" bw="1" slack="2147483647"/>
</pin_list>
<bind>
<StgValue><ssdm name=""/></StgValue>
</bind>
</comp>

<comp id="32" class="1001" name="const_32">
<pin_list>
<pin id="33" dir="1" index="0" bw="1" slack="2147483647"/>
</pin_list>
<bind>
<StgValue><ssdm name="empty_39"/></StgValue>
</bind>
</comp>

<comp id="34" class="1001" name="const_34">
<pin_list>
<pin id="35" dir="1" index="0" bw="1" slack="2147483647"/>
</pin_list>
<bind>
<StgValue><ssdm name=""/></StgValue>
</bind>
</comp>

<comp id="36" class="1001" name="const_36">
<pin_list>
<pin id="37" dir="1" index="0" bw="1" slack="2147483647"/>
</pin_list>
<bind>
<StgValue><ssdm name="empty_6"/></StgValue>
</bind>
</comp>

<comp id="38" class="1001" name="const_38">
<pin_list>
<pin id="39" dir="1" index="0" bw="1" slack="2147483647"/>
</pin_list>
<bind>
<StgValue><ssdm name="empty_42"/></StgValue>
</bind>
</comp>

<comp id="40" class="1001" name="const_40">
<pin_list>
<pin id="41" dir="1" index="0" bw="1" slack="2147483647"/>
</pin_list>
<bind>
<StgValue><ssdm name=""/></StgValue>
</bind>
</comp>

<comp id="42" class="1001" name="const_42">
<pin_list>
<pin id="43" dir="1" index="0" bw="1" slack="2147483647"/>
</pin_list>
<bind>
<StgValue><ssdm name=""/></StgValue>
</bind>
</comp>

<comp id="44" class="1001" name="const_44">
<pin_list>
<pin id="45" dir="1" index="0" bw="1" slack="0"/>
</pin_list>
<bind>
<StgValue><ssdm name=""/></StgValue>
</bind>
</comp>

<comp id="46" class="1001" name="const_46">
<pin_list>
<pin id="47" dir="1" index="0" bw="1" slack="0"/>
</pin_list>
<bind>
<StgValue><ssdm name=""/></StgValue>
</bind>
</comp>

<comp id="48" class="1001" name="const_48">
<pin_list>
<pin id="49" dir="1" index="0" bw="1" slack="0"/>
</pin_list>
<bind>
<StgValue><ssdm name=""/></StgValue>
</bind>
</comp>

<comp id="50" class="1001" name="const_50">
<pin_list>
<pin id="51" dir="1" index="0" bw="1" slack="0"/>
</pin_list>
<bind>
<StgValue><ssdm name=""/></StgValue>
</bind>
</comp>

<comp id="52" class="1001" name="const_52">
<pin_list>
<pin id="53" dir="1" index="0" bw="1" slack="0"/>
</pin_list>
<bind>
<StgValue><ssdm name=""/></StgValue>
</bind>
</comp>

<comp id="54" class="1001" name="const_54">
<pin_list>
<pin id="55" dir="1" index="0" bw="1" slack="0"/>
</pin_list>
<bind>
<StgValue><ssdm name=""/></StgValue>
</bind>
</comp>

<comp id="56" class="1001" name="const_56">
<pin_list>
<pin id="57" dir="1" index="0" bw="1" slack="0"/>
</pin_list>
<bind>
<StgValue><ssdm name="_ssdm_op_BitConcatenate.i12.i6.i6"/></StgValue>
</bind>
</comp>

<comp id="58" class="1001" name="const_58">
<pin_list>
<pin id="59" dir="1" index="0" bw="1" slack="0"/>
</pin_list>
<bind>
<StgValue><ssdm name=""/></StgValue>
</bind>
</comp>

<comp id="60" class="1001" name="const_60">
<pin_list>
<pin id="61" dir="1" index="0" bw="1" slack="0"/>
</pin_list>
<bind>
<StgValue><ssdm name="_ssdm_op_BitConcatenate.i20.i8.i12"/></StgValue>
</bind>
</comp>

<comp id="62" class="1001" name="const_62">
<pin_list>
<pin id="63" dir="1" index="0" bw="1" slack="0"/>
</pin_list>
<bind>
<StgValue><ssdm name=""/></StgValue>
</bind>
</comp>

<comp id="64" class="1001" name="const_64">
<pin_list>
<pin id="65" dir="1" index="0" bw="1" slack="0"/>
</pin_list>
<bind>
<StgValue><ssdm name="_ssdm_op_BitConcatenate.i14.i8.i6"/></StgValue>
</bind>
</comp>

<comp id="66" class="1001" name="const_66">
<pin_list>
<pin id="67" dir="1" index="0" bw="1" slack="2147483647"/>
</pin_list>
<bind>
<StgValue><ssdm name="_ssdm_op_SpecLoopName"/></StgValue>
</bind>
</comp>

<comp id="68" class="1001" name="const_68">
<pin_list>
<pin id="69" dir="1" index="0" bw="1" slack="2147483647"/>
</pin_list>
<bind>
<StgValue><ssdm name="COPY_OC_COPY_H_COPY_W_str"/></StgValue>
</bind>
</comp>

<comp id="70" class="1001" name="const_70">
<pin_list>
<pin id="71" dir="1" index="0" bw="1" slack="2147483647"/>
</pin_list>
<bind>
<StgValue><ssdm name="_ssdm_op_SpecLoopTripCount"/></StgValue>
</bind>
</comp>

<comp id="72" class="1001" name="const_72">
<pin_list>
<pin id="73" dir="1" index="0" bw="1" slack="0"/>
</pin_list>
<bind>
<StgValue><ssdm name=""/></StgValue>
</bind>
</comp>

<comp id="74" class="1001" name="const_74">
<pin_list>
<pin id="75" dir="1" index="0" bw="1" slack="2147483647"/>
</pin_list>
<bind>
<StgValue><ssdm name=""/></StgValue>
</bind>
</comp>

<comp id="76" class="1001" name="const_76">
<pin_list>
<pin id="77" dir="1" index="0" bw="1" slack="2147483647"/>
</pin_list>
<bind>
<StgValue><ssdm name=""/></StgValue>
</bind>
</comp>

<comp id="78" class="1001" name="const_78">
<pin_list>
<pin id="79" dir="1" index="0" bw="1" slack="0"/>
</pin_list>
<bind>
<StgValue><ssdm name="_ssdm_op_BitConcatenate.i17.i12.i5"/></StgValue>
</bind>
</comp>

<comp id="80" class="1001" name="const_80">
<pin_list>
<pin id="81" dir="1" index="0" bw="1" slack="0"/>
</pin_list>
<bind>
<StgValue><ssdm name=""/></StgValue>
</bind>
</comp>

<comp id="82" class="1001" name="const_82">
<pin_list>
<pin id="83" dir="1" index="0" bw="1" slack="0"/>
</pin_list>
<bind>
<StgValue><ssdm name="_ssdm_op_PartSelect.i7.i8.i32.i32"/></StgValue>
</bind>
</comp>

<comp id="84" class="1001" name="const_84">
<pin_list>
<pin id="85" dir="1" index="0" bw="1" slack="0"/>
</pin_list>
<bind>
<StgValue><ssdm name=""/></StgValue>
</bind>
</comp>

<comp id="86" class="1001" name="const_86">
<pin_list>
<pin id="87" dir="1" index="0" bw="1" slack="0"/>
</pin_list>
<bind>
<StgValue><ssdm name="_ssdm_op_WriteReq.m_axi.p1i8"/></StgValue>
</bind>
</comp>

<comp id="88" class="1001" name="const_88">
<pin_list>
<pin id="89" dir="1" index="0" bw="1" slack="2147483647"/>
</pin_list>
<bind>
<StgValue><ssdm name="_ssdm_op_SpecPipeline"/></StgValue>
</bind>
</comp>

<comp id="90" class="1001" name="const_90">
<pin_list>
<pin id="91" dir="1" index="0" bw="1" slack="0"/>
</pin_list>
<bind>
<StgValue><ssdm name="_ssdm_op_Write.m_axi.p1i8.i8"/></StgValue>
</bind>
</comp>

<comp id="92" class="1001" name="const_92">
<pin_list>
<pin id="93" dir="1" index="0" bw="1" slack="0"/>
</pin_list>
<bind>
<StgValue><ssdm name=""/></StgValue>
</bind>
</comp>

<comp id="94" class="1001" name="const_94">
<pin_list>
<pin id="95" dir="1" index="0" bw="1" slack="0"/>
</pin_list>
<bind>
<StgValue><ssdm name="_ssdm_op_WriteResp.m_axi.p1i8"/></StgValue>
</bind>
</comp>

<comp id="96" class="1004" name="ow_fu_96">
<pin_list>
<pin id="97" dir="0" index="0" bw="1" slack="0"/>
<pin id="98" dir="1" index="1" bw="8" slack="0"/>
</pin_list>
<bind>
<opcode="alloca(26) " fcode="alloca"/>
<opset="ow/1 "/>
</bind>
</comp>

<comp id="100" class="1004" name="oh_fu_100">
<pin_list>
<pin id="101" dir="0" index="0" bw="1" slack="0"/>
<pin id="102" dir="1" index="1" bw="8" slack="0"/>
</pin_list>
<bind>
<opcode="alloca(26) " fcode="alloca"/>
<opset="oh/1 "/>
</bind>
</comp>

<comp id="104" class="1004" name="indvar_flatten_fu_104">
<pin_list>
<pin id="105" dir="0" index="0" bw="1" slack="0"/>
<pin id="106" dir="1" index="1" bw="16" slack="0"/>
</pin_list>
<bind>
<opcode="alloca(26) " fcode="alloca"/>
<opset="indvar_flatten/1 "/>
</bind>
</comp>

<comp id="108" class="1004" name="oc_fu_108">
<pin_list>
<pin id="109" dir="0" index="0" bw="1" slack="0"/>
<pin id="110" dir="1" index="1" bw="8" slack="0"/>
</pin_list>
<bind>
<opcode="alloca(26) " fcode="alloca"/>
<opset="oc/1 "/>
</bind>
</comp>

<comp id="112" class="1004" name="indvar_flatten27_fu_112">
<pin_list>
<pin id="113" dir="0" index="0" bw="1" slack="0"/>
<pin id="114" dir="1" index="1" bw="24" slack="0"/>
</pin_list>
<bind>
<opcode="alloca(26) " fcode="alloca"/>
<opset="indvar_flatten27/1 "/>
</bind>
</comp>

<comp id="116" class="1004" name="zext_ln119_read_read_fu_116">
<pin_list>
<pin id="117" dir="0" index="0" bw="8" slack="0"/>
<pin id="118" dir="0" index="1" bw="8" slack="0"/>
<pin id="119" dir="1" index="2" bw="8" slack="0"/>
</pin_list>
<bind>
<opcode="read(1150) " fcode="read"/>
<opset="zext_ln119_read/1 "/>
</bind>
</comp>

<comp id="122" class="1004" name="ofmap_read_read_fu_122">
<pin_list>
<pin id="123" dir="0" index="0" bw="64" slack="0"/>
<pin id="124" dir="0" index="1" bw="64" slack="0"/>
<pin id="125" dir="1" index="2" bw="64" slack="3"/>
</pin_list>
<bind>
<opcode="read(1150) " fcode="read"/>
<opset="ofmap_read/1 "/>
</bind>
</comp>

<comp id="128" class="1004" name="bound_read_read_fu_128">
<pin_list>
<pin id="129" dir="0" index="0" bw="16" slack="0"/>
<pin id="130" dir="0" index="1" bw="16" slack="0"/>
<pin id="131" dir="1" index="2" bw="16" slack="1"/>
</pin_list>
<bind>
<opcode="read(1150) " fcode="read"/>
<opset="bound_read/1 "/>
</bind>
</comp>

<comp id="134" class="1004" name="in_w_read_read_fu_134">
<pin_list>
<pin id="135" dir="0" index="0" bw="8" slack="0"/>
<pin id="136" dir="0" index="1" bw="8" slack="0"/>
<pin id="137" dir="1" index="2" bw="8" slack="2"/>
</pin_list>
<bind>
<opcode="read(1150) " fcode="read"/>
<opset="in_w_read/1 "/>
</bind>
</comp>

<comp id="140" class="1004" name="bound7_read_read_fu_140">
<pin_list>
<pin id="141" dir="0" index="0" bw="24" slack="0"/>
<pin id="142" dir="0" index="1" bw="24" slack="0"/>
<pin id="143" dir="1" index="2" bw="24" slack="1"/>
</pin_list>
<bind>
<opcode="read(1150) " fcode="read"/>
<opset="bound7_read/1 "/>
</bind>
</comp>

<comp id="146" class="1004" name="dpu_conv_top_ap_int_64_64_ap_int_64_3_3_ap_int_ap_int_64_64_6_gep_fu_146">
<pin_list>
<pin id="147" dir="0" index="0" bw="8" slack="0"/>
<pin id="148" dir="0" index="1" bw="1" slack="0"/>
<pin id="149" dir="0" index="2" bw="17" slack="0"/>
<pin id="150" dir="1" index="3" bw="17" slack="0"/>
</pin_list>
<bind>
<opcode="getelementptr(29) " fcode="getelementptr"/>
<opset="dpu_conv_top_ap_int_64_64_ap_int_64_3_3_ap_int_ap_int_64_64_6/4 "/>
</bind>
</comp>

<comp id="153" class="1004" name="dpu_conv_top_ap_int_64_64_ap_int_64_3_3_ap_int_ap_int_64_64_7_gep_fu_153">
<pin_list>
<pin id="154" dir="0" index="0" bw="8" slack="0"/>
<pin id="155" dir="0" index="1" bw="1" slack="0"/>
<pin id="156" dir="0" index="2" bw="17" slack="0"/>
<pin id="157" dir="1" index="3" bw="17" slack="0"/>
</pin_list>
<bind>
<opcode="getelementptr(29) " fcode="getelementptr"/>
<opset="dpu_conv_top_ap_int_64_64_ap_int_64_3_3_ap_int_ap_int_64_64_7/4 "/>
</bind>
</comp>

<comp id="160" class="1004" name="grp_access_fu_160">
<pin_list>
<pin id="161" dir="0" index="0" bw="17" slack="0"/>
<pin id="162" dir="0" index="1" bw="8" slack="2147483647"/>
<pin id="163" dir="0" index="2" bw="0" slack="2147483647"/>
<pin id="164" dir="1" index="3" bw="8" slack="0"/>
</pin_list>
<bind>
<opcode="load(27) " fcode="load"/>
<opset="dpu_conv_top_ap_int_64_64_ap_int_64_3_3_ap_int_ap_int_64_64_8/4 "/>
</bind>
</comp>

<comp id="166" class="1004" name="grp_access_fu_166">
<pin_list>
<pin id="167" dir="0" index="0" bw="17" slack="0"/>
<pin id="168" dir="0" index="1" bw="8" slack="2147483647"/>
<pin id="169" dir="0" index="2" bw="0" slack="2147483647"/>
<pin id="170" dir="1" index="3" bw="8" slack="0"/>
</pin_list>
<bind>
<opcode="load(27) " fcode="load"/>
<opset="dpu_conv_top_ap_int_64_64_ap_int_64_3_3_ap_int_ap_int_64_64_9/4 "/>
</bind>
</comp>

<comp id="172" class="1004" name="empty_67_writereq_fu_172">
<pin_list>
<pin id="173" dir="0" index="0" bw="1" slack="0"/>
<pin id="174" dir="0" index="1" bw="8" slack="1"/>
<pin id="175" dir="0" index="2" bw="8" slack="4"/>
<pin id="176" dir="1" index="3" bw="1" slack="2147483647"/>
</pin_list>
<bind>
<opcode="writereq(1155) " fcode="writereq"/>
<opset="empty_67/5 "/>
</bind>
</comp>

<comp id="178" class="1004" name="write_ln121_write_fu_178">
<pin_list>
<pin id="179" dir="0" index="0" bw="0" slack="0"/>
<pin id="180" dir="0" index="1" bw="8" slack="2"/>
<pin id="181" dir="0" index="2" bw="8" slack="1"/>
<pin id="182" dir="0" index="3" bw="1" slack="0"/>
<pin id="183" dir="1" index="4" bw="0" slack="2147483647"/>
</pin_list>
<bind>
<opcode="write(1151) " fcode="write"/>
<opset="write_ln121/6 "/>
</bind>
</comp>

<comp id="186" class="1004" name="grp_writeresp_fu_186">
<pin_list>
<pin id="187" dir="0" index="0" bw="1" slack="0"/>
<pin id="188" dir="0" index="1" bw="8" slack="3"/>
<pin id="189" dir="1" index="2" bw="1" slack="2147483647"/>
</pin_list>
<bind>
<opcode="writeresp(1158) " fcode="writeresp"/>
<opset="empty_68/7 "/>
</bind>
</comp>

<comp id="191" class="1004" name="zext_ln119_cast_fu_191">
<pin_list>
<pin id="192" dir="0" index="0" bw="8" slack="0"/>
<pin id="193" dir="1" index="1" bw="64" slack="4"/>
</pin_list>
<bind>
<opcode="zext(34) " fcode="zext"/>
<opset="zext_ln119_cast/1 "/>
</bind>
</comp>

<comp id="195" class="1004" name="store_ln0_store_fu_195">
<pin_list>
<pin id="196" dir="0" index="0" bw="1" slack="0"/>
<pin id="197" dir="0" index="1" bw="24" slack="0"/>
<pin id="198" dir="1" index="2" bw="0" slack="2147483647"/>
</pin_list>
<bind>
<opcode="store(28) " fcode="store"/>
<opset="store_ln0/1 "/>
</bind>
</comp>

<comp id="200" class="1004" name="store_ln115_store_fu_200">
<pin_list>
<pin id="201" dir="0" index="0" bw="1" slack="0"/>
<pin id="202" dir="0" index="1" bw="8" slack="0"/>
<pin id="203" dir="1" index="2" bw="0" slack="2147483647"/>
</pin_list>
<bind>
<opcode="store(28) " fcode="store"/>
<opset="store_ln115/1 "/>
</bind>
</comp>

<comp id="205" class="1004" name="store_ln0_store_fu_205">
<pin_list>
<pin id="206" dir="0" index="0" bw="1" slack="0"/>
<pin id="207" dir="0" index="1" bw="16" slack="0"/>
<pin id="208" dir="1" index="2" bw="0" slack="2147483647"/>
</pin_list>
<bind>
<opcode="store(28) " fcode="store"/>
<opset="store_ln0/1 "/>
</bind>
</comp>

<comp id="210" class="1004" name="store_ln117_store_fu_210">
<pin_list>
<pin id="211" dir="0" index="0" bw="1" slack="0"/>
<pin id="212" dir="0" index="1" bw="8" slack="0"/>
<pin id="213" dir="1" index="2" bw="0" slack="2147483647"/>
</pin_list>
<bind>
<opcode="store(28) " fcode="store"/>
<opset="store_ln117/1 "/>
</bind>
</comp>

<comp id="215" class="1004" name="store_ln119_store_fu_215">
<pin_list>
<pin id="216" dir="0" index="0" bw="1" slack="0"/>
<pin id="217" dir="0" index="1" bw="8" slack="0"/>
<pin id="218" dir="1" index="2" bw="0" slack="2147483647"/>
</pin_list>
<bind>
<opcode="store(28) " fcode="store"/>
<opset="store_ln119/1 "/>
</bind>
</comp>

<comp id="220" class="1004" name="indvar_flatten_load_load_fu_220">
<pin_list>
<pin id="221" dir="0" index="0" bw="16" slack="1"/>
<pin id="222" dir="1" index="1" bw="16" slack="0"/>
</pin_list>
<bind>
<opcode="load(27) " fcode="load"/>
<opset="indvar_flatten_load/2 "/>
</bind>
</comp>

<comp id="223" class="1004" name="indvar_flatten27_load_load_fu_223">
<pin_list>
<pin id="224" dir="0" index="0" bw="24" slack="1"/>
<pin id="225" dir="1" index="1" bw="24" slack="0"/>
</pin_list>
<bind>
<opcode="load(27) " fcode="load"/>
<opset="indvar_flatten27_load/2 "/>
</bind>
</comp>

<comp id="226" class="1004" name="icmp_ln115_fu_226">
<pin_list>
<pin id="227" dir="0" index="0" bw="24" slack="0"/>
<pin id="228" dir="0" index="1" bw="24" slack="1"/>
<pin id="229" dir="1" index="2" bw="1" slack="1"/>
</pin_list>
<bind>
<opcode="icmp(45) " fcode="icmp"/>
<opset="icmp_ln115/2 "/>
</bind>
</comp>

<comp id="231" class="1004" name="add_ln115_1_fu_231">
<pin_list>
<pin id="232" dir="0" index="0" bw="24" slack="0"/>
<pin id="233" dir="0" index="1" bw="1" slack="0"/>
<pin id="234" dir="1" index="2" bw="24" slack="0"/>
</pin_list>
<bind>
<opcode="add(8) " fcode="add"/>
<opset="add_ln115_1/2 "/>
</bind>
</comp>

<comp id="237" class="1004" name="icmp_ln117_fu_237">
<pin_list>
<pin id="238" dir="0" index="0" bw="16" slack="0"/>
<pin id="239" dir="0" index="1" bw="16" slack="1"/>
<pin id="240" dir="1" index="2" bw="1" slack="0"/>
</pin_list>
<bind>
<opcode="icmp(45) " fcode="icmp"/>
<opset="icmp_ln117/2 "/>
</bind>
</comp>

<comp id="242" class="1004" name="add_ln117_1_fu_242">
<pin_list>
<pin id="243" dir="0" index="0" bw="16" slack="0"/>
<pin id="244" dir="0" index="1" bw="1" slack="0"/>
<pin id="245" dir="1" index="2" bw="16" slack="0"/>
</pin_list>
<bind>
<opcode="add(8) " fcode="add"/>
<opset="add_ln117_1/2 "/>
</bind>
</comp>

<comp id="248" class="1004" name="select_ln117_1_fu_248">
<pin_list>
<pin id="249" dir="0" index="0" bw="1" slack="0"/>
<pin id="250" dir="0" index="1" bw="1" slack="0"/>
<pin id="251" dir="0" index="2" bw="16" slack="0"/>
<pin id="252" dir="1" index="3" bw="16" slack="0"/>
</pin_list>
<bind>
<opcode="select(49) " fcode="select"/>
<opset="select_ln117_1/2 "/>
</bind>
</comp>

<comp id="256" class="1004" name="store_ln115_store_fu_256">
<pin_list>
<pin id="257" dir="0" index="0" bw="24" slack="0"/>
<pin id="258" dir="0" index="1" bw="24" slack="1"/>
<pin id="259" dir="1" index="2" bw="0" slack="2147483647"/>
</pin_list>
<bind>
<opcode="store(28) " fcode="store"/>
<opset="store_ln115/2 "/>
</bind>
</comp>

<comp id="261" class="1004" name="store_ln117_store_fu_261">
<pin_list>
<pin id="262" dir="0" index="0" bw="16" slack="0"/>
<pin id="263" dir="0" index="1" bw="16" slack="1"/>
<pin id="264" dir="1" index="2" bw="0" slack="2147483647"/>
</pin_list>
<bind>
<opcode="store(28) " fcode="store"/>
<opset="store_ln117/2 "/>
</bind>
</comp>

<comp id="266" class="1004" name="oh_2_load_fu_266">
<pin_list>
<pin id="267" dir="0" index="0" bw="8" slack="2"/>
<pin id="268" dir="1" index="1" bw="8" slack="0"/>
</pin_list>
<bind>
<opcode="load(27) " fcode="load"/>
<opset="oh_2/3 "/>
</bind>
</comp>

<comp id="269" class="1004" name="oc_2_load_fu_269">
<pin_list>
<pin id="270" dir="0" index="0" bw="8" slack="2"/>
<pin id="271" dir="1" index="1" bw="8" slack="0"/>
</pin_list>
<bind>
<opcode="load(27) " fcode="load"/>
<opset="oc_2/3 "/>
</bind>
</comp>

<comp id="272" class="1004" name="ow_load_load_fu_272">
<pin_list>
<pin id="273" dir="0" index="0" bw="8" slack="2"/>
<pin id="274" dir="1" index="1" bw="8" slack="0"/>
</pin_list>
<bind>
<opcode="load(27) " fcode="load"/>
<opset="ow_load/3 "/>
</bind>
</comp>

<comp id="275" class="1004" name="add_ln115_fu_275">
<pin_list>
<pin id="276" dir="0" index="0" bw="8" slack="0"/>
<pin id="277" dir="0" index="1" bw="1" slack="0"/>
<pin id="278" dir="1" index="2" bw="8" slack="0"/>
</pin_list>
<bind>
<opcode="add(8) " fcode="add"/>
<opset="add_ln115/3 "/>
</bind>
</comp>

<comp id="281" class="1004" name="select_ln115_fu_281">
<pin_list>
<pin id="282" dir="0" index="0" bw="1" slack="1"/>
<pin id="283" dir="0" index="1" bw="1" slack="0"/>
<pin id="284" dir="0" index="2" bw="8" slack="0"/>
<pin id="285" dir="1" index="3" bw="8" slack="0"/>
</pin_list>
<bind>
<opcode="select(49) " fcode="select"/>
<opset="select_ln115/3 "/>
</bind>
</comp>

<comp id="288" class="1004" name="icmp_ln119_fu_288">
<pin_list>
<pin id="289" dir="0" index="0" bw="8" slack="2"/>
<pin id="290" dir="0" index="1" bw="1" slack="0"/>
<pin id="291" dir="1" index="2" bw="1" slack="0"/>
</pin_list>
<bind>
<opcode="icmp(45) " fcode="icmp"/>
<opset="icmp_ln119/3 "/>
</bind>
</comp>

<comp id="293" class="1004" name="icmp_ln119_1_fu_293">
<pin_list>
<pin id="294" dir="0" index="0" bw="8" slack="0"/>
<pin id="295" dir="0" index="1" bw="8" slack="2"/>
<pin id="296" dir="1" index="2" bw="1" slack="0"/>
</pin_list>
<bind>
<opcode="icmp(45) " fcode="icmp"/>
<opset="icmp_ln119_1/3 "/>
</bind>
</comp>

<comp id="298" class="1004" name="select_ln115_3_fu_298">
<pin_list>
<pin id="299" dir="0" index="0" bw="1" slack="1"/>
<pin id="300" dir="0" index="1" bw="1" slack="0"/>
<pin id="301" dir="0" index="2" bw="1" slack="0"/>
<pin id="302" dir="1" index="3" bw="1" slack="0"/>
</pin_list>
<bind>
<opcode="select(49) " fcode="select"/>
<opset="select_ln115_3/3 "/>
</bind>
</comp>

<comp id="305" class="1004" name="select_ln115_4_fu_305">
<pin_list>
<pin id="306" dir="0" index="0" bw="1" slack="1"/>
<pin id="307" dir="0" index="1" bw="8" slack="0"/>
<pin id="308" dir="0" index="2" bw="8" slack="0"/>
<pin id="309" dir="1" index="3" bw="8" slack="0"/>
</pin_list>
<bind>
<opcode="select(49) " fcode="select"/>
<opset="select_ln115_4/3 "/>
</bind>
</comp>

<comp id="312" class="1004" name="trunc_ln117_fu_312">
<pin_list>
<pin id="313" dir="0" index="0" bw="8" slack="0"/>
<pin id="314" dir="1" index="1" bw="6" slack="0"/>
</pin_list>
<bind>
<opcode="trunc(33) " fcode="trunc"/>
<opset="trunc_ln117/3 "/>
</bind>
</comp>

<comp id="316" class="1004" name="add_ln117_fu_316">
<pin_list>
<pin id="317" dir="0" index="0" bw="8" slack="0"/>
<pin id="318" dir="0" index="1" bw="1" slack="0"/>
<pin id="319" dir="1" index="2" bw="8" slack="0"/>
</pin_list>
<bind>
<opcode="add(8) " fcode="add"/>
<opset="add_ln117/3 "/>
</bind>
</comp>

<comp id="322" class="1004" name="empty_fu_322">
<pin_list>
<pin id="323" dir="0" index="0" bw="1" slack="0"/>
<pin id="324" dir="0" index="1" bw="1" slack="1"/>
<pin id="325" dir="1" index="2" bw="1" slack="0"/>
</pin_list>
<bind>
<opcode="or(24) " fcode="or"/>
<opset="empty/3 "/>
</bind>
</comp>

<comp id="327" class="1004" name="ow_mid2_fu_327">
<pin_list>
<pin id="328" dir="0" index="0" bw="1" slack="0"/>
<pin id="329" dir="0" index="1" bw="1" slack="0"/>
<pin id="330" dir="0" index="2" bw="8" slack="0"/>
<pin id="331" dir="1" index="3" bw="8" slack="0"/>
</pin_list>
<bind>
<opcode="select(49) " fcode="select"/>
<opset="ow_mid2/3 "/>
</bind>
</comp>

<comp id="335" class="1004" name="select_ln117_fu_335">
<pin_list>
<pin id="336" dir="0" index="0" bw="1" slack="0"/>
<pin id="337" dir="0" index="1" bw="8" slack="0"/>
<pin id="338" dir="0" index="2" bw="8" slack="0"/>
<pin id="339" dir="1" index="3" bw="8" slack="0"/>
</pin_list>
<bind>
<opcode="select(49) " fcode="select"/>
<opset="select_ln117/3 "/>
</bind>
</comp>

<comp id="343" class="1004" name="first_iter_0_fu_343">
<pin_list>
<pin id="344" dir="0" index="0" bw="8" slack="0"/>
<pin id="345" dir="0" index="1" bw="1" slack="0"/>
<pin id="346" dir="1" index="2" bw="1" slack="1"/>
</pin_list>
<bind>
<opcode="icmp(45) " fcode="icmp"/>
<opset="first_iter_0/3 "/>
</bind>
</comp>

<comp id="349" class="1004" name="tmp_fu_349">
<pin_list>
<pin id="350" dir="0" index="0" bw="12" slack="0"/>
<pin id="351" dir="0" index="1" bw="6" slack="0"/>
<pin id="352" dir="0" index="2" bw="1" slack="0"/>
<pin id="353" dir="1" index="3" bw="12" slack="0"/>
</pin_list>
<bind>
<opcode="bitconcatenate(1004) " fcode="bitconcatenate"/>
<opset="tmp/3 "/>
</bind>
</comp>

<comp id="357" class="1004" name="zext_ln121_fu_357">
<pin_list>
<pin id="358" dir="0" index="0" bw="8" slack="0"/>
<pin id="359" dir="1" index="1" bw="12" slack="0"/>
</pin_list>
<bind>
<opcode="zext(34) " fcode="zext"/>
<opset="zext_ln121/3 "/>
</bind>
</comp>

<comp id="361" class="1004" name="add_ln121_fu_361">
<pin_list>
<pin id="362" dir="0" index="0" bw="12" slack="0"/>
<pin id="363" dir="0" index="1" bw="8" slack="0"/>
<pin id="364" dir="1" index="2" bw="12" slack="1"/>
</pin_list>
<bind>
<opcode="add(8) " fcode="add"/>
<opset="add_ln121/3 "/>
</bind>
</comp>

<comp id="367" class="1004" name="add_ln119_2_fu_367">
<pin_list>
<pin id="368" dir="0" index="0" bw="8" slack="0"/>
<pin id="369" dir="0" index="1" bw="1" slack="0"/>
<pin id="370" dir="1" index="2" bw="8" slack="0"/>
</pin_list>
<bind>
<opcode="add(8) " fcode="add"/>
<opset="add_ln119_2/3 "/>
</bind>
</comp>

<comp id="373" class="1004" name="icmp_ln119_2_fu_373">
<pin_list>
<pin id="374" dir="0" index="0" bw="8" slack="0"/>
<pin id="375" dir="0" index="1" bw="8" slack="2"/>
<pin id="376" dir="1" index="2" bw="1" slack="4"/>
</pin_list>
<bind>
<opcode="icmp(45) " fcode="icmp"/>
<opset="icmp_ln119_2/3 "/>
</bind>
</comp>

<comp id="378" class="1004" name="store_ln115_store_fu_378">
<pin_list>
<pin id="379" dir="0" index="0" bw="8" slack="0"/>
<pin id="380" dir="0" index="1" bw="8" slack="2"/>
<pin id="381" dir="1" index="2" bw="0" slack="2147483647"/>
</pin_list>
<bind>
<opcode="store(28) " fcode="store"/>
<opset="store_ln115/3 "/>
</bind>
</comp>

<comp id="383" class="1004" name="store_ln117_store_fu_383">
<pin_list>
<pin id="384" dir="0" index="0" bw="8" slack="0"/>
<pin id="385" dir="0" index="1" bw="8" slack="2"/>
<pin id="386" dir="1" index="2" bw="0" slack="2147483647"/>
</pin_list>
<bind>
<opcode="store(28) " fcode="store"/>
<opset="store_ln117/3 "/>
</bind>
</comp>

<comp id="388" class="1004" name="store_ln119_store_fu_388">
<pin_list>
<pin id="389" dir="0" index="0" bw="8" slack="0"/>
<pin id="390" dir="0" index="1" bw="8" slack="2"/>
<pin id="391" dir="1" index="2" bw="0" slack="2147483647"/>
</pin_list>
<bind>
<opcode="store(28) " fcode="store"/>
<opset="store_ln119/3 "/>
</bind>
</comp>

<comp id="393" class="1004" name="shl_ln_fu_393">
<pin_list>
<pin id="394" dir="0" index="0" bw="20" slack="0"/>
<pin id="395" dir="0" index="1" bw="8" slack="1"/>
<pin id="396" dir="0" index="2" bw="1" slack="0"/>
<pin id="397" dir="1" index="3" bw="20" slack="0"/>
</pin_list>
<bind>
<opcode="bitconcatenate(1004) " fcode="bitconcatenate"/>
<opset="shl_ln/4 "/>
</bind>
</comp>

<comp id="400" class="1004" name="zext_ln117_fu_400">
<pin_list>
<pin id="401" dir="0" index="0" bw="20" slack="0"/>
<pin id="402" dir="1" index="1" bw="21" slack="0"/>
</pin_list>
<bind>
<opcode="zext(34) " fcode="zext"/>
<opset="zext_ln117/4 "/>
</bind>
</comp>

<comp id="404" class="1004" name="shl_ln119_1_fu_404">
<pin_list>
<pin id="405" dir="0" index="0" bw="14" slack="0"/>
<pin id="406" dir="0" index="1" bw="8" slack="1"/>
<pin id="407" dir="0" index="2" bw="1" slack="0"/>
<pin id="408" dir="1" index="3" bw="14" slack="0"/>
</pin_list>
<bind>
<opcode="bitconcatenate(1004) " fcode="bitconcatenate"/>
<opset="shl_ln119_1/4 "/>
</bind>
</comp>

<comp id="411" class="1004" name="zext_ln119_1_fu_411">
<pin_list>
<pin id="412" dir="0" index="0" bw="14" slack="0"/>
<pin id="413" dir="1" index="1" bw="21" slack="0"/>
</pin_list>
<bind>
<opcode="zext(34) " fcode="zext"/>
<opset="zext_ln119_1/4 "/>
</bind>
</comp>

<comp id="415" class="1004" name="add_ln119_fu_415">
<pin_list>
<pin id="416" dir="0" index="0" bw="20" slack="0"/>
<pin id="417" dir="0" index="1" bw="14" slack="0"/>
<pin id="418" dir="1" index="2" bw="21" slack="0"/>
</pin_list>
<bind>
<opcode="add(8) " fcode="add"/>
<opset="add_ln119/4 "/>
</bind>
</comp>

<comp id="421" class="1004" name="shl_ln119_mid1_fu_421">
<pin_list>
<pin id="422" dir="0" index="0" bw="20" slack="0"/>
<pin id="423" dir="0" index="1" bw="8" slack="1"/>
<pin id="424" dir="0" index="2" bw="1" slack="0"/>
<pin id="425" dir="1" index="3" bw="20" slack="0"/>
</pin_list>
<bind>
<opcode="bitconcatenate(1004) " fcode="bitconcatenate"/>
<opset="shl_ln119_mid1/4 "/>
</bind>
</comp>

<comp id="428" class="1004" name="select_ln115_1_fu_428">
<pin_list>
<pin id="429" dir="0" index="0" bw="1" slack="2"/>
<pin id="430" dir="0" index="1" bw="20" slack="0"/>
<pin id="431" dir="0" index="2" bw="20" slack="0"/>
<pin id="432" dir="1" index="3" bw="20" slack="0"/>
</pin_list>
<bind>
<opcode="select(49) " fcode="select"/>
<opset="select_ln115_1/4 "/>
</bind>
</comp>

<comp id="435" class="1004" name="zext_ln115_fu_435">
<pin_list>
<pin id="436" dir="0" index="0" bw="20" slack="0"/>
<pin id="437" dir="1" index="1" bw="21" slack="0"/>
</pin_list>
<bind>
<opcode="zext(34) " fcode="zext"/>
<opset="zext_ln115/4 "/>
</bind>
</comp>

<comp id="439" class="1004" name="zext_ln115_1_fu_439">
<pin_list>
<pin id="440" dir="0" index="0" bw="20" slack="0"/>
<pin id="441" dir="1" index="1" bw="21" slack="0"/>
</pin_list>
<bind>
<opcode="zext(34) " fcode="zext"/>
<opset="zext_ln115_1/4 "/>
</bind>
</comp>

<comp id="443" class="1004" name="select_ln115_2_fu_443">
<pin_list>
<pin id="444" dir="0" index="0" bw="1" slack="2"/>
<pin id="445" dir="0" index="1" bw="20" slack="0"/>
<pin id="446" dir="0" index="2" bw="21" slack="0"/>
<pin id="447" dir="1" index="3" bw="21" slack="0"/>
</pin_list>
<bind>
<opcode="select(49) " fcode="select"/>
<opset="select_ln115_2/4 "/>
</bind>
</comp>

<comp id="450" class="1004" name="shl_ln119_1_mid1_fu_450">
<pin_list>
<pin id="451" dir="0" index="0" bw="14" slack="0"/>
<pin id="452" dir="0" index="1" bw="8" slack="1"/>
<pin id="453" dir="0" index="2" bw="1" slack="0"/>
<pin id="454" dir="1" index="3" bw="14" slack="0"/>
</pin_list>
<bind>
<opcode="bitconcatenate(1004) " fcode="bitconcatenate"/>
<opset="shl_ln119_1_mid1/4 "/>
</bind>
</comp>

<comp id="457" class="1004" name="zext_ln119_2_fu_457">
<pin_list>
<pin id="458" dir="0" index="0" bw="14" slack="0"/>
<pin id="459" dir="1" index="1" bw="21" slack="0"/>
</pin_list>
<bind>
<opcode="zext(34) " fcode="zext"/>
<opset="zext_ln119_2/4 "/>
</bind>
</comp>

<comp id="461" class="1004" name="add_ln119_1_fu_461">
<pin_list>
<pin id="462" dir="0" index="0" bw="20" slack="0"/>
<pin id="463" dir="0" index="1" bw="14" slack="0"/>
<pin id="464" dir="1" index="2" bw="21" slack="0"/>
</pin_list>
<bind>
<opcode="add(8) " fcode="add"/>
<opset="add_ln119_1/4 "/>
</bind>
</comp>

<comp id="467" class="1004" name="add_ln119_1_mid2_v_fu_467">
<pin_list>
<pin id="468" dir="0" index="0" bw="1" slack="1"/>
<pin id="469" dir="0" index="1" bw="21" slack="0"/>
<pin id="470" dir="0" index="2" bw="21" slack="0"/>
<pin id="471" dir="1" index="3" bw="21" slack="0"/>
</pin_list>
<bind>
<opcode="select(49) " fcode="select"/>
<opset="add_ln119_1_mid2_v/4 "/>
</bind>
</comp>

<comp id="474" class="1004" name="add_ln119_1_mid2_v_cast_fu_474">
<pin_list>
<pin id="475" dir="0" index="0" bw="21" slack="0"/>
<pin id="476" dir="1" index="1" bw="64" slack="0"/>
</pin_list>
<bind>
<opcode="zext(34) " fcode="zext"/>
<opset="add_ln119_1_mid2_v_cast/4 "/>
</bind>
</comp>

<comp id="478" class="1004" name="add_ln119_1_mid2_fu_478">
<pin_list>
<pin id="479" dir="0" index="0" bw="21" slack="0"/>
<pin id="480" dir="0" index="1" bw="64" slack="3"/>
<pin id="481" dir="1" index="2" bw="64" slack="0"/>
</pin_list>
<bind>
<opcode="add(8) " fcode="add"/>
<opset="add_ln119_1_mid2/4 "/>
</bind>
</comp>

<comp id="483" class="1004" name="gmem0_addr_fu_483">
<pin_list>
<pin id="484" dir="0" index="0" bw="8" slack="0"/>
<pin id="485" dir="0" index="1" bw="64" slack="0"/>
<pin id="486" dir="1" index="2" bw="8" slack="1"/>
</pin_list>
<bind>
<opcode="getelementptr(29) " fcode="getelementptr"/>
<opset="gmem0_addr/4 "/>
</bind>
</comp>

<comp id="489" class="1004" name="tmp_3_fu_489">
<pin_list>
<pin id="490" dir="0" index="0" bw="17" slack="0"/>
<pin id="491" dir="0" index="1" bw="12" slack="1"/>
<pin id="492" dir="0" index="2" bw="1" slack="0"/>
<pin id="493" dir="1" index="3" bw="17" slack="0"/>
</pin_list>
<bind>
<opcode="bitconcatenate(1004) " fcode="bitconcatenate"/>
<opset="tmp_3/4 "/>
</bind>
</comp>

<comp id="496" class="1004" name="trunc_ln119_fu_496">
<pin_list>
<pin id="497" dir="0" index="0" bw="8" slack="1"/>
<pin id="498" dir="1" index="1" bw="1" slack="1"/>
</pin_list>
<bind>
<opcode="trunc(33) " fcode="trunc"/>
<opset="trunc_ln119/4 "/>
</bind>
</comp>

<comp id="499" class="1004" name="lshr_ln_fu_499">
<pin_list>
<pin id="500" dir="0" index="0" bw="7" slack="0"/>
<pin id="501" dir="0" index="1" bw="8" slack="1"/>
<pin id="502" dir="0" index="2" bw="1" slack="0"/>
<pin id="503" dir="0" index="3" bw="4" slack="0"/>
<pin id="504" dir="1" index="4" bw="7" slack="0"/>
</pin_list>
<bind>
<opcode="partselect(1002) " fcode="partselect"/>
<opset="lshr_ln/4 "/>
</bind>
</comp>

<comp id="508" class="1004" name="zext_ln121_1_fu_508">
<pin_list>
<pin id="509" dir="0" index="0" bw="7" slack="0"/>
<pin id="510" dir="1" index="1" bw="17" slack="0"/>
</pin_list>
<bind>
<opcode="zext(34) " fcode="zext"/>
<opset="zext_ln121_1/4 "/>
</bind>
</comp>

<comp id="512" class="1004" name="add_ln121_1_fu_512">
<pin_list>
<pin id="513" dir="0" index="0" bw="17" slack="0"/>
<pin id="514" dir="0" index="1" bw="7" slack="0"/>
<pin id="515" dir="1" index="2" bw="17" slack="0"/>
</pin_list>
<bind>
<opcode="add(8) " fcode="add"/>
<opset="add_ln121_1/4 "/>
</bind>
</comp>

<comp id="518" class="1004" name="zext_ln121_2_fu_518">
<pin_list>
<pin id="519" dir="0" index="0" bw="17" slack="0"/>
<pin id="520" dir="1" index="1" bw="64" slack="0"/>
</pin_list>
<bind>
<opcode="zext(34) " fcode="zext"/>
<opset="zext_ln121_2/4 "/>
</bind>
</comp>

<comp id="524" class="1004" name="gmem0_addr_2_fu_524">
<pin_list>
<pin id="525" dir="0" index="0" bw="8" slack="0"/>
<pin id="526" dir="0" index="1" bw="64" slack="0"/>
<pin id="527" dir="1" index="2" bw="8" slack="2"/>
</pin_list>
<bind>
<opcode="getelementptr(29) " fcode="getelementptr"/>
<opset="gmem0_addr_2/4 "/>
</bind>
</comp>

<comp id="530" class="1004" name="select_ln121_fu_530">
<pin_list>
<pin id="531" dir="0" index="0" bw="1" slack="1"/>
<pin id="532" dir="0" index="1" bw="8" slack="0"/>
<pin id="533" dir="0" index="2" bw="8" slack="0"/>
<pin id="534" dir="1" index="3" bw="8" slack="1"/>
</pin_list>
<bind>
<opcode="select(49) " fcode="select"/>
<opset="select_ln121/5 "/>
</bind>
</comp>

<comp id="537" class="1005" name="ow_reg_537">
<pin_list>
<pin id="538" dir="0" index="0" bw="8" slack="0"/>
<pin id="539" dir="1" index="1" bw="8" slack="0"/>
</pin_list>
<bind>
<opset="ow "/>
</bind>
</comp>

<comp id="544" class="1005" name="oh_reg_544">
<pin_list>
<pin id="545" dir="0" index="0" bw="8" slack="0"/>
<pin id="546" dir="1" index="1" bw="8" slack="0"/>
</pin_list>
<bind>
<opset="oh "/>
</bind>
</comp>

<comp id="551" class="1005" name="indvar_flatten_reg_551">
<pin_list>
<pin id="552" dir="0" index="0" bw="16" slack="0"/>
<pin id="553" dir="1" index="1" bw="16" slack="0"/>
</pin_list>
<bind>
<opset="indvar_flatten "/>
</bind>
</comp>

<comp id="558" class="1005" name="oc_reg_558">
<pin_list>
<pin id="559" dir="0" index="0" bw="8" slack="0"/>
<pin id="560" dir="1" index="1" bw="8" slack="0"/>
</pin_list>
<bind>
<opset="oc "/>
</bind>
</comp>

<comp id="565" class="1005" name="indvar_flatten27_reg_565">
<pin_list>
<pin id="566" dir="0" index="0" bw="24" slack="0"/>
<pin id="567" dir="1" index="1" bw="24" slack="0"/>
</pin_list>
<bind>
<opset="indvar_flatten27 "/>
</bind>
</comp>

<comp id="572" class="1005" name="ofmap_read_reg_572">
<pin_list>
<pin id="573" dir="0" index="0" bw="64" slack="3"/>
<pin id="574" dir="1" index="1" bw="64" slack="3"/>
</pin_list>
<bind>
<opset="ofmap_read "/>
</bind>
</comp>

<comp id="577" class="1005" name="bound_read_reg_577">
<pin_list>
<pin id="578" dir="0" index="0" bw="16" slack="1"/>
<pin id="579" dir="1" index="1" bw="16" slack="1"/>
</pin_list>
<bind>
<opset="bound_read "/>
</bind>
</comp>

<comp id="582" class="1005" name="in_w_read_reg_582">
<pin_list>
<pin id="583" dir="0" index="0" bw="8" slack="2"/>
<pin id="584" dir="1" index="1" bw="8" slack="2"/>
</pin_list>
<bind>
<opset="in_w_read "/>
</bind>
</comp>

<comp id="589" class="1005" name="bound7_read_reg_589">
<pin_list>
<pin id="590" dir="0" index="0" bw="24" slack="1"/>
<pin id="591" dir="1" index="1" bw="24" slack="1"/>
</pin_list>
<bind>
<opset="bound7_read "/>
</bind>
</comp>

<comp id="594" class="1005" name="zext_ln119_cast_reg_594">
<pin_list>
<pin id="595" dir="0" index="0" bw="64" slack="4"/>
<pin id="596" dir="1" index="1" bw="64" slack="4"/>
</pin_list>
<bind>
<opset="zext_ln119_cast "/>
</bind>
</comp>

<comp id="599" class="1005" name="icmp_ln115_reg_599">
<pin_list>
<pin id="600" dir="0" index="0" bw="1" slack="1"/>
<pin id="601" dir="1" index="1" bw="1" slack="2147483647"/>
</pin_list>
<bind>
<opset="icmp_ln115 "/>
</bind>
</comp>

<comp id="603" class="1005" name="icmp_ln117_reg_603">
<pin_list>
<pin id="604" dir="0" index="0" bw="1" slack="1"/>
<pin id="605" dir="1" index="1" bw="1" slack="1"/>
</pin_list>
<bind>
<opset="icmp_ln117 "/>
</bind>
</comp>

<comp id="613" class="1005" name="oh_2_reg_613">
<pin_list>
<pin id="614" dir="0" index="0" bw="8" slack="1"/>
<pin id="615" dir="1" index="1" bw="8" slack="1"/>
</pin_list>
<bind>
<opset="oh_2 "/>
</bind>
</comp>

<comp id="618" class="1005" name="oc_2_reg_618">
<pin_list>
<pin id="619" dir="0" index="0" bw="8" slack="1"/>
<pin id="620" dir="1" index="1" bw="8" slack="1"/>
</pin_list>
<bind>
<opset="oc_2 "/>
</bind>
</comp>

<comp id="623" class="1005" name="add_ln115_reg_623">
<pin_list>
<pin id="624" dir="0" index="0" bw="8" slack="1"/>
<pin id="625" dir="1" index="1" bw="8" slack="1"/>
</pin_list>
<bind>
<opset="add_ln115 "/>
</bind>
</comp>

<comp id="628" class="1005" name="select_ln115_3_reg_628">
<pin_list>
<pin id="629" dir="0" index="0" bw="1" slack="1"/>
<pin id="630" dir="1" index="1" bw="1" slack="1"/>
</pin_list>
<bind>
<opset="select_ln115_3 "/>
</bind>
</comp>

<comp id="633" class="1005" name="add_ln117_reg_633">
<pin_list>
<pin id="634" dir="0" index="0" bw="8" slack="1"/>
<pin id="635" dir="1" index="1" bw="8" slack="1"/>
</pin_list>
<bind>
<opset="add_ln117 "/>
</bind>
</comp>

<comp id="638" class="1005" name="ow_mid2_reg_638">
<pin_list>
<pin id="639" dir="0" index="0" bw="8" slack="1"/>
<pin id="640" dir="1" index="1" bw="8" slack="1"/>
</pin_list>
<bind>
<opset="ow_mid2 "/>
</bind>
</comp>

<comp id="644" class="1005" name="first_iter_0_reg_644">
<pin_list>
<pin id="645" dir="0" index="0" bw="1" slack="1"/>
<pin id="646" dir="1" index="1" bw="1" slack="2147483647"/>
</pin_list>
<bind>
<opset="first_iter_0 "/>
</bind>
</comp>

<comp id="648" class="1005" name="add_ln121_reg_648">
<pin_list>
<pin id="649" dir="0" index="0" bw="12" slack="1"/>
<pin id="650" dir="1" index="1" bw="12" slack="1"/>
</pin_list>
<bind>
<opset="add_ln121 "/>
</bind>
</comp>

<comp id="653" class="1005" name="icmp_ln119_2_reg_653">
<pin_list>
<pin id="654" dir="0" index="0" bw="1" slack="4"/>
<pin id="655" dir="1" index="1" bw="1" slack="2147483647"/>
</pin_list>
<bind>
<opset="icmp_ln119_2 "/>
</bind>
</comp>

<comp id="657" class="1005" name="gmem0_addr_reg_657">
<pin_list>
<pin id="658" dir="0" index="0" bw="8" slack="1"/>
<pin id="659" dir="1" index="1" bw="8" slack="1"/>
</pin_list>
<bind>
<opset="gmem0_addr "/>
</bind>
</comp>

<comp id="662" class="1005" name="trunc_ln119_reg_662">
<pin_list>
<pin id="663" dir="0" index="0" bw="1" slack="1"/>
<pin id="664" dir="1" index="1" bw="1" slack="1"/>
</pin_list>
<bind>
<opset="trunc_ln119 "/>
</bind>
</comp>

<comp id="667" class="1005" name="dpu_conv_top_ap_int_64_64_ap_int_64_3_3_ap_int_ap_int_64_64_6_reg_667">
<pin_list>
<pin id="668" dir="0" index="0" bw="17" slack="1"/>
<pin id="669" dir="1" index="1" bw="17" slack="1"/>
</pin_list>
<bind>
<opset="dpu_conv_top_ap_int_64_64_ap_int_64_3_3_ap_int_ap_int_64_64_6 "/>
</bind>
</comp>

<comp id="672" class="1005" name="dpu_conv_top_ap_int_64_64_ap_int_64_3_3_ap_int_ap_int_64_64_7_reg_672">
<pin_list>
<pin id="673" dir="0" index="0" bw="17" slack="1"/>
<pin id="674" dir="1" index="1" bw="17" slack="1"/>
</pin_list>
<bind>
<opset="dpu_conv_top_ap_int_64_64_ap_int_64_3_3_ap_int_ap_int_64_64_7 "/>
</bind>
</comp>

<comp id="677" class="1005" name="gmem0_addr_2_reg_677">
<pin_list>
<pin id="678" dir="0" index="0" bw="8" slack="2"/>
<pin id="679" dir="1" index="1" bw="8" slack="2"/>
</pin_list>
<bind>
<opset="gmem0_addr_2 "/>
</bind>
</comp>

<comp id="683" class="1005" name="select_ln121_reg_683">
<pin_list>
<pin id="684" dir="0" index="0" bw="8" slack="1"/>
<pin id="685" dir="1" index="1" bw="8" slack="1"/>
</pin_list>
<bind>
<opset="select_ln121 "/>
</bind>
</comp>

</comp_list>

<net_list>
<net id="99"><net_src comp="16" pin="0"/><net_sink comp="96" pin=0"/></net>

<net id="103"><net_src comp="16" pin="0"/><net_sink comp="100" pin=0"/></net>

<net id="107"><net_src comp="16" pin="0"/><net_sink comp="104" pin=0"/></net>

<net id="111"><net_src comp="16" pin="0"/><net_sink comp="108" pin=0"/></net>

<net id="115"><net_src comp="16" pin="0"/><net_sink comp="112" pin=0"/></net>

<net id="120"><net_src comp="18" pin="0"/><net_sink comp="116" pin=0"/></net>

<net id="121"><net_src comp="14" pin="0"/><net_sink comp="116" pin=1"/></net>

<net id="126"><net_src comp="20" pin="0"/><net_sink comp="122" pin=0"/></net>

<net id="127"><net_src comp="12" pin="0"/><net_sink comp="122" pin=1"/></net>

<net id="132"><net_src comp="22" pin="0"/><net_sink comp="128" pin=0"/></net>

<net id="133"><net_src comp="10" pin="0"/><net_sink comp="128" pin=1"/></net>

<net id="138"><net_src comp="18" pin="0"/><net_sink comp="134" pin=0"/></net>

<net id="139"><net_src comp="8" pin="0"/><net_sink comp="134" pin=1"/></net>

<net id="144"><net_src comp="24" pin="0"/><net_sink comp="140" pin=0"/></net>

<net id="145"><net_src comp="0" pin="0"/><net_sink comp="140" pin=1"/></net>

<net id="151"><net_src comp="2" pin="0"/><net_sink comp="146" pin=0"/></net>

<net id="152"><net_src comp="72" pin="0"/><net_sink comp="146" pin=1"/></net>

<net id="158"><net_src comp="4" pin="0"/><net_sink comp="153" pin=0"/></net>

<net id="159"><net_src comp="72" pin="0"/><net_sink comp="153" pin=1"/></net>

<net id="165"><net_src comp="146" pin="3"/><net_sink comp="160" pin=0"/></net>

<net id="171"><net_src comp="153" pin="3"/><net_sink comp="166" pin=0"/></net>

<net id="177"><net_src comp="86" pin="0"/><net_sink comp="172" pin=0"/></net>

<net id="184"><net_src comp="90" pin="0"/><net_sink comp="178" pin=0"/></net>

<net id="185"><net_src comp="92" pin="0"/><net_sink comp="178" pin=3"/></net>

<net id="190"><net_src comp="94" pin="0"/><net_sink comp="186" pin=0"/></net>

<net id="194"><net_src comp="116" pin="2"/><net_sink comp="191" pin=0"/></net>

<net id="199"><net_src comp="44" pin="0"/><net_sink comp="195" pin=0"/></net>

<net id="204"><net_src comp="46" pin="0"/><net_sink comp="200" pin=0"/></net>

<net id="209"><net_src comp="48" pin="0"/><net_sink comp="205" pin=0"/></net>

<net id="214"><net_src comp="46" pin="0"/><net_sink comp="210" pin=0"/></net>

<net id="219"><net_src comp="46" pin="0"/><net_sink comp="215" pin=0"/></net>

<net id="230"><net_src comp="223" pin="1"/><net_sink comp="226" pin=0"/></net>

<net id="235"><net_src comp="223" pin="1"/><net_sink comp="231" pin=0"/></net>

<net id="236"><net_src comp="50" pin="0"/><net_sink comp="231" pin=1"/></net>

<net id="241"><net_src comp="220" pin="1"/><net_sink comp="237" pin=0"/></net>

<net id="246"><net_src comp="220" pin="1"/><net_sink comp="242" pin=0"/></net>

<net id="247"><net_src comp="52" pin="0"/><net_sink comp="242" pin=1"/></net>

<net id="253"><net_src comp="237" pin="2"/><net_sink comp="248" pin=0"/></net>

<net id="254"><net_src comp="52" pin="0"/><net_sink comp="248" pin=1"/></net>

<net id="255"><net_src comp="242" pin="2"/><net_sink comp="248" pin=2"/></net>

<net id="260"><net_src comp="231" pin="2"/><net_sink comp="256" pin=0"/></net>

<net id="265"><net_src comp="248" pin="3"/><net_sink comp="261" pin=0"/></net>

<net id="279"><net_src comp="269" pin="1"/><net_sink comp="275" pin=0"/></net>

<net id="280"><net_src comp="54" pin="0"/><net_sink comp="275" pin=1"/></net>

<net id="286"><net_src comp="46" pin="0"/><net_sink comp="281" pin=1"/></net>

<net id="287"><net_src comp="266" pin="1"/><net_sink comp="281" pin=2"/></net>

<net id="292"><net_src comp="46" pin="0"/><net_sink comp="288" pin=1"/></net>

<net id="297"><net_src comp="272" pin="1"/><net_sink comp="293" pin=0"/></net>

<net id="303"><net_src comp="288" pin="2"/><net_sink comp="298" pin=1"/></net>

<net id="304"><net_src comp="293" pin="2"/><net_sink comp="298" pin=2"/></net>

<net id="310"><net_src comp="275" pin="2"/><net_sink comp="305" pin=1"/></net>

<net id="311"><net_src comp="269" pin="1"/><net_sink comp="305" pin=2"/></net>

<net id="315"><net_src comp="305" pin="3"/><net_sink comp="312" pin=0"/></net>

<net id="320"><net_src comp="281" pin="3"/><net_sink comp="316" pin=0"/></net>

<net id="321"><net_src comp="54" pin="0"/><net_sink comp="316" pin=1"/></net>

<net id="326"><net_src comp="298" pin="3"/><net_sink comp="322" pin=0"/></net>

<net id="332"><net_src comp="322" pin="2"/><net_sink comp="327" pin=0"/></net>

<net id="333"><net_src comp="46" pin="0"/><net_sink comp="327" pin=1"/></net>

<net id="334"><net_src comp="272" pin="1"/><net_sink comp="327" pin=2"/></net>

<net id="340"><net_src comp="298" pin="3"/><net_sink comp="335" pin=0"/></net>

<net id="341"><net_src comp="316" pin="2"/><net_sink comp="335" pin=1"/></net>

<net id="342"><net_src comp="281" pin="3"/><net_sink comp="335" pin=2"/></net>

<net id="347"><net_src comp="327" pin="3"/><net_sink comp="343" pin=0"/></net>

<net id="348"><net_src comp="46" pin="0"/><net_sink comp="343" pin=1"/></net>

<net id="354"><net_src comp="56" pin="0"/><net_sink comp="349" pin=0"/></net>

<net id="355"><net_src comp="312" pin="1"/><net_sink comp="349" pin=1"/></net>

<net id="356"><net_src comp="58" pin="0"/><net_sink comp="349" pin=2"/></net>

<net id="360"><net_src comp="335" pin="3"/><net_sink comp="357" pin=0"/></net>

<net id="365"><net_src comp="349" pin="3"/><net_sink comp="361" pin=0"/></net>

<net id="366"><net_src comp="357" pin="1"/><net_sink comp="361" pin=1"/></net>

<net id="371"><net_src comp="327" pin="3"/><net_sink comp="367" pin=0"/></net>

<net id="372"><net_src comp="54" pin="0"/><net_sink comp="367" pin=1"/></net>

<net id="377"><net_src comp="367" pin="2"/><net_sink comp="373" pin=0"/></net>

<net id="382"><net_src comp="305" pin="3"/><net_sink comp="378" pin=0"/></net>

<net id="387"><net_src comp="335" pin="3"/><net_sink comp="383" pin=0"/></net>

<net id="392"><net_src comp="367" pin="2"/><net_sink comp="388" pin=0"/></net>

<net id="398"><net_src comp="60" pin="0"/><net_sink comp="393" pin=0"/></net>

<net id="399"><net_src comp="62" pin="0"/><net_sink comp="393" pin=2"/></net>

<net id="403"><net_src comp="393" pin="3"/><net_sink comp="400" pin=0"/></net>

<net id="409"><net_src comp="64" pin="0"/><net_sink comp="404" pin=0"/></net>

<net id="410"><net_src comp="58" pin="0"/><net_sink comp="404" pin=2"/></net>

<net id="414"><net_src comp="404" pin="3"/><net_sink comp="411" pin=0"/></net>

<net id="419"><net_src comp="400" pin="1"/><net_sink comp="415" pin=0"/></net>

<net id="420"><net_src comp="411" pin="1"/><net_sink comp="415" pin=1"/></net>

<net id="426"><net_src comp="60" pin="0"/><net_sink comp="421" pin=0"/></net>

<net id="427"><net_src comp="62" pin="0"/><net_sink comp="421" pin=2"/></net>

<net id="433"><net_src comp="421" pin="3"/><net_sink comp="428" pin=1"/></net>

<net id="434"><net_src comp="393" pin="3"/><net_sink comp="428" pin=2"/></net>

<net id="438"><net_src comp="428" pin="3"/><net_sink comp="435" pin=0"/></net>

<net id="442"><net_src comp="421" pin="3"/><net_sink comp="439" pin=0"/></net>

<net id="448"><net_src comp="439" pin="1"/><net_sink comp="443" pin=1"/></net>

<net id="449"><net_src comp="415" pin="2"/><net_sink comp="443" pin=2"/></net>

<net id="455"><net_src comp="64" pin="0"/><net_sink comp="450" pin=0"/></net>

<net id="456"><net_src comp="58" pin="0"/><net_sink comp="450" pin=2"/></net>

<net id="460"><net_src comp="450" pin="3"/><net_sink comp="457" pin=0"/></net>

<net id="465"><net_src comp="435" pin="1"/><net_sink comp="461" pin=0"/></net>

<net id="466"><net_src comp="457" pin="1"/><net_sink comp="461" pin=1"/></net>

<net id="472"><net_src comp="461" pin="2"/><net_sink comp="467" pin=1"/></net>

<net id="473"><net_src comp="443" pin="3"/><net_sink comp="467" pin=2"/></net>

<net id="477"><net_src comp="467" pin="3"/><net_sink comp="474" pin=0"/></net>

<net id="482"><net_src comp="474" pin="1"/><net_sink comp="478" pin=0"/></net>

<net id="487"><net_src comp="6" pin="0"/><net_sink comp="483" pin=0"/></net>

<net id="488"><net_src comp="478" pin="2"/><net_sink comp="483" pin=1"/></net>

<net id="494"><net_src comp="78" pin="0"/><net_sink comp="489" pin=0"/></net>

<net id="495"><net_src comp="80" pin="0"/><net_sink comp="489" pin=2"/></net>

<net id="505"><net_src comp="82" pin="0"/><net_sink comp="499" pin=0"/></net>

<net id="506"><net_src comp="16" pin="0"/><net_sink comp="499" pin=2"/></net>

<net id="507"><net_src comp="84" pin="0"/><net_sink comp="499" pin=3"/></net>

<net id="511"><net_src comp="499" pin="4"/><net_sink comp="508" pin=0"/></net>

<net id="516"><net_src comp="489" pin="3"/><net_sink comp="512" pin=0"/></net>

<net id="517"><net_src comp="508" pin="1"/><net_sink comp="512" pin=1"/></net>

<net id="521"><net_src comp="512" pin="2"/><net_sink comp="518" pin=0"/></net>

<net id="522"><net_src comp="518" pin="1"/><net_sink comp="146" pin=2"/></net>

<net id="523"><net_src comp="518" pin="1"/><net_sink comp="153" pin=2"/></net>

<net id="528"><net_src comp="6" pin="0"/><net_sink comp="524" pin=0"/></net>

<net id="529"><net_src comp="478" pin="2"/><net_sink comp="524" pin=1"/></net>

<net id="535"><net_src comp="166" pin="3"/><net_sink comp="530" pin=1"/></net>

<net id="536"><net_src comp="160" pin="3"/><net_sink comp="530" pin=2"/></net>

<net id="540"><net_src comp="96" pin="1"/><net_sink comp="537" pin=0"/></net>

<net id="541"><net_src comp="537" pin="1"/><net_sink comp="215" pin=1"/></net>

<net id="542"><net_src comp="537" pin="1"/><net_sink comp="272" pin=0"/></net>

<net id="543"><net_src comp="537" pin="1"/><net_sink comp="388" pin=1"/></net>

<net id="547"><net_src comp="100" pin="1"/><net_sink comp="544" pin=0"/></net>

<net id="548"><net_src comp="544" pin="1"/><net_sink comp="210" pin=1"/></net>

<net id="549"><net_src comp="544" pin="1"/><net_sink comp="266" pin=0"/></net>

<net id="550"><net_src comp="544" pin="1"/><net_sink comp="383" pin=1"/></net>

<net id="554"><net_src comp="104" pin="1"/><net_sink comp="551" pin=0"/></net>

<net id="555"><net_src comp="551" pin="1"/><net_sink comp="205" pin=1"/></net>

<net id="556"><net_src comp="551" pin="1"/><net_sink comp="220" pin=0"/></net>

<net id="557"><net_src comp="551" pin="1"/><net_sink comp="261" pin=1"/></net>

<net id="561"><net_src comp="108" pin="1"/><net_sink comp="558" pin=0"/></net>

<net id="562"><net_src comp="558" pin="1"/><net_sink comp="200" pin=1"/></net>

<net id="563"><net_src comp="558" pin="1"/><net_sink comp="269" pin=0"/></net>

<net id="564"><net_src comp="558" pin="1"/><net_sink comp="378" pin=1"/></net>

<net id="568"><net_src comp="112" pin="1"/><net_sink comp="565" pin=0"/></net>

<net id="569"><net_src comp="565" pin="1"/><net_sink comp="195" pin=1"/></net>

<net id="570"><net_src comp="565" pin="1"/><net_sink comp="223" pin=0"/></net>

<net id="571"><net_src comp="565" pin="1"/><net_sink comp="256" pin=1"/></net>

<net id="575"><net_src comp="122" pin="2"/><net_sink comp="572" pin=0"/></net>

<net id="576"><net_src comp="572" pin="1"/><net_sink comp="478" pin=1"/></net>

<net id="580"><net_src comp="128" pin="2"/><net_sink comp="577" pin=0"/></net>

<net id="581"><net_src comp="577" pin="1"/><net_sink comp="237" pin=1"/></net>

<net id="585"><net_src comp="134" pin="2"/><net_sink comp="582" pin=0"/></net>

<net id="586"><net_src comp="582" pin="1"/><net_sink comp="288" pin=0"/></net>

<net id="587"><net_src comp="582" pin="1"/><net_sink comp="293" pin=1"/></net>

<net id="588"><net_src comp="582" pin="1"/><net_sink comp="373" pin=1"/></net>

<net id="592"><net_src comp="140" pin="2"/><net_sink comp="589" pin=0"/></net>

<net id="593"><net_src comp="589" pin="1"/><net_sink comp="226" pin=1"/></net>

<net id="597"><net_src comp="191" pin="1"/><net_sink comp="594" pin=0"/></net>

<net id="598"><net_src comp="594" pin="1"/><net_sink comp="172" pin=2"/></net>

<net id="602"><net_src comp="226" pin="2"/><net_sink comp="599" pin=0"/></net>

<net id="606"><net_src comp="237" pin="2"/><net_sink comp="603" pin=0"/></net>

<net id="607"><net_src comp="603" pin="1"/><net_sink comp="281" pin=0"/></net>

<net id="608"><net_src comp="603" pin="1"/><net_sink comp="298" pin=0"/></net>

<net id="609"><net_src comp="603" pin="1"/><net_sink comp="305" pin=0"/></net>

<net id="610"><net_src comp="603" pin="1"/><net_sink comp="322" pin=1"/></net>

<net id="611"><net_src comp="603" pin="1"/><net_sink comp="428" pin=0"/></net>

<net id="612"><net_src comp="603" pin="1"/><net_sink comp="443" pin=0"/></net>

<net id="616"><net_src comp="266" pin="1"/><net_sink comp="613" pin=0"/></net>

<net id="617"><net_src comp="613" pin="1"/><net_sink comp="404" pin=1"/></net>

<net id="621"><net_src comp="269" pin="1"/><net_sink comp="618" pin=0"/></net>

<net id="622"><net_src comp="618" pin="1"/><net_sink comp="393" pin=1"/></net>

<net id="626"><net_src comp="275" pin="2"/><net_sink comp="623" pin=0"/></net>

<net id="627"><net_src comp="623" pin="1"/><net_sink comp="421" pin=1"/></net>

<net id="631"><net_src comp="298" pin="3"/><net_sink comp="628" pin=0"/></net>

<net id="632"><net_src comp="628" pin="1"/><net_sink comp="467" pin=0"/></net>

<net id="636"><net_src comp="316" pin="2"/><net_sink comp="633" pin=0"/></net>

<net id="637"><net_src comp="633" pin="1"/><net_sink comp="450" pin=1"/></net>

<net id="641"><net_src comp="327" pin="3"/><net_sink comp="638" pin=0"/></net>

<net id="642"><net_src comp="638" pin="1"/><net_sink comp="496" pin=0"/></net>

<net id="643"><net_src comp="638" pin="1"/><net_sink comp="499" pin=1"/></net>

<net id="647"><net_src comp="343" pin="2"/><net_sink comp="644" pin=0"/></net>

<net id="651"><net_src comp="361" pin="2"/><net_sink comp="648" pin=0"/></net>

<net id="652"><net_src comp="648" pin="1"/><net_sink comp="489" pin=1"/></net>

<net id="656"><net_src comp="373" pin="2"/><net_sink comp="653" pin=0"/></net>

<net id="660"><net_src comp="483" pin="2"/><net_sink comp="657" pin=0"/></net>

<net id="661"><net_src comp="657" pin="1"/><net_sink comp="172" pin=1"/></net>

<net id="665"><net_src comp="496" pin="1"/><net_sink comp="662" pin=0"/></net>

<net id="666"><net_src comp="662" pin="1"/><net_sink comp="530" pin=0"/></net>

<net id="670"><net_src comp="146" pin="3"/><net_sink comp="667" pin=0"/></net>

<net id="671"><net_src comp="667" pin="1"/><net_sink comp="160" pin=0"/></net>

<net id="675"><net_src comp="153" pin="3"/><net_sink comp="672" pin=0"/></net>

<net id="676"><net_src comp="672" pin="1"/><net_sink comp="166" pin=0"/></net>

<net id="680"><net_src comp="524" pin="2"/><net_sink comp="677" pin=0"/></net>

<net id="681"><net_src comp="677" pin="1"/><net_sink comp="178" pin=1"/></net>

<net id="682"><net_src comp="677" pin="1"/><net_sink comp="186" pin=1"/></net>

<net id="686"><net_src comp="530" pin="3"/><net_sink comp="683" pin=0"/></net>

<net id="687"><net_src comp="683" pin="1"/><net_sink comp="178" pin=2"/></net>

</net_list>

</model> 
---------------- Datapath Model END ------------------

* FSMD analyzer results:
  - Output states:
	Port: gmem0 | {5 6 7 8 9 10 11 }
 - Input state : 
	Port: copy_passthrough_Pipeline_COPY_OC_COPY_H_COPY_W : bound7 | {1 }
	Port: copy_passthrough_Pipeline_COPY_OC_COPY_H_COPY_W : dpu_conv_top_ap_int_8_64_64_ap_int_8_64_3_3_ap_int_32_ap_int_8_64_64_ap_uint_8_ap_uint_8_ap_uint_8_ap_uint_8_ap_uint_1_ap_uint_1_perf_counters_t_conv_buf | {4 5 }
	Port: copy_passthrough_Pipeline_COPY_OC_COPY_H_COPY_W : dpu_conv_top_ap_int_8_64_64_ap_int_8_64_3_3_ap_int_32_ap_int_8_64_64_ap_uint_8_ap_uint_8_ap_uint_8_ap_uint_8_ap_uint_1_ap_uint_1_perf_counters_t_conv_buf_1 | {4 5 }
	Port: copy_passthrough_Pipeline_COPY_OC_COPY_H_COPY_W : in_w | {1 }
	Port: copy_passthrough_Pipeline_COPY_OC_COPY_H_COPY_W : bound | {1 }
	Port: copy_passthrough_Pipeline_COPY_OC_COPY_H_COPY_W : ofmap | {1 }
	Port: copy_passthrough_Pipeline_COPY_OC_COPY_H_COPY_W : zext_ln119 | {1 }
  - Chain level:
	State 1
		store_ln0 : 1
		store_ln115 : 1
		store_ln0 : 1
		store_ln117 : 1
		store_ln119 : 1
	State 2
		icmp_ln115 : 1
		add_ln115_1 : 1
		br_ln115 : 2
		icmp_ln117 : 1
		add_ln117_1 : 1
		select_ln117_1 : 2
		store_ln115 : 2
		store_ln117 : 3
	State 3
		add_ln115 : 1
		select_ln115 : 1
		icmp_ln119_1 : 1
		select_ln115_3 : 2
		select_ln115_4 : 2
		trunc_ln117 : 3
		add_ln117 : 2
		empty : 3
		ow_mid2 : 3
		select_ln117 : 3
		first_iter_0 : 4
		br_ln119 : 5
		tmp : 4
		zext_ln121 : 4
		add_ln121 : 5
		add_ln119_2 : 4
		icmp_ln119_2 : 5
		br_ln119 : 6
		store_ln115 : 3
		store_ln117 : 4
		store_ln119 : 5
	State 4
		zext_ln117 : 1
		zext_ln119_1 : 1
		add_ln119 : 2
		select_ln115_1 : 1
		zext_ln115 : 2
		zext_ln115_1 : 1
		select_ln115_2 : 3
		zext_ln119_2 : 1
		add_ln119_1 : 3
		add_ln119_1_mid2_v : 4
		add_ln119_1_mid2_v_cast : 5
		add_ln119_1_mid2 : 6
		gmem0_addr : 7
		zext_ln121_1 : 1
		add_ln121_1 : 2
		zext_ln121_2 : 3
		dpu_conv_top_ap_int_64_64_ap_int_64_3_3_ap_int_ap_int_64_64_6 : 4
		dpu_conv_top_ap_int_64_64_ap_int_64_3_3_ap_int_ap_int_64_64_7 : 4
		dpu_conv_top_ap_int_64_64_ap_int_64_3_3_ap_int_ap_int_64_64_8 : 5
		dpu_conv_top_ap_int_64_64_ap_int_64_3_3_ap_int_ap_int_64_64_9 : 5
		gmem0_addr_2 : 7
	State 5
		select_ln121 : 1
	State 6
	State 7
	State 8
	State 9
	State 10
	State 11


============================================================
+ Verbose Summary: Datapath Resource usage 
============================================================

* Functional unit list:
|----------|--------------------------------|---------|---------|
| Operation|         Functional Unit        |    FF   |   LUT   |
|----------|--------------------------------|---------|---------|
|          |       add_ln115_1_fu_231       |    0    |    31   |
|          |       add_ln117_1_fu_242       |    0    |    23   |
|          |        add_ln115_fu_275        |    0    |    15   |
|          |        add_ln117_fu_316        |    0    |    15   |
|    add   |        add_ln121_fu_361        |    0    |    12   |
|          |       add_ln119_2_fu_367       |    0    |    15   |
|          |        add_ln119_fu_415        |    0    |    27   |
|          |       add_ln119_1_fu_461       |    0    |    27   |
|          |     add_ln119_1_mid2_fu_478    |    0    |    71   |
|          |       add_ln121_1_fu_512       |    0    |    24   |
|----------|--------------------------------|---------|---------|
|          |      select_ln117_1_fu_248     |    0    |    16   |
|          |       select_ln115_fu_281      |    0    |    8    |
|          |      select_ln115_3_fu_298     |    0    |    2    |
|          |      select_ln115_4_fu_305     |    0    |    8    |
|  select  |         ow_mid2_fu_327         |    0    |    8    |
|          |       select_ln117_fu_335      |    0    |    8    |
|          |      select_ln115_1_fu_428     |    0    |    20   |
|          |      select_ln115_2_fu_443     |    0    |    21   |
|          |    add_ln119_1_mid2_v_fu_467   |    0    |    21   |
|          |       select_ln121_fu_530      |    0    |    8    |
|----------|--------------------------------|---------|---------|
|          |        icmp_ln115_fu_226       |    0    |    31   |
|          |        icmp_ln117_fu_237       |    0    |    23   |
|   icmp   |        icmp_ln119_fu_288       |    0    |    15   |
|          |       icmp_ln119_1_fu_293      |    0    |    15   |
|          |       first_iter_0_fu_343      |    0    |    15   |
|          |       icmp_ln119_2_fu_373      |    0    |    15   |
|----------|--------------------------------|---------|---------|
|    or    |          empty_fu_322          |    0    |    2    |
|----------|--------------------------------|---------|---------|
|          |   zext_ln119_read_read_fu_116  |    0    |    0    |
|          |     ofmap_read_read_fu_122     |    0    |    0    |
|   read   |     bound_read_read_fu_128     |    0    |    0    |
|          |      in_w_read_read_fu_134     |    0    |    0    |
|          |     bound7_read_read_fu_140    |    0    |    0    |
|----------|--------------------------------|---------|---------|
| writereq |    empty_67_writereq_fu_172    |    0    |    0    |
|----------|--------------------------------|---------|---------|
|   write  |    write_ln121_write_fu_178    |    0    |    0    |
|----------|--------------------------------|---------|---------|
| writeresp|      grp_writeresp_fu_186      |    0    |    0    |
|----------|--------------------------------|---------|---------|
|          |     zext_ln119_cast_fu_191     |    0    |    0    |
|          |        zext_ln121_fu_357       |    0    |    0    |
|          |        zext_ln117_fu_400       |    0    |    0    |
|          |       zext_ln119_1_fu_411      |    0    |    0    |
|   zext   |        zext_ln115_fu_435       |    0    |    0    |
|          |       zext_ln115_1_fu_439      |    0    |    0    |
|          |       zext_ln119_2_fu_457      |    0    |    0    |
|          | add_ln119_1_mid2_v_cast_fu_474 |    0    |    0    |
|          |       zext_ln121_1_fu_508      |    0    |    0    |
|          |       zext_ln121_2_fu_518      |    0    |    0    |
|----------|--------------------------------|---------|---------|
|   trunc  |       trunc_ln117_fu_312       |    0    |    0    |
|          |       trunc_ln119_fu_496       |    0    |    0    |
|----------|--------------------------------|---------|---------|
|          |           tmp_fu_349           |    0    |    0    |
|          |          shl_ln_fu_393         |    0    |    0    |
|bitconcatenate|       shl_ln119_1_fu_404       |    0    |    0    |
|          |      shl_ln119_mid1_fu_421     |    0    |    0    |
|          |     shl_ln119_1_mid1_fu_450    |    0    |    0    |
|          |          tmp_3_fu_489          |    0    |    0    |
|----------|--------------------------------|---------|---------|
|partselect|         lshr_ln_fu_499         |    0    |    0    |
|----------|--------------------------------|---------|---------|
|   Total  |                                |    0    |   496   |
|----------|--------------------------------|---------|---------|

Memories:
N/A

* Register list:
+---------------------------------------------------------------------+--------+
|                                                                     |   FF   |
+---------------------------------------------------------------------+--------+
|                          add_ln115_reg_623                          |    8   |
|                          add_ln117_reg_633                          |    8   |
|                          add_ln121_reg_648                          |   12   |
|                         bound7_read_reg_589                         |   24   |
|                          bound_read_reg_577                         |   16   |
|dpu_conv_top_ap_int_64_64_ap_int_64_3_3_ap_int_ap_int_64_64_6_reg_667|   17   |
|dpu_conv_top_ap_int_64_64_ap_int_64_3_3_ap_int_ap_int_64_64_7_reg_672|   17   |
|                         first_iter_0_reg_644                        |    1   |
|                         gmem0_addr_2_reg_677                        |    8   |
|                          gmem0_addr_reg_657                         |    8   |
|                          icmp_ln115_reg_599                         |    1   |
|                          icmp_ln117_reg_603                         |    1   |
|                         icmp_ln119_2_reg_653                        |    1   |
|                          in_w_read_reg_582                          |    8   |
|                       indvar_flatten27_reg_565                      |   24   |
|                        indvar_flatten_reg_551                       |   16   |
|                             oc_2_reg_618                            |    8   |
|                              oc_reg_558                             |    8   |
|                          ofmap_read_reg_572                         |   64   |
|                             oh_2_reg_613                            |    8   |
|                              oh_reg_544                             |    8   |
|                           ow_mid2_reg_638                           |    8   |
|                              ow_reg_537                             |    8   |
|                        select_ln115_3_reg_628                       |    1   |
|                         select_ln121_reg_683                        |    8   |
|                         trunc_ln119_reg_662                         |    1   |
|                       zext_ln119_cast_reg_594                       |   64   |
+---------------------------------------------------------------------+--------+
|                                Total                                |   356  |
+---------------------------------------------------------------------+--------+

* Multiplexer (MUX) list: 
|-------------------|------|------|------|--------||---------||---------||---------|
|        Comp       |  Pin | Size |  BW  | S x BW ||  Delay  ||    FF   ||   LUT   |
|-------------------|------|------|------|--------||---------||---------||---------|
| grp_access_fu_160 |  p0  |   2  |  17  |   34   ||    0    ||    9    |
| grp_access_fu_166 |  p0  |   2  |  17  |   34   ||    0    ||    9    |
|-------------------|------|------|------|--------||---------||---------||---------|
|       Total       |      |      |      |   68   ||  3.176  ||    0    ||    18   |
|-------------------|------|------|------|--------||---------||---------||---------|



* Summary:
+-----------+--------+--------+--------+
|           |  Delay |   FF   |   LUT  |
+-----------+--------+--------+--------+
|  Function |    -   |    0   |   496  |
|   Memory  |    -   |    -   |    -   |
|Multiplexer|    3   |    0   |   18   |
|  Register |    -   |   356  |    -   |
+-----------+--------+--------+--------+
|   Total   |    3   |   356  |   514  |
+-----------+--------+--------+--------+
