

================================================================
== Vitis HLS Report for 'dpu_conv_top_Pipeline_POOL_OC_POOL_H_POOL_W'
================================================================
* Date:           Thu Sep 10 17:29:07 2026

* Version:        2025.2 (Build 6295257 on Nov 14 2025)
* Project:        dpu_conv_top
* Solution:       hls (Vivado IP Flow Target)
* Product family: zynq
* Target device:  xc7z020-clg400-1


================================================================
== Performance Estimates
================================================================
+ Timing: 
    * Summary: 
    +--------+----------+----------+------------+
    |  Clock |  Target  | Estimated| Uncertainty|
    +--------+----------+----------+------------+
    |ap_clk  |  11.00 ns|  8.030 ns|     2.97 ns|
    +--------+----------+----------+------------+

+ Latency: 
    * Summary: 
    +---------+----------+-----------+-----------+-----+-----+-------------------+
    |  Latency (cycles)  |   Latency (absolute)  |  Interval |      Pipeline     |
    |   min   |    max   |    min    |    max    | min | max |        Type       |
    +---------+----------+-----------+-----------+-----+-----+-------------------+
    |        3|  16451598|  33.000 ns|  0.181 sec|    0|    0|  loop pipeline stp|
    +---------+----------+-----------+-----------+-----+-----+-------------------+

    + Detail: 
        * Instance: 
        N/A

        * Loop: 
        +-------------------------+---------+----------+----------+-----------+-----------+-------------+----------+
        |                         |  Latency (cycles)  | Iteration|  Initiation Interval  |     Trip    |          |
        |        Loop Name        |   min   |    max   |  Latency |  achieved |   target  |    Count    | Pipelined|
        +-------------------------+---------+----------+----------+-----------+-----------+-------------+----------+
        |- POOL_OC_POOL_H_POOL_W  |        1|  16451596|        21|          4|          1|  0 ~ 4112895|       yes|
        +-------------------------+---------+----------+----------+-----------+-----------+-------------+----------+



================================================================
== Utilization Estimates
================================================================
* Summary: 
+-----------------+---------+-----+--------+-------+-----+
|       Name      | BRAM_18K| DSP |   FF   |  LUT  | URAM|
+-----------------+---------+-----+--------+-------+-----+
|DSP              |        -|    -|       -|      -|    -|
|Expression       |        -|    -|       0|   1157|    -|
|FIFO             |        -|    -|       -|      -|    -|
|Instance         |        -|    -|       -|      -|    -|
|Memory           |        -|    -|       -|      -|    -|
|Multiplexer      |        -|    -|       0|    201|    -|
|Register         |        -|    -|     572|     64|    -|
+-----------------+---------+-----+--------+-------+-----+
|Total            |        0|    0|     572|   1422|    0|
+-----------------+---------+-----+--------+-------+-----+
|Available        |      280|  220|  106400|  53200|    0|
+-----------------+---------+-----+--------+-------+-----+
|Utilization (%)  |        0|    0|      ~0|      2|    0|
+-----------------+---------+-----+--------+-------+-----+

+ Detail: 
    * Instance: 
    N/A

    * DSP: 
    N/A

    * Memory: 
    N/A

    * FIFO: 
    N/A

    * Expression: 
    +----------------------------------------+----------+----+---+----+------------+------------+
    |              Variable Name             | Operation| DSP| FF| LUT| Bitwidth P0| Bitwidth P1|
    +----------------------------------------+----------+----+---+----+------------+------------+
    |add_ln85_1_fu_275_p2                    |         +|   0|  0|  15|           8|           1|
    |add_ln85_fu_253_p2                      |         +|   0|  0|  29|          22|           1|
    |add_ln87_1_fu_358_p2                    |         +|   0|  0|  17|          14|           1|
    |add_ln87_fu_327_p2                      |         +|   0|  0|  14|           7|           1|
    |add_ln89_fu_543_p2                      |         +|   0|  0|  14|           7|           1|
    |add_ln91_10_fu_443_p2                   |         +|   0|  0|  64|          64|          64|
    |add_ln91_1_fu_401_p2                    |         +|   0|  0|  64|          64|          64|
    |add_ln91_2_fu_406_p2                    |         +|   0|  0|  64|          64|          64|
    |add_ln91_3_fu_493_p2                    |         +|   0|  0|  64|          64|          64|
    |add_ln91_4_fu_498_p2                    |         +|   0|  0|  14|           9|           7|
    |add_ln91_5_fu_508_p2                    |         +|   0|  0|  64|          64|          64|
    |add_ln91_6_fu_514_p2                    |         +|   0|  0|  64|          64|          64|
    |add_ln91_7_fu_519_p2                    |         +|   0|  0|  64|          64|          64|
    |add_ln91_8_fu_415_p2                    |         +|   0|  0|  71|          64|          64|
    |add_ln91_9_fu_438_p2                    |         +|   0|  0|  64|          64|          64|
    |add_ln91_fu_353_p2                      |         +|   0|  0|  71|          64|          64|
    |ap_block_pp0_stage0_11001_grp5          |       and|   0|  0|   2|           1|           1|
    |ap_block_pp0_stage0_11001_grp8          |       and|   0|  0|   2|           1|           1|
    |ap_block_pp0_stage1_11001_grp3          |       and|   0|  0|   2|           1|           1|
    |ap_block_pp0_stage1_11001_grp6          |       and|   0|  0|   2|           1|           1|
    |ap_block_pp0_stage1_11001_grp9          |       and|   0|  0|   2|           1|           1|
    |ap_block_pp0_stage2_11001_grp7          |       and|   0|  0|   2|           1|           1|
    |ap_block_pp0_stage3_11001_grp1          |       and|   0|  0|   2|           1|           1|
    |ap_block_pp0_stage3_11001_grp2          |       and|   0|  0|   2|           1|           1|
    |ap_block_pp0_stage3_11001_grp4          |       and|   0|  0|   2|           1|           1|
    |ap_block_state22_pp0_stage1_iter5_grp9  |       and|   0|  0|   2|           1|           1|
    |ap_block_state4_io_grp1                 |       and|   0|  0|   2|           1|           1|
    |ap_block_state4_io_grp2                 |       and|   0|  0|   2|           1|           1|
    |ap_predicate_op113_writereq_state4      |       and|   0|  0|   2|           1|           1|
    |first_iter_0_fu_347_p2                  |      icmp|   0|  0|  14|           7|           1|
    |icmp_ln85_fu_248_p2                     |      icmp|   0|  0|  29|          22|          22|
    |icmp_ln87_fu_262_p2                     |      icmp|   0|  0|  17|          14|          14|
    |icmp_ln89_1_fu_306_p2                   |      icmp|   0|  0|  14|           7|           7|
    |icmp_ln89_2_fu_548_p2                   |      icmp|   0|  0|  14|           7|           7|
    |icmp_ln89_fu_301_p2                     |      icmp|   0|  0|  14|           7|           1|
    |icmp_ln96_fu_563_p2                     |      icmp|   0|  0|  15|           8|           8|
    |icmp_ln97_fu_575_p2                     |      icmp|   0|  0|  15|           8|           8|
    |icmp_ln98_fu_587_p2                     |      icmp|   0|  0|  15|           8|           8|
    |ap_block_pp0_stage0_subdone             |        or|   0|  0|   2|           1|           1|
    |ap_block_pp0_stage1_11001               |        or|   0|  0|   2|           1|           1|
    |ap_block_pp0_stage3_11001               |        or|   0|  0|   2|           1|           1|
    |empty_67_fu_333_p2                      |        or|   0|  0|   2|           1|           1|
    |add_ln91_2_mid2_fu_448_p3               |    select|   0|  0|  64|           1|          64|
    |m0_fu_568_p3                            |    select|   0|  0|   8|           1|           8|
    |m1_fu_580_p3                            |    select|   0|  0|   8|           1|           8|
    |ow_mid2_fu_339_p3                       |    select|   0|  0|   7|           1|           1|
    |select_ln85_1_fu_289_p3                 |    select|   0|  0|  20|           1|          20|
    |select_ln85_2_fu_420_p3                 |    select|   0|  0|  64|           1|          64|
    |select_ln85_3_fu_311_p3                 |    select|   0|  0|   2|           1|           1|
    |select_ln85_4_fu_319_p3                 |    select|   0|  0|   8|           1|           8|
    |select_ln85_fu_267_p3                   |    select|   0|  0|   7|           1|           1|
    |select_ln87_1_fu_364_p3                 |    select|   0|  0|  14|           1|           1|
    |select_ln87_fu_455_p3                   |    select|   0|  0|   7|           1|           7|
    |select_ln98_fu_592_p3                   |    select|   0|  0|   8|           1|           8|
    |ap_enable_pp0                           |       xor|   0|  0|   2|           1|           2|
    +----------------------------------------+----------+----+---+----+------------+------------+
    |Total                                   |          |   0|  0|1157|         825|         938|
    +----------------------------------------+----------+----+---+----+------------+------------+

    * Multiplexer: 
    +----------------------------------+----+-----------+-----+-----------+
    |               Name               | LUT| Input Size| Bits| Total Bits|
    +----------------------------------+----+-----------+-----+-----------+
    |ap_NS_fsm                         |  25|          5|    1|          5|
    |ap_done_int                       |   9|          2|    1|          2|
    |ap_enable_reg_pp0_iter0           |   9|          2|    1|          2|
    |ap_enable_reg_pp0_iter1           |   9|          2|    1|          2|
    |ap_enable_reg_pp0_iter5           |   9|          2|    1|          2|
    |ap_loop_exit_ready_pp0_iter1_reg  |   9|          2|    1|          2|
    |ap_loop_exit_ready_pp0_iter2_reg  |   9|          2|    1|          2|
    |ap_loop_exit_ready_pp0_iter3_reg  |   9|          2|    1|          2|
    |ap_loop_exit_ready_pp0_iter4_reg  |   9|          2|    1|          2|
    |gmem0_blk_n_AW                    |   9|          2|    1|          2|
    |gmem0_blk_n_B                     |   9|          2|    1|          2|
    |gmem0_blk_n_W                     |   9|          2|    1|          2|
    |gmem2_blk_n_AR                    |   9|          2|    1|          2|
    |gmem2_blk_n_R                     |   9|          2|    1|          2|
    |indvar_flatten25_fu_124           |   9|          2|   22|         44|
    |indvar_flatten_fu_116             |   9|          2|   14|         28|
    |m_axi_gmem2_0_ARADDR              |  14|          3|   64|        192|
    |oc_fu_120                         |   9|          2|    8|         16|
    |oh_fu_112                         |   9|          2|    7|         14|
    |ow_fu_108                         |   9|          2|    7|         14|
    +----------------------------------+----+-----------+-----+-----------+
    |Total                             | 201|         44|  136|        339|
    +----------------------------------+----+-----------+-----+-----------+

    * Register: 
    +-------------------------------------------+----+----+-----+-----------+
    |                    Name                   | FF | LUT| Bits| Const Bits|
    +-------------------------------------------+----+----+-----+-----------+
    |add_ln87_reg_708                           |   7|   0|    7|          0|
    |add_ln91_reg_724                           |  64|   0|   64|          0|
    |ap_CS_fsm                                  |   4|   0|    4|          0|
    |ap_block_pp0_stage0_subdone_grp0_done_reg  |   1|   0|    1|          0|
    |ap_block_pp0_stage0_subdone_grp5_done_reg  |   1|   0|    1|          0|
    |ap_block_pp0_stage0_subdone_grp8_done_reg  |   1|   0|    1|          0|
    |ap_block_pp0_stage1_subdone_grp3_done_reg  |   1|   0|    1|          0|
    |ap_block_pp0_stage1_subdone_grp6_done_reg  |   1|   0|    1|          0|
    |ap_block_pp0_stage1_subdone_grp9_done_reg  |   1|   0|    1|          0|
    |ap_block_pp0_stage2_subdone_grp0_done_reg  |   1|   0|    1|          0|
    |ap_block_pp0_stage3_subdone_grp0_done_reg  |   1|   0|    1|          0|
    |ap_block_pp0_stage3_subdone_grp1_done_reg  |   1|   0|    1|          0|
    |ap_block_pp0_stage3_subdone_grp2_done_reg  |   1|   0|    1|          0|
    |ap_block_pp0_stage3_subdone_grp4_done_reg  |   1|   0|    1|          0|
    |ap_done_reg                                |   1|   0|    1|          0|
    |ap_enable_reg_pp0_iter0_reg                |   1|   0|    1|          0|
    |ap_enable_reg_pp0_iter1                    |   1|   0|    1|          0|
    |ap_enable_reg_pp0_iter2                    |   1|   0|    1|          0|
    |ap_enable_reg_pp0_iter3                    |   1|   0|    1|          0|
    |ap_enable_reg_pp0_iter4                    |   1|   0|    1|          0|
    |ap_enable_reg_pp0_iter5                    |   1|   0|    1|          0|
    |ap_loop_exit_ready_pp0_iter1_reg           |   1|   0|    1|          0|
    |ap_loop_exit_ready_pp0_iter2_reg           |   1|   0|    1|          0|
    |ap_loop_exit_ready_pp0_iter3_reg           |   1|   0|    1|          0|
    |ap_loop_exit_ready_pp0_iter4_reg           |   1|   0|    1|          0|
    |first_iter_0_reg_720                       |   1|   0|    1|          0|
    |gmem0_addr_reg_730                         |  64|   0|   64|          0|
    |gmem2_addr_1_reg_741                       |  64|   0|   64|          0|
    |gmem2_addr_reg_735                         |  64|   0|   64|          0|
    |icmp_ln85_reg_678                          |   1|   0|    1|          0|
    |icmp_ln87_reg_682                          |   1|   0|    1|          0|
    |icmp_ln89_2_reg_753                        |   1|   0|    1|          0|
    |indvar_flatten25_fu_124                    |  22|   0|   22|          0|
    |indvar_flatten_fu_116                      |  14|   0|   14|          0|
    |m0_reg_769                                 |   8|   0|    8|          0|
    |oc_fu_120                                  |   8|   0|    8|          0|
    |oh_1_reg_668                               |   7|   0|    7|          0|
    |oh_fu_112                                  |   7|   0|    7|          0|
    |ow_fu_108                                  |   7|   0|    7|          0|
    |ow_mid2_reg_714                            |   7|   0|    7|          0|
    |p01_reg_757                                |   8|   0|    8|          0|
    |p10_reg_763                                |   8|   0|    8|          0|
    |reg_195                                    |   8|   0|    8|          0|
    |select_ln85_3_reg_702                      |   1|   0|    1|          0|
    |select_ln85_reg_687                        |   7|   0|    7|          0|
    |select_ln98_reg_775                        |   8|   0|    8|          0|
    |shl_ln91_mid1_reg_692                      |   8|   0|   20|         12|
    |shl_ln_reg_673                             |   8|   0|   20|         12|
    |zext_ln85_1_reg_697                        |   8|   0|   64|         56|
    |zext_ln85_cast_reg_663                     |   7|   0|   64|         57|
    |icmp_ln85_reg_678                          |  64|  32|    1|          0|
    |icmp_ln89_2_reg_753                        |  64|  32|    1|          0|
    +-------------------------------------------+----+----+-----+-----------+
    |Total                                      | 572|  64|  583|        137|
    +-------------------------------------------+----+----+-----+-----------+



================================================================
== Interface
================================================================
* Summary: 
+------------------------+-----+-----+------------+---------------------------------------------+--------------+
|        RTL Ports       | Dir | Bits|  Protocol  |                Source Object                |    C Type    |
+------------------------+-----+-----+------------+---------------------------------------------+--------------+
|ap_clk                  |   in|    1|  ap_ctrl_hs|  dpu_conv_top_Pipeline_POOL_OC_POOL_H_POOL_W|  return value|
|ap_rst                  |   in|    1|  ap_ctrl_hs|  dpu_conv_top_Pipeline_POOL_OC_POOL_H_POOL_W|  return value|
|ap_start                |   in|    1|  ap_ctrl_hs|  dpu_conv_top_Pipeline_POOL_OC_POOL_H_POOL_W|  return value|
|ap_done                 |  out|    1|  ap_ctrl_hs|  dpu_conv_top_Pipeline_POOL_OC_POOL_H_POOL_W|  return value|
|ap_idle                 |  out|    1|  ap_ctrl_hs|  dpu_conv_top_Pipeline_POOL_OC_POOL_H_POOL_W|  return value|
|ap_ready                |  out|    1|  ap_ctrl_hs|  dpu_conv_top_Pipeline_POOL_OC_POOL_H_POOL_W|  return value|
|m_axi_gmem2_0_AWVALID   |  out|    1|       m_axi|                                        gmem2|       pointer|
|m_axi_gmem2_0_AWREADY   |   in|    1|       m_axi|                                        gmem2|       pointer|
|m_axi_gmem2_0_AWADDR    |  out|   64|       m_axi|                                        gmem2|       pointer|
|m_axi_gmem2_0_AWID      |  out|    1|       m_axi|                                        gmem2|       pointer|
|m_axi_gmem2_0_AWLEN     |  out|   32|       m_axi|                                        gmem2|       pointer|
|m_axi_gmem2_0_AWSIZE    |  out|    3|       m_axi|                                        gmem2|       pointer|
|m_axi_gmem2_0_AWBURST   |  out|    2|       m_axi|                                        gmem2|       pointer|
|m_axi_gmem2_0_AWLOCK    |  out|    2|       m_axi|                                        gmem2|       pointer|
|m_axi_gmem2_0_AWCACHE   |  out|    4|       m_axi|                                        gmem2|       pointer|
|m_axi_gmem2_0_AWPROT    |  out|    3|       m_axi|                                        gmem2|       pointer|
|m_axi_gmem2_0_AWQOS     |  out|    4|       m_axi|                                        gmem2|       pointer|
|m_axi_gmem2_0_AWREGION  |  out|    4|       m_axi|                                        gmem2|       pointer|
|m_axi_gmem2_0_AWUSER    |  out|    1|       m_axi|                                        gmem2|       pointer|
|m_axi_gmem2_0_WVALID    |  out|    1|       m_axi|                                        gmem2|       pointer|
|m_axi_gmem2_0_WREADY    |   in|    1|       m_axi|                                        gmem2|       pointer|
|m_axi_gmem2_0_WDATA     |  out|    8|       m_axi|                                        gmem2|       pointer|
|m_axi_gmem2_0_WSTRB     |  out|    1|       m_axi|                                        gmem2|       pointer|
|m_axi_gmem2_0_WLAST     |  out|    1|       m_axi|                                        gmem2|       pointer|
|m_axi_gmem2_0_WID       |  out|    1|       m_axi|                                        gmem2|       pointer|
|m_axi_gmem2_0_WUSER     |  out|    1|       m_axi|                                        gmem2|       pointer|
|m_axi_gmem2_0_ARVALID   |  out|    1|       m_axi|                                        gmem2|       pointer|
|m_axi_gmem2_0_ARREADY   |   in|    1|       m_axi|                                        gmem2|       pointer|
|m_axi_gmem2_0_ARADDR    |  out|   64|       m_axi|                                        gmem2|       pointer|
|m_axi_gmem2_0_ARID      |  out|    1|       m_axi|                                        gmem2|       pointer|
|m_axi_gmem2_0_ARLEN     |  out|   32|       m_axi|                                        gmem2|       pointer|
|m_axi_gmem2_0_ARSIZE    |  out|    3|       m_axi|                                        gmem2|       pointer|
|m_axi_gmem2_0_ARBURST   |  out|    2|       m_axi|                                        gmem2|       pointer|
|m_axi_gmem2_0_ARLOCK    |  out|    2|       m_axi|                                        gmem2|       pointer|
|m_axi_gmem2_0_ARCACHE   |  out|    4|       m_axi|                                        gmem2|       pointer|
|m_axi_gmem2_0_ARPROT    |  out|    3|       m_axi|                                        gmem2|       pointer|
|m_axi_gmem2_0_ARQOS     |  out|    4|       m_axi|                                        gmem2|       pointer|
|m_axi_gmem2_0_ARREGION  |  out|    4|       m_axi|                                        gmem2|       pointer|
|m_axi_gmem2_0_ARUSER    |  out|    1|       m_axi|                                        gmem2|       pointer|
|m_axi_gmem2_0_RVALID    |   in|    1|       m_axi|                                        gmem2|       pointer|
|m_axi_gmem2_0_RREADY    |  out|    1|       m_axi|                                        gmem2|       pointer|
|m_axi_gmem2_0_RDATA     |   in|    8|       m_axi|                                        gmem2|       pointer|
|m_axi_gmem2_0_RLAST     |   in|    1|       m_axi|                                        gmem2|       pointer|
|m_axi_gmem2_0_RID       |   in|    1|       m_axi|                                        gmem2|       pointer|
|m_axi_gmem2_0_RFIFONUM  |   in|   11|       m_axi|                                        gmem2|       pointer|
|m_axi_gmem2_0_RUSER     |   in|    1|       m_axi|                                        gmem2|       pointer|
|m_axi_gmem2_0_RRESP     |   in|    2|       m_axi|                                        gmem2|       pointer|
|m_axi_gmem2_0_BVALID    |   in|    1|       m_axi|                                        gmem2|       pointer|
|m_axi_gmem2_0_BREADY    |  out|    1|       m_axi|                                        gmem2|       pointer|
|m_axi_gmem2_0_BRESP     |   in|    2|       m_axi|                                        gmem2|       pointer|
|m_axi_gmem2_0_BID       |   in|    1|       m_axi|                                        gmem2|       pointer|
|m_axi_gmem2_0_BUSER     |   in|    1|       m_axi|                                        gmem2|       pointer|
|m_axi_gmem0_0_AWVALID   |  out|    1|       m_axi|                                        gmem0|       pointer|
|m_axi_gmem0_0_AWREADY   |   in|    1|       m_axi|                                        gmem0|       pointer|
|m_axi_gmem0_0_AWADDR    |  out|   64|       m_axi|                                        gmem0|       pointer|
|m_axi_gmem0_0_AWID      |  out|    1|       m_axi|                                        gmem0|       pointer|
|m_axi_gmem0_0_AWLEN     |  out|   32|       m_axi|                                        gmem0|       pointer|
|m_axi_gmem0_0_AWSIZE    |  out|    3|       m_axi|                                        gmem0|       pointer|
|m_axi_gmem0_0_AWBURST   |  out|    2|       m_axi|                                        gmem0|       pointer|
|m_axi_gmem0_0_AWLOCK    |  out|    2|       m_axi|                                        gmem0|       pointer|
|m_axi_gmem0_0_AWCACHE   |  out|    4|       m_axi|                                        gmem0|       pointer|
|m_axi_gmem0_0_AWPROT    |  out|    3|       m_axi|                                        gmem0|       pointer|
|m_axi_gmem0_0_AWQOS     |  out|    4|       m_axi|                                        gmem0|       pointer|
|m_axi_gmem0_0_AWREGION  |  out|    4|       m_axi|                                        gmem0|       pointer|
|m_axi_gmem0_0_AWUSER    |  out|    1|       m_axi|                                        gmem0|       pointer|
|m_axi_gmem0_0_WVALID    |  out|    1|       m_axi|                                        gmem0|       pointer|
|m_axi_gmem0_0_WREADY    |   in|    1|       m_axi|                                        gmem0|       pointer|
|m_axi_gmem0_0_WDATA     |  out|    8|       m_axi|                                        gmem0|       pointer|
|m_axi_gmem0_0_WSTRB     |  out|    1|       m_axi|                                        gmem0|       pointer|
|m_axi_gmem0_0_WLAST     |  out|    1|       m_axi|                                        gmem0|       pointer|
|m_axi_gmem0_0_WID       |  out|    1|       m_axi|                                        gmem0|       pointer|
|m_axi_gmem0_0_WUSER     |  out|    1|       m_axi|                                        gmem0|       pointer|
|m_axi_gmem0_0_ARVALID   |  out|    1|       m_axi|                                        gmem0|       pointer|
|m_axi_gmem0_0_ARREADY   |   in|    1|       m_axi|                                        gmem0|       pointer|
|m_axi_gmem0_0_ARADDR    |  out|   64|       m_axi|                                        gmem0|       pointer|
|m_axi_gmem0_0_ARID      |  out|    1|       m_axi|                                        gmem0|       pointer|
|m_axi_gmem0_0_ARLEN     |  out|   32|       m_axi|                                        gmem0|       pointer|
|m_axi_gmem0_0_ARSIZE    |  out|    3|       m_axi|                                        gmem0|       pointer|
|m_axi_gmem0_0_ARBURST   |  out|    2|       m_axi|                                        gmem0|       pointer|
|m_axi_gmem0_0_ARLOCK    |  out|    2|       m_axi|                                        gmem0|       pointer|
|m_axi_gmem0_0_ARCACHE   |  out|    4|       m_axi|                                        gmem0|       pointer|
|m_axi_gmem0_0_ARPROT    |  out|    3|       m_axi|                                        gmem0|       pointer|
|m_axi_gmem0_0_ARQOS     |  out|    4|       m_axi|                                        gmem0|       pointer|
|m_axi_gmem0_0_ARREGION  |  out|    4|       m_axi|                                        gmem0|       pointer|
|m_axi_gmem0_0_ARUSER    |  out|    1|       m_axi|                                        gmem0|       pointer|
|m_axi_gmem0_0_RVALID    |   in|    1|       m_axi|                                        gmem0|       pointer|
|m_axi_gmem0_0_RREADY    |  out|    1|       m_axi|                                        gmem0|       pointer|
|m_axi_gmem0_0_RDATA     |   in|    8|       m_axi|                                        gmem0|       pointer|
|m_axi_gmem0_0_RLAST     |   in|    1|       m_axi|                                        gmem0|       pointer|
|m_axi_gmem0_0_RID       |   in|    1|       m_axi|                                        gmem0|       pointer|
|m_axi_gmem0_0_RFIFONUM  |   in|   11|       m_axi|                                        gmem0|       pointer|
|m_axi_gmem0_0_RUSER     |   in|    1|       m_axi|                                        gmem0|       pointer|
|m_axi_gmem0_0_RRESP     |   in|    2|       m_axi|                                        gmem0|       pointer|
|m_axi_gmem0_0_BVALID    |   in|    1|       m_axi|                                        gmem0|       pointer|
|m_axi_gmem0_0_BREADY    |  out|    1|       m_axi|                                        gmem0|       pointer|
|m_axi_gmem0_0_BRESP     |   in|    2|       m_axi|                                        gmem0|       pointer|
|m_axi_gmem0_0_BID       |   in|    1|       m_axi|                                        gmem0|       pointer|
|m_axi_gmem0_0_BUSER     |   in|    1|       m_axi|                                        gmem0|       pointer|
|ofmap                   |   in|   64|     ap_none|                                        ofmap|        scalar|
|mul_ln82_1              |   in|   22|     ap_none|                                   mul_ln82_1|        scalar|
|conv_scratch            |   in|   64|     ap_none|                                 conv_scratch|        scalar|
|lshr_ln1                |   in|    7|     ap_none|                                     lshr_ln1|        scalar|
|zext_ln85               |   in|    7|     ap_none|                                    zext_ln85|        scalar|
|mul_ln82                |   in|   14|     ap_none|                                     mul_ln82|        scalar|
+------------------------+-----+-----+------------+---------------------------------------------+--------------+

============================================================
+ Verbose Summary: Synthesis Manager
============================================================
InlineROM: 1
ExposeGlobal: 0
============================================================
+ Verbose Summary: CDFG Model
============================================================
IsTopModel: 0
ResetActiveHigh: 1
IsCombinational: 2
IsDatapathOnly: 2
HasWiredReturn: 1
HasMFsm: 2
HasVarLatency: 1
IsPipeline: 0
IsRtlPipelined: 0
IsInstanceOverlapped: 0
IsDontTouch: 0
HasImplIP: 0
IsGatedGlobalClock: 0

+ Individual pipeline summary: 
  * Pipeline-0: initiation interval (II) = 4, depth = 22


============================================================
+ Verbose Summary: Schedule
============================================================
* Number of FSM states : 22
* Pipeline : 1
  Pipeline-0 : II = 4, D = 22, States = { 1 2 3 4 5 6 7 8 9 10 11 12 13 14 15 16 17 18 19 20 21 22 }
* Dataflow Pipeline: 0

* FSM state transitions: 
1 --> 2 
2 --> 3 
3 --> 4 
4 --> 5 
5 --> 6 
6 --> 7 
7 --> 8 
8 --> 9 
9 --> 10 
10 --> 11 
11 --> 12 
12 --> 13 
13 --> 14 
14 --> 15 
15 --> 16 
16 --> 17 
17 --> 18 
18 --> 19 
19 --> 20 
20 --> 21 
21 --> 22 
22 --> 

* FSM state operations: 

State 1 <SV = 0> <Delay = 1.58>
ST_1 : Operation 24 [1/1] (0.00ns)   --->   "%ow = alloca i32 1" [D:/project/DPUv2/dpu_conv.cpp:89->D:/project/DPUv2/dpu_conv.cpp:173]   --->   Operation 24 'alloca' 'ow' <Predicate = true> <Delay = 0.00>
ST_1 : Operation 25 [1/1] (0.00ns)   --->   "%oh = alloca i32 1" [D:/project/DPUv2/dpu_conv.cpp:87->D:/project/DPUv2/dpu_conv.cpp:173]   --->   Operation 25 'alloca' 'oh' <Predicate = true> <Delay = 0.00>
ST_1 : Operation 26 [1/1] (0.00ns)   --->   "%indvar_flatten = alloca i32 1"   --->   Operation 26 'alloca' 'indvar_flatten' <Predicate = true> <Delay = 0.00>
ST_1 : Operation 27 [1/1] (0.00ns)   --->   "%oc = alloca i32 1" [D:/project/DPUv2/dpu_conv.cpp:85->D:/project/DPUv2/dpu_conv.cpp:173]   --->   Operation 27 'alloca' 'oc' <Predicate = true> <Delay = 0.00>
ST_1 : Operation 28 [1/1] (0.00ns)   --->   "%indvar_flatten25 = alloca i32 1"   --->   Operation 28 'alloca' 'indvar_flatten25' <Predicate = true> <Delay = 0.00>
ST_1 : Operation 29 [1/1] (0.00ns)   --->   "%mul_ln82_read = read i14 @_ssdm_op_Read.ap_auto.i14, i14 %mul_ln82"   --->   Operation 29 'read' 'mul_ln82_read' <Predicate = true> <Delay = 0.00>
ST_1 : Operation 30 [1/1] (0.00ns)   --->   "%zext_ln85_read = read i7 @_ssdm_op_Read.ap_auto.i7, i7 %zext_ln85"   --->   Operation 30 'read' 'zext_ln85_read' <Predicate = true> <Delay = 0.00>
ST_1 : Operation 31 [1/1] (0.00ns)   --->   "%lshr_ln1_read = read i7 @_ssdm_op_Read.ap_auto.i7, i7 %lshr_ln1"   --->   Operation 31 'read' 'lshr_ln1_read' <Predicate = true> <Delay = 0.00>
ST_1 : Operation 32 [1/1] (0.00ns)   --->   "%conv_scratch_read = read i64 @_ssdm_op_Read.ap_auto.i64, i64 %conv_scratch"   --->   Operation 32 'read' 'conv_scratch_read' <Predicate = true> <Delay = 0.00>
ST_1 : Operation 33 [1/1] (0.00ns)   --->   "%mul_ln82_1_read = read i22 @_ssdm_op_Read.ap_auto.i22, i22 %mul_ln82_1"   --->   Operation 33 'read' 'mul_ln82_1_read' <Predicate = true> <Delay = 0.00>
ST_1 : Operation 34 [1/1] (0.00ns)   --->   "%ofmap_read = read i64 @_ssdm_op_Read.ap_auto.i64, i64 %ofmap"   --->   Operation 34 'read' 'ofmap_read' <Predicate = true> <Delay = 0.00>
ST_1 : Operation 35 [1/1] (0.00ns)   --->   "%zext_ln85_cast = zext i7 %zext_ln85_read"   --->   Operation 35 'zext' 'zext_ln85_cast' <Predicate = true> <Delay = 0.00>
ST_1 : Operation 36 [1/1] (0.00ns)   --->   "%specinterface_ln0 = specinterface void @_ssdm_op_SpecInterface, i8 %gmem0, void @empty_42, i32 0, i32 0, void @empty_47, i32 0, i32 262144, void @empty_15, void @empty_48, void @empty_47, i32 16, i32 16, i32 16, i32 16, void @empty_47, void @empty_47, i32 4294967295, i32 0, i32 0, i32 1"   --->   Operation 36 'specinterface' 'specinterface_ln0' <Predicate = true> <Delay = 0.00>
ST_1 : Operation 37 [1/1] (0.00ns)   --->   "%specinterface_ln0 = specinterface void @_ssdm_op_SpecInterface, i8 %gmem2, void @empty_42, i32 0, i32 0, void @empty_47, i32 0, i32 262144, void @empty_14, void @empty_48, void @empty_47, i32 16, i32 16, i32 16, i32 16, void @empty_47, void @empty_47, i32 4294967295, i32 0, i32 0, i32 1"   --->   Operation 37 'specinterface' 'specinterface_ln0' <Predicate = true> <Delay = 0.00>
ST_1 : Operation 38 [1/1] (1.58ns)   --->   "%store_ln0 = store i22 0, i22 %indvar_flatten25"   --->   Operation 38 'store' 'store_ln0' <Predicate = true> <Delay = 1.58>
ST_1 : Operation 39 [1/1] (1.58ns)   --->   "%store_ln85 = store i8 0, i8 %oc" [D:/project/DPUv2/dpu_conv.cpp:85->D:/project/DPUv2/dpu_conv.cpp:173]   --->   Operation 39 'store' 'store_ln85' <Predicate = true> <Delay = 1.58>
ST_1 : Operation 40 [1/1] (1.58ns)   --->   "%store_ln0 = store i14 0, i14 %indvar_flatten"   --->   Operation 40 'store' 'store_ln0' <Predicate = true> <Delay = 1.58>
ST_1 : Operation 41 [1/1] (1.58ns)   --->   "%store_ln87 = store i7 0, i7 %oh" [D:/project/DPUv2/dpu_conv.cpp:87->D:/project/DPUv2/dpu_conv.cpp:173]   --->   Operation 41 'store' 'store_ln87' <Predicate = true> <Delay = 1.58>
ST_1 : Operation 42 [1/1] (1.58ns)   --->   "%store_ln89 = store i7 0, i7 %ow" [D:/project/DPUv2/dpu_conv.cpp:89->D:/project/DPUv2/dpu_conv.cpp:173]   --->   Operation 42 'store' 'store_ln89' <Predicate = true> <Delay = 1.58>
ST_1 : Operation 43 [1/1] (0.00ns)   --->   "%br_ln0 = br void %for.body9.i"   --->   Operation 43 'br' 'br_ln0' <Predicate = true> <Delay = 0.00>

State 2 <SV = 1> <Delay = 6.14>
ST_2 : Operation 44 [1/1] (0.00ns)   --->   "%oh_1 = load i7 %oh" [D:/project/DPUv2/dpu_conv.cpp:91->D:/project/DPUv2/dpu_conv.cpp:173]   --->   Operation 44 'load' 'oh_1' <Predicate = true> <Delay = 0.00>
ST_2 : Operation 45 [1/1] (0.00ns)   --->   "%indvar_flatten_load = load i14 %indvar_flatten" [D:/project/DPUv2/dpu_conv.cpp:87->D:/project/DPUv2/dpu_conv.cpp:173]   --->   Operation 45 'load' 'indvar_flatten_load' <Predicate = true> <Delay = 0.00>
ST_2 : Operation 46 [1/1] (0.00ns)   --->   "%oc_1 = load i8 %oc" [D:/project/DPUv2/dpu_conv.cpp:85->D:/project/DPUv2/dpu_conv.cpp:173]   --->   Operation 46 'load' 'oc_1' <Predicate = true> <Delay = 0.00>
ST_2 : Operation 47 [1/1] (0.00ns)   --->   "%indvar_flatten25_load = load i22 %indvar_flatten25" [D:/project/DPUv2/dpu_conv.cpp:85->D:/project/DPUv2/dpu_conv.cpp:173]   --->   Operation 47 'load' 'indvar_flatten25_load' <Predicate = true> <Delay = 0.00>
ST_2 : Operation 48 [1/1] (0.00ns)   --->   "%shl_ln = bitconcatenate i20 @_ssdm_op_BitConcatenate.i20.i8.i12, i8 %oc_1, i12 0" [D:/project/DPUv2/dpu_conv.cpp:91->D:/project/DPUv2/dpu_conv.cpp:173]   --->   Operation 48 'bitconcatenate' 'shl_ln' <Predicate = true> <Delay = 0.00>
ST_2 : Operation 49 [1/1] (2.25ns)   --->   "%icmp_ln85 = icmp_eq  i22 %indvar_flatten25_load, i22 %mul_ln82_1_read" [D:/project/DPUv2/dpu_conv.cpp:85->D:/project/DPUv2/dpu_conv.cpp:173]   --->   Operation 49 'icmp' 'icmp_ln85' <Predicate = true> <Delay = 2.25> <CoreInst = "Cmp">   --->   Core 9 'Cmp' <Latency = 0> <II = 1> <Delay = 2.25> <FuncUnit> <Opcode : 'seteq' 'setne' 'setle' 'setge' 'setlt' 'setgt'> <InPorts = 2> <OutPorts = 1>
ST_2 : Operation 50 [1/1] (2.25ns)   --->   "%add_ln85 = add i22 %indvar_flatten25_load, i22 1" [D:/project/DPUv2/dpu_conv.cpp:85->D:/project/DPUv2/dpu_conv.cpp:173]   --->   Operation 50 'add' 'add_ln85' <Predicate = true> <Delay = 2.25> <CoreInst = "Adder">   --->   Core 1 'Adder' <Latency = 0> <II = 1> <Delay = 2.25> <FuncUnit> <Opcode : 'add' 'sub'> <InPorts = 2> <OutPorts = 1>
ST_2 : Operation 51 [1/1] (0.00ns)   --->   "%br_ln85 = br i1 %icmp_ln85, void %for.inc62.i, void %if.end.loopexit61.exitStub" [D:/project/DPUv2/dpu_conv.cpp:85->D:/project/DPUv2/dpu_conv.cpp:173]   --->   Operation 51 'br' 'br_ln85' <Predicate = true> <Delay = 0.00>
ST_2 : Operation 52 [1/1] (0.00ns)   --->   "%ow_load = load i7 %ow" [D:/project/DPUv2/dpu_conv.cpp:89->D:/project/DPUv2/dpu_conv.cpp:173]   --->   Operation 52 'load' 'ow_load' <Predicate = (!icmp_ln85)> <Delay = 0.00>
ST_2 : Operation 53 [1/1] (1.81ns)   --->   "%icmp_ln87 = icmp_eq  i14 %indvar_flatten_load, i14 %mul_ln82_read" [D:/project/DPUv2/dpu_conv.cpp:87->D:/project/DPUv2/dpu_conv.cpp:173]   --->   Operation 53 'icmp' 'icmp_ln87' <Predicate = (!icmp_ln85)> <Delay = 1.81> <CoreInst = "Cmp">   --->   Core 9 'Cmp' <Latency = 0> <II = 1> <Delay = 1.81> <FuncUnit> <Opcode : 'seteq' 'setne' 'setle' 'setge' 'setlt' 'setgt'> <InPorts = 2> <OutPorts = 1>
ST_2 : Operation 54 [1/1] (0.99ns)   --->   "%select_ln85 = select i1 %icmp_ln87, i7 0, i7 %oh_1" [D:/project/DPUv2/dpu_conv.cpp:85->D:/project/DPUv2/dpu_conv.cpp:173]   --->   Operation 54 'select' 'select_ln85' <Predicate = (!icmp_ln85)> <Delay = 0.99> <CoreInst = "Sel">   --->   Core 73 'Sel' <Latency = 0> <II = 1> <Delay = 0.99> <FuncUnit> <Opcode : 'select'> <InPorts = 3> <OutPorts = 1>
ST_2 : Operation 55 [1/1] (1.91ns)   --->   "%add_ln85_1 = add i8 %oc_1, i8 1" [D:/project/DPUv2/dpu_conv.cpp:85->D:/project/DPUv2/dpu_conv.cpp:173]   --->   Operation 55 'add' 'add_ln85_1' <Predicate = (!icmp_ln85)> <Delay = 1.91> <CoreInst = "Adder">   --->   Core 1 'Adder' <Latency = 0> <II = 1> <Delay = 1.91> <FuncUnit> <Opcode : 'add' 'sub'> <InPorts = 2> <OutPorts = 1>
ST_2 : Operation 56 [1/1] (0.00ns)   --->   "%shl_ln91_mid1 = bitconcatenate i20 @_ssdm_op_BitConcatenate.i20.i8.i12, i8 %add_ln85_1, i12 0" [D:/project/DPUv2/dpu_conv.cpp:91->D:/project/DPUv2/dpu_conv.cpp:173]   --->   Operation 56 'bitconcatenate' 'shl_ln91_mid1' <Predicate = (!icmp_ln85)> <Delay = 0.00>
ST_2 : Operation 57 [1/1] (0.70ns)   --->   "%select_ln85_1 = select i1 %icmp_ln87, i20 %shl_ln91_mid1, i20 %shl_ln" [D:/project/DPUv2/dpu_conv.cpp:85->D:/project/DPUv2/dpu_conv.cpp:173]   --->   Operation 57 'select' 'select_ln85_1' <Predicate = (!icmp_ln85)> <Delay = 0.70> <CoreInst = "Sel">   --->   Core 73 'Sel' <Latency = 0> <II = 1> <Delay = 0.70> <FuncUnit> <Opcode : 'select'> <InPorts = 3> <OutPorts = 1>
ST_2 : Operation 58 [1/1] (0.00ns)   --->   "%zext_ln85_1 = zext i20 %select_ln85_1" [D:/project/DPUv2/dpu_conv.cpp:85->D:/project/DPUv2/dpu_conv.cpp:173]   --->   Operation 58 'zext' 'zext_ln85_1' <Predicate = (!icmp_ln85)> <Delay = 0.00>
ST_2 : Operation 59 [1/1] (1.87ns)   --->   "%icmp_ln89 = icmp_eq  i7 %lshr_ln1_read, i7 0" [D:/project/DPUv2/dpu_conv.cpp:89->D:/project/DPUv2/dpu_conv.cpp:173]   --->   Operation 59 'icmp' 'icmp_ln89' <Predicate = (!icmp_ln85)> <Delay = 1.87> <CoreInst = "Cmp">   --->   Core 9 'Cmp' <Latency = 0> <II = 1> <Delay = 1.87> <FuncUnit> <Opcode : 'seteq' 'setne' 'setle' 'setge' 'setlt' 'setgt'> <InPorts = 2> <OutPorts = 1>
ST_2 : Operation 60 [1/1] (1.87ns)   --->   "%icmp_ln89_1 = icmp_eq  i7 %ow_load, i7 %lshr_ln1_read" [D:/project/DPUv2/dpu_conv.cpp:89->D:/project/DPUv2/dpu_conv.cpp:173]   --->   Operation 60 'icmp' 'icmp_ln89_1' <Predicate = (!icmp_ln85)> <Delay = 1.87> <CoreInst = "Cmp">   --->   Core 9 'Cmp' <Latency = 0> <II = 1> <Delay = 1.87> <FuncUnit> <Opcode : 'seteq' 'setne' 'setle' 'setge' 'setlt' 'setgt'> <InPorts = 2> <OutPorts = 1>
ST_2 : Operation 61 [1/1] (0.99ns)   --->   "%select_ln85_3 = select i1 %icmp_ln87, i1 %icmp_ln89, i1 %icmp_ln89_1" [D:/project/DPUv2/dpu_conv.cpp:85->D:/project/DPUv2/dpu_conv.cpp:173]   --->   Operation 61 'select' 'select_ln85_3' <Predicate = (!icmp_ln85)> <Delay = 0.99> <CoreInst = "Sel">   --->   Core 73 'Sel' <Latency = 0> <II = 1> <Delay = 0.99> <FuncUnit> <Opcode : 'select'> <InPorts = 3> <OutPorts = 1>
ST_2 : Operation 62 [1/1] (1.24ns)   --->   "%select_ln85_4 = select i1 %icmp_ln87, i8 %add_ln85_1, i8 %oc_1" [D:/project/DPUv2/dpu_conv.cpp:85->D:/project/DPUv2/dpu_conv.cpp:173]   --->   Operation 62 'select' 'select_ln85_4' <Predicate = (!icmp_ln85)> <Delay = 1.24> <CoreInst = "Sel">   --->   Core 73 'Sel' <Latency = 0> <II = 1> <Delay = 1.24> <FuncUnit> <Opcode : 'select'> <InPorts = 3> <OutPorts = 1>
ST_2 : Operation 63 [1/1] (1.87ns)   --->   "%add_ln87 = add i7 %select_ln85, i7 1" [D:/project/DPUv2/dpu_conv.cpp:87->D:/project/DPUv2/dpu_conv.cpp:173]   --->   Operation 63 'add' 'add_ln87' <Predicate = (!icmp_ln85)> <Delay = 1.87> <CoreInst = "Adder">   --->   Core 1 'Adder' <Latency = 0> <II = 1> <Delay = 1.87> <FuncUnit> <Opcode : 'add' 'sub'> <InPorts = 2> <OutPorts = 1>
ST_2 : Operation 64 [1/1] (0.00ns) (grouped into LUT with out node ow_mid2)   --->   "%empty_67 = or i1 %select_ln85_3, i1 %icmp_ln87" [D:/project/DPUv2/dpu_conv.cpp:85->D:/project/DPUv2/dpu_conv.cpp:173]   --->   Operation 64 'or' 'empty_67' <Predicate = (!icmp_ln85)> <Delay = 0.00> <CoreInst = "LogicGate">   --->   Core 74 'LogicGate' <Latency = 0> <II = 1> <Delay = 0.97> <FuncUnit> <Opcode : 'and' 'or' 'xor'> <InPorts = 2> <OutPorts = 1>
ST_2 : Operation 65 [1/1] (0.99ns) (out node of the LUT)   --->   "%ow_mid2 = select i1 %empty_67, i7 0, i7 %ow_load" [D:/project/DPUv2/dpu_conv.cpp:85->D:/project/DPUv2/dpu_conv.cpp:173]   --->   Operation 65 'select' 'ow_mid2' <Predicate = (!icmp_ln85)> <Delay = 0.99> <CoreInst = "Sel">   --->   Core 73 'Sel' <Latency = 0> <II = 1> <Delay = 0.99> <FuncUnit> <Opcode : 'select'> <InPorts = 3> <OutPorts = 1>
ST_2 : Operation 66 [1/1] (1.87ns)   --->   "%first_iter_0 = icmp_eq  i7 %ow_mid2, i7 0" [D:/project/DPUv2/dpu_conv.cpp:85->D:/project/DPUv2/dpu_conv.cpp:173]   --->   Operation 66 'icmp' 'first_iter_0' <Predicate = (!icmp_ln85)> <Delay = 1.87> <CoreInst = "Cmp">   --->   Core 9 'Cmp' <Latency = 0> <II = 1> <Delay = 1.87> <FuncUnit> <Opcode : 'seteq' 'setne' 'setle' 'setge' 'setlt' 'setgt'> <InPorts = 2> <OutPorts = 1>
ST_2 : Operation 67 [1/1] (0.00ns)   --->   "%br_ln89 = br i1 %first_iter_0, void %for.body9.i.split, void %new.body.POOL_W.i" [D:/project/DPUv2/dpu_conv.cpp:89->D:/project/DPUv2/dpu_conv.cpp:173]   --->   Operation 67 'br' 'br_ln89' <Predicate = (!icmp_ln85)> <Delay = 0.00>
ST_2 : Operation 68 [1/1] (3.52ns)   --->   "%add_ln91 = add i64 %zext_ln85_1, i64 %conv_scratch_read" [D:/project/DPUv2/dpu_conv.cpp:91->D:/project/DPUv2/dpu_conv.cpp:173]   --->   Operation 68 'add' 'add_ln91' <Predicate = (!icmp_ln85)> <Delay = 3.52> <CoreInst = "Adder">   --->   Core 1 'Adder' <Latency = 0> <II = 1> <Delay = 3.52> <FuncUnit> <Opcode : 'add' 'sub'> <InPorts = 2> <OutPorts = 1>
ST_2 : Operation 69 [1/1] (1.81ns)   --->   "%add_ln87_1 = add i14 %indvar_flatten_load, i14 1" [D:/project/DPUv2/dpu_conv.cpp:87->D:/project/DPUv2/dpu_conv.cpp:173]   --->   Operation 69 'add' 'add_ln87_1' <Predicate = (!icmp_ln85)> <Delay = 1.81> <CoreInst = "Adder">   --->   Core 1 'Adder' <Latency = 0> <II = 1> <Delay = 1.81> <FuncUnit> <Opcode : 'add' 'sub'> <InPorts = 2> <OutPorts = 1>
ST_2 : Operation 70 [1/1] (0.70ns)   --->   "%select_ln87_1 = select i1 %icmp_ln87, i14 1, i14 %add_ln87_1" [D:/project/DPUv2/dpu_conv.cpp:87->D:/project/DPUv2/dpu_conv.cpp:173]   --->   Operation 70 'select' 'select_ln87_1' <Predicate = (!icmp_ln85)> <Delay = 0.70> <CoreInst = "Sel">   --->   Core 73 'Sel' <Latency = 0> <II = 1> <Delay = 0.70> <FuncUnit> <Opcode : 'select'> <InPorts = 3> <OutPorts = 1>
ST_2 : Operation 71 [1/1] (1.58ns)   --->   "%store_ln85 = store i22 %add_ln85, i22 %indvar_flatten25" [D:/project/DPUv2/dpu_conv.cpp:85->D:/project/DPUv2/dpu_conv.cpp:173]   --->   Operation 71 'store' 'store_ln85' <Predicate = (!icmp_ln85)> <Delay = 1.58>
ST_2 : Operation 72 [1/1] (1.58ns)   --->   "%store_ln85 = store i8 %select_ln85_4, i8 %oc" [D:/project/DPUv2/dpu_conv.cpp:85->D:/project/DPUv2/dpu_conv.cpp:173]   --->   Operation 72 'store' 'store_ln85' <Predicate = (!icmp_ln85)> <Delay = 1.58>
ST_2 : Operation 73 [1/1] (1.58ns)   --->   "%store_ln87 = store i14 %select_ln87_1, i14 %indvar_flatten" [D:/project/DPUv2/dpu_conv.cpp:87->D:/project/DPUv2/dpu_conv.cpp:173]   --->   Operation 73 'store' 'store_ln87' <Predicate = (!icmp_ln85)> <Delay = 1.58>

State 3 <SV = 2> <Delay = 7.22>
ST_3 : Operation 74 [1/1] (0.00ns)   --->   "%specbitsmap_ln0 = specbitsmap void @_ssdm_op_SpecBitsMap, i8 %gmem0"   --->   Operation 74 'specbitsmap' 'specbitsmap_ln0' <Predicate = true> <Delay = 0.00>
ST_3 : Operation 75 [1/1] (0.00ns)   --->   "%specbitsmap_ln0 = specbitsmap void @_ssdm_op_SpecBitsMap, i8 %gmem2"   --->   Operation 75 'specbitsmap' 'specbitsmap_ln0' <Predicate = true> <Delay = 0.00>
ST_3 : Operation 76 [1/1] (0.00ns)   --->   "%zext_ln91 = zext i20 %shl_ln" [D:/project/DPUv2/dpu_conv.cpp:91->D:/project/DPUv2/dpu_conv.cpp:173]   --->   Operation 76 'zext' 'zext_ln91' <Predicate = (!icmp_ln87 & !select_ln85_3)> <Delay = 0.00>
ST_3 : Operation 77 [1/1] (0.00ns)   --->   "%shl_ln91_3 = bitconcatenate i13 @_ssdm_op_BitConcatenate.i13.i7.i6, i7 %oh_1, i6 0" [D:/project/DPUv2/dpu_conv.cpp:91->D:/project/DPUv2/dpu_conv.cpp:173]   --->   Operation 77 'bitconcatenate' 'shl_ln91_3' <Predicate = (!icmp_ln87 & !select_ln85_3)> <Delay = 0.00>
ST_3 : Operation 78 [1/1] (0.00ns)   --->   "%zext_ln91_1 = zext i13 %shl_ln91_3" [D:/project/DPUv2/dpu_conv.cpp:91->D:/project/DPUv2/dpu_conv.cpp:173]   --->   Operation 78 'zext' 'zext_ln91_1' <Predicate = (!icmp_ln87 & !select_ln85_3)> <Delay = 0.00>
ST_3 : Operation 79 [1/1] (0.00ns) (grouped into TernaryAdder)   --->   "%add_ln91_1 = add i64 %zext_ln91_1, i64 %ofmap_read" [D:/project/DPUv2/dpu_conv.cpp:91->D:/project/DPUv2/dpu_conv.cpp:173]   --->   Operation 79 'add' 'add_ln91_1' <Predicate = (!icmp_ln87 & !select_ln85_3)> <Delay = 0.00> <CoreInst = "TAddSub">   --->   Core 10 'TAddSub' <Latency = 0> <II = 1> <Delay = 2.65> <IPBlock> <Opcode : 'add' 'sub'> <InPorts = 3> <OutPorts = 1> <Sync> <CReg>
ST_3 : Operation 80 [1/1] (5.30ns) (root node of TernaryAdder)   --->   "%add_ln91_2 = add i64 %add_ln91_1, i64 %zext_ln91" [D:/project/DPUv2/dpu_conv.cpp:91->D:/project/DPUv2/dpu_conv.cpp:173]   --->   Operation 80 'add' 'add_ln91_2' <Predicate = (!icmp_ln87 & !select_ln85_3)> <Delay = 5.30> <CoreInst = "TAddSub">   --->   Core 10 'TAddSub' <Latency = 0> <II = 1> <Delay = 2.65> <IPBlock> <Opcode : 'add' 'sub'> <InPorts = 3> <OutPorts = 1> <Sync> <CReg>
ST_3 : Operation 81 [1/1] (0.00ns)   --->   "%specloopname_ln0 = specloopname void @_ssdm_op_SpecLoopName, void @POOL_OC_POOL_H_POOL_W_str"   --->   Operation 81 'specloopname' 'specloopname_ln0' <Predicate = (!icmp_ln85)> <Delay = 0.00>
ST_3 : Operation 82 [1/1] (0.00ns)   --->   "%speclooptripcount_ln0 = speclooptripcount void @_ssdm_op_SpecLoopTripCount, i64 0, i64 4112895, i64 504063"   --->   Operation 82 'speclooptripcount' 'speclooptripcount_ln0' <Predicate = (!icmp_ln85)> <Delay = 0.00>
ST_3 : Operation 83 [1/1] (0.00ns)   --->   "%zext_ln91_5 = zext i20 %shl_ln91_mid1" [D:/project/DPUv2/dpu_conv.cpp:91->D:/project/DPUv2/dpu_conv.cpp:173]   --->   Operation 83 'zext' 'zext_ln91_5' <Predicate = (!icmp_ln85 & icmp_ln87 & !select_ln85_3)> <Delay = 0.00>
ST_3 : Operation 84 [1/1] (3.52ns)   --->   "%add_ln91_8 = add i64 %zext_ln91_5, i64 %ofmap_read" [D:/project/DPUv2/dpu_conv.cpp:91->D:/project/DPUv2/dpu_conv.cpp:173]   --->   Operation 84 'add' 'add_ln91_8' <Predicate = (!icmp_ln85 & icmp_ln87 & !select_ln85_3)> <Delay = 3.52> <CoreInst = "Adder">   --->   Core 1 'Adder' <Latency = 0> <II = 1> <Delay = 3.52> <FuncUnit> <Opcode : 'add' 'sub'> <InPorts = 2> <OutPorts = 1>
ST_3 : Operation 85 [1/1] (0.00ns) (grouped into LUT with out node add_ln91_2_mid2)   --->   "%select_ln85_2 = select i1 %icmp_ln87, i64 %add_ln91_8, i64 %add_ln91_2" [D:/project/DPUv2/dpu_conv.cpp:85->D:/project/DPUv2/dpu_conv.cpp:173]   --->   Operation 85 'select' 'select_ln85_2' <Predicate = (!icmp_ln85 & !select_ln85_3)> <Delay = 0.00> <CoreInst = "Sel">   --->   Core 73 'Sel' <Latency = 0> <II = 1> <Delay = 1.48> <FuncUnit> <Opcode : 'select'> <InPorts = 3> <OutPorts = 1>
ST_3 : Operation 86 [1/1] (0.00ns)   --->   "%shl_ln91_3_mid1 = bitconcatenate i13 @_ssdm_op_BitConcatenate.i13.i7.i6, i7 %add_ln87, i6 0" [D:/project/DPUv2/dpu_conv.cpp:91->D:/project/DPUv2/dpu_conv.cpp:173]   --->   Operation 86 'bitconcatenate' 'shl_ln91_3_mid1' <Predicate = (!icmp_ln85 & select_ln85_3)> <Delay = 0.00>
ST_3 : Operation 87 [1/1] (0.00ns)   --->   "%zext_ln91_6 = zext i13 %shl_ln91_3_mid1" [D:/project/DPUv2/dpu_conv.cpp:91->D:/project/DPUv2/dpu_conv.cpp:173]   --->   Operation 87 'zext' 'zext_ln91_6' <Predicate = (!icmp_ln85 & select_ln85_3)> <Delay = 0.00>
ST_3 : Operation 88 [1/1] (0.00ns) (grouped into TernaryAdder)   --->   "%add_ln91_9 = add i64 %zext_ln91_6, i64 %ofmap_read" [D:/project/DPUv2/dpu_conv.cpp:91->D:/project/DPUv2/dpu_conv.cpp:173]   --->   Operation 88 'add' 'add_ln91_9' <Predicate = (!icmp_ln85 & select_ln85_3)> <Delay = 0.00> <CoreInst = "TAddSub">   --->   Core 10 'TAddSub' <Latency = 0> <II = 1> <Delay = 2.65> <IPBlock> <Opcode : 'add' 'sub'> <InPorts = 3> <OutPorts = 1> <Sync> <CReg>
ST_3 : Operation 89 [1/1] (5.30ns) (root node of TernaryAdder)   --->   "%add_ln91_10 = add i64 %add_ln91_9, i64 %zext_ln85_1" [D:/project/DPUv2/dpu_conv.cpp:91->D:/project/DPUv2/dpu_conv.cpp:173]   --->   Operation 89 'add' 'add_ln91_10' <Predicate = (!icmp_ln85 & select_ln85_3)> <Delay = 5.30> <CoreInst = "TAddSub">   --->   Core 10 'TAddSub' <Latency = 0> <II = 1> <Delay = 2.65> <IPBlock> <Opcode : 'add' 'sub'> <InPorts = 3> <OutPorts = 1> <Sync> <CReg>
ST_3 : Operation 90 [1/1] (1.48ns) (out node of the LUT)   --->   "%add_ln91_2_mid2 = select i1 %select_ln85_3, i64 %add_ln91_10, i64 %select_ln85_2" [D:/project/DPUv2/dpu_conv.cpp:85->D:/project/DPUv2/dpu_conv.cpp:173]   --->   Operation 90 'select' 'add_ln91_2_mid2' <Predicate = (!icmp_ln85)> <Delay = 1.48> <CoreInst = "Sel">   --->   Core 73 'Sel' <Latency = 0> <II = 1> <Delay = 1.48> <FuncUnit> <Opcode : 'select'> <InPorts = 3> <OutPorts = 1>
ST_3 : Operation 91 [1/1] (0.99ns)   --->   "%select_ln87 = select i1 %select_ln85_3, i7 %add_ln87, i7 %select_ln85" [D:/project/DPUv2/dpu_conv.cpp:87->D:/project/DPUv2/dpu_conv.cpp:173]   --->   Operation 91 'select' 'select_ln87' <Predicate = (!icmp_ln85)> <Delay = 0.99> <CoreInst = "Sel">   --->   Core 73 'Sel' <Latency = 0> <II = 1> <Delay = 0.99> <FuncUnit> <Opcode : 'select'> <InPorts = 3> <OutPorts = 1>
ST_3 : Operation 92 [1/1] (0.00ns)   --->   "%gmem0_addr = getelementptr i8 %gmem0, i64 %add_ln91_2_mid2" [D:/project/DPUv2/dpu_conv.cpp:89->D:/project/DPUv2/dpu_conv.cpp:173]   --->   Operation 92 'getelementptr' 'gmem0_addr' <Predicate = (!icmp_ln85 & first_iter_0)> <Delay = 0.00>
ST_3 : Operation 93 [1/1] (0.00ns)   --->   "%shl_ln91_1 = bitconcatenate i14 @_ssdm_op_BitConcatenate.i14.i7.i7, i7 %select_ln87, i7 0" [D:/project/DPUv2/dpu_conv.cpp:91->D:/project/DPUv2/dpu_conv.cpp:173]   --->   Operation 93 'bitconcatenate' 'shl_ln91_1' <Predicate = (!icmp_ln85)> <Delay = 0.00>
ST_3 : Operation 94 [1/1] (0.00ns)   --->   "%zext_ln89 = zext i14 %shl_ln91_1" [D:/project/DPUv2/dpu_conv.cpp:89->D:/project/DPUv2/dpu_conv.cpp:173]   --->   Operation 94 'zext' 'zext_ln89' <Predicate = (!icmp_ln85)> <Delay = 0.00>
ST_3 : Operation 95 [1/1] (0.00ns)   --->   "%shl_ln91_2 = bitconcatenate i8 @_ssdm_op_BitConcatenate.i8.i7.i1, i7 %ow_mid2, i1 0" [D:/project/DPUv2/dpu_conv.cpp:91->D:/project/DPUv2/dpu_conv.cpp:173]   --->   Operation 95 'bitconcatenate' 'shl_ln91_2' <Predicate = (!icmp_ln85)> <Delay = 0.00>
ST_3 : Operation 96 [1/1] (0.00ns)   --->   "%zext_ln91_2 = zext i8 %shl_ln91_2" [D:/project/DPUv2/dpu_conv.cpp:91->D:/project/DPUv2/dpu_conv.cpp:173]   --->   Operation 96 'zext' 'zext_ln91_2' <Predicate = (!icmp_ln85)> <Delay = 0.00>
ST_3 : Operation 97 [1/1] (0.00ns)   --->   "%zext_ln91_3 = zext i8 %shl_ln91_2" [D:/project/DPUv2/dpu_conv.cpp:91->D:/project/DPUv2/dpu_conv.cpp:173]   --->   Operation 97 'zext' 'zext_ln91_3' <Predicate = (!icmp_ln85)> <Delay = 0.00>
ST_3 : Operation 98 [1/1] (0.00ns) (grouped into TernaryAdder)   --->   "%add_ln91_3 = add i64 %add_ln91, i64 %zext_ln89" [D:/project/DPUv2/dpu_conv.cpp:91->D:/project/DPUv2/dpu_conv.cpp:173]   --->   Operation 98 'add' 'add_ln91_3' <Predicate = (!icmp_ln85)> <Delay = 0.00> <CoreInst = "TAddSub">   --->   Core 10 'TAddSub' <Latency = 0> <II = 1> <Delay = 2.65> <IPBlock> <Opcode : 'add' 'sub'> <InPorts = 3> <OutPorts = 1> <Sync> <CReg>
ST_3 : Operation 99 [1/1] (1.91ns)   --->   "%add_ln91_4 = add i9 %zext_ln91_3, i9 64" [D:/project/DPUv2/dpu_conv.cpp:91->D:/project/DPUv2/dpu_conv.cpp:173]   --->   Operation 99 'add' 'add_ln91_4' <Predicate = (!icmp_ln85)> <Delay = 1.91> <CoreInst = "Adder">   --->   Core 1 'Adder' <Latency = 0> <II = 1> <Delay = 1.82> <FuncUnit> <Opcode : 'add' 'sub'> <InPorts = 2> <OutPorts = 1>
ST_3 : Operation 100 [1/1] (0.00ns)   --->   "%zext_ln91_4 = zext i9 %add_ln91_4" [D:/project/DPUv2/dpu_conv.cpp:91->D:/project/DPUv2/dpu_conv.cpp:173]   --->   Operation 100 'zext' 'zext_ln91_4' <Predicate = (!icmp_ln85)> <Delay = 0.00>
ST_3 : Operation 101 [1/1] (5.30ns) (root node of TernaryAdder)   --->   "%add_ln91_5 = add i64 %zext_ln91_4, i64 %add_ln91_3" [D:/project/DPUv2/dpu_conv.cpp:91->D:/project/DPUv2/dpu_conv.cpp:173]   --->   Operation 101 'add' 'add_ln91_5' <Predicate = (!icmp_ln85)> <Delay = 5.30> <CoreInst = "TAddSub">   --->   Core 10 'TAddSub' <Latency = 0> <II = 1> <Delay = 2.65> <IPBlock> <Opcode : 'add' 'sub'> <InPorts = 3> <OutPorts = 1> <Sync> <CReg>
ST_3 : Operation 102 [1/1] (0.00ns) (grouped into TernaryAdder)   --->   "%add_ln91_6 = add i64 %add_ln91, i64 %zext_ln91_2" [D:/project/DPUv2/dpu_conv.cpp:91->D:/project/DPUv2/dpu_conv.cpp:173]   --->   Operation 102 'add' 'add_ln91_6' <Predicate = (!icmp_ln85)> <Delay = 0.00> <CoreInst = "TAddSub">   --->   Core 10 'TAddSub' <Latency = 0> <II = 1> <Delay = 2.65> <IPBlock> <Opcode : 'add' 'sub'> <InPorts = 3> <OutPorts = 1> <Sync> <CReg>
ST_3 : Operation 103 [1/1] (5.30ns) (root node of TernaryAdder)   --->   "%add_ln91_7 = add i64 %add_ln91_6, i64 %zext_ln89" [D:/project/DPUv2/dpu_conv.cpp:91->D:/project/DPUv2/dpu_conv.cpp:173]   --->   Operation 103 'add' 'add_ln91_7' <Predicate = (!icmp_ln85)> <Delay = 5.30> <CoreInst = "TAddSub">   --->   Core 10 'TAddSub' <Latency = 0> <II = 1> <Delay = 2.65> <IPBlock> <Opcode : 'add' 'sub'> <InPorts = 3> <OutPorts = 1> <Sync> <CReg>
ST_3 : Operation 104 [1/1] (0.00ns)   --->   "%gmem2_addr = getelementptr i8 %gmem2, i64 %add_ln91_7" [D:/project/DPUv2/dpu_conv.cpp:91->D:/project/DPUv2/dpu_conv.cpp:173]   --->   Operation 104 'getelementptr' 'gmem2_addr' <Predicate = (!icmp_ln85)> <Delay = 0.00>
ST_3 : Operation 105 [1/1] (0.00ns)   --->   "%gmem2_addr_1 = getelementptr i8 %gmem2, i64 %add_ln91_5" [D:/project/DPUv2/dpu_conv.cpp:93->D:/project/DPUv2/dpu_conv.cpp:173]   --->   Operation 105 'getelementptr' 'gmem2_addr_1' <Predicate = (!icmp_ln85)> <Delay = 0.00>
ST_3 : Operation 106 [1/1] (0.00ns)   --->   "%gmem0_addr_1 = getelementptr i8 %gmem0, i64 %add_ln91_2_mid2" [D:/project/DPUv2/dpu_conv.cpp:89->D:/project/DPUv2/dpu_conv.cpp:173]   --->   Operation 106 'getelementptr' 'gmem0_addr_1' <Predicate = (!icmp_ln85)> <Delay = 0.00>
ST_3 : Operation 107 [1/1] (1.87ns)   --->   "%add_ln89 = add i7 %ow_mid2, i7 1" [D:/project/DPUv2/dpu_conv.cpp:89->D:/project/DPUv2/dpu_conv.cpp:173]   --->   Operation 107 'add' 'add_ln89' <Predicate = (!icmp_ln85)> <Delay = 1.87> <CoreInst = "Adder">   --->   Core 1 'Adder' <Latency = 0> <II = 1> <Delay = 1.87> <FuncUnit> <Opcode : 'add' 'sub'> <InPorts = 2> <OutPorts = 1>
ST_3 : Operation 108 [1/1] (1.87ns)   --->   "%icmp_ln89_2 = icmp_eq  i7 %add_ln89, i7 %lshr_ln1_read" [D:/project/DPUv2/dpu_conv.cpp:89->D:/project/DPUv2/dpu_conv.cpp:173]   --->   Operation 108 'icmp' 'icmp_ln89_2' <Predicate = (!icmp_ln85)> <Delay = 1.87> <CoreInst = "Cmp">   --->   Core 9 'Cmp' <Latency = 0> <II = 1> <Delay = 1.87> <FuncUnit> <Opcode : 'seteq' 'setne' 'setle' 'setge' 'setlt' 'setgt'> <InPorts = 2> <OutPorts = 1>
ST_3 : Operation 109 [1/1] (0.00ns)   --->   "%br_ln89 = br i1 %icmp_ln89_2, void %new.latch.for.body9.i.split, void %last.iter.for.body9.i.split" [D:/project/DPUv2/dpu_conv.cpp:89->D:/project/DPUv2/dpu_conv.cpp:173]   --->   Operation 109 'br' 'br_ln89' <Predicate = (!icmp_ln85)> <Delay = 0.00>
ST_3 : Operation 110 [1/1] (1.58ns)   --->   "%store_ln87 = store i7 %select_ln87, i7 %oh" [D:/project/DPUv2/dpu_conv.cpp:87->D:/project/DPUv2/dpu_conv.cpp:173]   --->   Operation 110 'store' 'store_ln87' <Predicate = (!icmp_ln85)> <Delay = 1.58>
ST_3 : Operation 111 [1/1] (1.58ns)   --->   "%store_ln89 = store i7 %add_ln89, i7 %ow" [D:/project/DPUv2/dpu_conv.cpp:89->D:/project/DPUv2/dpu_conv.cpp:173]   --->   Operation 111 'store' 'store_ln89' <Predicate = (!icmp_ln85)> <Delay = 1.58>
ST_3 : Operation 112 [1/1] (0.00ns)   --->   "%br_ln89 = br void %for.body9.i" [D:/project/DPUv2/dpu_conv.cpp:89->D:/project/DPUv2/dpu_conv.cpp:173]   --->   Operation 112 'br' 'br_ln89' <Predicate = (!icmp_ln85)> <Delay = 0.00>

State 4 <SV = 3> <Delay = 8.03>
ST_4 : Operation 113 [1/1] ( I:8.03ns O:8.03ns )   --->   "%empty_66 = writereq i1 @_ssdm_op_WriteReq.m_axi.p1i8, i64 %gmem0_addr, i64 %zext_ln85_cast" [D:/project/DPUv2/dpu_conv.cpp:89->D:/project/DPUv2/dpu_conv.cpp:173]   --->   Operation 113 'writereq' 'empty_66' <Predicate = (!icmp_ln85 & first_iter_0)> <Delay = 8.03> <CoreInst = "m_axi">   --->   Core 111 'm_axi' <Latency = 9> <II = 1> <Delay = 1.00> <Adapter> <Opcode : 'readrequnaligned' 'writerequnaligned' 'read' 'write' 'readreq' 'writereq' 'writeresp'>
ST_4 : Operation 114 [1/1] (0.00ns)   --->   "%br_ln89 = br void %for.body9.i.split" [D:/project/DPUv2/dpu_conv.cpp:89->D:/project/DPUv2/dpu_conv.cpp:173]   --->   Operation 114 'br' 'br_ln89' <Predicate = (!icmp_ln85 & first_iter_0)> <Delay = 0.00>
ST_4 : Operation 115 [8/8] (8.03ns)   --->   "%empty_64 = readreq i1 @_ssdm_op_ReadReq.m_axi.p1i8, i64 %gmem2_addr, i64 2" [D:/project/DPUv2/dpu_conv.cpp:91->D:/project/DPUv2/dpu_conv.cpp:173]   --->   Operation 115 'readreq' 'empty_64' <Predicate = (!icmp_ln85)> <Delay = 8.03> <CoreInst = "m_axi">   --->   Core 111 'm_axi' <Latency = 6> <II = 1> <Delay = 1.00> <Adapter> <Opcode : 'readrequnaligned' 'writerequnaligned' 'read' 'write' 'readreq' 'writereq' 'writeresp'>

State 5 <SV = 4> <Delay = 0.00>
ST_5 : Operation 116 [7/8] (8.03ns)   --->   "%empty_64 = readreq i1 @_ssdm_op_ReadReq.m_axi.p1i8, i64 %gmem2_addr, i64 2" [D:/project/DPUv2/dpu_conv.cpp:91->D:/project/DPUv2/dpu_conv.cpp:173]   --->   Operation 116 'readreq' 'empty_64' <Predicate = (!icmp_ln85)> <Delay = 8.03> <CoreInst = "m_axi">   --->   Core 111 'm_axi' <Latency = 6> <II = 1> <Delay = 1.00> <Adapter> <Opcode : 'readrequnaligned' 'writerequnaligned' 'read' 'write' 'readreq' 'writereq' 'writeresp'>

State 6 <SV = 5> <Delay = 0.00>
ST_6 : Operation 117 [6/8] (8.03ns)   --->   "%empty_64 = readreq i1 @_ssdm_op_ReadReq.m_axi.p1i8, i64 %gmem2_addr, i64 2" [D:/project/DPUv2/dpu_conv.cpp:91->D:/project/DPUv2/dpu_conv.cpp:173]   --->   Operation 117 'readreq' 'empty_64' <Predicate = true> <Delay = 8.03> <CoreInst = "m_axi">   --->   Core 111 'm_axi' <Latency = 6> <II = 1> <Delay = 1.00> <Adapter> <Opcode : 'readrequnaligned' 'writerequnaligned' 'read' 'write' 'readreq' 'writereq' 'writeresp'>
ST_6 : Operation 118 [8/8] (8.03ns)   --->   "%empty_65 = readreq i1 @_ssdm_op_ReadReq.m_axi.p1i8, i64 %gmem2_addr_1, i64 2" [D:/project/DPUv2/dpu_conv.cpp:93->D:/project/DPUv2/dpu_conv.cpp:173]   --->   Operation 118 'readreq' 'empty_65' <Predicate = true> <Delay = 8.03> <CoreInst = "m_axi">   --->   Core 111 'm_axi' <Latency = 6> <II = 1> <Delay = 1.00> <Adapter> <Opcode : 'readrequnaligned' 'writerequnaligned' 'read' 'write' 'readreq' 'writereq' 'writeresp'>

State 7 <SV = 6> <Delay = 0.00>
ST_7 : Operation 119 [5/8] (8.03ns)   --->   "%empty_64 = readreq i1 @_ssdm_op_ReadReq.m_axi.p1i8, i64 %gmem2_addr, i64 2" [D:/project/DPUv2/dpu_conv.cpp:91->D:/project/DPUv2/dpu_conv.cpp:173]   --->   Operation 119 'readreq' 'empty_64' <Predicate = true> <Delay = 8.03> <CoreInst = "m_axi">   --->   Core 111 'm_axi' <Latency = 6> <II = 1> <Delay = 1.00> <Adapter> <Opcode : 'readrequnaligned' 'writerequnaligned' 'read' 'write' 'readreq' 'writereq' 'writeresp'>
ST_7 : Operation 120 [7/8] (8.03ns)   --->   "%empty_65 = readreq i1 @_ssdm_op_ReadReq.m_axi.p1i8, i64 %gmem2_addr_1, i64 2" [D:/project/DPUv2/dpu_conv.cpp:93->D:/project/DPUv2/dpu_conv.cpp:173]   --->   Operation 120 'readreq' 'empty_65' <Predicate = true> <Delay = 8.03> <CoreInst = "m_axi">   --->   Core 111 'm_axi' <Latency = 6> <II = 1> <Delay = 1.00> <Adapter> <Opcode : 'readrequnaligned' 'writerequnaligned' 'read' 'write' 'readreq' 'writereq' 'writeresp'>

State 8 <SV = 7> <Delay = 0.00>
ST_8 : Operation 121 [4/8] (8.03ns)   --->   "%empty_64 = readreq i1 @_ssdm_op_ReadReq.m_axi.p1i8, i64 %gmem2_addr, i64 2" [D:/project/DPUv2/dpu_conv.cpp:91->D:/project/DPUv2/dpu_conv.cpp:173]   --->   Operation 121 'readreq' 'empty_64' <Predicate = true> <Delay = 8.03> <CoreInst = "m_axi">   --->   Core 111 'm_axi' <Latency = 6> <II = 1> <Delay = 1.00> <Adapter> <Opcode : 'readrequnaligned' 'writerequnaligned' 'read' 'write' 'readreq' 'writereq' 'writeresp'>
ST_8 : Operation 122 [6/8] (8.03ns)   --->   "%empty_65 = readreq i1 @_ssdm_op_ReadReq.m_axi.p1i8, i64 %gmem2_addr_1, i64 2" [D:/project/DPUv2/dpu_conv.cpp:93->D:/project/DPUv2/dpu_conv.cpp:173]   --->   Operation 122 'readreq' 'empty_65' <Predicate = true> <Delay = 8.03> <CoreInst = "m_axi">   --->   Core 111 'm_axi' <Latency = 6> <II = 1> <Delay = 1.00> <Adapter> <Opcode : 'readrequnaligned' 'writerequnaligned' 'read' 'write' 'readreq' 'writereq' 'writeresp'>

State 9 <SV = 8> <Delay = 0.00>
ST_9 : Operation 123 [3/8] (8.03ns)   --->   "%empty_64 = readreq i1 @_ssdm_op_ReadReq.m_axi.p1i8, i64 %gmem2_addr, i64 2" [D:/project/DPUv2/dpu_conv.cpp:91->D:/project/DPUv2/dpu_conv.cpp:173]   --->   Operation 123 'readreq' 'empty_64' <Predicate = true> <Delay = 8.03> <CoreInst = "m_axi">   --->   Core 111 'm_axi' <Latency = 6> <II = 1> <Delay = 1.00> <Adapter> <Opcode : 'readrequnaligned' 'writerequnaligned' 'read' 'write' 'readreq' 'writereq' 'writeresp'>
ST_9 : Operation 124 [5/8] (8.03ns)   --->   "%empty_65 = readreq i1 @_ssdm_op_ReadReq.m_axi.p1i8, i64 %gmem2_addr_1, i64 2" [D:/project/DPUv2/dpu_conv.cpp:93->D:/project/DPUv2/dpu_conv.cpp:173]   --->   Operation 124 'readreq' 'empty_65' <Predicate = true> <Delay = 8.03> <CoreInst = "m_axi">   --->   Core 111 'm_axi' <Latency = 6> <II = 1> <Delay = 1.00> <Adapter> <Opcode : 'readrequnaligned' 'writerequnaligned' 'read' 'write' 'readreq' 'writereq' 'writeresp'>

State 10 <SV = 9> <Delay = 0.00>
ST_10 : Operation 125 [2/8] (8.03ns)   --->   "%empty_64 = readreq i1 @_ssdm_op_ReadReq.m_axi.p1i8, i64 %gmem2_addr, i64 2" [D:/project/DPUv2/dpu_conv.cpp:91->D:/project/DPUv2/dpu_conv.cpp:173]   --->   Operation 125 'readreq' 'empty_64' <Predicate = true> <Delay = 8.03> <CoreInst = "m_axi">   --->   Core 111 'm_axi' <Latency = 6> <II = 1> <Delay = 1.00> <Adapter> <Opcode : 'readrequnaligned' 'writerequnaligned' 'read' 'write' 'readreq' 'writereq' 'writeresp'>
ST_10 : Operation 126 [4/8] (8.03ns)   --->   "%empty_65 = readreq i1 @_ssdm_op_ReadReq.m_axi.p1i8, i64 %gmem2_addr_1, i64 2" [D:/project/DPUv2/dpu_conv.cpp:93->D:/project/DPUv2/dpu_conv.cpp:173]   --->   Operation 126 'readreq' 'empty_65' <Predicate = true> <Delay = 8.03> <CoreInst = "m_axi">   --->   Core 111 'm_axi' <Latency = 6> <II = 1> <Delay = 1.00> <Adapter> <Opcode : 'readrequnaligned' 'writerequnaligned' 'read' 'write' 'readreq' 'writereq' 'writeresp'>

State 11 <SV = 10> <Delay = 8.03>
ST_11 : Operation 127 [1/8] ( I:8.03ns O:8.03ns )   --->   "%empty_64 = readreq i1 @_ssdm_op_ReadReq.m_axi.p1i8, i64 %gmem2_addr, i64 2" [D:/project/DPUv2/dpu_conv.cpp:91->D:/project/DPUv2/dpu_conv.cpp:173]   --->   Operation 127 'readreq' 'empty_64' <Predicate = true> <Delay = 8.03> <CoreInst = "m_axi">   --->   Core 111 'm_axi' <Latency = 6> <II = 1> <Delay = 1.00> <Adapter> <Opcode : 'readrequnaligned' 'writerequnaligned' 'read' 'write' 'readreq' 'writereq' 'writeresp'>
ST_11 : Operation 128 [3/8] (8.03ns)   --->   "%empty_65 = readreq i1 @_ssdm_op_ReadReq.m_axi.p1i8, i64 %gmem2_addr_1, i64 2" [D:/project/DPUv2/dpu_conv.cpp:93->D:/project/DPUv2/dpu_conv.cpp:173]   --->   Operation 128 'readreq' 'empty_65' <Predicate = true> <Delay = 8.03> <CoreInst = "m_axi">   --->   Core 111 'm_axi' <Latency = 6> <II = 1> <Delay = 1.00> <Adapter> <Opcode : 'readrequnaligned' 'writerequnaligned' 'read' 'write' 'readreq' 'writereq' 'writeresp'>

State 12 <SV = 11> <Delay = 8.03>
ST_12 : Operation 129 [1/1] ( I:8.03ns O:8.03ns )   --->   "%p00 = read i8 @_ssdm_op_Read.m_axi.i8.p1i8, i64 %gmem2_addr" [D:/project/DPUv2/dpu_conv.cpp:91->D:/project/DPUv2/dpu_conv.cpp:173]   --->   Operation 129 'read' 'p00' <Predicate = true> <Delay = 8.03> <CoreInst = "m_axi">   --->   Core 111 'm_axi' <Latency = 3> <II = 1> <Delay = 1.00> <Adapter> <Opcode : 'readrequnaligned' 'writerequnaligned' 'read' 'write' 'readreq' 'writereq' 'writeresp'>
ST_12 : Operation 130 [2/8] (8.03ns)   --->   "%empty_65 = readreq i1 @_ssdm_op_ReadReq.m_axi.p1i8, i64 %gmem2_addr_1, i64 2" [D:/project/DPUv2/dpu_conv.cpp:93->D:/project/DPUv2/dpu_conv.cpp:173]   --->   Operation 130 'readreq' 'empty_65' <Predicate = true> <Delay = 8.03> <CoreInst = "m_axi">   --->   Core 111 'm_axi' <Latency = 6> <II = 1> <Delay = 1.00> <Adapter> <Opcode : 'readrequnaligned' 'writerequnaligned' 'read' 'write' 'readreq' 'writereq' 'writeresp'>

State 13 <SV = 12> <Delay = 8.03>
ST_13 : Operation 131 [1/1] ( I:8.03ns O:8.03ns )   --->   "%p01 = read i8 @_ssdm_op_Read.m_axi.i8.p1i8, i64 %gmem2_addr" [D:/project/DPUv2/dpu_conv.cpp:91->D:/project/DPUv2/dpu_conv.cpp:173]   --->   Operation 131 'read' 'p01' <Predicate = true> <Delay = 8.03> <CoreInst = "m_axi">   --->   Core 111 'm_axi' <Latency = 3> <II = 1> <Delay = 1.00> <Adapter> <Opcode : 'readrequnaligned' 'writerequnaligned' 'read' 'write' 'readreq' 'writereq' 'writeresp'>
ST_13 : Operation 132 [1/8] ( I:8.03ns O:8.03ns )   --->   "%empty_65 = readreq i1 @_ssdm_op_ReadReq.m_axi.p1i8, i64 %gmem2_addr_1, i64 2" [D:/project/DPUv2/dpu_conv.cpp:93->D:/project/DPUv2/dpu_conv.cpp:173]   --->   Operation 132 'readreq' 'empty_65' <Predicate = true> <Delay = 8.03> <CoreInst = "m_axi">   --->   Core 111 'm_axi' <Latency = 6> <II = 1> <Delay = 1.00> <Adapter> <Opcode : 'readrequnaligned' 'writerequnaligned' 'read' 'write' 'readreq' 'writereq' 'writeresp'>

State 14 <SV = 13> <Delay = 8.03>
ST_14 : Operation 133 [1/1] ( I:8.03ns O:8.03ns )   --->   "%p10 = read i8 @_ssdm_op_Read.m_axi.i8.p1i8, i64 %gmem2_addr_1" [D:/project/DPUv2/dpu_conv.cpp:93->D:/project/DPUv2/dpu_conv.cpp:173]   --->   Operation 133 'read' 'p10' <Predicate = true> <Delay = 8.03> <CoreInst = "m_axi">   --->   Core 111 'm_axi' <Latency = 3> <II = 1> <Delay = 1.00> <Adapter> <Opcode : 'readrequnaligned' 'writerequnaligned' 'read' 'write' 'readreq' 'writereq' 'writeresp'>

State 15 <SV = 14> <Delay = 8.03>
ST_15 : Operation 134 [1/1] ( I:8.03ns O:8.03ns )   --->   "%p11 = read i8 @_ssdm_op_Read.m_axi.i8.p1i8, i64 %gmem2_addr_1" [D:/project/DPUv2/dpu_conv.cpp:93->D:/project/DPUv2/dpu_conv.cpp:173]   --->   Operation 134 'read' 'p11' <Predicate = true> <Delay = 8.03> <CoreInst = "m_axi">   --->   Core 111 'm_axi' <Latency = 3> <II = 1> <Delay = 1.00> <Adapter> <Opcode : 'readrequnaligned' 'writerequnaligned' 'read' 'write' 'readreq' 'writereq' 'writeresp'>
ST_15 : Operation 135 [1/1] (1.91ns)   --->   "%icmp_ln96 = icmp_sgt  i8 %p00, i8 %p01" [D:/project/DPUv2/dpu_conv.cpp:96->D:/project/DPUv2/dpu_conv.cpp:173]   --->   Operation 135 'icmp' 'icmp_ln96' <Predicate = true> <Delay = 1.91> <CoreInst = "Cmp">   --->   Core 9 'Cmp' <Latency = 0> <II = 1> <Delay = 1.91> <FuncUnit> <Opcode : 'seteq' 'setne' 'setle' 'setge' 'setlt' 'setgt'> <InPorts = 2> <OutPorts = 1>
ST_15 : Operation 136 [1/1] (1.24ns)   --->   "%m0 = select i1 %icmp_ln96, i8 %p00, i8 %p01" [D:/project/DPUv2/dpu_conv.cpp:96->D:/project/DPUv2/dpu_conv.cpp:173]   --->   Operation 136 'select' 'm0' <Predicate = true> <Delay = 1.24> <CoreInst = "Sel">   --->   Core 73 'Sel' <Latency = 0> <II = 1> <Delay = 1.24> <FuncUnit> <Opcode : 'select'> <InPorts = 3> <OutPorts = 1>

State 16 <SV = 15> <Delay = 6.32>
ST_16 : Operation 137 [1/1] (1.91ns)   --->   "%icmp_ln97 = icmp_sgt  i8 %p10, i8 %p11" [D:/project/DPUv2/dpu_conv.cpp:97->D:/project/DPUv2/dpu_conv.cpp:173]   --->   Operation 137 'icmp' 'icmp_ln97' <Predicate = true> <Delay = 1.91> <CoreInst = "Cmp">   --->   Core 9 'Cmp' <Latency = 0> <II = 1> <Delay = 1.91> <FuncUnit> <Opcode : 'seteq' 'setne' 'setle' 'setge' 'setlt' 'setgt'> <InPorts = 2> <OutPorts = 1>
ST_16 : Operation 138 [1/1] (1.24ns)   --->   "%m1 = select i1 %icmp_ln97, i8 %p10, i8 %p11" [D:/project/DPUv2/dpu_conv.cpp:97->D:/project/DPUv2/dpu_conv.cpp:173]   --->   Operation 138 'select' 'm1' <Predicate = true> <Delay = 1.24> <CoreInst = "Sel">   --->   Core 73 'Sel' <Latency = 0> <II = 1> <Delay = 1.24> <FuncUnit> <Opcode : 'select'> <InPorts = 3> <OutPorts = 1>
ST_16 : Operation 139 [1/1] (1.91ns)   --->   "%icmp_ln98 = icmp_sgt  i8 %m0, i8 %m1" [D:/project/DPUv2/dpu_conv.cpp:98->D:/project/DPUv2/dpu_conv.cpp:173]   --->   Operation 139 'icmp' 'icmp_ln98' <Predicate = true> <Delay = 1.91> <CoreInst = "Cmp">   --->   Core 9 'Cmp' <Latency = 0> <II = 1> <Delay = 1.91> <FuncUnit> <Opcode : 'seteq' 'setne' 'setle' 'setge' 'setlt' 'setgt'> <InPorts = 2> <OutPorts = 1>
ST_16 : Operation 140 [1/1] (1.24ns)   --->   "%select_ln98 = select i1 %icmp_ln98, i8 %m0, i8 %m1" [D:/project/DPUv2/dpu_conv.cpp:98->D:/project/DPUv2/dpu_conv.cpp:173]   --->   Operation 140 'select' 'select_ln98' <Predicate = true> <Delay = 1.24> <CoreInst = "Sel">   --->   Core 73 'Sel' <Latency = 0> <II = 1> <Delay = 1.24> <FuncUnit> <Opcode : 'select'> <InPorts = 3> <OutPorts = 1>

State 17 <SV = 16> <Delay = 8.03>
ST_17 : Operation 141 [1/1] (0.00ns)   --->   "%specpipeline_ln90 = specpipeline void @_ssdm_op_SpecPipeline, i32 1, i32 0, i32 0, i32 0, i32 4294967295, void @empty_47" [D:/project/DPUv2/dpu_conv.cpp:90->D:/project/DPUv2/dpu_conv.cpp:173]   --->   Operation 141 'specpipeline' 'specpipeline_ln90' <Predicate = true> <Delay = 0.00>
ST_17 : Operation 142 [1/1] ( I:8.03ns O:8.03ns )   --->   "%write_ln98 = write void @_ssdm_op_Write.m_axi.p1i8.i8, i64 %gmem0_addr_1, i8 %select_ln98, i1 1" [D:/project/DPUv2/dpu_conv.cpp:98->D:/project/DPUv2/dpu_conv.cpp:173]   --->   Operation 142 'write' 'write_ln98' <Predicate = true> <Delay = 8.03> <CoreInst = "m_axi">   --->   Core 111 'm_axi' <Latency = 5> <II = 1> <Delay = 1.00> <Adapter> <Opcode : 'readrequnaligned' 'writerequnaligned' 'read' 'write' 'readreq' 'writereq' 'writeresp'>

State 18 <SV = 17> <Delay = 1.58>
ST_18 : Operation 143 [5/5] (8.03ns)   --->   "%empty = writeresp i1 @_ssdm_op_WriteResp.m_axi.p1i8, i64 %gmem0_addr_1" [D:/project/DPUv2/dpu_conv.cpp:87->D:/project/DPUv2/dpu_conv.cpp:173]   --->   Operation 143 'writeresp' 'empty' <Predicate = (icmp_ln89_2)> <Delay = 8.03> <CoreInst = "m_axi">   --->   Core 111 'm_axi' <Latency = 3> <II = 1> <Delay = 1.00> <Adapter> <Opcode : 'readrequnaligned' 'writerequnaligned' 'read' 'write' 'readreq' 'writereq' 'writeresp'>
ST_18 : Operation 149 [1/1] (1.58ns)   --->   "%ret_ln0 = ret"   --->   Operation 149 'ret' 'ret_ln0' <Predicate = (icmp_ln85)> <Delay = 1.58>

State 19 <SV = 18> <Delay = 0.00>
ST_19 : Operation 144 [4/5] (8.03ns)   --->   "%empty = writeresp i1 @_ssdm_op_WriteResp.m_axi.p1i8, i64 %gmem0_addr_1" [D:/project/DPUv2/dpu_conv.cpp:87->D:/project/DPUv2/dpu_conv.cpp:173]   --->   Operation 144 'writeresp' 'empty' <Predicate = (icmp_ln89_2)> <Delay = 8.03> <CoreInst = "m_axi">   --->   Core 111 'm_axi' <Latency = 3> <II = 1> <Delay = 1.00> <Adapter> <Opcode : 'readrequnaligned' 'writerequnaligned' 'read' 'write' 'readreq' 'writereq' 'writeresp'>

State 20 <SV = 19> <Delay = 0.00>
ST_20 : Operation 145 [3/5] (8.03ns)   --->   "%empty = writeresp i1 @_ssdm_op_WriteResp.m_axi.p1i8, i64 %gmem0_addr_1" [D:/project/DPUv2/dpu_conv.cpp:87->D:/project/DPUv2/dpu_conv.cpp:173]   --->   Operation 145 'writeresp' 'empty' <Predicate = (icmp_ln89_2)> <Delay = 8.03> <CoreInst = "m_axi">   --->   Core 111 'm_axi' <Latency = 3> <II = 1> <Delay = 1.00> <Adapter> <Opcode : 'readrequnaligned' 'writerequnaligned' 'read' 'write' 'readreq' 'writereq' 'writeresp'>

State 21 <SV = 20> <Delay = 0.00>
ST_21 : Operation 146 [2/5] (8.03ns)   --->   "%empty = writeresp i1 @_ssdm_op_WriteResp.m_axi.p1i8, i64 %gmem0_addr_1" [D:/project/DPUv2/dpu_conv.cpp:87->D:/project/DPUv2/dpu_conv.cpp:173]   --->   Operation 146 'writeresp' 'empty' <Predicate = (icmp_ln89_2)> <Delay = 8.03> <CoreInst = "m_axi">   --->   Core 111 'm_axi' <Latency = 3> <II = 1> <Delay = 1.00> <Adapter> <Opcode : 'readrequnaligned' 'writerequnaligned' 'read' 'write' 'readreq' 'writereq' 'writeresp'>

State 22 <SV = 21> <Delay = 8.03>
ST_22 : Operation 147 [1/5] ( I:8.03ns O:8.03ns )   --->   "%empty = writeresp i1 @_ssdm_op_WriteResp.m_axi.p1i8, i64 %gmem0_addr_1" [D:/project/DPUv2/dpu_conv.cpp:87->D:/project/DPUv2/dpu_conv.cpp:173]   --->   Operation 147 'writeresp' 'empty' <Predicate = (icmp_ln89_2)> <Delay = 8.03> <CoreInst = "m_axi">   --->   Core 111 'm_axi' <Latency = 3> <II = 1> <Delay = 1.00> <Adapter> <Opcode : 'readrequnaligned' 'writerequnaligned' 'read' 'write' 'readreq' 'writereq' 'writeresp'>
ST_22 : Operation 148 [1/1] (0.00ns)   --->   "%br_ln89 = br void %new.latch.for.body9.i.split" [D:/project/DPUv2/dpu_conv.cpp:89->D:/project/DPUv2/dpu_conv.cpp:173]   --->   Operation 148 'br' 'br_ln89' <Predicate = (icmp_ln89_2)> <Delay = 0.00>


============================================================
+ Verbose Summary: Binding
============================================================
STG Binding: 
---------------- STG Properties BEGIN ----------------
- Is combinational: 0
- Is one-state seq: 0
- Is datapath-only: 0
- Is pipelined: 0
- Is top level: 0
Port [ Return ] is wired: 1; IO mode=ap_ctrl_hs:ce=0
Port [ gmem0]:  wired=1; compound=1; hidden=0; nouse=0; global=0; static=0; extern=0; dir=1; type=4; pingpong=0; private_global=0; IO mode=m_axi:ce=0
Port [ gmem2]:  wired=1; compound=1; hidden=0; nouse=0; global=0; static=0; extern=0; dir=0; type=4; pingpong=0; private_global=0; IO mode=m_axi:ce=0
Port [ ofmap]:  wired=1; compound=0; hidden=0; nouse=0; global=0; static=0; extern=0; dir=0; type=0; pingpong=0; private_global=0; IO mode=ap_none:ce=0
Port [ mul_ln82_1]:  wired=1; compound=0; hidden=0; nouse=0; global=0; static=0; extern=0; dir=0; type=0; pingpong=0; private_global=0; IO mode=ap_none:ce=0
Port [ conv_scratch]:  wired=1; compound=0; hidden=0; nouse=0; global=0; static=0; extern=0; dir=0; type=0; pingpong=0; private_global=0; IO mode=ap_none:ce=0
Port [ lshr_ln1]:  wired=1; compound=0; hidden=0; nouse=0; global=0; static=0; extern=0; dir=0; type=0; pingpong=0; private_global=0; IO mode=ap_none:ce=0
Port [ zext_ln85]:  wired=1; compound=0; hidden=0; nouse=0; global=0; static=0; extern=0; dir=0; type=0; pingpong=0; private_global=0; IO mode=ap_none:ce=0
Port [ mul_ln82]:  wired=1; compound=0; hidden=0; nouse=0; global=0; static=0; extern=0; dir=0; type=0; pingpong=0; private_global=0; IO mode=ap_none:ce=0
---------------- STG Properties END ------------------

---------------- Datapath Model BEGIN ----------------

<LifeTime>
<method=bitvector/>
ow                    (alloca           ) [ 01110000000000000000000]
oh                    (alloca           ) [ 01110000000000000000000]
indvar_flatten        (alloca           ) [ 01100000000000000000000]
oc                    (alloca           ) [ 01100000000000000000000]
indvar_flatten25      (alloca           ) [ 01100000000000000000000]
mul_ln82_read         (read             ) [ 00100000000000000000000]
zext_ln85_read        (read             ) [ 00000000000000000000000]
lshr_ln1_read         (read             ) [ 00110000000000000000000]
conv_scratch_read     (read             ) [ 00100000000000000000000]
mul_ln82_1_read       (read             ) [ 00100000000000000000000]
ofmap_read            (read             ) [ 00110000000000000000000]
zext_ln85_cast        (zext             ) [ 00111000000000000000000]
specinterface_ln0     (specinterface    ) [ 00000000000000000000000]
specinterface_ln0     (specinterface    ) [ 00000000000000000000000]
store_ln0             (store            ) [ 00000000000000000000000]
store_ln85            (store            ) [ 00000000000000000000000]
store_ln0             (store            ) [ 00000000000000000000000]
store_ln87            (store            ) [ 00000000000000000000000]
store_ln89            (store            ) [ 00000000000000000000000]
br_ln0                (br               ) [ 00000000000000000000000]
oh_1                  (load             ) [ 00010000000000000000000]
indvar_flatten_load   (load             ) [ 00000000000000000000000]
oc_1                  (load             ) [ 00000000000000000000000]
indvar_flatten25_load (load             ) [ 00000000000000000000000]
shl_ln                (bitconcatenate   ) [ 00010000000000000000000]
icmp_ln85             (icmp             ) [ 01111111111111111110000]
add_ln85              (add              ) [ 00000000000000000000000]
br_ln85               (br               ) [ 00000000000000000000000]
ow_load               (load             ) [ 00000000000000000000000]
icmp_ln87             (icmp             ) [ 00010000000000000000000]
select_ln85           (select           ) [ 00010000000000000000000]
add_ln85_1            (add              ) [ 00000000000000000000000]
shl_ln91_mid1         (bitconcatenate   ) [ 00010000000000000000000]
select_ln85_1         (select           ) [ 00000000000000000000000]
zext_ln85_1           (zext             ) [ 00010000000000000000000]
icmp_ln89             (icmp             ) [ 00000000000000000000000]
icmp_ln89_1           (icmp             ) [ 00000000000000000000000]
select_ln85_3         (select           ) [ 00010000000000000000000]
select_ln85_4         (select           ) [ 00000000000000000000000]
add_ln87              (add              ) [ 00010000000000000000000]
empty_67              (or               ) [ 00000000000000000000000]
ow_mid2               (select           ) [ 00010000000000000000000]
first_iter_0          (icmp             ) [ 00011000000000000000000]
br_ln89               (br               ) [ 00000000000000000000000]
add_ln91              (add              ) [ 00010000000000000000000]
add_ln87_1            (add              ) [ 00000000000000000000000]
select_ln87_1         (select           ) [ 00000000000000000000000]
store_ln85            (store            ) [ 00000000000000000000000]
store_ln85            (store            ) [ 00000000000000000000000]
store_ln87            (store            ) [ 00000000000000000000000]
specbitsmap_ln0       (specbitsmap      ) [ 00000000000000000000000]
specbitsmap_ln0       (specbitsmap      ) [ 00000000000000000000000]
zext_ln91             (zext             ) [ 00000000000000000000000]
shl_ln91_3            (bitconcatenate   ) [ 00000000000000000000000]
zext_ln91_1           (zext             ) [ 00000000000000000000000]
add_ln91_1            (add              ) [ 00000000000000000000000]
add_ln91_2            (add              ) [ 00000000000000000000000]
specloopname_ln0      (specloopname     ) [ 00000000000000000000000]
speclooptripcount_ln0 (speclooptripcount) [ 00000000000000000000000]
zext_ln91_5           (zext             ) [ 00000000000000000000000]
add_ln91_8            (add              ) [ 00000000000000000000000]
select_ln85_2         (select           ) [ 00000000000000000000000]
shl_ln91_3_mid1       (bitconcatenate   ) [ 00000000000000000000000]
zext_ln91_6           (zext             ) [ 00000000000000000000000]
add_ln91_9            (add              ) [ 00000000000000000000000]
add_ln91_10           (add              ) [ 00000000000000000000000]
add_ln91_2_mid2       (select           ) [ 00000000000000000000000]
select_ln87           (select           ) [ 00000000000000000000000]
gmem0_addr            (getelementptr    ) [ 00001000000000000000000]
shl_ln91_1            (bitconcatenate   ) [ 00000000000000000000000]
zext_ln89             (zext             ) [ 00000000000000000000000]
shl_ln91_2            (bitconcatenate   ) [ 00000000000000000000000]
zext_ln91_2           (zext             ) [ 00000000000000000000000]
zext_ln91_3           (zext             ) [ 00000000000000000000000]
add_ln91_3            (add              ) [ 00000000000000000000000]
add_ln91_4            (add              ) [ 00000000000000000000000]
zext_ln91_4           (zext             ) [ 00000000000000000000000]
add_ln91_5            (add              ) [ 00000000000000000000000]
add_ln91_6            (add              ) [ 00000000000000000000000]
add_ln91_7            (add              ) [ 00000000000000000000000]
gmem2_addr            (getelementptr    ) [ 01111111111111000000000]
gmem2_addr_1          (getelementptr    ) [ 01111111111111110000000]
gmem0_addr_1          (getelementptr    ) [ 01111111111111111111111]
add_ln89              (add              ) [ 00000000000000000000000]
icmp_ln89_2           (icmp             ) [ 01111111111111111111111]
br_ln89               (br               ) [ 00000000000000000000000]
store_ln87            (store            ) [ 00000000000000000000000]
store_ln89            (store            ) [ 00000000000000000000000]
br_ln89               (br               ) [ 00000000000000000000000]
empty_66              (writereq         ) [ 00000000000000000000000]
br_ln89               (br               ) [ 00000000000000000000000]
empty_64              (readreq          ) [ 00000000000000000000000]
p00                   (read             ) [ 01110000000001110000000]
p01                   (read             ) [ 00110000000000110000000]
empty_65              (readreq          ) [ 00000000000000000000000]
p10                   (read             ) [ 00011000000000011000000]
p11                   (read             ) [ 00001000000000001000000]
icmp_ln96             (icmp             ) [ 00000000000000000000000]
m0                    (select           ) [ 00001000000000001000000]
icmp_ln97             (icmp             ) [ 00000000000000000000000]
m1                    (select           ) [ 00000000000000000000000]
icmp_ln98             (icmp             ) [ 00000000000000000000000]
select_ln98           (select           ) [ 01000000000000000100000]
specpipeline_ln90     (specpipeline     ) [ 00000000000000000000000]
write_ln98            (write            ) [ 00000000000000000000000]
empty                 (writeresp        ) [ 00000000000000000000000]
br_ln89               (br               ) [ 00000000000000000000000]
ret_ln0               (ret              ) [ 00000000000000000000000]
</LifeTime>

<model>

<comp_list>
<comp id="0" class="1000" name="gmem0">
<pin_list>
<pin id="1" dir="1" index="0" bw="1" slack="0"/>
</pin_list>
<bind>
<StgValue><ssdm name="gmem0"/><MemPortTyVec>1 </MemPortTyVec>
</StgValue>
</bind>
</comp>

<comp id="2" class="1000" name="gmem2">
<pin_list>
<pin id="3" dir="1" index="0" bw="1" slack="0"/>
</pin_list>
<bind>
<StgValue><ssdm name="gmem2"/><MemPortTyVec>0 </MemPortTyVec>
</StgValue>
</bind>
</comp>

<comp id="4" class="1000" name="ofmap">
<pin_list>
<pin id="5" dir="1" index="0" bw="1" slack="0"/>
</pin_list>
<bind>
<StgValue><ssdm name="ofmap"/></StgValue>
</bind>
</comp>

<comp id="6" class="1000" name="mul_ln82_1">
<pin_list>
<pin id="7" dir="1" index="0" bw="1" slack="0"/>
</pin_list>
<bind>
<StgValue><ssdm name="mul_ln82_1"/></StgValue>
</bind>
</comp>

<comp id="8" class="1000" name="conv_scratch">
<pin_list>
<pin id="9" dir="1" index="0" bw="1" slack="0"/>
</pin_list>
<bind>
<StgValue><ssdm name="conv_scratch"/></StgValue>
</bind>
</comp>

<comp id="10" class="1000" name="lshr_ln1">
<pin_list>
<pin id="11" dir="1" index="0" bw="1" slack="0"/>
</pin_list>
<bind>
<StgValue><ssdm name="lshr_ln1"/></StgValue>
</bind>
</comp>

<comp id="12" class="1000" name="zext_ln85">
<pin_list>
<pin id="13" dir="1" index="0" bw="1" slack="0"/>
</pin_list>
<bind>
<StgValue><ssdm name="zext_ln85"/></StgValue>
</bind>
</comp>

<comp id="14" class="1000" name="mul_ln82">
<pin_list>
<pin id="15" dir="1" index="0" bw="1" slack="0"/>
</pin_list>
<bind>
<StgValue><ssdm name="mul_ln82"/></StgValue>
</bind>
</comp>

<comp id="16" class="1001" name="const_16">
<pin_list>
<pin id="17" dir="1" index="0" bw="1" slack="0"/>
</pin_list>
<bind>
<StgValue><ssdm name=""/></StgValue>
</bind>
</comp>

<comp id="18" class="1001" name="const_18">
<pin_list>
<pin id="19" dir="1" index="0" bw="1" slack="0"/>
</pin_list>
<bind>
<StgValue><ssdm name="_ssdm_op_Read.ap_auto.i14"/></StgValue>
</bind>
</comp>

<comp id="20" class="1001" name="const_20">
<pin_list>
<pin id="21" dir="1" index="0" bw="1" slack="0"/>
</pin_list>
<bind>
<StgValue><ssdm name="_ssdm_op_Read.ap_auto.i7"/></StgValue>
</bind>
</comp>

<comp id="22" class="1001" name="const_22">
<pin_list>
<pin id="23" dir="1" index="0" bw="1" slack="0"/>
</pin_list>
<bind>
<StgValue><ssdm name="_ssdm_op_Read.ap_auto.i64"/></StgValue>
</bind>
</comp>

<comp id="24" class="1001" name="const_24">
<pin_list>
<pin id="25" dir="1" index="0" bw="1" slack="0"/>
</pin_list>
<bind>
<StgValue><ssdm name="_ssdm_op_Read.ap_auto.i22"/></StgValue>
</bind>
</comp>

<comp id="26" class="1001" name="const_26">
<pin_list>
<pin id="27" dir="1" index="0" bw="1" slack="2147483647"/>
</pin_list>
<bind>
<StgValue><ssdm name="_ssdm_op_SpecInterface"/></StgValue>
</bind>
</comp>

<comp id="28" class="1001" name="const_28">
<pin_list>
<pin id="29" dir="1" index="0" bw="1" slack="2147483647"/>
</pin_list>
<bind>
<StgValue><ssdm name="empty_42"/></StgValue>
</bind>
</comp>

<comp id="30" class="1001" name="const_30">
<pin_list>
<pin id="31" dir="1" index="0" bw="1" slack="2147483647"/>
</pin_list>
<bind>
<StgValue><ssdm name=""/></StgValue>
</bind>
</comp>

<comp id="32" class="1001" name="const_32">
<pin_list>
<pin id="33" dir="1" index="0" bw="1" slack="2147483647"/>
</pin_list>
<bind>
<StgValue><ssdm name="empty_47"/></StgValue>
</bind>
</comp>

<comp id="34" class="1001" name="const_34">
<pin_list>
<pin id="35" dir="1" index="0" bw="1" slack="2147483647"/>
</pin_list>
<bind>
<StgValue><ssdm name=""/></StgValue>
</bind>
</comp>

<comp id="36" class="1001" name="const_36">
<pin_list>
<pin id="37" dir="1" index="0" bw="1" slack="2147483647"/>
</pin_list>
<bind>
<StgValue><ssdm name="empty_15"/></StgValue>
</bind>
</comp>

<comp id="38" class="1001" name="const_38">
<pin_list>
<pin id="39" dir="1" index="0" bw="1" slack="2147483647"/>
</pin_list>
<bind>
<StgValue><ssdm name="empty_48"/></StgValue>
</bind>
</comp>

<comp id="40" class="1001" name="const_40">
<pin_list>
<pin id="41" dir="1" index="0" bw="1" slack="2147483647"/>
</pin_list>
<bind>
<StgValue><ssdm name=""/></StgValue>
</bind>
</comp>

<comp id="42" class="1001" name="const_42">
<pin_list>
<pin id="43" dir="1" index="0" bw="1" slack="2147483647"/>
</pin_list>
<bind>
<StgValue><ssdm name=""/></StgValue>
</bind>
</comp>

<comp id="44" class="1001" name="const_44">
<pin_list>
<pin id="45" dir="1" index="0" bw="1" slack="2147483647"/>
</pin_list>
<bind>
<StgValue><ssdm name="empty_14"/></StgValue>
</bind>
</comp>

<comp id="46" class="1001" name="const_46">
<pin_list>
<pin id="47" dir="1" index="0" bw="1" slack="0"/>
</pin_list>
<bind>
<StgValue><ssdm name=""/></StgValue>
</bind>
</comp>

<comp id="48" class="1001" name="const_48">
<pin_list>
<pin id="49" dir="1" index="0" bw="1" slack="0"/>
</pin_list>
<bind>
<StgValue><ssdm name=""/></StgValue>
</bind>
</comp>

<comp id="50" class="1001" name="const_50">
<pin_list>
<pin id="51" dir="1" index="0" bw="1" slack="0"/>
</pin_list>
<bind>
<StgValue><ssdm name=""/></StgValue>
</bind>
</comp>

<comp id="52" class="1001" name="const_52">
<pin_list>
<pin id="53" dir="1" index="0" bw="1" slack="0"/>
</pin_list>
<bind>
<StgValue><ssdm name=""/></StgValue>
</bind>
</comp>

<comp id="54" class="1001" name="const_54">
<pin_list>
<pin id="55" dir="1" index="0" bw="1" slack="0"/>
</pin_list>
<bind>
<StgValue><ssdm name="_ssdm_op_BitConcatenate.i20.i8.i12"/></StgValue>
</bind>
</comp>

<comp id="56" class="1001" name="const_56">
<pin_list>
<pin id="57" dir="1" index="0" bw="1" slack="0"/>
</pin_list>
<bind>
<StgValue><ssdm name=""/></StgValue>
</bind>
</comp>

<comp id="58" class="1001" name="const_58">
<pin_list>
<pin id="59" dir="1" index="0" bw="1" slack="0"/>
</pin_list>
<bind>
<StgValue><ssdm name=""/></StgValue>
</bind>
</comp>

<comp id="60" class="1001" name="const_60">
<pin_list>
<pin id="61" dir="1" index="0" bw="1" slack="0"/>
</pin_list>
<bind>
<StgValue><ssdm name=""/></StgValue>
</bind>
</comp>

<comp id="62" class="1001" name="const_62">
<pin_list>
<pin id="63" dir="1" index="0" bw="1" slack="0"/>
</pin_list>
<bind>
<StgValue><ssdm name=""/></StgValue>
</bind>
</comp>

<comp id="64" class="1001" name="const_64">
<pin_list>
<pin id="65" dir="1" index="0" bw="1" slack="0"/>
</pin_list>
<bind>
<StgValue><ssdm name=""/></StgValue>
</bind>
</comp>

<comp id="66" class="1001" name="const_66">
<pin_list>
<pin id="67" dir="1" index="0" bw="1" slack="2147483647"/>
</pin_list>
<bind>
<StgValue><ssdm name="_ssdm_op_SpecBitsMap"/></StgValue>
</bind>
</comp>

<comp id="68" class="1001" name="const_68">
<pin_list>
<pin id="69" dir="1" index="0" bw="1" slack="0"/>
</pin_list>
<bind>
<StgValue><ssdm name="_ssdm_op_BitConcatenate.i13.i7.i6"/></StgValue>
</bind>
</comp>

<comp id="70" class="1001" name="const_70">
<pin_list>
<pin id="71" dir="1" index="0" bw="1" slack="0"/>
</pin_list>
<bind>
<StgValue><ssdm name=""/></StgValue>
</bind>
</comp>

<comp id="72" class="1001" name="const_72">
<pin_list>
<pin id="73" dir="1" index="0" bw="1" slack="2147483647"/>
</pin_list>
<bind>
<StgValue><ssdm name="_ssdm_op_SpecLoopName"/></StgValue>
</bind>
</comp>

<comp id="74" class="1001" name="const_74">
<pin_list>
<pin id="75" dir="1" index="0" bw="1" slack="2147483647"/>
</pin_list>
<bind>
<StgValue><ssdm name="POOL_OC_POOL_H_POOL_W_str"/></StgValue>
</bind>
</comp>

<comp id="76" class="1001" name="const_76">
<pin_list>
<pin id="77" dir="1" index="0" bw="1" slack="2147483647"/>
</pin_list>
<bind>
<StgValue><ssdm name="_ssdm_op_SpecLoopTripCount"/></StgValue>
</bind>
</comp>

<comp id="78" class="1001" name="const_78">
<pin_list>
<pin id="79" dir="1" index="0" bw="1" slack="2147483647"/>
</pin_list>
<bind>
<StgValue><ssdm name=""/></StgValue>
</bind>
</comp>

<comp id="80" class="1001" name="const_80">
<pin_list>
<pin id="81" dir="1" index="0" bw="1" slack="2147483647"/>
</pin_list>
<bind>
<StgValue><ssdm name=""/></StgValue>
</bind>
</comp>

<comp id="82" class="1001" name="const_82">
<pin_list>
<pin id="83" dir="1" index="0" bw="1" slack="2147483647"/>
</pin_list>
<bind>
<StgValue><ssdm name=""/></StgValue>
</bind>
</comp>

<comp id="84" class="1001" name="const_84">
<pin_list>
<pin id="85" dir="1" index="0" bw="1" slack="0"/>
</pin_list>
<bind>
<StgValue><ssdm name="_ssdm_op_BitConcatenate.i14.i7.i7"/></StgValue>
</bind>
</comp>

<comp id="86" class="1001" name="const_86">
<pin_list>
<pin id="87" dir="1" index="0" bw="1" slack="0"/>
</pin_list>
<bind>
<StgValue><ssdm name="_ssdm_op_BitConcatenate.i8.i7.i1"/></StgValue>
</bind>
</comp>

<comp id="88" class="1001" name="const_88">
<pin_list>
<pin id="89" dir="1" index="0" bw="1" slack="0"/>
</pin_list>
<bind>
<StgValue><ssdm name=""/></StgValue>
</bind>
</comp>

<comp id="90" class="1001" name="const_90">
<pin_list>
<pin id="91" dir="1" index="0" bw="1" slack="0"/>
</pin_list>
<bind>
<StgValue><ssdm name=""/></StgValue>
</bind>
</comp>

<comp id="92" class="1001" name="const_92">
<pin_list>
<pin id="93" dir="1" index="0" bw="1" slack="0"/>
</pin_list>
<bind>
<StgValue><ssdm name="_ssdm_op_WriteReq.m_axi.p1i8"/></StgValue>
</bind>
</comp>

<comp id="94" class="1001" name="const_94">
<pin_list>
<pin id="95" dir="1" index="0" bw="1" slack="0"/>
</pin_list>
<bind>
<StgValue><ssdm name="_ssdm_op_ReadReq.m_axi.p1i8"/></StgValue>
</bind>
</comp>

<comp id="96" class="1001" name="const_96">
<pin_list>
<pin id="97" dir="1" index="0" bw="1" slack="0"/>
</pin_list>
<bind>
<StgValue><ssdm name=""/></StgValue>
</bind>
</comp>

<comp id="98" class="1001" name="const_98">
<pin_list>
<pin id="99" dir="1" index="0" bw="1" slack="0"/>
</pin_list>
<bind>
<StgValue><ssdm name="_ssdm_op_Read.m_axi.i8.p1i8"/></StgValue>
</bind>
</comp>

<comp id="100" class="1001" name="const_100">
<pin_list>
<pin id="101" dir="1" index="0" bw="1" slack="2147483647"/>
</pin_list>
<bind>
<StgValue><ssdm name="_ssdm_op_SpecPipeline"/></StgValue>
</bind>
</comp>

<comp id="102" class="1001" name="const_102">
<pin_list>
<pin id="103" dir="1" index="0" bw="1" slack="0"/>
</pin_list>
<bind>
<StgValue><ssdm name="_ssdm_op_Write.m_axi.p1i8.i8"/></StgValue>
</bind>
</comp>

<comp id="104" class="1001" name="const_104">
<pin_list>
<pin id="105" dir="1" index="0" bw="1" slack="0"/>
</pin_list>
<bind>
<StgValue><ssdm name=""/></StgValue>
</bind>
</comp>

<comp id="106" class="1001" name="const_106">
<pin_list>
<pin id="107" dir="1" index="0" bw="1" slack="0"/>
</pin_list>
<bind>
<StgValue><ssdm name="_ssdm_op_WriteResp.m_axi.p1i8"/></StgValue>
</bind>
</comp>

<comp id="108" class="1004" name="ow_fu_108">
<pin_list>
<pin id="109" dir="0" index="0" bw="1" slack="0"/>
<pin id="110" dir="1" index="1" bw="7" slack="0"/>
</pin_list>
<bind>
<opcode="alloca(26) " fcode="alloca"/>
<opset="ow/1 "/>
</bind>
</comp>

<comp id="112" class="1004" name="oh_fu_112">
<pin_list>
<pin id="113" dir="0" index="0" bw="1" slack="0"/>
<pin id="114" dir="1" index="1" bw="7" slack="0"/>
</pin_list>
<bind>
<opcode="alloca(26) " fcode="alloca"/>
<opset="oh/1 "/>
</bind>
</comp>

<comp id="116" class="1004" name="indvar_flatten_fu_116">
<pin_list>
<pin id="117" dir="0" index="0" bw="1" slack="0"/>
<pin id="118" dir="1" index="1" bw="14" slack="0"/>
</pin_list>
<bind>
<opcode="alloca(26) " fcode="alloca"/>
<opset="indvar_flatten/1 "/>
</bind>
</comp>

<comp id="120" class="1004" name="oc_fu_120">
<pin_list>
<pin id="121" dir="0" index="0" bw="1" slack="0"/>
<pin id="122" dir="1" index="1" bw="8" slack="0"/>
</pin_list>
<bind>
<opcode="alloca(26) " fcode="alloca"/>
<opset="oc/1 "/>
</bind>
</comp>

<comp id="124" class="1004" name="indvar_flatten25_fu_124">
<pin_list>
<pin id="125" dir="0" index="0" bw="1" slack="0"/>
<pin id="126" dir="1" index="1" bw="22" slack="0"/>
</pin_list>
<bind>
<opcode="alloca(26) " fcode="alloca"/>
<opset="indvar_flatten25/1 "/>
</bind>
</comp>

<comp id="128" class="1004" name="mul_ln82_read_read_fu_128">
<pin_list>
<pin id="129" dir="0" index="0" bw="14" slack="0"/>
<pin id="130" dir="0" index="1" bw="14" slack="0"/>
<pin id="131" dir="1" index="2" bw="14" slack="1"/>
</pin_list>
<bind>
<opcode="read(1150) " fcode="read"/>
<opset="mul_ln82_read/1 "/>
</bind>
</comp>

<comp id="134" class="1004" name="zext_ln85_read_read_fu_134">
<pin_list>
<pin id="135" dir="0" index="0" bw="7" slack="0"/>
<pin id="136" dir="0" index="1" bw="7" slack="0"/>
<pin id="137" dir="1" index="2" bw="7" slack="0"/>
</pin_list>
<bind>
<opcode="read(1150) " fcode="read"/>
<opset="zext_ln85_read/1 "/>
</bind>
</comp>

<comp id="140" class="1004" name="lshr_ln1_read_read_fu_140">
<pin_list>
<pin id="141" dir="0" index="0" bw="7" slack="0"/>
<pin id="142" dir="0" index="1" bw="7" slack="0"/>
<pin id="143" dir="1" index="2" bw="7" slack="1"/>
</pin_list>
<bind>
<opcode="read(1150) " fcode="read"/>
<opset="lshr_ln1_read/1 "/>
</bind>
</comp>

<comp id="146" class="1004" name="conv_scratch_read_read_fu_146">
<pin_list>
<pin id="147" dir="0" index="0" bw="64" slack="0"/>
<pin id="148" dir="0" index="1" bw="64" slack="0"/>
<pin id="149" dir="1" index="2" bw="64" slack="1"/>
</pin_list>
<bind>
<opcode="read(1150) " fcode="read"/>
<opset="conv_scratch_read/1 "/>
</bind>
</comp>

<comp id="152" class="1004" name="mul_ln82_1_read_read_fu_152">
<pin_list>
<pin id="153" dir="0" index="0" bw="22" slack="0"/>
<pin id="154" dir="0" index="1" bw="22" slack="0"/>
<pin id="155" dir="1" index="2" bw="22" slack="1"/>
</pin_list>
<bind>
<opcode="read(1150) " fcode="read"/>
<opset="mul_ln82_1_read/1 "/>
</bind>
</comp>

<comp id="158" class="1004" name="ofmap_read_read_fu_158">
<pin_list>
<pin id="159" dir="0" index="0" bw="64" slack="0"/>
<pin id="160" dir="0" index="1" bw="64" slack="0"/>
<pin id="161" dir="1" index="2" bw="64" slack="2"/>
</pin_list>
<bind>
<opcode="read(1150) " fcode="read"/>
<opset="ofmap_read/1 "/>
</bind>
</comp>

<comp id="164" class="1004" name="empty_66_writereq_fu_164">
<pin_list>
<pin id="165" dir="0" index="0" bw="1" slack="0"/>
<pin id="166" dir="0" index="1" bw="8" slack="1"/>
<pin id="167" dir="0" index="2" bw="7" slack="3"/>
<pin id="168" dir="1" index="3" bw="1" slack="2147483647"/>
</pin_list>
<bind>
<opcode="writereq(1155) " fcode="writereq"/>
<opset="empty_66/4 "/>
</bind>
</comp>

<comp id="170" class="1004" name="grp_readreq_fu_170">
<pin_list>
<pin id="171" dir="0" index="0" bw="1" slack="0"/>
<pin id="172" dir="0" index="1" bw="8" slack="1"/>
<pin id="173" dir="0" index="2" bw="3" slack="0"/>
<pin id="174" dir="1" index="3" bw="1" slack="2147483647"/>
</pin_list>
<bind>
<opcode="readreq(1154) " fcode="readreq"/>
<opset="empty_64/4 empty_65/6 "/>
</bind>
</comp>

<comp id="177" class="1004" name="grp_read_fu_177">
<pin_list>
<pin id="178" dir="0" index="0" bw="8" slack="0"/>
<pin id="179" dir="0" index="1" bw="8" slack="9"/>
<pin id="180" dir="1" index="2" bw="8" slack="1"/>
</pin_list>
<bind>
<opcode="read(1150) " fcode="read"/>
<opset="p00/12 p01/13 p10/14 p11/15 "/>
</bind>
</comp>

<comp id="182" class="1004" name="write_ln98_write_fu_182">
<pin_list>
<pin id="183" dir="0" index="0" bw="0" slack="0"/>
<pin id="184" dir="0" index="1" bw="8" slack="14"/>
<pin id="185" dir="0" index="2" bw="8" slack="1"/>
<pin id="186" dir="0" index="3" bw="1" slack="0"/>
<pin id="187" dir="1" index="4" bw="0" slack="2147483647"/>
</pin_list>
<bind>
<opcode="write(1151) " fcode="write"/>
<opset="write_ln98/17 "/>
</bind>
</comp>

<comp id="190" class="1004" name="grp_writeresp_fu_190">
<pin_list>
<pin id="191" dir="0" index="0" bw="1" slack="0"/>
<pin id="192" dir="0" index="1" bw="8" slack="15"/>
<pin id="193" dir="1" index="2" bw="1" slack="2147483647"/>
</pin_list>
<bind>
<opcode="writeresp(1158) " fcode="writeresp"/>
<opset="empty/18 "/>
</bind>
</comp>

<comp id="195" class="1005" name="reg_195">
<pin_list>
<pin id="196" dir="0" index="0" bw="8" slack="1"/>
<pin id="197" dir="1" index="1" bw="8" slack="1"/>
</pin_list>
<bind>
<opset="p00 p11 "/>
</bind>
</comp>

<comp id="199" class="1004" name="zext_ln85_cast_fu_199">
<pin_list>
<pin id="200" dir="0" index="0" bw="7" slack="0"/>
<pin id="201" dir="1" index="1" bw="64" slack="3"/>
</pin_list>
<bind>
<opcode="zext(34) " fcode="zext"/>
<opset="zext_ln85_cast/1 "/>
</bind>
</comp>

<comp id="203" class="1004" name="store_ln0_store_fu_203">
<pin_list>
<pin id="204" dir="0" index="0" bw="1" slack="0"/>
<pin id="205" dir="0" index="1" bw="22" slack="0"/>
<pin id="206" dir="1" index="2" bw="0" slack="2147483647"/>
</pin_list>
<bind>
<opcode="store(28) " fcode="store"/>
<opset="store_ln0/1 "/>
</bind>
</comp>

<comp id="208" class="1004" name="store_ln85_store_fu_208">
<pin_list>
<pin id="209" dir="0" index="0" bw="1" slack="0"/>
<pin id="210" dir="0" index="1" bw="8" slack="0"/>
<pin id="211" dir="1" index="2" bw="0" slack="2147483647"/>
</pin_list>
<bind>
<opcode="store(28) " fcode="store"/>
<opset="store_ln85/1 "/>
</bind>
</comp>

<comp id="213" class="1004" name="store_ln0_store_fu_213">
<pin_list>
<pin id="214" dir="0" index="0" bw="1" slack="0"/>
<pin id="215" dir="0" index="1" bw="14" slack="0"/>
<pin id="216" dir="1" index="2" bw="0" slack="2147483647"/>
</pin_list>
<bind>
<opcode="store(28) " fcode="store"/>
<opset="store_ln0/1 "/>
</bind>
</comp>

<comp id="218" class="1004" name="store_ln87_store_fu_218">
<pin_list>
<pin id="219" dir="0" index="0" bw="1" slack="0"/>
<pin id="220" dir="0" index="1" bw="7" slack="0"/>
<pin id="221" dir="1" index="2" bw="0" slack="2147483647"/>
</pin_list>
<bind>
<opcode="store(28) " fcode="store"/>
<opset="store_ln87/1 "/>
</bind>
</comp>

<comp id="223" class="1004" name="store_ln89_store_fu_223">
<pin_list>
<pin id="224" dir="0" index="0" bw="1" slack="0"/>
<pin id="225" dir="0" index="1" bw="7" slack="0"/>
<pin id="226" dir="1" index="2" bw="0" slack="2147483647"/>
</pin_list>
<bind>
<opcode="store(28) " fcode="store"/>
<opset="store_ln89/1 "/>
</bind>
</comp>

<comp id="228" class="1004" name="oh_1_load_fu_228">
<pin_list>
<pin id="229" dir="0" index="0" bw="7" slack="1"/>
<pin id="230" dir="1" index="1" bw="7" slack="0"/>
</pin_list>
<bind>
<opcode="load(27) " fcode="load"/>
<opset="oh_1/2 "/>
</bind>
</comp>

<comp id="231" class="1004" name="indvar_flatten_load_load_fu_231">
<pin_list>
<pin id="232" dir="0" index="0" bw="14" slack="1"/>
<pin id="233" dir="1" index="1" bw="14" slack="0"/>
</pin_list>
<bind>
<opcode="load(27) " fcode="load"/>
<opset="indvar_flatten_load/2 "/>
</bind>
</comp>

<comp id="234" class="1004" name="oc_1_load_fu_234">
<pin_list>
<pin id="235" dir="0" index="0" bw="8" slack="1"/>
<pin id="236" dir="1" index="1" bw="8" slack="0"/>
</pin_list>
<bind>
<opcode="load(27) " fcode="load"/>
<opset="oc_1/2 "/>
</bind>
</comp>

<comp id="237" class="1004" name="indvar_flatten25_load_load_fu_237">
<pin_list>
<pin id="238" dir="0" index="0" bw="22" slack="1"/>
<pin id="239" dir="1" index="1" bw="22" slack="0"/>
</pin_list>
<bind>
<opcode="load(27) " fcode="load"/>
<opset="indvar_flatten25_load/2 "/>
</bind>
</comp>

<comp id="240" class="1004" name="shl_ln_fu_240">
<pin_list>
<pin id="241" dir="0" index="0" bw="20" slack="0"/>
<pin id="242" dir="0" index="1" bw="8" slack="0"/>
<pin id="243" dir="0" index="2" bw="1" slack="0"/>
<pin id="244" dir="1" index="3" bw="20" slack="0"/>
</pin_list>
<bind>
<opcode="bitconcatenate(1004) " fcode="bitconcatenate"/>
<opset="shl_ln/2 "/>
</bind>
</comp>

<comp id="248" class="1004" name="icmp_ln85_fu_248">
<pin_list>
<pin id="249" dir="0" index="0" bw="22" slack="0"/>
<pin id="250" dir="0" index="1" bw="22" slack="1"/>
<pin id="251" dir="1" index="2" bw="1" slack="1"/>
</pin_list>
<bind>
<opcode="icmp(45) " fcode="icmp"/>
<opset="icmp_ln85/2 "/>
</bind>
</comp>

<comp id="253" class="1004" name="add_ln85_fu_253">
<pin_list>
<pin id="254" dir="0" index="0" bw="22" slack="0"/>
<pin id="255" dir="0" index="1" bw="1" slack="0"/>
<pin id="256" dir="1" index="2" bw="22" slack="0"/>
</pin_list>
<bind>
<opcode="add(8) " fcode="add"/>
<opset="add_ln85/2 "/>
</bind>
</comp>

<comp id="259" class="1004" name="ow_load_load_fu_259">
<pin_list>
<pin id="260" dir="0" index="0" bw="7" slack="1"/>
<pin id="261" dir="1" index="1" bw="7" slack="0"/>
</pin_list>
<bind>
<opcode="load(27) " fcode="load"/>
<opset="ow_load/2 "/>
</bind>
</comp>

<comp id="262" class="1004" name="icmp_ln87_fu_262">
<pin_list>
<pin id="263" dir="0" index="0" bw="14" slack="0"/>
<pin id="264" dir="0" index="1" bw="14" slack="1"/>
<pin id="265" dir="1" index="2" bw="1" slack="0"/>
</pin_list>
<bind>
<opcode="icmp(45) " fcode="icmp"/>
<opset="icmp_ln87/2 "/>
</bind>
</comp>

<comp id="267" class="1004" name="select_ln85_fu_267">
<pin_list>
<pin id="268" dir="0" index="0" bw="1" slack="0"/>
<pin id="269" dir="0" index="1" bw="7" slack="0"/>
<pin id="270" dir="0" index="2" bw="7" slack="0"/>
<pin id="271" dir="1" index="3" bw="7" slack="0"/>
</pin_list>
<bind>
<opcode="select(49) " fcode="select"/>
<opset="select_ln85/2 "/>
</bind>
</comp>

<comp id="275" class="1004" name="add_ln85_1_fu_275">
<pin_list>
<pin id="276" dir="0" index="0" bw="8" slack="0"/>
<pin id="277" dir="0" index="1" bw="1" slack="0"/>
<pin id="278" dir="1" index="2" bw="8" slack="0"/>
</pin_list>
<bind>
<opcode="add(8) " fcode="add"/>
<opset="add_ln85_1/2 "/>
</bind>
</comp>

<comp id="281" class="1004" name="shl_ln91_mid1_fu_281">
<pin_list>
<pin id="282" dir="0" index="0" bw="20" slack="0"/>
<pin id="283" dir="0" index="1" bw="8" slack="0"/>
<pin id="284" dir="0" index="2" bw="1" slack="0"/>
<pin id="285" dir="1" index="3" bw="20" slack="0"/>
</pin_list>
<bind>
<opcode="bitconcatenate(1004) " fcode="bitconcatenate"/>
<opset="shl_ln91_mid1/2 "/>
</bind>
</comp>

<comp id="289" class="1004" name="select_ln85_1_fu_289">
<pin_list>
<pin id="290" dir="0" index="0" bw="1" slack="0"/>
<pin id="291" dir="0" index="1" bw="20" slack="0"/>
<pin id="292" dir="0" index="2" bw="20" slack="0"/>
<pin id="293" dir="1" index="3" bw="20" slack="0"/>
</pin_list>
<bind>
<opcode="select(49) " fcode="select"/>
<opset="select_ln85_1/2 "/>
</bind>
</comp>

<comp id="297" class="1004" name="zext_ln85_1_fu_297">
<pin_list>
<pin id="298" dir="0" index="0" bw="20" slack="0"/>
<pin id="299" dir="1" index="1" bw="64" slack="0"/>
</pin_list>
<bind>
<opcode="zext(34) " fcode="zext"/>
<opset="zext_ln85_1/2 "/>
</bind>
</comp>

<comp id="301" class="1004" name="icmp_ln89_fu_301">
<pin_list>
<pin id="302" dir="0" index="0" bw="7" slack="1"/>
<pin id="303" dir="0" index="1" bw="7" slack="0"/>
<pin id="304" dir="1" index="2" bw="1" slack="0"/>
</pin_list>
<bind>
<opcode="icmp(45) " fcode="icmp"/>
<opset="icmp_ln89/2 "/>
</bind>
</comp>

<comp id="306" class="1004" name="icmp_ln89_1_fu_306">
<pin_list>
<pin id="307" dir="0" index="0" bw="7" slack="0"/>
<pin id="308" dir="0" index="1" bw="7" slack="1"/>
<pin id="309" dir="1" index="2" bw="1" slack="0"/>
</pin_list>
<bind>
<opcode="icmp(45) " fcode="icmp"/>
<opset="icmp_ln89_1/2 "/>
</bind>
</comp>

<comp id="311" class="1004" name="select_ln85_3_fu_311">
<pin_list>
<pin id="312" dir="0" index="0" bw="1" slack="0"/>
<pin id="313" dir="0" index="1" bw="1" slack="0"/>
<pin id="314" dir="0" index="2" bw="1" slack="0"/>
<pin id="315" dir="1" index="3" bw="1" slack="0"/>
</pin_list>
<bind>
<opcode="select(49) " fcode="select"/>
<opset="select_ln85_3/2 "/>
</bind>
</comp>

<comp id="319" class="1004" name="select_ln85_4_fu_319">
<pin_list>
<pin id="320" dir="0" index="0" bw="1" slack="0"/>
<pin id="321" dir="0" index="1" bw="8" slack="0"/>
<pin id="322" dir="0" index="2" bw="8" slack="0"/>
<pin id="323" dir="1" index="3" bw="8" slack="0"/>
</pin_list>
<bind>
<opcode="select(49) " fcode="select"/>
<opset="select_ln85_4/2 "/>
</bind>
</comp>

<comp id="327" class="1004" name="add_ln87_fu_327">
<pin_list>
<pin id="328" dir="0" index="0" bw="7" slack="0"/>
<pin id="329" dir="0" index="1" bw="1" slack="0"/>
<pin id="330" dir="1" index="2" bw="7" slack="1"/>
</pin_list>
<bind>
<opcode="add(8) " fcode="add"/>
<opset="add_ln87/2 "/>
</bind>
</comp>

<comp id="333" class="1004" name="empty_67_fu_333">
<pin_list>
<pin id="334" dir="0" index="0" bw="1" slack="0"/>
<pin id="335" dir="0" index="1" bw="1" slack="0"/>
<pin id="336" dir="1" index="2" bw="1" slack="0"/>
</pin_list>
<bind>
<opcode="or(24) " fcode="or"/>
<opset="empty_67/2 "/>
</bind>
</comp>

<comp id="339" class="1004" name="ow_mid2_fu_339">
<pin_list>
<pin id="340" dir="0" index="0" bw="1" slack="0"/>
<pin id="341" dir="0" index="1" bw="7" slack="0"/>
<pin id="342" dir="0" index="2" bw="7" slack="0"/>
<pin id="343" dir="1" index="3" bw="7" slack="0"/>
</pin_list>
<bind>
<opcode="select(49) " fcode="select"/>
<opset="ow_mid2/2 "/>
</bind>
</comp>

<comp id="347" class="1004" name="first_iter_0_fu_347">
<pin_list>
<pin id="348" dir="0" index="0" bw="7" slack="0"/>
<pin id="349" dir="0" index="1" bw="7" slack="0"/>
<pin id="350" dir="1" index="2" bw="1" slack="1"/>
</pin_list>
<bind>
<opcode="icmp(45) " fcode="icmp"/>
<opset="first_iter_0/2 "/>
</bind>
</comp>

<comp id="353" class="1004" name="add_ln91_fu_353">
<pin_list>
<pin id="354" dir="0" index="0" bw="20" slack="0"/>
<pin id="355" dir="0" index="1" bw="64" slack="1"/>
<pin id="356" dir="1" index="2" bw="64" slack="1"/>
</pin_list>
<bind>
<opcode="add(8) " fcode="add"/>
<opset="add_ln91/2 "/>
</bind>
</comp>

<comp id="358" class="1004" name="add_ln87_1_fu_358">
<pin_list>
<pin id="359" dir="0" index="0" bw="14" slack="0"/>
<pin id="360" dir="0" index="1" bw="1" slack="0"/>
<pin id="361" dir="1" index="2" bw="14" slack="0"/>
</pin_list>
<bind>
<opcode="add(8) " fcode="add"/>
<opset="add_ln87_1/2 "/>
</bind>
</comp>

<comp id="364" class="1004" name="select_ln87_1_fu_364">
<pin_list>
<pin id="365" dir="0" index="0" bw="1" slack="0"/>
<pin id="366" dir="0" index="1" bw="14" slack="0"/>
<pin id="367" dir="0" index="2" bw="14" slack="0"/>
<pin id="368" dir="1" index="3" bw="14" slack="0"/>
</pin_list>
<bind>
<opcode="select(49) " fcode="select"/>
<opset="select_ln87_1/2 "/>
</bind>
</comp>

<comp id="372" class="1004" name="store_ln85_store_fu_372">
<pin_list>
<pin id="373" dir="0" index="0" bw="22" slack="0"/>
<pin id="374" dir="0" index="1" bw="22" slack="1"/>
<pin id="375" dir="1" index="2" bw="0" slack="2147483647"/>
</pin_list>
<bind>
<opcode="store(28) " fcode="store"/>
<opset="store_ln85/2 "/>
</bind>
</comp>

<comp id="377" class="1004" name="store_ln85_store_fu_377">
<pin_list>
<pin id="378" dir="0" index="0" bw="8" slack="0"/>
<pin id="379" dir="0" index="1" bw="8" slack="1"/>
<pin id="380" dir="1" index="2" bw="0" slack="2147483647"/>
</pin_list>
<bind>
<opcode="store(28) " fcode="store"/>
<opset="store_ln85/2 "/>
</bind>
</comp>

<comp id="382" class="1004" name="store_ln87_store_fu_382">
<pin_list>
<pin id="383" dir="0" index="0" bw="14" slack="0"/>
<pin id="384" dir="0" index="1" bw="14" slack="1"/>
<pin id="385" dir="1" index="2" bw="0" slack="2147483647"/>
</pin_list>
<bind>
<opcode="store(28) " fcode="store"/>
<opset="store_ln87/2 "/>
</bind>
</comp>

<comp id="387" class="1004" name="zext_ln91_fu_387">
<pin_list>
<pin id="388" dir="0" index="0" bw="20" slack="1"/>
<pin id="389" dir="1" index="1" bw="64" slack="0"/>
</pin_list>
<bind>
<opcode="zext(34) " fcode="zext"/>
<opset="zext_ln91/3 "/>
</bind>
</comp>

<comp id="390" class="1004" name="shl_ln91_3_fu_390">
<pin_list>
<pin id="391" dir="0" index="0" bw="13" slack="0"/>
<pin id="392" dir="0" index="1" bw="7" slack="1"/>
<pin id="393" dir="0" index="2" bw="1" slack="0"/>
<pin id="394" dir="1" index="3" bw="13" slack="0"/>
</pin_list>
<bind>
<opcode="bitconcatenate(1004) " fcode="bitconcatenate"/>
<opset="shl_ln91_3/3 "/>
</bind>
</comp>

<comp id="397" class="1004" name="zext_ln91_1_fu_397">
<pin_list>
<pin id="398" dir="0" index="0" bw="13" slack="0"/>
<pin id="399" dir="1" index="1" bw="64" slack="0"/>
</pin_list>
<bind>
<opcode="zext(34) " fcode="zext"/>
<opset="zext_ln91_1/3 "/>
</bind>
</comp>

<comp id="401" class="1004" name="add_ln91_1_fu_401">
<pin_list>
<pin id="402" dir="0" index="0" bw="13" slack="0"/>
<pin id="403" dir="0" index="1" bw="64" slack="2"/>
<pin id="404" dir="1" index="2" bw="64" slack="0"/>
</pin_list>
<bind>
<opcode="add(8) " fcode="add"/>
<opset="add_ln91_1/3 "/>
</bind>
</comp>

<comp id="406" class="1004" name="add_ln91_2_fu_406">
<pin_list>
<pin id="407" dir="0" index="0" bw="64" slack="0"/>
<pin id="408" dir="0" index="1" bw="20" slack="0"/>
<pin id="409" dir="1" index="2" bw="64" slack="0"/>
</pin_list>
<bind>
<opcode="add(8) " fcode="add"/>
<opset="add_ln91_2/3 "/>
</bind>
</comp>

<comp id="412" class="1004" name="zext_ln91_5_fu_412">
<pin_list>
<pin id="413" dir="0" index="0" bw="20" slack="1"/>
<pin id="414" dir="1" index="1" bw="64" slack="0"/>
</pin_list>
<bind>
<opcode="zext(34) " fcode="zext"/>
<opset="zext_ln91_5/3 "/>
</bind>
</comp>

<comp id="415" class="1004" name="add_ln91_8_fu_415">
<pin_list>
<pin id="416" dir="0" index="0" bw="20" slack="0"/>
<pin id="417" dir="0" index="1" bw="64" slack="2"/>
<pin id="418" dir="1" index="2" bw="64" slack="0"/>
</pin_list>
<bind>
<opcode="add(8) " fcode="add"/>
<opset="add_ln91_8/3 "/>
</bind>
</comp>

<comp id="420" class="1004" name="select_ln85_2_fu_420">
<pin_list>
<pin id="421" dir="0" index="0" bw="1" slack="1"/>
<pin id="422" dir="0" index="1" bw="64" slack="0"/>
<pin id="423" dir="0" index="2" bw="64" slack="0"/>
<pin id="424" dir="1" index="3" bw="64" slack="0"/>
</pin_list>
<bind>
<opcode="select(49) " fcode="select"/>
<opset="select_ln85_2/3 "/>
</bind>
</comp>

<comp id="427" class="1004" name="shl_ln91_3_mid1_fu_427">
<pin_list>
<pin id="428" dir="0" index="0" bw="13" slack="0"/>
<pin id="429" dir="0" index="1" bw="7" slack="1"/>
<pin id="430" dir="0" index="2" bw="1" slack="0"/>
<pin id="431" dir="1" index="3" bw="13" slack="0"/>
</pin_list>
<bind>
<opcode="bitconcatenate(1004) " fcode="bitconcatenate"/>
<opset="shl_ln91_3_mid1/3 "/>
</bind>
</comp>

<comp id="434" class="1004" name="zext_ln91_6_fu_434">
<pin_list>
<pin id="435" dir="0" index="0" bw="13" slack="0"/>
<pin id="436" dir="1" index="1" bw="64" slack="0"/>
</pin_list>
<bind>
<opcode="zext(34) " fcode="zext"/>
<opset="zext_ln91_6/3 "/>
</bind>
</comp>

<comp id="438" class="1004" name="add_ln91_9_fu_438">
<pin_list>
<pin id="439" dir="0" index="0" bw="13" slack="0"/>
<pin id="440" dir="0" index="1" bw="64" slack="2"/>
<pin id="441" dir="1" index="2" bw="64" slack="0"/>
</pin_list>
<bind>
<opcode="add(8) " fcode="add"/>
<opset="add_ln91_9/3 "/>
</bind>
</comp>

<comp id="443" class="1004" name="add_ln91_10_fu_443">
<pin_list>
<pin id="444" dir="0" index="0" bw="64" slack="0"/>
<pin id="445" dir="0" index="1" bw="20" slack="1"/>
<pin id="446" dir="1" index="2" bw="64" slack="0"/>
</pin_list>
<bind>
<opcode="add(8) " fcode="add"/>
<opset="add_ln91_10/3 "/>
</bind>
</comp>

<comp id="448" class="1004" name="add_ln91_2_mid2_fu_448">
<pin_list>
<pin id="449" dir="0" index="0" bw="1" slack="1"/>
<pin id="450" dir="0" index="1" bw="64" slack="0"/>
<pin id="451" dir="0" index="2" bw="64" slack="0"/>
<pin id="452" dir="1" index="3" bw="64" slack="0"/>
</pin_list>
<bind>
<opcode="select(49) " fcode="select"/>
<opset="add_ln91_2_mid2/3 "/>
</bind>
</comp>

<comp id="455" class="1004" name="select_ln87_fu_455">
<pin_list>
<pin id="456" dir="0" index="0" bw="1" slack="1"/>
<pin id="457" dir="0" index="1" bw="7" slack="1"/>
<pin id="458" dir="0" index="2" bw="7" slack="1"/>
<pin id="459" dir="1" index="3" bw="7" slack="0"/>
</pin_list>
<bind>
<opcode="select(49) " fcode="select"/>
<opset="select_ln87/3 "/>
</bind>
</comp>

<comp id="460" class="1004" name="gmem0_addr_fu_460">
<pin_list>
<pin id="461" dir="0" index="0" bw="64" slack="0"/>
<pin id="462" dir="0" index="1" bw="64" slack="0"/>
<pin id="463" dir="1" index="2" bw="64" slack="1"/>
</pin_list>
<bind>
<opcode="getelementptr(29) " fcode="getelementptr"/>
<opset="gmem0_addr/3 "/>
</bind>
</comp>

<comp id="466" class="1004" name="shl_ln91_1_fu_466">
<pin_list>
<pin id="467" dir="0" index="0" bw="14" slack="0"/>
<pin id="468" dir="0" index="1" bw="7" slack="0"/>
<pin id="469" dir="0" index="2" bw="1" slack="0"/>
<pin id="470" dir="1" index="3" bw="14" slack="0"/>
</pin_list>
<bind>
<opcode="bitconcatenate(1004) " fcode="bitconcatenate"/>
<opset="shl_ln91_1/3 "/>
</bind>
</comp>

<comp id="474" class="1004" name="zext_ln89_fu_474">
<pin_list>
<pin id="475" dir="0" index="0" bw="14" slack="0"/>
<pin id="476" dir="1" index="1" bw="64" slack="0"/>
</pin_list>
<bind>
<opcode="zext(34) " fcode="zext"/>
<opset="zext_ln89/3 "/>
</bind>
</comp>

<comp id="478" class="1004" name="shl_ln91_2_fu_478">
<pin_list>
<pin id="479" dir="0" index="0" bw="8" slack="0"/>
<pin id="480" dir="0" index="1" bw="7" slack="1"/>
<pin id="481" dir="0" index="2" bw="1" slack="0"/>
<pin id="482" dir="1" index="3" bw="8" slack="0"/>
</pin_list>
<bind>
<opcode="bitconcatenate(1004) " fcode="bitconcatenate"/>
<opset="shl_ln91_2/3 "/>
</bind>
</comp>

<comp id="485" class="1004" name="zext_ln91_2_fu_485">
<pin_list>
<pin id="486" dir="0" index="0" bw="8" slack="0"/>
<pin id="487" dir="1" index="1" bw="64" slack="0"/>
</pin_list>
<bind>
<opcode="zext(34) " fcode="zext"/>
<opset="zext_ln91_2/3 "/>
</bind>
</comp>

<comp id="489" class="1004" name="zext_ln91_3_fu_489">
<pin_list>
<pin id="490" dir="0" index="0" bw="8" slack="0"/>
<pin id="491" dir="1" index="1" bw="9" slack="0"/>
</pin_list>
<bind>
<opcode="zext(34) " fcode="zext"/>
<opset="zext_ln91_3/3 "/>
</bind>
</comp>

<comp id="493" class="1004" name="add_ln91_3_fu_493">
<pin_list>
<pin id="494" dir="0" index="0" bw="64" slack="1"/>
<pin id="495" dir="0" index="1" bw="14" slack="0"/>
<pin id="496" dir="1" index="2" bw="64" slack="0"/>
</pin_list>
<bind>
<opcode="add(8) " fcode="add"/>
<opset="add_ln91_3/3 "/>
</bind>
</comp>

<comp id="498" class="1004" name="add_ln91_4_fu_498">
<pin_list>
<pin id="499" dir="0" index="0" bw="8" slack="0"/>
<pin id="500" dir="0" index="1" bw="8" slack="0"/>
<pin id="501" dir="1" index="2" bw="9" slack="0"/>
</pin_list>
<bind>
<opcode="add(8) " fcode="add"/>
<opset="add_ln91_4/3 "/>
</bind>
</comp>

<comp id="504" class="1004" name="zext_ln91_4_fu_504">
<pin_list>
<pin id="505" dir="0" index="0" bw="9" slack="0"/>
<pin id="506" dir="1" index="1" bw="64" slack="0"/>
</pin_list>
<bind>
<opcode="zext(34) " fcode="zext"/>
<opset="zext_ln91_4/3 "/>
</bind>
</comp>

<comp id="508" class="1004" name="add_ln91_5_fu_508">
<pin_list>
<pin id="509" dir="0" index="0" bw="9" slack="0"/>
<pin id="510" dir="0" index="1" bw="64" slack="0"/>
<pin id="511" dir="1" index="2" bw="64" slack="0"/>
</pin_list>
<bind>
<opcode="add(8) " fcode="add"/>
<opset="add_ln91_5/3 "/>
</bind>
</comp>

<comp id="514" class="1004" name="add_ln91_6_fu_514">
<pin_list>
<pin id="515" dir="0" index="0" bw="64" slack="1"/>
<pin id="516" dir="0" index="1" bw="8" slack="0"/>
<pin id="517" dir="1" index="2" bw="64" slack="0"/>
</pin_list>
<bind>
<opcode="add(8) " fcode="add"/>
<opset="add_ln91_6/3 "/>
</bind>
</comp>

<comp id="519" class="1004" name="add_ln91_7_fu_519">
<pin_list>
<pin id="520" dir="0" index="0" bw="64" slack="0"/>
<pin id="521" dir="0" index="1" bw="14" slack="0"/>
<pin id="522" dir="1" index="2" bw="64" slack="0"/>
</pin_list>
<bind>
<opcode="add(8) " fcode="add"/>
<opset="add_ln91_7/3 "/>
</bind>
</comp>

<comp id="525" class="1004" name="gmem2_addr_fu_525">
<pin_list>
<pin id="526" dir="0" index="0" bw="64" slack="0"/>
<pin id="527" dir="0" index="1" bw="64" slack="0"/>
<pin id="528" dir="1" index="2" bw="64" slack="1"/>
</pin_list>
<bind>
<opcode="getelementptr(29) " fcode="getelementptr"/>
<opset="gmem2_addr/3 "/>
</bind>
</comp>

<comp id="531" class="1004" name="gmem2_addr_1_fu_531">
<pin_list>
<pin id="532" dir="0" index="0" bw="64" slack="0"/>
<pin id="533" dir="0" index="1" bw="64" slack="0"/>
<pin id="534" dir="1" index="2" bw="64" slack="3"/>
</pin_list>
<bind>
<opcode="getelementptr(29) " fcode="getelementptr"/>
<opset="gmem2_addr_1/3 "/>
</bind>
</comp>

<comp id="537" class="1004" name="gmem0_addr_1_fu_537">
<pin_list>
<pin id="538" dir="0" index="0" bw="64" slack="0"/>
<pin id="539" dir="0" index="1" bw="64" slack="0"/>
<pin id="540" dir="1" index="2" bw="64" slack="14"/>
</pin_list>
<bind>
<opcode="getelementptr(29) " fcode="getelementptr"/>
<opset="gmem0_addr_1/3 "/>
</bind>
</comp>

<comp id="543" class="1004" name="add_ln89_fu_543">
<pin_list>
<pin id="544" dir="0" index="0" bw="7" slack="1"/>
<pin id="545" dir="0" index="1" bw="1" slack="0"/>
<pin id="546" dir="1" index="2" bw="7" slack="0"/>
</pin_list>
<bind>
<opcode="add(8) " fcode="add"/>
<opset="add_ln89/3 "/>
</bind>
</comp>

<comp id="548" class="1004" name="icmp_ln89_2_fu_548">
<pin_list>
<pin id="549" dir="0" index="0" bw="7" slack="0"/>
<pin id="550" dir="0" index="1" bw="7" slack="2"/>
<pin id="551" dir="1" index="2" bw="1" slack="15"/>
</pin_list>
<bind>
<opcode="icmp(45) " fcode="icmp"/>
<opset="icmp_ln89_2/3 "/>
</bind>
</comp>

<comp id="553" class="1004" name="store_ln87_store_fu_553">
<pin_list>
<pin id="554" dir="0" index="0" bw="7" slack="0"/>
<pin id="555" dir="0" index="1" bw="7" slack="2"/>
<pin id="556" dir="1" index="2" bw="0" slack="2147483647"/>
</pin_list>
<bind>
<opcode="store(28) " fcode="store"/>
<opset="store_ln87/3 "/>
</bind>
</comp>

<comp id="558" class="1004" name="store_ln89_store_fu_558">
<pin_list>
<pin id="559" dir="0" index="0" bw="7" slack="0"/>
<pin id="560" dir="0" index="1" bw="7" slack="2"/>
<pin id="561" dir="1" index="2" bw="0" slack="2147483647"/>
</pin_list>
<bind>
<opcode="store(28) " fcode="store"/>
<opset="store_ln89/3 "/>
</bind>
</comp>

<comp id="563" class="1004" name="icmp_ln96_fu_563">
<pin_list>
<pin id="564" dir="0" index="0" bw="8" slack="3"/>
<pin id="565" dir="0" index="1" bw="8" slack="2"/>
<pin id="566" dir="1" index="2" bw="1" slack="0"/>
</pin_list>
<bind>
<opcode="icmp(45) " fcode="icmp"/>
<opset="icmp_ln96/15 "/>
</bind>
</comp>

<comp id="568" class="1004" name="m0_fu_568">
<pin_list>
<pin id="569" dir="0" index="0" bw="1" slack="0"/>
<pin id="570" dir="0" index="1" bw="8" slack="3"/>
<pin id="571" dir="0" index="2" bw="8" slack="2"/>
<pin id="572" dir="1" index="3" bw="8" slack="1"/>
</pin_list>
<bind>
<opcode="select(49) " fcode="select"/>
<opset="m0/15 "/>
</bind>
</comp>

<comp id="575" class="1004" name="icmp_ln97_fu_575">
<pin_list>
<pin id="576" dir="0" index="0" bw="8" slack="2"/>
<pin id="577" dir="0" index="1" bw="8" slack="1"/>
<pin id="578" dir="1" index="2" bw="1" slack="0"/>
</pin_list>
<bind>
<opcode="icmp(45) " fcode="icmp"/>
<opset="icmp_ln97/16 "/>
</bind>
</comp>

<comp id="580" class="1004" name="m1_fu_580">
<pin_list>
<pin id="581" dir="0" index="0" bw="1" slack="0"/>
<pin id="582" dir="0" index="1" bw="8" slack="2"/>
<pin id="583" dir="0" index="2" bw="8" slack="1"/>
<pin id="584" dir="1" index="3" bw="8" slack="0"/>
</pin_list>
<bind>
<opcode="select(49) " fcode="select"/>
<opset="m1/16 "/>
</bind>
</comp>

<comp id="587" class="1004" name="icmp_ln98_fu_587">
<pin_list>
<pin id="588" dir="0" index="0" bw="8" slack="1"/>
<pin id="589" dir="0" index="1" bw="8" slack="0"/>
<pin id="590" dir="1" index="2" bw="1" slack="0"/>
</pin_list>
<bind>
<opcode="icmp(45) " fcode="icmp"/>
<opset="icmp_ln98/16 "/>
</bind>
</comp>

<comp id="592" class="1004" name="select_ln98_fu_592">
<pin_list>
<pin id="593" dir="0" index="0" bw="1" slack="0"/>
<pin id="594" dir="0" index="1" bw="8" slack="1"/>
<pin id="595" dir="0" index="2" bw="8" slack="0"/>
<pin id="596" dir="1" index="3" bw="8" slack="1"/>
</pin_list>
<bind>
<opcode="select(49) " fcode="select"/>
<opset="select_ln98/16 "/>
</bind>
</comp>

<comp id="599" class="1005" name="ow_reg_599">
<pin_list>
<pin id="600" dir="0" index="0" bw="7" slack="0"/>
<pin id="601" dir="1" index="1" bw="7" slack="0"/>
</pin_list>
<bind>
<opset="ow "/>
</bind>
</comp>

<comp id="606" class="1005" name="oh_reg_606">
<pin_list>
<pin id="607" dir="0" index="0" bw="7" slack="0"/>
<pin id="608" dir="1" index="1" bw="7" slack="0"/>
</pin_list>
<bind>
<opset="oh "/>
</bind>
</comp>

<comp id="613" class="1005" name="indvar_flatten_reg_613">
<pin_list>
<pin id="614" dir="0" index="0" bw="14" slack="0"/>
<pin id="615" dir="1" index="1" bw="14" slack="0"/>
</pin_list>
<bind>
<opset="indvar_flatten "/>
</bind>
</comp>

<comp id="620" class="1005" name="oc_reg_620">
<pin_list>
<pin id="621" dir="0" index="0" bw="8" slack="0"/>
<pin id="622" dir="1" index="1" bw="8" slack="0"/>
</pin_list>
<bind>
<opset="oc "/>
</bind>
</comp>

<comp id="627" class="1005" name="indvar_flatten25_reg_627">
<pin_list>
<pin id="628" dir="0" index="0" bw="22" slack="0"/>
<pin id="629" dir="1" index="1" bw="22" slack="0"/>
</pin_list>
<bind>
<opset="indvar_flatten25 "/>
</bind>
</comp>

<comp id="634" class="1005" name="mul_ln82_read_reg_634">
<pin_list>
<pin id="635" dir="0" index="0" bw="14" slack="1"/>
<pin id="636" dir="1" index="1" bw="14" slack="1"/>
</pin_list>
<bind>
<opset="mul_ln82_read "/>
</bind>
</comp>

<comp id="639" class="1005" name="lshr_ln1_read_reg_639">
<pin_list>
<pin id="640" dir="0" index="0" bw="7" slack="1"/>
<pin id="641" dir="1" index="1" bw="7" slack="1"/>
</pin_list>
<bind>
<opset="lshr_ln1_read "/>
</bind>
</comp>

<comp id="646" class="1005" name="conv_scratch_read_reg_646">
<pin_list>
<pin id="647" dir="0" index="0" bw="64" slack="1"/>
<pin id="648" dir="1" index="1" bw="64" slack="1"/>
</pin_list>
<bind>
<opset="conv_scratch_read "/>
</bind>
</comp>

<comp id="651" class="1005" name="mul_ln82_1_read_reg_651">
<pin_list>
<pin id="652" dir="0" index="0" bw="22" slack="1"/>
<pin id="653" dir="1" index="1" bw="22" slack="1"/>
</pin_list>
<bind>
<opset="mul_ln82_1_read "/>
</bind>
</comp>

<comp id="656" class="1005" name="ofmap_read_reg_656">
<pin_list>
<pin id="657" dir="0" index="0" bw="64" slack="2"/>
<pin id="658" dir="1" index="1" bw="64" slack="2"/>
</pin_list>
<bind>
<opset="ofmap_read "/>
</bind>
</comp>

<comp id="663" class="1005" name="zext_ln85_cast_reg_663">
<pin_list>
<pin id="664" dir="0" index="0" bw="64" slack="3"/>
<pin id="665" dir="1" index="1" bw="64" slack="3"/>
</pin_list>
<bind>
<opset="zext_ln85_cast "/>
</bind>
</comp>

<comp id="668" class="1005" name="oh_1_reg_668">
<pin_list>
<pin id="669" dir="0" index="0" bw="7" slack="1"/>
<pin id="670" dir="1" index="1" bw="7" slack="1"/>
</pin_list>
<bind>
<opset="oh_1 "/>
</bind>
</comp>

<comp id="673" class="1005" name="shl_ln_reg_673">
<pin_list>
<pin id="674" dir="0" index="0" bw="20" slack="1"/>
<pin id="675" dir="1" index="1" bw="20" slack="1"/>
</pin_list>
<bind>
<opset="shl_ln "/>
</bind>
</comp>

<comp id="678" class="1005" name="icmp_ln85_reg_678">
<pin_list>
<pin id="679" dir="0" index="0" bw="1" slack="1"/>
<pin id="680" dir="1" index="1" bw="1" slack="2147483647"/>
</pin_list>
<bind>
<opset="icmp_ln85 "/>
</bind>
</comp>

<comp id="682" class="1005" name="icmp_ln87_reg_682">
<pin_list>
<pin id="683" dir="0" index="0" bw="1" slack="1"/>
<pin id="684" dir="1" index="1" bw="1" slack="1"/>
</pin_list>
<bind>
<opset="icmp_ln87 "/>
</bind>
</comp>

<comp id="687" class="1005" name="select_ln85_reg_687">
<pin_list>
<pin id="688" dir="0" index="0" bw="7" slack="1"/>
<pin id="689" dir="1" index="1" bw="7" slack="1"/>
</pin_list>
<bind>
<opset="select_ln85 "/>
</bind>
</comp>

<comp id="692" class="1005" name="shl_ln91_mid1_reg_692">
<pin_list>
<pin id="693" dir="0" index="0" bw="20" slack="1"/>
<pin id="694" dir="1" index="1" bw="20" slack="1"/>
</pin_list>
<bind>
<opset="shl_ln91_mid1 "/>
</bind>
</comp>

<comp id="697" class="1005" name="zext_ln85_1_reg_697">
<pin_list>
<pin id="698" dir="0" index="0" bw="64" slack="1"/>
<pin id="699" dir="1" index="1" bw="64" slack="1"/>
</pin_list>
<bind>
<opset="zext_ln85_1 "/>
</bind>
</comp>

<comp id="702" class="1005" name="select_ln85_3_reg_702">
<pin_list>
<pin id="703" dir="0" index="0" bw="1" slack="1"/>
<pin id="704" dir="1" index="1" bw="1" slack="1"/>
</pin_list>
<bind>
<opset="select_ln85_3 "/>
</bind>
</comp>

<comp id="708" class="1005" name="add_ln87_reg_708">
<pin_list>
<pin id="709" dir="0" index="0" bw="7" slack="1"/>
<pin id="710" dir="1" index="1" bw="7" slack="1"/>
</pin_list>
<bind>
<opset="add_ln87 "/>
</bind>
</comp>

<comp id="714" class="1005" name="ow_mid2_reg_714">
<pin_list>
<pin id="715" dir="0" index="0" bw="7" slack="1"/>
<pin id="716" dir="1" index="1" bw="7" slack="1"/>
</pin_list>
<bind>
<opset="ow_mid2 "/>
</bind>
</comp>

<comp id="720" class="1005" name="first_iter_0_reg_720">
<pin_list>
<pin id="721" dir="0" index="0" bw="1" slack="1"/>
<pin id="722" dir="1" index="1" bw="1" slack="2147483647"/>
</pin_list>
<bind>
<opset="first_iter_0 "/>
</bind>
</comp>

<comp id="724" class="1005" name="add_ln91_reg_724">
<pin_list>
<pin id="725" dir="0" index="0" bw="64" slack="1"/>
<pin id="726" dir="1" index="1" bw="64" slack="1"/>
</pin_list>
<bind>
<opset="add_ln91 "/>
</bind>
</comp>

<comp id="730" class="1005" name="gmem0_addr_reg_730">
<pin_list>
<pin id="731" dir="0" index="0" bw="8" slack="1"/>
<pin id="732" dir="1" index="1" bw="8" slack="1"/>
</pin_list>
<bind>
<opset="gmem0_addr "/>
</bind>
</comp>

<comp id="735" class="1005" name="gmem2_addr_reg_735">
<pin_list>
<pin id="736" dir="0" index="0" bw="8" slack="1"/>
<pin id="737" dir="1" index="1" bw="8" slack="1"/>
</pin_list>
<bind>
<opset="gmem2_addr "/>
</bind>
</comp>

<comp id="741" class="1005" name="gmem2_addr_1_reg_741">
<pin_list>
<pin id="742" dir="0" index="0" bw="8" slack="3"/>
<pin id="743" dir="1" index="1" bw="8" slack="3"/>
</pin_list>
<bind>
<opset="gmem2_addr_1 "/>
</bind>
</comp>

<comp id="747" class="1005" name="gmem0_addr_1_reg_747">
<pin_list>
<pin id="748" dir="0" index="0" bw="8" slack="14"/>
<pin id="749" dir="1" index="1" bw="8" slack="14"/>
</pin_list>
<bind>
<opset="gmem0_addr_1 "/>
</bind>
</comp>

<comp id="753" class="1005" name="icmp_ln89_2_reg_753">
<pin_list>
<pin id="754" dir="0" index="0" bw="1" slack="15"/>
<pin id="755" dir="1" index="1" bw="1" slack="2147483647"/>
</pin_list>
<bind>
<opset="icmp_ln89_2 "/>
</bind>
</comp>

<comp id="757" class="1005" name="p01_reg_757">
<pin_list>
<pin id="758" dir="0" index="0" bw="8" slack="2"/>
<pin id="759" dir="1" index="1" bw="8" slack="2"/>
</pin_list>
<bind>
<opset="p01 "/>
</bind>
</comp>

<comp id="763" class="1005" name="p10_reg_763">
<pin_list>
<pin id="764" dir="0" index="0" bw="8" slack="2"/>
<pin id="765" dir="1" index="1" bw="8" slack="2"/>
</pin_list>
<bind>
<opset="p10 "/>
</bind>
</comp>

<comp id="769" class="1005" name="m0_reg_769">
<pin_list>
<pin id="770" dir="0" index="0" bw="8" slack="1"/>
<pin id="771" dir="1" index="1" bw="8" slack="1"/>
</pin_list>
<bind>
<opset="m0 "/>
</bind>
</comp>

<comp id="775" class="1005" name="select_ln98_reg_775">
<pin_list>
<pin id="776" dir="0" index="0" bw="8" slack="1"/>
<pin id="777" dir="1" index="1" bw="8" slack="1"/>
</pin_list>
<bind>
<opset="select_ln98 "/>
</bind>
</comp>

</comp_list>

<net_list>
<net id="111"><net_src comp="16" pin="0"/><net_sink comp="108" pin=0"/></net>

<net id="115"><net_src comp="16" pin="0"/><net_sink comp="112" pin=0"/></net>

<net id="119"><net_src comp="16" pin="0"/><net_sink comp="116" pin=0"/></net>

<net id="123"><net_src comp="16" pin="0"/><net_sink comp="120" pin=0"/></net>

<net id="127"><net_src comp="16" pin="0"/><net_sink comp="124" pin=0"/></net>

<net id="132"><net_src comp="18" pin="0"/><net_sink comp="128" pin=0"/></net>

<net id="133"><net_src comp="14" pin="0"/><net_sink comp="128" pin=1"/></net>

<net id="138"><net_src comp="20" pin="0"/><net_sink comp="134" pin=0"/></net>

<net id="139"><net_src comp="12" pin="0"/><net_sink comp="134" pin=1"/></net>

<net id="144"><net_src comp="20" pin="0"/><net_sink comp="140" pin=0"/></net>

<net id="145"><net_src comp="10" pin="0"/><net_sink comp="140" pin=1"/></net>

<net id="150"><net_src comp="22" pin="0"/><net_sink comp="146" pin=0"/></net>

<net id="151"><net_src comp="8" pin="0"/><net_sink comp="146" pin=1"/></net>

<net id="156"><net_src comp="24" pin="0"/><net_sink comp="152" pin=0"/></net>

<net id="157"><net_src comp="6" pin="0"/><net_sink comp="152" pin=1"/></net>

<net id="162"><net_src comp="22" pin="0"/><net_sink comp="158" pin=0"/></net>

<net id="163"><net_src comp="4" pin="0"/><net_sink comp="158" pin=1"/></net>

<net id="169"><net_src comp="92" pin="0"/><net_sink comp="164" pin=0"/></net>

<net id="175"><net_src comp="94" pin="0"/><net_sink comp="170" pin=0"/></net>

<net id="176"><net_src comp="96" pin="0"/><net_sink comp="170" pin=2"/></net>

<net id="181"><net_src comp="98" pin="0"/><net_sink comp="177" pin=0"/></net>

<net id="188"><net_src comp="102" pin="0"/><net_sink comp="182" pin=0"/></net>

<net id="189"><net_src comp="104" pin="0"/><net_sink comp="182" pin=3"/></net>

<net id="194"><net_src comp="106" pin="0"/><net_sink comp="190" pin=0"/></net>

<net id="198"><net_src comp="177" pin="2"/><net_sink comp="195" pin=0"/></net>

<net id="202"><net_src comp="134" pin="2"/><net_sink comp="199" pin=0"/></net>

<net id="207"><net_src comp="46" pin="0"/><net_sink comp="203" pin=0"/></net>

<net id="212"><net_src comp="48" pin="0"/><net_sink comp="208" pin=0"/></net>

<net id="217"><net_src comp="50" pin="0"/><net_sink comp="213" pin=0"/></net>

<net id="222"><net_src comp="52" pin="0"/><net_sink comp="218" pin=0"/></net>

<net id="227"><net_src comp="52" pin="0"/><net_sink comp="223" pin=0"/></net>

<net id="245"><net_src comp="54" pin="0"/><net_sink comp="240" pin=0"/></net>

<net id="246"><net_src comp="234" pin="1"/><net_sink comp="240" pin=1"/></net>

<net id="247"><net_src comp="56" pin="0"/><net_sink comp="240" pin=2"/></net>

<net id="252"><net_src comp="237" pin="1"/><net_sink comp="248" pin=0"/></net>

<net id="257"><net_src comp="237" pin="1"/><net_sink comp="253" pin=0"/></net>

<net id="258"><net_src comp="58" pin="0"/><net_sink comp="253" pin=1"/></net>

<net id="266"><net_src comp="231" pin="1"/><net_sink comp="262" pin=0"/></net>

<net id="272"><net_src comp="262" pin="2"/><net_sink comp="267" pin=0"/></net>

<net id="273"><net_src comp="52" pin="0"/><net_sink comp="267" pin=1"/></net>

<net id="274"><net_src comp="228" pin="1"/><net_sink comp="267" pin=2"/></net>

<net id="279"><net_src comp="234" pin="1"/><net_sink comp="275" pin=0"/></net>

<net id="280"><net_src comp="60" pin="0"/><net_sink comp="275" pin=1"/></net>

<net id="286"><net_src comp="54" pin="0"/><net_sink comp="281" pin=0"/></net>

<net id="287"><net_src comp="275" pin="2"/><net_sink comp="281" pin=1"/></net>

<net id="288"><net_src comp="56" pin="0"/><net_sink comp="281" pin=2"/></net>

<net id="294"><net_src comp="262" pin="2"/><net_sink comp="289" pin=0"/></net>

<net id="295"><net_src comp="281" pin="3"/><net_sink comp="289" pin=1"/></net>

<net id="296"><net_src comp="240" pin="3"/><net_sink comp="289" pin=2"/></net>

<net id="300"><net_src comp="289" pin="3"/><net_sink comp="297" pin=0"/></net>

<net id="305"><net_src comp="52" pin="0"/><net_sink comp="301" pin=1"/></net>

<net id="310"><net_src comp="259" pin="1"/><net_sink comp="306" pin=0"/></net>

<net id="316"><net_src comp="262" pin="2"/><net_sink comp="311" pin=0"/></net>

<net id="317"><net_src comp="301" pin="2"/><net_sink comp="311" pin=1"/></net>

<net id="318"><net_src comp="306" pin="2"/><net_sink comp="311" pin=2"/></net>

<net id="324"><net_src comp="262" pin="2"/><net_sink comp="319" pin=0"/></net>

<net id="325"><net_src comp="275" pin="2"/><net_sink comp="319" pin=1"/></net>

<net id="326"><net_src comp="234" pin="1"/><net_sink comp="319" pin=2"/></net>

<net id="331"><net_src comp="267" pin="3"/><net_sink comp="327" pin=0"/></net>

<net id="332"><net_src comp="62" pin="0"/><net_sink comp="327" pin=1"/></net>

<net id="337"><net_src comp="311" pin="3"/><net_sink comp="333" pin=0"/></net>

<net id="338"><net_src comp="262" pin="2"/><net_sink comp="333" pin=1"/></net>

<net id="344"><net_src comp="333" pin="2"/><net_sink comp="339" pin=0"/></net>

<net id="345"><net_src comp="52" pin="0"/><net_sink comp="339" pin=1"/></net>

<net id="346"><net_src comp="259" pin="1"/><net_sink comp="339" pin=2"/></net>

<net id="351"><net_src comp="339" pin="3"/><net_sink comp="347" pin=0"/></net>

<net id="352"><net_src comp="52" pin="0"/><net_sink comp="347" pin=1"/></net>

<net id="357"><net_src comp="297" pin="1"/><net_sink comp="353" pin=0"/></net>

<net id="362"><net_src comp="231" pin="1"/><net_sink comp="358" pin=0"/></net>

<net id="363"><net_src comp="64" pin="0"/><net_sink comp="358" pin=1"/></net>

<net id="369"><net_src comp="262" pin="2"/><net_sink comp="364" pin=0"/></net>

<net id="370"><net_src comp="64" pin="0"/><net_sink comp="364" pin=1"/></net>

<net id="371"><net_src comp="358" pin="2"/><net_sink comp="364" pin=2"/></net>

<net id="376"><net_src comp="253" pin="2"/><net_sink comp="372" pin=0"/></net>

<net id="381"><net_src comp="319" pin="3"/><net_sink comp="377" pin=0"/></net>

<net id="386"><net_src comp="364" pin="3"/><net_sink comp="382" pin=0"/></net>

<net id="395"><net_src comp="68" pin="0"/><net_sink comp="390" pin=0"/></net>

<net id="396"><net_src comp="70" pin="0"/><net_sink comp="390" pin=2"/></net>

<net id="400"><net_src comp="390" pin="3"/><net_sink comp="397" pin=0"/></net>

<net id="405"><net_src comp="397" pin="1"/><net_sink comp="401" pin=0"/></net>

<net id="410"><net_src comp="401" pin="2"/><net_sink comp="406" pin=0"/></net>

<net id="411"><net_src comp="387" pin="1"/><net_sink comp="406" pin=1"/></net>

<net id="419"><net_src comp="412" pin="1"/><net_sink comp="415" pin=0"/></net>

<net id="425"><net_src comp="415" pin="2"/><net_sink comp="420" pin=1"/></net>

<net id="426"><net_src comp="406" pin="2"/><net_sink comp="420" pin=2"/></net>

<net id="432"><net_src comp="68" pin="0"/><net_sink comp="427" pin=0"/></net>

<net id="433"><net_src comp="70" pin="0"/><net_sink comp="427" pin=2"/></net>

<net id="437"><net_src comp="427" pin="3"/><net_sink comp="434" pin=0"/></net>

<net id="442"><net_src comp="434" pin="1"/><net_sink comp="438" pin=0"/></net>

<net id="447"><net_src comp="438" pin="2"/><net_sink comp="443" pin=0"/></net>

<net id="453"><net_src comp="443" pin="2"/><net_sink comp="448" pin=1"/></net>

<net id="454"><net_src comp="420" pin="3"/><net_sink comp="448" pin=2"/></net>

<net id="464"><net_src comp="0" pin="0"/><net_sink comp="460" pin=0"/></net>

<net id="465"><net_src comp="448" pin="3"/><net_sink comp="460" pin=1"/></net>

<net id="471"><net_src comp="84" pin="0"/><net_sink comp="466" pin=0"/></net>

<net id="472"><net_src comp="455" pin="3"/><net_sink comp="466" pin=1"/></net>

<net id="473"><net_src comp="52" pin="0"/><net_sink comp="466" pin=2"/></net>

<net id="477"><net_src comp="466" pin="3"/><net_sink comp="474" pin=0"/></net>

<net id="483"><net_src comp="86" pin="0"/><net_sink comp="478" pin=0"/></net>

<net id="484"><net_src comp="88" pin="0"/><net_sink comp="478" pin=2"/></net>

<net id="488"><net_src comp="478" pin="3"/><net_sink comp="485" pin=0"/></net>

<net id="492"><net_src comp="478" pin="3"/><net_sink comp="489" pin=0"/></net>

<net id="497"><net_src comp="474" pin="1"/><net_sink comp="493" pin=1"/></net>

<net id="502"><net_src comp="489" pin="1"/><net_sink comp="498" pin=0"/></net>

<net id="503"><net_src comp="90" pin="0"/><net_sink comp="498" pin=1"/></net>

<net id="507"><net_src comp="498" pin="2"/><net_sink comp="504" pin=0"/></net>

<net id="512"><net_src comp="504" pin="1"/><net_sink comp="508" pin=0"/></net>

<net id="513"><net_src comp="493" pin="2"/><net_sink comp="508" pin=1"/></net>

<net id="518"><net_src comp="485" pin="1"/><net_sink comp="514" pin=1"/></net>

<net id="523"><net_src comp="514" pin="2"/><net_sink comp="519" pin=0"/></net>

<net id="524"><net_src comp="474" pin="1"/><net_sink comp="519" pin=1"/></net>

<net id="529"><net_src comp="2" pin="0"/><net_sink comp="525" pin=0"/></net>

<net id="530"><net_src comp="519" pin="2"/><net_sink comp="525" pin=1"/></net>

<net id="535"><net_src comp="2" pin="0"/><net_sink comp="531" pin=0"/></net>

<net id="536"><net_src comp="508" pin="2"/><net_sink comp="531" pin=1"/></net>

<net id="541"><net_src comp="0" pin="0"/><net_sink comp="537" pin=0"/></net>

<net id="542"><net_src comp="448" pin="3"/><net_sink comp="537" pin=1"/></net>

<net id="547"><net_src comp="62" pin="0"/><net_sink comp="543" pin=1"/></net>

<net id="552"><net_src comp="543" pin="2"/><net_sink comp="548" pin=0"/></net>

<net id="557"><net_src comp="455" pin="3"/><net_sink comp="553" pin=0"/></net>

<net id="562"><net_src comp="543" pin="2"/><net_sink comp="558" pin=0"/></net>

<net id="567"><net_src comp="195" pin="1"/><net_sink comp="563" pin=0"/></net>

<net id="573"><net_src comp="563" pin="2"/><net_sink comp="568" pin=0"/></net>

<net id="574"><net_src comp="195" pin="1"/><net_sink comp="568" pin=1"/></net>

<net id="579"><net_src comp="195" pin="1"/><net_sink comp="575" pin=1"/></net>

<net id="585"><net_src comp="575" pin="2"/><net_sink comp="580" pin=0"/></net>

<net id="586"><net_src comp="195" pin="1"/><net_sink comp="580" pin=2"/></net>

<net id="591"><net_src comp="580" pin="3"/><net_sink comp="587" pin=1"/></net>

<net id="597"><net_src comp="587" pin="2"/><net_sink comp="592" pin=0"/></net>

<net id="598"><net_src comp="580" pin="3"/><net_sink comp="592" pin=2"/></net>

<net id="602"><net_src comp="108" pin="1"/><net_sink comp="599" pin=0"/></net>

<net id="603"><net_src comp="599" pin="1"/><net_sink comp="223" pin=1"/></net>

<net id="604"><net_src comp="599" pin="1"/><net_sink comp="259" pin=0"/></net>

<net id="605"><net_src comp="599" pin="1"/><net_sink comp="558" pin=1"/></net>

<net id="609"><net_src comp="112" pin="1"/><net_sink comp="606" pin=0"/></net>

<net id="610"><net_src comp="606" pin="1"/><net_sink comp="218" pin=1"/></net>

<net id="611"><net_src comp="606" pin="1"/><net_sink comp="228" pin=0"/></net>

<net id="612"><net_src comp="606" pin="1"/><net_sink comp="553" pin=1"/></net>

<net id="616"><net_src comp="116" pin="1"/><net_sink comp="613" pin=0"/></net>

<net id="617"><net_src comp="613" pin="1"/><net_sink comp="213" pin=1"/></net>

<net id="618"><net_src comp="613" pin="1"/><net_sink comp="231" pin=0"/></net>

<net id="619"><net_src comp="613" pin="1"/><net_sink comp="382" pin=1"/></net>

<net id="623"><net_src comp="120" pin="1"/><net_sink comp="620" pin=0"/></net>

<net id="624"><net_src comp="620" pin="1"/><net_sink comp="208" pin=1"/></net>

<net id="625"><net_src comp="620" pin="1"/><net_sink comp="234" pin=0"/></net>

<net id="626"><net_src comp="620" pin="1"/><net_sink comp="377" pin=1"/></net>

<net id="630"><net_src comp="124" pin="1"/><net_sink comp="627" pin=0"/></net>

<net id="631"><net_src comp="627" pin="1"/><net_sink comp="203" pin=1"/></net>

<net id="632"><net_src comp="627" pin="1"/><net_sink comp="237" pin=0"/></net>

<net id="633"><net_src comp="627" pin="1"/><net_sink comp="372" pin=1"/></net>

<net id="637"><net_src comp="128" pin="2"/><net_sink comp="634" pin=0"/></net>

<net id="638"><net_src comp="634" pin="1"/><net_sink comp="262" pin=1"/></net>

<net id="642"><net_src comp="140" pin="2"/><net_sink comp="639" pin=0"/></net>

<net id="643"><net_src comp="639" pin="1"/><net_sink comp="301" pin=0"/></net>

<net id="644"><net_src comp="639" pin="1"/><net_sink comp="306" pin=1"/></net>

<net id="645"><net_src comp="639" pin="1"/><net_sink comp="548" pin=1"/></net>

<net id="649"><net_src comp="146" pin="2"/><net_sink comp="646" pin=0"/></net>

<net id="650"><net_src comp="646" pin="1"/><net_sink comp="353" pin=1"/></net>

<net id="654"><net_src comp="152" pin="2"/><net_sink comp="651" pin=0"/></net>

<net id="655"><net_src comp="651" pin="1"/><net_sink comp="248" pin=1"/></net>

<net id="659"><net_src comp="158" pin="2"/><net_sink comp="656" pin=0"/></net>

<net id="660"><net_src comp="656" pin="1"/><net_sink comp="401" pin=1"/></net>

<net id="661"><net_src comp="656" pin="1"/><net_sink comp="415" pin=1"/></net>

<net id="662"><net_src comp="656" pin="1"/><net_sink comp="438" pin=1"/></net>

<net id="666"><net_src comp="199" pin="1"/><net_sink comp="663" pin=0"/></net>

<net id="667"><net_src comp="663" pin="1"/><net_sink comp="164" pin=2"/></net>

<net id="671"><net_src comp="228" pin="1"/><net_sink comp="668" pin=0"/></net>

<net id="672"><net_src comp="668" pin="1"/><net_sink comp="390" pin=1"/></net>

<net id="676"><net_src comp="240" pin="3"/><net_sink comp="673" pin=0"/></net>

<net id="677"><net_src comp="673" pin="1"/><net_sink comp="387" pin=0"/></net>

<net id="681"><net_src comp="248" pin="2"/><net_sink comp="678" pin=0"/></net>

<net id="685"><net_src comp="262" pin="2"/><net_sink comp="682" pin=0"/></net>

<net id="686"><net_src comp="682" pin="1"/><net_sink comp="420" pin=0"/></net>

<net id="690"><net_src comp="267" pin="3"/><net_sink comp="687" pin=0"/></net>

<net id="691"><net_src comp="687" pin="1"/><net_sink comp="455" pin=2"/></net>

<net id="695"><net_src comp="281" pin="3"/><net_sink comp="692" pin=0"/></net>

<net id="696"><net_src comp="692" pin="1"/><net_sink comp="412" pin=0"/></net>

<net id="700"><net_src comp="297" pin="1"/><net_sink comp="697" pin=0"/></net>

<net id="701"><net_src comp="697" pin="1"/><net_sink comp="443" pin=1"/></net>

<net id="705"><net_src comp="311" pin="3"/><net_sink comp="702" pin=0"/></net>

<net id="706"><net_src comp="702" pin="1"/><net_sink comp="448" pin=0"/></net>

<net id="707"><net_src comp="702" pin="1"/><net_sink comp="455" pin=0"/></net>

<net id="711"><net_src comp="327" pin="2"/><net_sink comp="708" pin=0"/></net>

<net id="712"><net_src comp="708" pin="1"/><net_sink comp="427" pin=1"/></net>

<net id="713"><net_src comp="708" pin="1"/><net_sink comp="455" pin=1"/></net>

<net id="717"><net_src comp="339" pin="3"/><net_sink comp="714" pin=0"/></net>

<net id="718"><net_src comp="714" pin="1"/><net_sink comp="478" pin=1"/></net>

<net id="719"><net_src comp="714" pin="1"/><net_sink comp="543" pin=0"/></net>

<net id="723"><net_src comp="347" pin="2"/><net_sink comp="720" pin=0"/></net>

<net id="727"><net_src comp="353" pin="2"/><net_sink comp="724" pin=0"/></net>

<net id="728"><net_src comp="724" pin="1"/><net_sink comp="493" pin=0"/></net>

<net id="729"><net_src comp="724" pin="1"/><net_sink comp="514" pin=0"/></net>

<net id="733"><net_src comp="460" pin="2"/><net_sink comp="730" pin=0"/></net>

<net id="734"><net_src comp="730" pin="1"/><net_sink comp="164" pin=1"/></net>

<net id="738"><net_src comp="525" pin="2"/><net_sink comp="735" pin=0"/></net>

<net id="739"><net_src comp="735" pin="1"/><net_sink comp="170" pin=1"/></net>

<net id="740"><net_src comp="735" pin="1"/><net_sink comp="177" pin=1"/></net>

<net id="744"><net_src comp="531" pin="2"/><net_sink comp="741" pin=0"/></net>

<net id="745"><net_src comp="741" pin="1"/><net_sink comp="170" pin=1"/></net>

<net id="746"><net_src comp="741" pin="1"/><net_sink comp="177" pin=1"/></net>

<net id="750"><net_src comp="537" pin="2"/><net_sink comp="747" pin=0"/></net>

<net id="751"><net_src comp="747" pin="1"/><net_sink comp="182" pin=1"/></net>

<net id="752"><net_src comp="747" pin="1"/><net_sink comp="190" pin=1"/></net>

<net id="756"><net_src comp="548" pin="2"/><net_sink comp="753" pin=0"/></net>

<net id="760"><net_src comp="177" pin="2"/><net_sink comp="757" pin=0"/></net>

<net id="761"><net_src comp="757" pin="1"/><net_sink comp="563" pin=1"/></net>

<net id="762"><net_src comp="757" pin="1"/><net_sink comp="568" pin=2"/></net>

<net id="766"><net_src comp="177" pin="2"/><net_sink comp="763" pin=0"/></net>

<net id="767"><net_src comp="763" pin="1"/><net_sink comp="575" pin=0"/></net>

<net id="768"><net_src comp="763" pin="1"/><net_sink comp="580" pin=1"/></net>

<net id="772"><net_src comp="568" pin="3"/><net_sink comp="769" pin=0"/></net>

<net id="773"><net_src comp="769" pin="1"/><net_sink comp="587" pin=0"/></net>

<net id="774"><net_src comp="769" pin="1"/><net_sink comp="592" pin=1"/></net>

<net id="778"><net_src comp="592" pin="3"/><net_sink comp="775" pin=0"/></net>

<net id="779"><net_src comp="775" pin="1"/><net_sink comp="182" pin=2"/></net>

</net_list>

</model> 
---------------- Datapath Model END ------------------

* FSMD analyzer results:
  - Output states:
	Port: gmem0 | {4 17 18 19 20 21 22 }
	Port: gmem2 | {}
 - Input state : 
	Port: dpu_conv_top_Pipeline_POOL_OC_POOL_H_POOL_W : gmem0 | {}
	Port: dpu_conv_top_Pipeline_POOL_OC_POOL_H_POOL_W : gmem2 | {4 5 6 7 8 9 10 11 12 13 14 15 }
	Port: dpu_conv_top_Pipeline_POOL_OC_POOL_H_POOL_W : ofmap | {1 }
	Port: dpu_conv_top_Pipeline_POOL_OC_POOL_H_POOL_W : mul_ln82_1 | {1 }
	Port: dpu_conv_top_Pipeline_POOL_OC_POOL_H_POOL_W : conv_scratch | {1 }
	Port: dpu_conv_top_Pipeline_POOL_OC_POOL_H_POOL_W : lshr_ln1 | {1 }
	Port: dpu_conv_top_Pipeline_POOL_OC_POOL_H_POOL_W : zext_ln85 | {1 }
	Port: dpu_conv_top_Pipeline_POOL_OC_POOL_H_POOL_W : mul_ln82 | {1 }
  - Chain level:
	State 1
		store_ln0 : 1
		store_ln85 : 1
		store_ln0 : 1
		store_ln87 : 1
		store_ln89 : 1
	State 2
		shl_ln : 1
		icmp_ln85 : 1
		add_ln85 : 1
		br_ln85 : 2
		icmp_ln87 : 1
		select_ln85 : 2
		add_ln85_1 : 1
		shl_ln91_mid1 : 2
		select_ln85_1 : 3
		zext_ln85_1 : 4
		icmp_ln89_1 : 1
		select_ln85_3 : 2
		select_ln85_4 : 2
		add_ln87 : 3
		empty_67 : 3
		ow_mid2 : 3
		first_iter_0 : 4
		br_ln89 : 5
		add_ln91 : 5
		add_ln87_1 : 1
		select_ln87_1 : 2
		store_ln85 : 2
		store_ln85 : 3
		store_ln87 : 3
	State 3
		zext_ln91_1 : 1
		add_ln91_1 : 2
		add_ln91_2 : 3
		add_ln91_8 : 1
		select_ln85_2 : 4
		zext_ln91_6 : 1
		add_ln91_9 : 2
		add_ln91_10 : 3
		add_ln91_2_mid2 : 5
		gmem0_addr : 6
		shl_ln91_1 : 1
		zext_ln89 : 2
		zext_ln91_2 : 1
		zext_ln91_3 : 1
		add_ln91_3 : 3
		add_ln91_4 : 2
		zext_ln91_4 : 3
		add_ln91_5 : 4
		add_ln91_6 : 2
		add_ln91_7 : 3
		gmem2_addr : 4
		gmem2_addr_1 : 5
		gmem0_addr_1 : 6
		icmp_ln89_2 : 1
		br_ln89 : 2
		store_ln87 : 1
		store_ln89 : 1
	State 4
	State 5
	State 6
	State 7
	State 8
	State 9
	State 10
	State 11
	State 12
	State 13
	State 14
	State 15
		m0 : 1
	State 16
		m1 : 1
		icmp_ln98 : 2
		select_ln98 : 3
	State 17
	State 18
	State 19
	State 20
	State 21
	State 22


============================================================
+ Verbose Summary: Datapath Resource usage 
============================================================

* Functional unit list:
|----------|-------------------------------|---------|---------|
| Operation|        Functional Unit        |    FF   |   LUT   |
|----------|-------------------------------|---------|---------|
|          |        add_ln85_fu_253        |    0    |    29   |
|          |       add_ln85_1_fu_275       |    0    |    15   |
|          |        add_ln87_fu_327        |    0    |    14   |
|          |        add_ln91_fu_353        |    0    |    71   |
|          |       add_ln87_1_fu_358       |    0    |    17   |
|          |       add_ln91_1_fu_401       |    0    |    64   |
|          |       add_ln91_2_fu_406       |    0    |    64   |
|    add   |       add_ln91_8_fu_415       |    0    |    71   |
|          |       add_ln91_9_fu_438       |    0    |    64   |
|          |       add_ln91_10_fu_443      |    0    |    64   |
|          |       add_ln91_3_fu_493       |    0    |    64   |
|          |       add_ln91_4_fu_498       |    0    |    15   |
|          |       add_ln91_5_fu_508       |    0    |    64   |
|          |       add_ln91_6_fu_514       |    0    |    64   |
|          |       add_ln91_7_fu_519       |    0    |    64   |
|          |        add_ln89_fu_543        |    0    |    14   |
|----------|-------------------------------|---------|---------|
|          |       select_ln85_fu_267      |    0    |    7    |
|          |      select_ln85_1_fu_289     |    0    |    20   |
|          |      select_ln85_3_fu_311     |    0    |    2    |
|          |      select_ln85_4_fu_319     |    0    |    8    |
|          |         ow_mid2_fu_339        |    0    |    7    |
|  select  |      select_ln87_1_fu_364     |    0    |    14   |
|          |      select_ln85_2_fu_420     |    0    |    64   |
|          |     add_ln91_2_mid2_fu_448    |    0    |    64   |
|          |       select_ln87_fu_455      |    0    |    7    |
|          |           m0_fu_568           |    0    |    8    |
|          |           m1_fu_580           |    0    |    8    |
|          |       select_ln98_fu_592      |    0    |    8    |
|----------|-------------------------------|---------|---------|
|          |        icmp_ln85_fu_248       |    0    |    29   |
|          |        icmp_ln87_fu_262       |    0    |    17   |
|          |        icmp_ln89_fu_301       |    0    |    14   |
|          |       icmp_ln89_1_fu_306      |    0    |    14   |
|   icmp   |      first_iter_0_fu_347      |    0    |    14   |
|          |       icmp_ln89_2_fu_548      |    0    |    14   |
|          |        icmp_ln96_fu_563       |    0    |    15   |
|          |        icmp_ln97_fu_575       |    0    |    15   |
|          |        icmp_ln98_fu_587       |    0    |    15   |
|----------|-------------------------------|---------|---------|
|    or    |        empty_67_fu_333        |    0    |    2    |
|----------|-------------------------------|---------|---------|
|          |   mul_ln82_read_read_fu_128   |    0    |    0    |
|          |   zext_ln85_read_read_fu_134  |    0    |    0    |
|          |   lshr_ln1_read_read_fu_140   |    0    |    0    |
|   read   | conv_scratch_read_read_fu_146 |    0    |    0    |
|          |  mul_ln82_1_read_read_fu_152  |    0    |    0    |
|          |     ofmap_read_read_fu_158    |    0    |    0    |
|          |        grp_read_fu_177        |    0    |    0    |
|----------|-------------------------------|---------|---------|
| writereq |    empty_66_writereq_fu_164   |    0    |    0    |
|----------|-------------------------------|---------|---------|
|  readreq |       grp_readreq_fu_170      |    0    |    0    |
|----------|-------------------------------|---------|---------|
|   write  |    write_ln98_write_fu_182    |    0    |    0    |
|----------|-------------------------------|---------|---------|
| writeresp|      grp_writeresp_fu_190     |    0    |    0    |
|----------|-------------------------------|---------|---------|
|          |     zext_ln85_cast_fu_199     |    0    |    0    |
|          |       zext_ln85_1_fu_297      |    0    |    0    |
|          |        zext_ln91_fu_387       |    0    |    0    |
|          |       zext_ln91_1_fu_397      |    0    |    0    |
|   zext   |       zext_ln91_5_fu_412      |    0    |    0    |
|          |       zext_ln91_6_fu_434      |    0    |    0    |
|          |        zext_ln89_fu_474       |    0    |    0    |
|          |       zext_ln91_2_fu_485      |    0    |    0    |
|          |       zext_ln91_3_fu_489      |    0    |    0    |
|          |       zext_ln91_4_fu_504      |    0    |    0    |
|----------|-------------------------------|---------|---------|
|          |         shl_ln_fu_240         |    0    |    0    |
|          |      shl_ln91_mid1_fu_281     |    0    |    0    |
|bitconcatenate|       shl_ln91_3_fu_390       |    0    |    0    |
|          |     shl_ln91_3_mid1_fu_427    |    0    |    0    |
|          |       shl_ln91_1_fu_466       |    0    |    0    |
|          |       shl_ln91_2_fu_478       |    0    |    0    |
|----------|-------------------------------|---------|---------|
|   Total  |                               |    0    |   1124  |
|----------|-------------------------------|---------|---------|

Memories:
N/A

* Register list:
+-------------------------+--------+
|                         |   FF   |
+-------------------------+--------+
|     add_ln87_reg_708    |    7   |
|     add_ln91_reg_724    |   64   |
|conv_scratch_read_reg_646|   64   |
|   first_iter_0_reg_720  |    1   |
|   gmem0_addr_1_reg_747  |    8   |
|    gmem0_addr_reg_730   |    8   |
|   gmem2_addr_1_reg_741  |    8   |
|    gmem2_addr_reg_735   |    8   |
|    icmp_ln85_reg_678    |    1   |
|    icmp_ln87_reg_682    |    1   |
|   icmp_ln89_2_reg_753   |    1   |
| indvar_flatten25_reg_627|   22   |
|  indvar_flatten_reg_613 |   14   |
|  lshr_ln1_read_reg_639  |    7   |
|        m0_reg_769       |    8   |
| mul_ln82_1_read_reg_651 |   22   |
|  mul_ln82_read_reg_634  |   14   |
|        oc_reg_620       |    8   |
|    ofmap_read_reg_656   |   64   |
|       oh_1_reg_668      |    7   |
|        oh_reg_606       |    7   |
|     ow_mid2_reg_714     |    7   |
|        ow_reg_599       |    7   |
|       p01_reg_757       |    8   |
|       p10_reg_763       |    8   |
|         reg_195         |    8   |
|  select_ln85_3_reg_702  |    1   |
|   select_ln85_reg_687   |    7   |
|   select_ln98_reg_775   |    8   |
|  shl_ln91_mid1_reg_692  |   20   |
|      shl_ln_reg_673     |   20   |
|   zext_ln85_1_reg_697   |   64   |
|  zext_ln85_cast_reg_663 |   64   |
+-------------------------+--------+
|          Total          |   566  |
+-------------------------+--------+

* Multiplexer (MUX) list: 
|--------------------|------|------|------|--------||---------||---------||---------|
|        Comp        |  Pin | Size |  BW  | S x BW ||  Delay  ||    FF   ||   LUT   |
|--------------------|------|------|------|--------||---------||---------||---------|
| grp_readreq_fu_170 |  p1  |   2  |   8  |   16   ||    0    ||    9    |
|   grp_read_fu_177  |  p1  |   2  |   8  |   16   ||    0    ||    9    |
|--------------------|------|------|------|--------||---------||---------||---------|
|        Total       |      |      |      |   32   ||  3.176  ||    0    ||    18   |
|--------------------|------|------|------|--------||---------||---------||---------|



* Summary:
+-----------+--------+--------+--------+
|           |  Delay |   FF   |   LUT  |
+-----------+--------+--------+--------+
|  Function |    -   |    0   |  1124  |
|   Memory  |    -   |    -   |    -   |
|Multiplexer|    3   |    0   |   18   |
|  Register |    -   |   566  |    -   |
+-----------+--------+--------+--------+
|   Total   |    3   |   566  |  1142  |
+-----------+--------+--------+--------+
