

================================================================
== Vitis HLS Report for 'dpu_conv_top'
================================================================
* Date:           Mon Sep  7 20:13:00 2026

* Version:        2025.2 (Build 6295257 on Nov 14 2025)
* Project:        dpu_conv_top
* Solution:       hls (Vivado IP Flow Target)
* Product family: zynq
* Target device:  xc7z020-clg400-1


================================================================
== Performance Estimates
================================================================
+ Timing: 
    * Summary: 
    +--------+----------+----------+------------+
    |  Clock |  Target  | Estimated| Uncertainty|
    +--------+----------+----------+------------+
    |ap_clk  |  11.00 ns|  8.030 ns|     2.97 ns|
    +--------+----------+----------+------------+

+ Latency: 
    * Summary: 
    +---------+-----------+----------+-----------+-----+-----------+----------+
    |   Latency (cycles)  |  Latency (absolute)  |     Interval    | Pipeline |
    |   min   |    max    |    min   |    max    | min |    max    |   Type   |
    +---------+-----------+----------+-----------+-----+-----------+----------+
    |      615|  167578191|  6.765 us|  1.843 sec|  607|  150996802|  dataflow|
    +---------+-----------+----------+-----------+-----+-----------+----------+

    + Detail: 
        * Instance: 
        +--------------------------------------+--------------------+---------+-----------+-----------+-----------+-----+-----------+---------+
        |                                      |                    |   Latency (cycles)  |   Latency (absolute)  |     Interval    | Pipeline|
        |               Instance               |       Module       |   min   |    max    |    min    |    max    | min |    max    |   Type  |
        +--------------------------------------+--------------------+---------+-----------+-----------+-----------+-----+-----------+---------+
        |call_ln160_entry_proc_fu_394          |entry_proc          |        0|          0|       0 ns|       0 ns|    0|          0|       no|
        |grp_conv3x3_relu_fu_404               |conv3x3_relu        |      606|  150996801|   6.666 us|  1.661 sec|  606|  150996801|       no|
        |call_ln178_Block_entry_proc_2_fu_494  |Block_entry_proc_2  |        0|          0|       0 ns|       0 ns|    0|          0|       no|
        |grp_Block_entry_proc_fu_502           |Block_entry_proc    |        8|   16581389|  88.000 ns|  0.182 sec|    8|   16581389|       no|
        +--------------------------------------+--------------------+---------+-----------+-----------+-----------+-----+-----------+---------+

        * Loop: 
        N/A

============================================================
+ Verbose Summary: Synthesis Manager
============================================================
InlineROM: 1
ExposeGlobal: 0
============================================================
+ Verbose Summary: CDFG Model
============================================================
IsTopModel: 1
ResetActiveHigh: 1
IsCombinational: 2
IsDatapathOnly: 0
HasWiredReturn: 1
HasMFsm: 0
HasVarLatency: 1
IsPipeline: 0
IsRtlPipelined: 0
IsInstanceOverlapped: 0
IsDontTouch: 0
HasImplIP: 0
IsGatedGlobalClock: 0


============================================================
+ Verbose Summary: Schedule
============================================================
* Number of FSM states : 4
* Pipeline : 0
* Dataflow Pipeline: 1
  DF-Pipeline-0: Size = 4, States = { 1 2 3 4 }

* FSM state transitions: 
1 --> 2 
2 --> 3 
3 --> 4 
4 --> 

* FSM state operations: 

State 1 <SV = 0> <Delay = 6.63>
ST_1 : Operation 5 [1/1] (1.00ns)   --->   "%do_pool_read = read i1 @_ssdm_op_Read.s_axilite.i1, i1 %do_pool" [C:/Users/user/Downloads/files/dpu_conv.cpp:160]   --->   Operation 5 'read' 'do_pool_read' <Predicate = true> <Delay = 1.00> <CoreInst = "s_axilite">   --->   Core 112 's_axilite' <Latency = 0> <II = 1> <Delay = 1.00> <Adapter> <Opcode : 'read' 'write'>
ST_1 : Operation 6 [1/1] (1.00ns)   --->   "%do_relu_read = read i1 @_ssdm_op_Read.s_axilite.i1, i1 %do_relu" [C:/Users/user/Downloads/files/dpu_conv.cpp:160]   --->   Operation 6 'read' 'do_relu_read' <Predicate = true> <Delay = 1.00> <CoreInst = "s_axilite">   --->   Core 112 's_axilite' <Latency = 0> <II = 1> <Delay = 1.00> <Adapter> <Opcode : 'read' 'write'>
ST_1 : Operation 7 [1/1] (1.00ns)   --->   "%out_ch_read = read i8 @_ssdm_op_Read.s_axilite.i8, i8 %out_ch" [C:/Users/user/Downloads/files/dpu_conv.cpp:160]   --->   Operation 7 'read' 'out_ch_read' <Predicate = true> <Delay = 1.00> <CoreInst = "s_axilite">   --->   Core 112 's_axilite' <Latency = 0> <II = 1> <Delay = 1.00> <Adapter> <Opcode : 'read' 'write'>
ST_1 : Operation 8 [1/1] (1.00ns)   --->   "%in_ch_read = read i8 @_ssdm_op_Read.s_axilite.i8, i8 %in_ch" [C:/Users/user/Downloads/files/dpu_conv.cpp:160]   --->   Operation 8 'read' 'in_ch_read' <Predicate = true> <Delay = 1.00> <CoreInst = "s_axilite">   --->   Core 112 's_axilite' <Latency = 0> <II = 1> <Delay = 1.00> <Adapter> <Opcode : 'read' 'write'>
ST_1 : Operation 9 [1/1] (1.00ns)   --->   "%in_w_read = read i8 @_ssdm_op_Read.s_axilite.i8, i8 %in_w" [C:/Users/user/Downloads/files/dpu_conv.cpp:160]   --->   Operation 9 'read' 'in_w_read' <Predicate = true> <Delay = 1.00> <CoreInst = "s_axilite">   --->   Core 112 's_axilite' <Latency = 0> <II = 1> <Delay = 1.00> <Adapter> <Opcode : 'read' 'write'>
ST_1 : Operation 10 [1/1] (1.00ns)   --->   "%in_h_read = read i8 @_ssdm_op_Read.s_axilite.i8, i8 %in_h" [C:/Users/user/Downloads/files/dpu_conv.cpp:160]   --->   Operation 10 'read' 'in_h_read' <Predicate = true> <Delay = 1.00> <CoreInst = "s_axilite">   --->   Core 112 's_axilite' <Latency = 0> <II = 1> <Delay = 1.00> <Adapter> <Opcode : 'read' 'write'>
ST_1 : Operation 11 [1/1] (1.00ns)   --->   "%ofmap_read = read i64 @_ssdm_op_Read.s_axilite.i64, i64 %ofmap" [C:/Users/user/Downloads/files/dpu_conv.cpp:160]   --->   Operation 11 'read' 'ofmap_read' <Predicate = true> <Delay = 1.00> <CoreInst = "s_axilite">   --->   Core 112 's_axilite' <Latency = 0> <II = 1> <Delay = 1.00> <Adapter> <Opcode : 'read' 'write'>
ST_1 : Operation 12 [1/1] (1.00ns)   --->   "%bias_read = read i64 @_ssdm_op_Read.s_axilite.i64, i64 %bias" [C:/Users/user/Downloads/files/dpu_conv.cpp:160]   --->   Operation 12 'read' 'bias_read' <Predicate = true> <Delay = 1.00> <CoreInst = "s_axilite">   --->   Core 112 's_axilite' <Latency = 0> <II = 1> <Delay = 1.00> <Adapter> <Opcode : 'read' 'write'>
ST_1 : Operation 13 [1/1] (1.00ns)   --->   "%weight_7_read = read i64 @_ssdm_op_Read.s_axilite.i64, i64 %weight_7" [C:/Users/user/Downloads/files/dpu_conv.cpp:160]   --->   Operation 13 'read' 'weight_7_read' <Predicate = true> <Delay = 1.00> <CoreInst = "s_axilite">   --->   Core 112 's_axilite' <Latency = 0> <II = 1> <Delay = 1.00> <Adapter> <Opcode : 'read' 'write'>
ST_1 : Operation 14 [1/1] (1.00ns)   --->   "%weight_6_read = read i64 @_ssdm_op_Read.s_axilite.i64, i64 %weight_6" [C:/Users/user/Downloads/files/dpu_conv.cpp:160]   --->   Operation 14 'read' 'weight_6_read' <Predicate = true> <Delay = 1.00> <CoreInst = "s_axilite">   --->   Core 112 's_axilite' <Latency = 0> <II = 1> <Delay = 1.00> <Adapter> <Opcode : 'read' 'write'>
ST_1 : Operation 15 [1/1] (1.00ns)   --->   "%weight_5_read = read i64 @_ssdm_op_Read.s_axilite.i64, i64 %weight_5" [C:/Users/user/Downloads/files/dpu_conv.cpp:160]   --->   Operation 15 'read' 'weight_5_read' <Predicate = true> <Delay = 1.00> <CoreInst = "s_axilite">   --->   Core 112 's_axilite' <Latency = 0> <II = 1> <Delay = 1.00> <Adapter> <Opcode : 'read' 'write'>
ST_1 : Operation 16 [1/1] (1.00ns)   --->   "%weight_4_read = read i64 @_ssdm_op_Read.s_axilite.i64, i64 %weight_4" [C:/Users/user/Downloads/files/dpu_conv.cpp:160]   --->   Operation 16 'read' 'weight_4_read' <Predicate = true> <Delay = 1.00> <CoreInst = "s_axilite">   --->   Core 112 's_axilite' <Latency = 0> <II = 1> <Delay = 1.00> <Adapter> <Opcode : 'read' 'write'>
ST_1 : Operation 17 [1/1] (1.00ns)   --->   "%weight_3_read = read i64 @_ssdm_op_Read.s_axilite.i64, i64 %weight_3" [C:/Users/user/Downloads/files/dpu_conv.cpp:160]   --->   Operation 17 'read' 'weight_3_read' <Predicate = true> <Delay = 1.00> <CoreInst = "s_axilite">   --->   Core 112 's_axilite' <Latency = 0> <II = 1> <Delay = 1.00> <Adapter> <Opcode : 'read' 'write'>
ST_1 : Operation 18 [1/1] (1.00ns)   --->   "%weight_2_read = read i64 @_ssdm_op_Read.s_axilite.i64, i64 %weight_2" [C:/Users/user/Downloads/files/dpu_conv.cpp:160]   --->   Operation 18 'read' 'weight_2_read' <Predicate = true> <Delay = 1.00> <CoreInst = "s_axilite">   --->   Core 112 's_axilite' <Latency = 0> <II = 1> <Delay = 1.00> <Adapter> <Opcode : 'read' 'write'>
ST_1 : Operation 19 [1/1] (1.00ns)   --->   "%weight_1_read = read i64 @_ssdm_op_Read.s_axilite.i64, i64 %weight_1" [C:/Users/user/Downloads/files/dpu_conv.cpp:160]   --->   Operation 19 'read' 'weight_1_read' <Predicate = true> <Delay = 1.00> <CoreInst = "s_axilite">   --->   Core 112 's_axilite' <Latency = 0> <II = 1> <Delay = 1.00> <Adapter> <Opcode : 'read' 'write'>
ST_1 : Operation 20 [1/1] (1.00ns)   --->   "%weight_0_read = read i64 @_ssdm_op_Read.s_axilite.i64, i64 %weight_0" [C:/Users/user/Downloads/files/dpu_conv.cpp:160]   --->   Operation 20 'read' 'weight_0_read' <Predicate = true> <Delay = 1.00> <CoreInst = "s_axilite">   --->   Core 112 's_axilite' <Latency = 0> <II = 1> <Delay = 1.00> <Adapter> <Opcode : 'read' 'write'>
ST_1 : Operation 21 [1/1] (1.00ns)   --->   "%ifmap_7_read = read i64 @_ssdm_op_Read.s_axilite.i64, i64 %ifmap_7" [C:/Users/user/Downloads/files/dpu_conv.cpp:160]   --->   Operation 21 'read' 'ifmap_7_read' <Predicate = true> <Delay = 1.00> <CoreInst = "s_axilite">   --->   Core 112 's_axilite' <Latency = 0> <II = 1> <Delay = 1.00> <Adapter> <Opcode : 'read' 'write'>
ST_1 : Operation 22 [1/1] (1.00ns)   --->   "%ifmap_6_read = read i64 @_ssdm_op_Read.s_axilite.i64, i64 %ifmap_6" [C:/Users/user/Downloads/files/dpu_conv.cpp:160]   --->   Operation 22 'read' 'ifmap_6_read' <Predicate = true> <Delay = 1.00> <CoreInst = "s_axilite">   --->   Core 112 's_axilite' <Latency = 0> <II = 1> <Delay = 1.00> <Adapter> <Opcode : 'read' 'write'>
ST_1 : Operation 23 [1/1] (1.00ns)   --->   "%ifmap_5_read = read i64 @_ssdm_op_Read.s_axilite.i64, i64 %ifmap_5" [C:/Users/user/Downloads/files/dpu_conv.cpp:160]   --->   Operation 23 'read' 'ifmap_5_read' <Predicate = true> <Delay = 1.00> <CoreInst = "s_axilite">   --->   Core 112 's_axilite' <Latency = 0> <II = 1> <Delay = 1.00> <Adapter> <Opcode : 'read' 'write'>
ST_1 : Operation 24 [1/1] (1.00ns)   --->   "%ifmap_4_read = read i64 @_ssdm_op_Read.s_axilite.i64, i64 %ifmap_4" [C:/Users/user/Downloads/files/dpu_conv.cpp:160]   --->   Operation 24 'read' 'ifmap_4_read' <Predicate = true> <Delay = 1.00> <CoreInst = "s_axilite">   --->   Core 112 's_axilite' <Latency = 0> <II = 1> <Delay = 1.00> <Adapter> <Opcode : 'read' 'write'>
ST_1 : Operation 25 [1/1] (1.00ns)   --->   "%ifmap_3_read = read i64 @_ssdm_op_Read.s_axilite.i64, i64 %ifmap_3" [C:/Users/user/Downloads/files/dpu_conv.cpp:160]   --->   Operation 25 'read' 'ifmap_3_read' <Predicate = true> <Delay = 1.00> <CoreInst = "s_axilite">   --->   Core 112 's_axilite' <Latency = 0> <II = 1> <Delay = 1.00> <Adapter> <Opcode : 'read' 'write'>
ST_1 : Operation 26 [1/1] (1.00ns)   --->   "%ifmap_2_read = read i64 @_ssdm_op_Read.s_axilite.i64, i64 %ifmap_2" [C:/Users/user/Downloads/files/dpu_conv.cpp:160]   --->   Operation 26 'read' 'ifmap_2_read' <Predicate = true> <Delay = 1.00> <CoreInst = "s_axilite">   --->   Core 112 's_axilite' <Latency = 0> <II = 1> <Delay = 1.00> <Adapter> <Opcode : 'read' 'write'>
ST_1 : Operation 27 [1/1] (1.00ns)   --->   "%ifmap_1_read = read i64 @_ssdm_op_Read.s_axilite.i64, i64 %ifmap_1" [C:/Users/user/Downloads/files/dpu_conv.cpp:160]   --->   Operation 27 'read' 'ifmap_1_read' <Predicate = true> <Delay = 1.00> <CoreInst = "s_axilite">   --->   Core 112 's_axilite' <Latency = 0> <II = 1> <Delay = 1.00> <Adapter> <Opcode : 'read' 'write'>
ST_1 : Operation 28 [1/1] (1.00ns)   --->   "%ifmap_0_read = read i64 @_ssdm_op_Read.s_axilite.i64, i64 %ifmap_0" [C:/Users/user/Downloads/files/dpu_conv.cpp:160]   --->   Operation 28 'read' 'ifmap_0_read' <Predicate = true> <Delay = 1.00> <CoreInst = "s_axilite">   --->   Core 112 's_axilite' <Latency = 0> <II = 1> <Delay = 1.00> <Adapter> <Opcode : 'read' 'write'>
ST_1 : Operation 29 [1/1] (0.00ns)   --->   "%do_pool_c = alloca i64 1" [C:/Users/user/Downloads/files/dpu_conv.cpp:160]   --->   Operation 29 'alloca' 'do_pool_c' <Predicate = true> <Delay = 0.00> <CoreInst = "FIFO_SRL">   --->   Core 80 'FIFO_SRL' <Latency = 0> <II = 1> <Delay = 3.63> <Storage> <Opcode : 'read' 'write' 'nbread' 'nbwrite'> <Ports = 0> <Width = 1> <Depth = 4> <FIFO>
ST_1 : Operation 30 [1/1] (0.00ns)   --->   "%ofmap_c = alloca i64 1" [C:/Users/user/Downloads/files/dpu_conv.cpp:160]   --->   Operation 30 'alloca' 'ofmap_c' <Predicate = true> <Delay = 0.00> <CoreInst = "FIFO_SRL">   --->   Core 80 'FIFO_SRL' <Latency = 0> <II = 1> <Delay = 3.63> <Storage> <Opcode : 'read' 'write' 'nbread' 'nbwrite'> <Ports = 0> <Width = 64> <Depth = 4> <FIFO>
ST_1 : Operation 31 [1/1] (3.63ns)   --->   "%call_ln160 = call void @entry_proc, i64 %ofmap_read, i64 %ofmap_c, i1 %do_pool_read, i1 %do_pool_c" [C:/Users/user/Downloads/files/dpu_conv.cpp:160]   --->   Operation 31 'call' 'call_ln160' <Predicate = true> <Delay = 3.63> <CoreType = "Generic">   --->   Generic Core
ST_1 : Operation 32 [2/2] (5.63ns)   --->   "%call_ret = call i88 @conv3x3_relu, i8 %gmem0_0, i64 %ifmap_0_read, i8 %gmem0_1, i64 %ifmap_1_read, i8 %gmem0_2, i64 %ifmap_2_read, i8 %gmem0_3, i64 %ifmap_3_read, i8 %gmem0_4, i64 %ifmap_4_read, i8 %gmem0_5, i64 %ifmap_5_read, i8 %gmem0_6, i64 %ifmap_6_read, i8 %gmem0_7, i64 %ifmap_7_read, i8 %gmem1_0, i64 %weight_0_read, i8 %gmem1_1, i64 %weight_1_read, i8 %gmem1_2, i64 %weight_2_read, i8 %gmem1_3, i64 %weight_3_read, i8 %gmem1_4, i64 %weight_4_read, i8 %gmem1_5, i64 %weight_5_read, i8 %gmem1_6, i64 %weight_6_read, i8 %gmem1_7, i64 %weight_7_read, i32 %gmem1, i64 %bias_read, i8 %in_h_read, i8 %in_w_read, i8 %in_ch_read, i8 %out_ch_read, i1 %do_relu_read, i1 0, i1 0, i8 %dpu_conv_top_ap_int_64_64_ap_int_64_3_3_ap_int_ap_int_64_64_1, i8 %dpu_mulmulmulmulconv_top_ap_int_64_64_ap_int_64_3_3_ap_int_ap_int_64_64" [C:/Users/user/Downloads/files/dpu_conv.cpp:165]   --->   Operation 32 'call' 'call_ret' <Predicate = true> <Delay = 5.63> <CoreType = "Generic">   --->   Generic Core

State 2 <SV = 1> <Delay = 5.54>
ST_2 : Operation 33 [1/2] (1.91ns)   --->   "%call_ret = call i88 @conv3x3_relu, i8 %gmem0_0, i64 %ifmap_0_read, i8 %gmem0_1, i64 %ifmap_1_read, i8 %gmem0_2, i64 %ifmap_2_read, i8 %gmem0_3, i64 %ifmap_3_read, i8 %gmem0_4, i64 %ifmap_4_read, i8 %gmem0_5, i64 %ifmap_5_read, i8 %gmem0_6, i64 %ifmap_6_read, i8 %gmem0_7, i64 %ifmap_7_read, i8 %gmem1_0, i64 %weight_0_read, i8 %gmem1_1, i64 %weight_1_read, i8 %gmem1_2, i64 %weight_2_read, i8 %gmem1_3, i64 %weight_3_read, i8 %gmem1_4, i64 %weight_4_read, i8 %gmem1_5, i64 %weight_5_read, i8 %gmem1_6, i64 %weight_6_read, i8 %gmem1_7, i64 %weight_7_read, i32 %gmem1, i64 %bias_read, i8 %in_h_read, i8 %in_w_read, i8 %in_ch_read, i8 %out_ch_read, i1 %do_relu_read, i1 0, i1 0, i8 %dpu_conv_top_ap_int_64_64_ap_int_64_3_3_ap_int_ap_int_64_64_1, i8 %dpu_mulmulmulmulconv_top_ap_int_64_64_ap_int_64_3_3_ap_int_ap_int_64_64" [C:/Users/user/Downloads/files/dpu_conv.cpp:165]   --->   Operation 33 'call' 'call_ret' <Predicate = true> <Delay = 1.91> <CoreType = "Generic">   --->   Generic Core
ST_2 : Operation 34 [1/1] (0.00ns)   --->   "%mac_count = extractvalue i88 %call_ret" [C:/Users/user/Downloads/files/dpu_conv.cpp:165]   --->   Operation 34 'extractvalue' 'mac_count' <Predicate = true> <Delay = 0.00> <CoreInst = "FIFO_SRL">   --->   Core 80 'FIFO_SRL' <Latency = 0> <II = 1> <Delay = 3.63> <Storage> <Opcode : 'read' 'write' 'nbread' 'nbwrite'> <Ports = 0> <Width = 32> <Depth = 2> <FIFO>
ST_2 : Operation 35 [1/1] (0.00ns)   --->   "%cycle_count = extractvalue i88 %call_ret" [C:/Users/user/Downloads/files/dpu_conv.cpp:165]   --->   Operation 35 'extractvalue' 'cycle_count' <Predicate = true> <Delay = 0.00> <CoreInst = "FIFO_SRL">   --->   Core 80 'FIFO_SRL' <Latency = 0> <II = 1> <Delay = 3.63> <Storage> <Opcode : 'read' 'write' 'nbread' 'nbwrite'> <Ports = 0> <Width = 32> <Depth = 2> <FIFO>
ST_2 : Operation 36 [1/1] (0.00ns)   --->   "%in_h_c_channel = extractvalue i88 %call_ret" [C:/Users/user/Downloads/files/dpu_conv.cpp:165]   --->   Operation 36 'extractvalue' 'in_h_c_channel' <Predicate = true> <Delay = 0.00> <CoreInst = "FIFO_SRL">   --->   Core 80 'FIFO_SRL' <Latency = 0> <II = 1> <Delay = 3.63> <Storage> <Opcode : 'read' 'write' 'nbread' 'nbwrite'> <Ports = 0> <Width = 8> <Depth = 2> <FIFO>
ST_2 : Operation 37 [1/1] (0.00ns)   --->   "%in_w_c_channel = extractvalue i88 %call_ret" [C:/Users/user/Downloads/files/dpu_conv.cpp:165]   --->   Operation 37 'extractvalue' 'in_w_c_channel' <Predicate = true> <Delay = 0.00> <CoreInst = "FIFO_SRL">   --->   Core 80 'FIFO_SRL' <Latency = 0> <II = 1> <Delay = 3.63> <Storage> <Opcode : 'read' 'write' 'nbread' 'nbwrite'> <Ports = 0> <Width = 8> <Depth = 2> <FIFO>
ST_2 : Operation 38 [1/1] (0.00ns)   --->   "%out_ch_c_channel = extractvalue i88 %call_ret" [C:/Users/user/Downloads/files/dpu_conv.cpp:165]   --->   Operation 38 'extractvalue' 'out_ch_c_channel' <Predicate = true> <Delay = 0.00> <CoreInst = "FIFO_SRL">   --->   Core 80 'FIFO_SRL' <Latency = 0> <II = 1> <Delay = 3.63> <Storage> <Opcode : 'read' 'write' 'nbread' 'nbwrite'> <Ports = 0> <Width = 8> <Depth = 2> <FIFO>
ST_2 : Operation 39 [1/1] (3.63ns)   --->   "%call_ln178 = call void @Block_entry_proc.2, i32 %mac_count, i32 %cycle_count, i96 %perf" [C:/Users/user/Downloads/files/dpu_conv.cpp:178]   --->   Operation 39 'call' 'call_ln178' <Predicate = true> <Delay = 3.63> <CoreType = "Generic">   --->   Generic Core

State 3 <SV = 2> <Delay = 3.63>
ST_3 : Operation 40 [2/2] (3.63ns)   --->   "%call_ln169 = call void @Block_entry_proc, i1 %do_pool_c, i8 %gmem0, i64 %ofmap_c, i8 %in_h_c_channel, i8 %in_w_c_channel, i8 %out_ch_c_channel, i8 %dpu_conv_top_ap_int_64_64_ap_int_64_3_3_ap_int_ap_int_64_64_1, i8 %dpu_mulmulmulmulconv_top_ap_int_64_64_ap_int_64_3_3_ap_int_ap_int_64_64" [C:/Users/user/Downloads/files/dpu_conv.cpp:169]   --->   Operation 40 'call' 'call_ln169' <Predicate = true> <Delay = 3.63> <CoreType = "Generic">   --->   Generic Core

State 4 <SV = 3> <Delay = 0.00>
ST_4 : Operation 41 [1/1] (0.00ns)   --->   "%empty = specchannel i32 @_ssdm_op_SpecChannel, void @do_pool_c_str, i32 1, void @p_str, void @p_str, i32 4, i32 0, i1 %do_pool_c, i1 %do_pool_c" [C:/Users/user/Downloads/files/dpu_conv.cpp:160]   --->   Operation 41 'specchannel' 'empty' <Predicate = true> <Delay = 0.00>
ST_4 : Operation 42 [1/1] (0.00ns)   --->   "%specinterface_ln160 = specinterface void @_ssdm_op_SpecInterface, i1 %do_pool_c, void @ap_fifo_str, i32 0, i32 0, void @p_str, i32 0, i32 0, void @p_str, void @p_str, void @p_str, i32 2, i32 2, i32 16, i32 16, void @p_str, void @p_str, i32 4294967295, i32 0, i32 0, i32 0" [C:/Users/user/Downloads/files/dpu_conv.cpp:160]   --->   Operation 42 'specinterface' 'specinterface_ln160' <Predicate = true> <Delay = 0.00>
ST_4 : Operation 43 [1/1] (0.00ns)   --->   "%empty_66 = specchannel i32 @_ssdm_op_SpecChannel, void @ofmap_c_str, i32 1, void @p_str, void @p_str, i32 4, i32 0, i64 %ofmap_c, i64 %ofmap_c" [C:/Users/user/Downloads/files/dpu_conv.cpp:160]   --->   Operation 43 'specchannel' 'empty_66' <Predicate = true> <Delay = 0.00>
ST_4 : Operation 44 [1/1] (0.00ns)   --->   "%specinterface_ln160 = specinterface void @_ssdm_op_SpecInterface, i64 %ofmap_c, void @ap_fifo_str, i32 0, i32 0, void @p_str, i32 0, i32 0, void @p_str, void @p_str, void @p_str, i32 2, i32 2, i32 16, i32 16, void @p_str, void @p_str, i32 4294967295, i32 0, i32 0, i32 0" [C:/Users/user/Downloads/files/dpu_conv.cpp:160]   --->   Operation 44 'specinterface' 'specinterface_ln160' <Predicate = true> <Delay = 0.00>
ST_4 : Operation 45 [1/1] (0.00ns)   --->   "%specdataflowpipeline_ln160 = specdataflowpipeline void @_ssdm_op_SpecDataflowPipeline, i32 4294967295, i32 0, void @empty_39" [C:/Users/user/Downloads/files/dpu_conv.cpp:160]   --->   Operation 45 'specdataflowpipeline' 'specdataflowpipeline_ln160' <Predicate = true> <Delay = 0.00>
ST_4 : Operation 46 [1/1] (0.00ns)   --->   "%spectopmodule_ln128 = spectopmodule void @_ssdm_op_SpecTopModule, void @empty_33" [C:/Users/user/Downloads/files/dpu_conv.cpp:128]   --->   Operation 46 'spectopmodule' 'spectopmodule_ln128' <Predicate = true> <Delay = 0.00>
ST_4 : Operation 47 [1/1] (0.00ns)   --->   "%specinterface_ln0 = specinterface void @_ssdm_op_SpecInterface, i8 %gmem0_0, void @empty_38, i32 0, i32 0, void @empty_39, i32 0, i32 262144, void @empty_40, void @empty_42, void @empty_39, i32 16, i32 16, i32 16, i32 16, void @empty_39, void @empty_39, i32 4294967295, i32 0, i32 0, i32 1"   --->   Operation 47 'specinterface' 'specinterface_ln0' <Predicate = true> <Delay = 0.00>
ST_4 : Operation 48 [1/1] (0.00ns)   --->   "%specbitsmap_ln0 = specbitsmap void @_ssdm_op_SpecBitsMap, i8 %gmem0_0"   --->   Operation 48 'specbitsmap' 'specbitsmap_ln0' <Predicate = true> <Delay = 0.00>
ST_4 : Operation 49 [1/1] (0.00ns)   --->   "%specinterface_ln0 = specinterface void @_ssdm_op_SpecInterface, i8 %gmem0_1, void @empty_38, i32 0, i32 0, void @empty_39, i32 0, i32 262144, void @empty_43, void @empty_42, void @empty_39, i32 16, i32 16, i32 16, i32 16, void @empty_39, void @empty_39, i32 4294967295, i32 0, i32 0, i32 1"   --->   Operation 49 'specinterface' 'specinterface_ln0' <Predicate = true> <Delay = 0.00>
ST_4 : Operation 50 [1/1] (0.00ns)   --->   "%specbitsmap_ln0 = specbitsmap void @_ssdm_op_SpecBitsMap, i8 %gmem0_1"   --->   Operation 50 'specbitsmap' 'specbitsmap_ln0' <Predicate = true> <Delay = 0.00>
ST_4 : Operation 51 [1/1] (0.00ns)   --->   "%specinterface_ln0 = specinterface void @_ssdm_op_SpecInterface, i8 %gmem0_2, void @empty_38, i32 0, i32 0, void @empty_39, i32 0, i32 262144, void @empty_1, void @empty_42, void @empty_39, i32 16, i32 16, i32 16, i32 16, void @empty_39, void @empty_39, i32 4294967295, i32 0, i32 0, i32 1"   --->   Operation 51 'specinterface' 'specinterface_ln0' <Predicate = true> <Delay = 0.00>
ST_4 : Operation 52 [1/1] (0.00ns)   --->   "%specbitsmap_ln0 = specbitsmap void @_ssdm_op_SpecBitsMap, i8 %gmem0_2"   --->   Operation 52 'specbitsmap' 'specbitsmap_ln0' <Predicate = true> <Delay = 0.00>
ST_4 : Operation 53 [1/1] (0.00ns)   --->   "%specinterface_ln0 = specinterface void @_ssdm_op_SpecInterface, i8 %gmem0_3, void @empty_38, i32 0, i32 0, void @empty_39, i32 0, i32 262144, void @empty_37, void @empty_42, void @empty_39, i32 16, i32 16, i32 16, i32 16, void @empty_39, void @empty_39, i32 4294967295, i32 0, i32 0, i32 1"   --->   Operation 53 'specinterface' 'specinterface_ln0' <Predicate = true> <Delay = 0.00>
ST_4 : Operation 54 [1/1] (0.00ns)   --->   "%specbitsmap_ln0 = specbitsmap void @_ssdm_op_SpecBitsMap, i8 %gmem0_3"   --->   Operation 54 'specbitsmap' 'specbitsmap_ln0' <Predicate = true> <Delay = 0.00>
ST_4 : Operation 55 [1/1] (0.00ns)   --->   "%specinterface_ln0 = specinterface void @_ssdm_op_SpecInterface, i8 %gmem0_4, void @empty_38, i32 0, i32 0, void @empty_39, i32 0, i32 262144, void @empty_44, void @empty_42, void @empty_39, i32 16, i32 16, i32 16, i32 16, void @empty_39, void @empty_39, i32 4294967295, i32 0, i32 0, i32 1"   --->   Operation 55 'specinterface' 'specinterface_ln0' <Predicate = true> <Delay = 0.00>
ST_4 : Operation 56 [1/1] (0.00ns)   --->   "%specbitsmap_ln0 = specbitsmap void @_ssdm_op_SpecBitsMap, i8 %gmem0_4"   --->   Operation 56 'specbitsmap' 'specbitsmap_ln0' <Predicate = true> <Delay = 0.00>
ST_4 : Operation 57 [1/1] (0.00ns)   --->   "%specinterface_ln0 = specinterface void @_ssdm_op_SpecInterface, i8 %gmem0_5, void @empty_38, i32 0, i32 0, void @empty_39, i32 0, i32 262144, void @empty_3, void @empty_42, void @empty_39, i32 16, i32 16, i32 16, i32 16, void @empty_39, void @empty_39, i32 4294967295, i32 0, i32 0, i32 1"   --->   Operation 57 'specinterface' 'specinterface_ln0' <Predicate = true> <Delay = 0.00>
ST_4 : Operation 58 [1/1] (0.00ns)   --->   "%specbitsmap_ln0 = specbitsmap void @_ssdm_op_SpecBitsMap, i8 %gmem0_5"   --->   Operation 58 'specbitsmap' 'specbitsmap_ln0' <Predicate = true> <Delay = 0.00>
ST_4 : Operation 59 [1/1] (0.00ns)   --->   "%specinterface_ln0 = specinterface void @_ssdm_op_SpecInterface, i8 %gmem0_6, void @empty_38, i32 0, i32 0, void @empty_39, i32 0, i32 262144, void @empty_48, void @empty_42, void @empty_39, i32 16, i32 16, i32 16, i32 16, void @empty_39, void @empty_39, i32 4294967295, i32 0, i32 0, i32 1"   --->   Operation 59 'specinterface' 'specinterface_ln0' <Predicate = true> <Delay = 0.00>
ST_4 : Operation 60 [1/1] (0.00ns)   --->   "%specbitsmap_ln0 = specbitsmap void @_ssdm_op_SpecBitsMap, i8 %gmem0_6"   --->   Operation 60 'specbitsmap' 'specbitsmap_ln0' <Predicate = true> <Delay = 0.00>
ST_4 : Operation 61 [1/1] (0.00ns)   --->   "%specinterface_ln0 = specinterface void @_ssdm_op_SpecInterface, i8 %gmem0_7, void @empty_38, i32 0, i32 0, void @empty_39, i32 0, i32 262144, void @empty_46, void @empty_42, void @empty_39, i32 16, i32 16, i32 16, i32 16, void @empty_39, void @empty_39, i32 4294967295, i32 0, i32 0, i32 1"   --->   Operation 61 'specinterface' 'specinterface_ln0' <Predicate = true> <Delay = 0.00>
ST_4 : Operation 62 [1/1] (0.00ns)   --->   "%specbitsmap_ln0 = specbitsmap void @_ssdm_op_SpecBitsMap, i8 %gmem0_7"   --->   Operation 62 'specbitsmap' 'specbitsmap_ln0' <Predicate = true> <Delay = 0.00>
ST_4 : Operation 63 [1/1] (0.00ns)   --->   "%specinterface_ln0 = specinterface void @_ssdm_op_SpecInterface, i8 %gmem1_0, void @empty_38, i32 0, i32 0, void @empty_39, i32 0, i32 36864, void @empty_47, void @empty_42, void @empty_39, i32 16, i32 16, i32 16, i32 16, void @empty_39, void @empty_39, i32 4294967295, i32 0, i32 0, i32 1"   --->   Operation 63 'specinterface' 'specinterface_ln0' <Predicate = true> <Delay = 0.00>
ST_4 : Operation 64 [1/1] (0.00ns)   --->   "%specbitsmap_ln0 = specbitsmap void @_ssdm_op_SpecBitsMap, i8 %gmem1_0"   --->   Operation 64 'specbitsmap' 'specbitsmap_ln0' <Predicate = true> <Delay = 0.00>
ST_4 : Operation 65 [1/1] (0.00ns)   --->   "%specinterface_ln0 = specinterface void @_ssdm_op_SpecInterface, i8 %gmem1_1, void @empty_38, i32 0, i32 0, void @empty_39, i32 0, i32 36864, void @empty_31, void @empty_42, void @empty_39, i32 16, i32 16, i32 16, i32 16, void @empty_39, void @empty_39, i32 4294967295, i32 0, i32 0, i32 1"   --->   Operation 65 'specinterface' 'specinterface_ln0' <Predicate = true> <Delay = 0.00>
ST_4 : Operation 66 [1/1] (0.00ns)   --->   "%specbitsmap_ln0 = specbitsmap void @_ssdm_op_SpecBitsMap, i8 %gmem1_1"   --->   Operation 66 'specbitsmap' 'specbitsmap_ln0' <Predicate = true> <Delay = 0.00>
ST_4 : Operation 67 [1/1] (0.00ns)   --->   "%specinterface_ln0 = specinterface void @_ssdm_op_SpecInterface, i8 %gmem1_2, void @empty_38, i32 0, i32 0, void @empty_39, i32 0, i32 36864, void @empty_0, void @empty_42, void @empty_39, i32 16, i32 16, i32 16, i32 16, void @empty_39, void @empty_39, i32 4294967295, i32 0, i32 0, i32 1"   --->   Operation 67 'specinterface' 'specinterface_ln0' <Predicate = true> <Delay = 0.00>
ST_4 : Operation 68 [1/1] (0.00ns)   --->   "%specbitsmap_ln0 = specbitsmap void @_ssdm_op_SpecBitsMap, i8 %gmem1_2"   --->   Operation 68 'specbitsmap' 'specbitsmap_ln0' <Predicate = true> <Delay = 0.00>
ST_4 : Operation 69 [1/1] (0.00ns)   --->   "%specinterface_ln0 = specinterface void @_ssdm_op_SpecInterface, i8 %gmem1_3, void @empty_38, i32 0, i32 0, void @empty_39, i32 0, i32 36864, void @empty_17, void @empty_42, void @empty_39, i32 16, i32 16, i32 16, i32 16, void @empty_39, void @empty_39, i32 4294967295, i32 0, i32 0, i32 1"   --->   Operation 69 'specinterface' 'specinterface_ln0' <Predicate = true> <Delay = 0.00>
ST_4 : Operation 70 [1/1] (0.00ns)   --->   "%specbitsmap_ln0 = specbitsmap void @_ssdm_op_SpecBitsMap, i8 %gmem1_3"   --->   Operation 70 'specbitsmap' 'specbitsmap_ln0' <Predicate = true> <Delay = 0.00>
ST_4 : Operation 71 [1/1] (0.00ns)   --->   "%specinterface_ln0 = specinterface void @_ssdm_op_SpecInterface, i8 %gmem1_4, void @empty_38, i32 0, i32 0, void @empty_39, i32 0, i32 36864, void @empty_2, void @empty_42, void @empty_39, i32 16, i32 16, i32 16, i32 16, void @empty_39, void @empty_39, i32 4294967295, i32 0, i32 0, i32 1"   --->   Operation 71 'specinterface' 'specinterface_ln0' <Predicate = true> <Delay = 0.00>
ST_4 : Operation 72 [1/1] (0.00ns)   --->   "%specbitsmap_ln0 = specbitsmap void @_ssdm_op_SpecBitsMap, i8 %gmem1_4"   --->   Operation 72 'specbitsmap' 'specbitsmap_ln0' <Predicate = true> <Delay = 0.00>
ST_4 : Operation 73 [1/1] (0.00ns)   --->   "%specinterface_ln0 = specinterface void @_ssdm_op_SpecInterface, i8 %gmem1_5, void @empty_38, i32 0, i32 0, void @empty_39, i32 0, i32 36864, void @empty_45, void @empty_42, void @empty_39, i32 16, i32 16, i32 16, i32 16, void @empty_39, void @empty_39, i32 4294967295, i32 0, i32 0, i32 1"   --->   Operation 73 'specinterface' 'specinterface_ln0' <Predicate = true> <Delay = 0.00>
ST_4 : Operation 74 [1/1] (0.00ns)   --->   "%specbitsmap_ln0 = specbitsmap void @_ssdm_op_SpecBitsMap, i8 %gmem1_5"   --->   Operation 74 'specbitsmap' 'specbitsmap_ln0' <Predicate = true> <Delay = 0.00>
ST_4 : Operation 75 [1/1] (0.00ns)   --->   "%specinterface_ln0 = specinterface void @_ssdm_op_SpecInterface, i8 %gmem1_6, void @empty_38, i32 0, i32 0, void @empty_39, i32 0, i32 36864, void @empty_41, void @empty_42, void @empty_39, i32 16, i32 16, i32 16, i32 16, void @empty_39, void @empty_39, i32 4294967295, i32 0, i32 0, i32 1"   --->   Operation 75 'specinterface' 'specinterface_ln0' <Predicate = true> <Delay = 0.00>
ST_4 : Operation 76 [1/1] (0.00ns)   --->   "%specbitsmap_ln0 = specbitsmap void @_ssdm_op_SpecBitsMap, i8 %gmem1_6"   --->   Operation 76 'specbitsmap' 'specbitsmap_ln0' <Predicate = true> <Delay = 0.00>
ST_4 : Operation 77 [1/1] (0.00ns)   --->   "%specinterface_ln0 = specinterface void @_ssdm_op_SpecInterface, i8 %gmem1_7, void @empty_38, i32 0, i32 0, void @empty_39, i32 0, i32 36864, void @empty_4, void @empty_42, void @empty_39, i32 16, i32 16, i32 16, i32 16, void @empty_39, void @empty_39, i32 4294967295, i32 0, i32 0, i32 1"   --->   Operation 77 'specinterface' 'specinterface_ln0' <Predicate = true> <Delay = 0.00>
ST_4 : Operation 78 [1/1] (0.00ns)   --->   "%specbitsmap_ln0 = specbitsmap void @_ssdm_op_SpecBitsMap, i8 %gmem1_7"   --->   Operation 78 'specbitsmap' 'specbitsmap_ln0' <Predicate = true> <Delay = 0.00>
ST_4 : Operation 79 [1/1] (0.00ns)   --->   "%specinterface_ln0 = specinterface void @_ssdm_op_SpecInterface, i32 %gmem1, void @empty_38, i32 0, i32 0, void @empty_39, i32 0, i32 64, void @empty_5, void @empty_42, void @empty_39, i32 16, i32 16, i32 16, i32 16, void @empty_39, void @empty_39, i32 4294967295, i32 0, i32 0, i32 4"   --->   Operation 79 'specinterface' 'specinterface_ln0' <Predicate = true> <Delay = 0.00>
ST_4 : Operation 80 [1/1] (0.00ns)   --->   "%specbitsmap_ln0 = specbitsmap void @_ssdm_op_SpecBitsMap, i32 %gmem1"   --->   Operation 80 'specbitsmap' 'specbitsmap_ln0' <Predicate = true> <Delay = 0.00>
ST_4 : Operation 81 [1/1] (0.00ns)   --->   "%specinterface_ln0 = specinterface void @_ssdm_op_SpecInterface, i8 %gmem0, void @empty_38, i32 0, i32 0, void @empty_39, i32 0, i32 262144, void @empty_6, void @empty_42, void @empty_39, i32 16, i32 16, i32 16, i32 16, void @empty_39, void @empty_39, i32 4294967295, i32 0, i32 0, i32 1"   --->   Operation 81 'specinterface' 'specinterface_ln0' <Predicate = true> <Delay = 0.00>
ST_4 : Operation 82 [1/1] (0.00ns)   --->   "%specbitsmap_ln0 = specbitsmap void @_ssdm_op_SpecBitsMap, i8 %gmem0"   --->   Operation 82 'specbitsmap' 'specbitsmap_ln0' <Predicate = true> <Delay = 0.00>
ST_4 : Operation 83 [1/1] (0.00ns)   --->   "%specinterface_ln0 = specinterface void @_ssdm_op_SpecInterface, i64 %ifmap_0, void @empty_7, i32 0, i32 0, void @empty_39, i32 0, i32 0, void @empty_8, void @empty_9, void @empty_39, i32 0, i32 0, i32 0, i32 0, void @empty_39, void @empty_10, i32 4294967295, i32 0, i32 0, i32 0"   --->   Operation 83 'specinterface' 'specinterface_ln0' <Predicate = true> <Delay = 0.00>
ST_4 : Operation 84 [1/1] (0.00ns)   --->   "%specinterface_ln0 = specinterface void @_ssdm_op_SpecInterface, i64 %ifmap_0, void @empty_11, i32 0, i32 0, void @empty_39, i32 0, i32 0, void @empty_39, void @empty_39, void @empty_39, i32 0, i32 0, i32 0, i32 0, void @empty_39, void @empty_10, i32 4294967295, i32 0, i32 0, i32 0"   --->   Operation 84 'specinterface' 'specinterface_ln0' <Predicate = true> <Delay = 0.00>
ST_4 : Operation 85 [1/1] (0.00ns)   --->   "%specinterface_ln0 = specinterface void @_ssdm_op_SpecInterface, i64 %ifmap_1, void @empty_7, i32 0, i32 0, void @empty_39, i32 0, i32 0, void @empty_8, void @empty_12, void @empty_39, i32 0, i32 0, i32 0, i32 0, void @empty_39, void @empty_10, i32 4294967295, i32 0, i32 0, i32 0"   --->   Operation 85 'specinterface' 'specinterface_ln0' <Predicate = true> <Delay = 0.00>
ST_4 : Operation 86 [1/1] (0.00ns)   --->   "%specinterface_ln0 = specinterface void @_ssdm_op_SpecInterface, i64 %ifmap_1, void @empty_11, i32 0, i32 0, void @empty_39, i32 0, i32 0, void @empty_39, void @empty_39, void @empty_39, i32 0, i32 0, i32 0, i32 0, void @empty_39, void @empty_10, i32 4294967295, i32 0, i32 0, i32 0"   --->   Operation 86 'specinterface' 'specinterface_ln0' <Predicate = true> <Delay = 0.00>
ST_4 : Operation 87 [1/1] (0.00ns)   --->   "%specinterface_ln0 = specinterface void @_ssdm_op_SpecInterface, i64 %ifmap_2, void @empty_7, i32 0, i32 0, void @empty_39, i32 0, i32 0, void @empty_8, void @empty_13, void @empty_39, i32 0, i32 0, i32 0, i32 0, void @empty_39, void @empty_10, i32 4294967295, i32 0, i32 0, i32 0"   --->   Operation 87 'specinterface' 'specinterface_ln0' <Predicate = true> <Delay = 0.00>
ST_4 : Operation 88 [1/1] (0.00ns)   --->   "%specinterface_ln0 = specinterface void @_ssdm_op_SpecInterface, i64 %ifmap_2, void @empty_11, i32 0, i32 0, void @empty_39, i32 0, i32 0, void @empty_39, void @empty_39, void @empty_39, i32 0, i32 0, i32 0, i32 0, void @empty_39, void @empty_10, i32 4294967295, i32 0, i32 0, i32 0"   --->   Operation 88 'specinterface' 'specinterface_ln0' <Predicate = true> <Delay = 0.00>
ST_4 : Operation 89 [1/1] (0.00ns)   --->   "%specinterface_ln0 = specinterface void @_ssdm_op_SpecInterface, i64 %ifmap_3, void @empty_7, i32 0, i32 0, void @empty_39, i32 0, i32 0, void @empty_8, void @empty_14, void @empty_39, i32 0, i32 0, i32 0, i32 0, void @empty_39, void @empty_10, i32 4294967295, i32 0, i32 0, i32 0"   --->   Operation 89 'specinterface' 'specinterface_ln0' <Predicate = true> <Delay = 0.00>
ST_4 : Operation 90 [1/1] (0.00ns)   --->   "%specinterface_ln0 = specinterface void @_ssdm_op_SpecInterface, i64 %ifmap_3, void @empty_11, i32 0, i32 0, void @empty_39, i32 0, i32 0, void @empty_39, void @empty_39, void @empty_39, i32 0, i32 0, i32 0, i32 0, void @empty_39, void @empty_10, i32 4294967295, i32 0, i32 0, i32 0"   --->   Operation 90 'specinterface' 'specinterface_ln0' <Predicate = true> <Delay = 0.00>
ST_4 : Operation 91 [1/1] (0.00ns)   --->   "%specinterface_ln0 = specinterface void @_ssdm_op_SpecInterface, i64 %ifmap_4, void @empty_7, i32 0, i32 0, void @empty_39, i32 0, i32 0, void @empty_8, void @empty_15, void @empty_39, i32 0, i32 0, i32 0, i32 0, void @empty_39, void @empty_10, i32 4294967295, i32 0, i32 0, i32 0"   --->   Operation 91 'specinterface' 'specinterface_ln0' <Predicate = true> <Delay = 0.00>
ST_4 : Operation 92 [1/1] (0.00ns)   --->   "%specinterface_ln0 = specinterface void @_ssdm_op_SpecInterface, i64 %ifmap_4, void @empty_11, i32 0, i32 0, void @empty_39, i32 0, i32 0, void @empty_39, void @empty_39, void @empty_39, i32 0, i32 0, i32 0, i32 0, void @empty_39, void @empty_10, i32 4294967295, i32 0, i32 0, i32 0"   --->   Operation 92 'specinterface' 'specinterface_ln0' <Predicate = true> <Delay = 0.00>
ST_4 : Operation 93 [1/1] (0.00ns)   --->   "%specinterface_ln0 = specinterface void @_ssdm_op_SpecInterface, i64 %ifmap_5, void @empty_7, i32 0, i32 0, void @empty_39, i32 0, i32 0, void @empty_8, void @empty_16, void @empty_39, i32 0, i32 0, i32 0, i32 0, void @empty_39, void @empty_10, i32 4294967295, i32 0, i32 0, i32 0"   --->   Operation 93 'specinterface' 'specinterface_ln0' <Predicate = true> <Delay = 0.00>
ST_4 : Operation 94 [1/1] (0.00ns)   --->   "%specinterface_ln0 = specinterface void @_ssdm_op_SpecInterface, i64 %ifmap_5, void @empty_11, i32 0, i32 0, void @empty_39, i32 0, i32 0, void @empty_39, void @empty_39, void @empty_39, i32 0, i32 0, i32 0, i32 0, void @empty_39, void @empty_10, i32 4294967295, i32 0, i32 0, i32 0"   --->   Operation 94 'specinterface' 'specinterface_ln0' <Predicate = true> <Delay = 0.00>
ST_4 : Operation 95 [1/1] (0.00ns)   --->   "%specinterface_ln0 = specinterface void @_ssdm_op_SpecInterface, i64 %ifmap_6, void @empty_7, i32 0, i32 0, void @empty_39, i32 0, i32 0, void @empty_8, void @empty_34, void @empty_39, i32 0, i32 0, i32 0, i32 0, void @empty_39, void @empty_10, i32 4294967295, i32 0, i32 0, i32 0"   --->   Operation 95 'specinterface' 'specinterface_ln0' <Predicate = true> <Delay = 0.00>
ST_4 : Operation 96 [1/1] (0.00ns)   --->   "%specinterface_ln0 = specinterface void @_ssdm_op_SpecInterface, i64 %ifmap_6, void @empty_11, i32 0, i32 0, void @empty_39, i32 0, i32 0, void @empty_39, void @empty_39, void @empty_39, i32 0, i32 0, i32 0, i32 0, void @empty_39, void @empty_10, i32 4294967295, i32 0, i32 0, i32 0"   --->   Operation 96 'specinterface' 'specinterface_ln0' <Predicate = true> <Delay = 0.00>
ST_4 : Operation 97 [1/1] (0.00ns)   --->   "%specinterface_ln0 = specinterface void @_ssdm_op_SpecInterface, i64 %ifmap_7, void @empty_7, i32 0, i32 0, void @empty_39, i32 0, i32 0, void @empty_8, void @empty_19, void @empty_39, i32 0, i32 0, i32 0, i32 0, void @empty_39, void @empty_10, i32 4294967295, i32 0, i32 0, i32 0"   --->   Operation 97 'specinterface' 'specinterface_ln0' <Predicate = true> <Delay = 0.00>
ST_4 : Operation 98 [1/1] (0.00ns)   --->   "%specinterface_ln0 = specinterface void @_ssdm_op_SpecInterface, i64 %ifmap_7, void @empty_11, i32 0, i32 0, void @empty_39, i32 0, i32 0, void @empty_39, void @empty_39, void @empty_39, i32 0, i32 0, i32 0, i32 0, void @empty_39, void @empty_10, i32 4294967295, i32 0, i32 0, i32 0"   --->   Operation 98 'specinterface' 'specinterface_ln0' <Predicate = true> <Delay = 0.00>
ST_4 : Operation 99 [1/1] (0.00ns)   --->   "%specinterface_ln0 = specinterface void @_ssdm_op_SpecInterface, i64 %weight_0, void @empty_7, i32 0, i32 0, void @empty_39, i32 0, i32 0, void @empty_8, void @empty_18, void @empty_39, i32 0, i32 0, i32 0, i32 0, void @empty_39, void @empty_10, i32 4294967295, i32 0, i32 0, i32 0"   --->   Operation 99 'specinterface' 'specinterface_ln0' <Predicate = true> <Delay = 0.00>
ST_4 : Operation 100 [1/1] (0.00ns)   --->   "%specinterface_ln0 = specinterface void @_ssdm_op_SpecInterface, i64 %weight_0, void @empty_11, i32 0, i32 0, void @empty_39, i32 0, i32 0, void @empty_39, void @empty_39, void @empty_39, i32 0, i32 0, i32 0, i32 0, void @empty_39, void @empty_10, i32 4294967295, i32 0, i32 0, i32 0"   --->   Operation 100 'specinterface' 'specinterface_ln0' <Predicate = true> <Delay = 0.00>
ST_4 : Operation 101 [1/1] (0.00ns)   --->   "%specinterface_ln0 = specinterface void @_ssdm_op_SpecInterface, i64 %weight_1, void @empty_7, i32 0, i32 0, void @empty_39, i32 0, i32 0, void @empty_8, void @empty_20, void @empty_39, i32 0, i32 0, i32 0, i32 0, void @empty_39, void @empty_10, i32 4294967295, i32 0, i32 0, i32 0"   --->   Operation 101 'specinterface' 'specinterface_ln0' <Predicate = true> <Delay = 0.00>
ST_4 : Operation 102 [1/1] (0.00ns)   --->   "%specinterface_ln0 = specinterface void @_ssdm_op_SpecInterface, i64 %weight_1, void @empty_11, i32 0, i32 0, void @empty_39, i32 0, i32 0, void @empty_39, void @empty_39, void @empty_39, i32 0, i32 0, i32 0, i32 0, void @empty_39, void @empty_10, i32 4294967295, i32 0, i32 0, i32 0"   --->   Operation 102 'specinterface' 'specinterface_ln0' <Predicate = true> <Delay = 0.00>
ST_4 : Operation 103 [1/1] (0.00ns)   --->   "%specinterface_ln0 = specinterface void @_ssdm_op_SpecInterface, i64 %weight_2, void @empty_7, i32 0, i32 0, void @empty_39, i32 0, i32 0, void @empty_8, void @empty_21, void @empty_39, i32 0, i32 0, i32 0, i32 0, void @empty_39, void @empty_10, i32 4294967295, i32 0, i32 0, i32 0"   --->   Operation 103 'specinterface' 'specinterface_ln0' <Predicate = true> <Delay = 0.00>
ST_4 : Operation 104 [1/1] (0.00ns)   --->   "%specinterface_ln0 = specinterface void @_ssdm_op_SpecInterface, i64 %weight_2, void @empty_11, i32 0, i32 0, void @empty_39, i32 0, i32 0, void @empty_39, void @empty_39, void @empty_39, i32 0, i32 0, i32 0, i32 0, void @empty_39, void @empty_10, i32 4294967295, i32 0, i32 0, i32 0"   --->   Operation 104 'specinterface' 'specinterface_ln0' <Predicate = true> <Delay = 0.00>
ST_4 : Operation 105 [1/1] (0.00ns)   --->   "%specinterface_ln0 = specinterface void @_ssdm_op_SpecInterface, i64 %weight_3, void @empty_7, i32 0, i32 0, void @empty_39, i32 0, i32 0, void @empty_8, void @empty_22, void @empty_39, i32 0, i32 0, i32 0, i32 0, void @empty_39, void @empty_10, i32 4294967295, i32 0, i32 0, i32 0"   --->   Operation 105 'specinterface' 'specinterface_ln0' <Predicate = true> <Delay = 0.00>
ST_4 : Operation 106 [1/1] (0.00ns)   --->   "%specinterface_ln0 = specinterface void @_ssdm_op_SpecInterface, i64 %weight_3, void @empty_11, i32 0, i32 0, void @empty_39, i32 0, i32 0, void @empty_39, void @empty_39, void @empty_39, i32 0, i32 0, i32 0, i32 0, void @empty_39, void @empty_10, i32 4294967295, i32 0, i32 0, i32 0"   --->   Operation 106 'specinterface' 'specinterface_ln0' <Predicate = true> <Delay = 0.00>
ST_4 : Operation 107 [1/1] (0.00ns)   --->   "%specinterface_ln0 = specinterface void @_ssdm_op_SpecInterface, i64 %weight_4, void @empty_7, i32 0, i32 0, void @empty_39, i32 0, i32 0, void @empty_8, void @empty_23, void @empty_39, i32 0, i32 0, i32 0, i32 0, void @empty_39, void @empty_10, i32 4294967295, i32 0, i32 0, i32 0"   --->   Operation 107 'specinterface' 'specinterface_ln0' <Predicate = true> <Delay = 0.00>
ST_4 : Operation 108 [1/1] (0.00ns)   --->   "%specinterface_ln0 = specinterface void @_ssdm_op_SpecInterface, i64 %weight_4, void @empty_11, i32 0, i32 0, void @empty_39, i32 0, i32 0, void @empty_39, void @empty_39, void @empty_39, i32 0, i32 0, i32 0, i32 0, void @empty_39, void @empty_10, i32 4294967295, i32 0, i32 0, i32 0"   --->   Operation 108 'specinterface' 'specinterface_ln0' <Predicate = true> <Delay = 0.00>
ST_4 : Operation 109 [1/1] (0.00ns)   --->   "%specinterface_ln0 = specinterface void @_ssdm_op_SpecInterface, i64 %weight_5, void @empty_7, i32 0, i32 0, void @empty_39, i32 0, i32 0, void @empty_8, void @empty_24, void @empty_39, i32 0, i32 0, i32 0, i32 0, void @empty_39, void @empty_10, i32 4294967295, i32 0, i32 0, i32 0"   --->   Operation 109 'specinterface' 'specinterface_ln0' <Predicate = true> <Delay = 0.00>
ST_4 : Operation 110 [1/1] (0.00ns)   --->   "%specinterface_ln0 = specinterface void @_ssdm_op_SpecInterface, i64 %weight_5, void @empty_11, i32 0, i32 0, void @empty_39, i32 0, i32 0, void @empty_39, void @empty_39, void @empty_39, i32 0, i32 0, i32 0, i32 0, void @empty_39, void @empty_10, i32 4294967295, i32 0, i32 0, i32 0"   --->   Operation 110 'specinterface' 'specinterface_ln0' <Predicate = true> <Delay = 0.00>
ST_4 : Operation 111 [1/1] (0.00ns)   --->   "%specinterface_ln0 = specinterface void @_ssdm_op_SpecInterface, i64 %weight_6, void @empty_7, i32 0, i32 0, void @empty_39, i32 0, i32 0, void @empty_8, void @empty_25, void @empty_39, i32 0, i32 0, i32 0, i32 0, void @empty_39, void @empty_10, i32 4294967295, i32 0, i32 0, i32 0"   --->   Operation 111 'specinterface' 'specinterface_ln0' <Predicate = true> <Delay = 0.00>
ST_4 : Operation 112 [1/1] (0.00ns)   --->   "%specinterface_ln0 = specinterface void @_ssdm_op_SpecInterface, i64 %weight_6, void @empty_11, i32 0, i32 0, void @empty_39, i32 0, i32 0, void @empty_39, void @empty_39, void @empty_39, i32 0, i32 0, i32 0, i32 0, void @empty_39, void @empty_10, i32 4294967295, i32 0, i32 0, i32 0"   --->   Operation 112 'specinterface' 'specinterface_ln0' <Predicate = true> <Delay = 0.00>
ST_4 : Operation 113 [1/1] (0.00ns)   --->   "%specinterface_ln0 = specinterface void @_ssdm_op_SpecInterface, i64 %weight_7, void @empty_7, i32 0, i32 0, void @empty_39, i32 0, i32 0, void @empty_8, void @empty_26, void @empty_39, i32 0, i32 0, i32 0, i32 0, void @empty_39, void @empty_10, i32 4294967295, i32 0, i32 0, i32 0"   --->   Operation 113 'specinterface' 'specinterface_ln0' <Predicate = true> <Delay = 0.00>
ST_4 : Operation 114 [1/1] (0.00ns)   --->   "%specinterface_ln0 = specinterface void @_ssdm_op_SpecInterface, i64 %weight_7, void @empty_11, i32 0, i32 0, void @empty_39, i32 0, i32 0, void @empty_39, void @empty_39, void @empty_39, i32 0, i32 0, i32 0, i32 0, void @empty_39, void @empty_10, i32 4294967295, i32 0, i32 0, i32 0"   --->   Operation 114 'specinterface' 'specinterface_ln0' <Predicate = true> <Delay = 0.00>
ST_4 : Operation 115 [1/1] (0.00ns)   --->   "%specinterface_ln0 = specinterface void @_ssdm_op_SpecInterface, i64 %bias, void @empty_7, i32 0, i32 0, void @empty_39, i32 0, i32 0, void @empty_8, void @empty_27, void @empty_39, i32 0, i32 0, i32 0, i32 0, void @empty_39, void @empty_10, i32 4294967295, i32 0, i32 0, i32 0"   --->   Operation 115 'specinterface' 'specinterface_ln0' <Predicate = true> <Delay = 0.00>
ST_4 : Operation 116 [1/1] (0.00ns)   --->   "%specinterface_ln0 = specinterface void @_ssdm_op_SpecInterface, i64 %bias, void @empty_11, i32 0, i32 0, void @empty_39, i32 0, i32 0, void @empty_39, void @empty_39, void @empty_39, i32 0, i32 0, i32 0, i32 0, void @empty_39, void @empty_10, i32 4294967295, i32 0, i32 0, i32 0"   --->   Operation 116 'specinterface' 'specinterface_ln0' <Predicate = true> <Delay = 0.00>
ST_4 : Operation 117 [1/1] (0.00ns)   --->   "%specinterface_ln0 = specinterface void @_ssdm_op_SpecInterface, i64 %ofmap, void @empty_7, i32 0, i32 0, void @empty_39, i32 0, i32 0, void @empty_8, void @empty_28, void @empty_39, i32 0, i32 0, i32 0, i32 0, void @empty_39, void @empty_10, i32 4294967295, i32 0, i32 0, i32 0"   --->   Operation 117 'specinterface' 'specinterface_ln0' <Predicate = true> <Delay = 0.00>
ST_4 : Operation 118 [1/1] (0.00ns)   --->   "%specinterface_ln0 = specinterface void @_ssdm_op_SpecInterface, i64 %ofmap, void @empty_11, i32 0, i32 0, void @empty_39, i32 0, i32 0, void @empty_39, void @empty_39, void @empty_39, i32 0, i32 0, i32 0, i32 0, void @empty_39, void @empty_10, i32 4294967295, i32 0, i32 0, i32 0"   --->   Operation 118 'specinterface' 'specinterface_ln0' <Predicate = true> <Delay = 0.00>
ST_4 : Operation 119 [1/1] (0.00ns)   --->   "%specbitsmap_ln0 = specbitsmap void @_ssdm_op_SpecBitsMap, i8 %in_h"   --->   Operation 119 'specbitsmap' 'specbitsmap_ln0' <Predicate = true> <Delay = 0.00>
ST_4 : Operation 120 [1/1] (0.00ns)   --->   "%specinterface_ln0 = specinterface void @_ssdm_op_SpecInterface, i8 %in_h, void @empty_7, i32 4294967295, i32 4294967295, void @empty_39, i32 0, i32 0, void @empty_29, void @empty_9, void @empty_39, i32 0, i32 0, i32 0, i32 0, void @empty_39, void @empty_39, i32 4294967295, i32 0, i32 0, i32 0"   --->   Operation 120 'specinterface' 'specinterface_ln0' <Predicate = true> <Delay = 0.00>
ST_4 : Operation 121 [1/1] (0.00ns)   --->   "%specinterface_ln0 = specinterface void @_ssdm_op_SpecInterface, i8 %in_h, void @empty_11, i32 0, i32 0, void @empty_39, i32 0, i32 0, void @empty_39, void @empty_39, void @empty_39, i32 0, i32 0, i32 0, i32 0, void @empty_39, void @empty_39, i32 4294967295, i32 0, i32 0, i32 0"   --->   Operation 121 'specinterface' 'specinterface_ln0' <Predicate = true> <Delay = 0.00>
ST_4 : Operation 122 [1/1] (0.00ns)   --->   "%specbitsmap_ln0 = specbitsmap void @_ssdm_op_SpecBitsMap, i8 %in_w"   --->   Operation 122 'specbitsmap' 'specbitsmap_ln0' <Predicate = true> <Delay = 0.00>
ST_4 : Operation 123 [1/1] (0.00ns)   --->   "%specinterface_ln0 = specinterface void @_ssdm_op_SpecInterface, i8 %in_w, void @empty_7, i32 4294967295, i32 4294967295, void @empty_39, i32 0, i32 0, void @empty_29, void @empty_35, void @empty_39, i32 0, i32 0, i32 0, i32 0, void @empty_39, void @empty_39, i32 4294967295, i32 0, i32 0, i32 0"   --->   Operation 123 'specinterface' 'specinterface_ln0' <Predicate = true> <Delay = 0.00>
ST_4 : Operation 124 [1/1] (0.00ns)   --->   "%specinterface_ln0 = specinterface void @_ssdm_op_SpecInterface, i8 %in_w, void @empty_11, i32 0, i32 0, void @empty_39, i32 0, i32 0, void @empty_39, void @empty_39, void @empty_39, i32 0, i32 0, i32 0, i32 0, void @empty_39, void @empty_39, i32 4294967295, i32 0, i32 0, i32 0"   --->   Operation 124 'specinterface' 'specinterface_ln0' <Predicate = true> <Delay = 0.00>
ST_4 : Operation 125 [1/1] (0.00ns)   --->   "%specbitsmap_ln0 = specbitsmap void @_ssdm_op_SpecBitsMap, i8 %in_ch"   --->   Operation 125 'specbitsmap' 'specbitsmap_ln0' <Predicate = true> <Delay = 0.00>
ST_4 : Operation 126 [1/1] (0.00ns)   --->   "%specinterface_ln0 = specinterface void @_ssdm_op_SpecInterface, i8 %in_ch, void @empty_7, i32 4294967295, i32 4294967295, void @empty_39, i32 0, i32 0, void @empty_29, void @empty_30, void @empty_39, i32 0, i32 0, i32 0, i32 0, void @empty_39, void @empty_39, i32 4294967295, i32 0, i32 0, i32 0"   --->   Operation 126 'specinterface' 'specinterface_ln0' <Predicate = true> <Delay = 0.00>
ST_4 : Operation 127 [1/1] (0.00ns)   --->   "%specinterface_ln0 = specinterface void @_ssdm_op_SpecInterface, i8 %in_ch, void @empty_11, i32 0, i32 0, void @empty_39, i32 0, i32 0, void @empty_39, void @empty_39, void @empty_39, i32 0, i32 0, i32 0, i32 0, void @empty_39, void @empty_39, i32 4294967295, i32 0, i32 0, i32 0"   --->   Operation 127 'specinterface' 'specinterface_ln0' <Predicate = true> <Delay = 0.00>
ST_4 : Operation 128 [1/1] (0.00ns)   --->   "%specbitsmap_ln0 = specbitsmap void @_ssdm_op_SpecBitsMap, i8 %out_ch"   --->   Operation 128 'specbitsmap' 'specbitsmap_ln0' <Predicate = true> <Delay = 0.00>
ST_4 : Operation 129 [1/1] (0.00ns)   --->   "%specinterface_ln0 = specinterface void @_ssdm_op_SpecInterface, i8 %out_ch, void @empty_7, i32 4294967295, i32 4294967295, void @empty_39, i32 0, i32 0, void @empty_29, void @empty_13, void @empty_39, i32 0, i32 0, i32 0, i32 0, void @empty_39, void @empty_39, i32 4294967295, i32 0, i32 0, i32 0"   --->   Operation 129 'specinterface' 'specinterface_ln0' <Predicate = true> <Delay = 0.00>
ST_4 : Operation 130 [1/1] (0.00ns)   --->   "%specinterface_ln0 = specinterface void @_ssdm_op_SpecInterface, i8 %out_ch, void @empty_11, i32 0, i32 0, void @empty_39, i32 0, i32 0, void @empty_39, void @empty_39, void @empty_39, i32 0, i32 0, i32 0, i32 0, void @empty_39, void @empty_39, i32 4294967295, i32 0, i32 0, i32 0"   --->   Operation 130 'specinterface' 'specinterface_ln0' <Predicate = true> <Delay = 0.00>
ST_4 : Operation 131 [1/1] (0.00ns)   --->   "%specbitsmap_ln0 = specbitsmap void @_ssdm_op_SpecBitsMap, i1 %do_relu"   --->   Operation 131 'specbitsmap' 'specbitsmap_ln0' <Predicate = true> <Delay = 0.00>
ST_4 : Operation 132 [1/1] (0.00ns)   --->   "%specinterface_ln0 = specinterface void @_ssdm_op_SpecInterface, i1 %do_relu, void @empty_7, i32 4294967295, i32 4294967295, void @empty_39, i32 0, i32 0, void @empty_29, void @empty, void @empty_39, i32 0, i32 0, i32 0, i32 0, void @empty_39, void @empty_39, i32 4294967295, i32 0, i32 0, i32 0"   --->   Operation 132 'specinterface' 'specinterface_ln0' <Predicate = true> <Delay = 0.00>
ST_4 : Operation 133 [1/1] (0.00ns)   --->   "%specinterface_ln0 = specinterface void @_ssdm_op_SpecInterface, i1 %do_relu, void @empty_11, i32 0, i32 0, void @empty_39, i32 0, i32 0, void @empty_39, void @empty_39, void @empty_39, i32 0, i32 0, i32 0, i32 0, void @empty_39, void @empty_39, i32 4294967295, i32 0, i32 0, i32 0"   --->   Operation 133 'specinterface' 'specinterface_ln0' <Predicate = true> <Delay = 0.00>
ST_4 : Operation 134 [1/1] (0.00ns)   --->   "%specbitsmap_ln0 = specbitsmap void @_ssdm_op_SpecBitsMap, i1 %do_pool"   --->   Operation 134 'specbitsmap' 'specbitsmap_ln0' <Predicate = true> <Delay = 0.00>
ST_4 : Operation 135 [1/1] (0.00ns)   --->   "%specinterface_ln0 = specinterface void @_ssdm_op_SpecInterface, i1 %do_pool, void @empty_7, i32 4294967295, i32 4294967295, void @empty_39, i32 0, i32 0, void @empty_29, void @empty_32, void @empty_39, i32 0, i32 0, i32 0, i32 0, void @empty_39, void @empty_39, i32 4294967295, i32 0, i32 0, i32 0"   --->   Operation 135 'specinterface' 'specinterface_ln0' <Predicate = true> <Delay = 0.00>
ST_4 : Operation 136 [1/1] (0.00ns)   --->   "%specinterface_ln0 = specinterface void @_ssdm_op_SpecInterface, i1 %do_pool, void @empty_11, i32 0, i32 0, void @empty_39, i32 0, i32 0, void @empty_39, void @empty_39, void @empty_39, i32 0, i32 0, i32 0, i32 0, void @empty_39, void @empty_39, i32 4294967295, i32 0, i32 0, i32 0"   --->   Operation 136 'specinterface' 'specinterface_ln0' <Predicate = true> <Delay = 0.00>
ST_4 : Operation 137 [1/1] (0.00ns)   --->   "%specbitsmap_ln0 = specbitsmap void @_ssdm_op_SpecBitsMap, i96 %perf"   --->   Operation 137 'specbitsmap' 'specbitsmap_ln0' <Predicate = true> <Delay = 0.00>
ST_4 : Operation 138 [1/1] (0.00ns)   --->   "%specinterface_ln0 = specinterface void @_ssdm_op_SpecInterface, i96 %perf, void @empty_7, i32 4294967295, i32 4294967295, void @empty_39, i32 0, i32 0, void @empty_29, void @empty_15, void @empty_39, i32 0, i32 0, i32 0, i32 0, void @empty_39, void @empty_39, i32 4294967295, i32 0, i32 0, i32 0"   --->   Operation 138 'specinterface' 'specinterface_ln0' <Predicate = true> <Delay = 0.00>
ST_4 : Operation 139 [1/1] (0.00ns)   --->   "%specinterface_ln0 = specinterface void @_ssdm_op_SpecInterface, i96 %perf, void @empty_11, i32 0, i32 0, void @empty_39, i32 0, i32 0, void @empty_39, void @empty_39, void @empty_39, i32 0, i32 0, i32 0, i32 0, void @empty_39, void @empty_39, i32 4294967295, i32 0, i32 0, i32 0"   --->   Operation 139 'specinterface' 'specinterface_ln0' <Predicate = true> <Delay = 0.00>
ST_4 : Operation 140 [1/1] (0.00ns)   --->   "%specinterface_ln0 = specinterface void @_ssdm_op_SpecInterface, i32 0, void @empty_7, i32 0, i32 0, void @empty_39, i32 0, i32 0, void @empty_29, void @empty_39, void @empty_39, i32 0, i32 0, i32 0, i32 0, void @empty_39, void @empty_39, i32 0, i32 0, i32 0, i32 0"   --->   Operation 140 'specinterface' 'specinterface_ln0' <Predicate = true> <Delay = 0.00>
ST_4 : Operation 141 [1/2] (0.00ns)   --->   "%call_ln169 = call void @Block_entry_proc, i1 %do_pool_c, i8 %gmem0, i64 %ofmap_c, i8 %in_h_c_channel, i8 %in_w_c_channel, i8 %out_ch_c_channel, i8 %dpu_conv_top_ap_int_64_64_ap_int_64_3_3_ap_int_ap_int_64_64_1, i8 %dpu_mulmulmulmulconv_top_ap_int_64_64_ap_int_64_3_3_ap_int_ap_int_64_64" [C:/Users/user/Downloads/files/dpu_conv.cpp:169]   --->   Operation 141 'call' 'call_ln169' <Predicate = true> <Delay = 0.00> <CoreType = "Generic">   --->   Generic Core
ST_4 : Operation 142 [1/1] (0.00ns)   --->   "%ret_ln180 = ret" [C:/Users/user/Downloads/files/dpu_conv.cpp:180]   --->   Operation 142 'ret' 'ret_ln180' <Predicate = true> <Delay = 0.00>


============================================================
+ Verbose Summary: Binding
============================================================
STG Binding: 
---------------- STG Properties BEGIN ----------------
- Is combinational: 0
- Is one-state seq: 0
- Is datapath-only: 0
- Is pipelined: 0
- Is top level: 1
Port [ Return ] is wired: 1; IO mode=ap_ctrl_hs:ce=0
Port [ gmem0_0]:  wired=1; compound=1; hidden=0; nouse=0; global=0; static=0; extern=0; dir=0; type=4; pingpong=0; private_global=0; IO mode=m_axi:ce=0
Port [ gmem0_1]:  wired=1; compound=1; hidden=0; nouse=0; global=0; static=0; extern=0; dir=0; type=4; pingpong=0; private_global=0; IO mode=m_axi:ce=0
Port [ gmem0_2]:  wired=1; compound=1; hidden=0; nouse=0; global=0; static=0; extern=0; dir=0; type=4; pingpong=0; private_global=0; IO mode=m_axi:ce=0
Port [ gmem0_3]:  wired=1; compound=1; hidden=0; nouse=0; global=0; static=0; extern=0; dir=0; type=4; pingpong=0; private_global=0; IO mode=m_axi:ce=0
Port [ gmem0_4]:  wired=1; compound=1; hidden=0; nouse=0; global=0; static=0; extern=0; dir=0; type=4; pingpong=0; private_global=0; IO mode=m_axi:ce=0
Port [ gmem0_5]:  wired=1; compound=1; hidden=0; nouse=0; global=0; static=0; extern=0; dir=0; type=4; pingpong=0; private_global=0; IO mode=m_axi:ce=0
Port [ gmem0_6]:  wired=1; compound=1; hidden=0; nouse=0; global=0; static=0; extern=0; dir=0; type=4; pingpong=0; private_global=0; IO mode=m_axi:ce=0
Port [ gmem0_7]:  wired=1; compound=1; hidden=0; nouse=0; global=0; static=0; extern=0; dir=0; type=4; pingpong=0; private_global=0; IO mode=m_axi:ce=0
Port [ gmem1_0]:  wired=1; compound=1; hidden=0; nouse=0; global=0; static=0; extern=0; dir=0; type=4; pingpong=0; private_global=0; IO mode=m_axi:ce=0
Port [ gmem1_1]:  wired=1; compound=1; hidden=0; nouse=0; global=0; static=0; extern=0; dir=0; type=4; pingpong=0; private_global=0; IO mode=m_axi:ce=0
Port [ gmem1_2]:  wired=1; compound=1; hidden=0; nouse=0; global=0; static=0; extern=0; dir=0; type=4; pingpong=0; private_global=0; IO mode=m_axi:ce=0
Port [ gmem1_3]:  wired=1; compound=1; hidden=0; nouse=0; global=0; static=0; extern=0; dir=0; type=4; pingpong=0; private_global=0; IO mode=m_axi:ce=0
Port [ gmem1_4]:  wired=1; compound=1; hidden=0; nouse=0; global=0; static=0; extern=0; dir=0; type=4; pingpong=0; private_global=0; IO mode=m_axi:ce=0
Port [ gmem1_5]:  wired=1; compound=1; hidden=0; nouse=0; global=0; static=0; extern=0; dir=0; type=4; pingpong=0; private_global=0; IO mode=m_axi:ce=0
Port [ gmem1_6]:  wired=1; compound=1; hidden=0; nouse=0; global=0; static=0; extern=0; dir=0; type=4; pingpong=0; private_global=0; IO mode=m_axi:ce=0
Port [ gmem1_7]:  wired=1; compound=1; hidden=0; nouse=0; global=0; static=0; extern=0; dir=0; type=4; pingpong=0; private_global=0; IO mode=m_axi:ce=0
Port [ gmem1]:  wired=1; compound=1; hidden=0; nouse=0; global=0; static=0; extern=0; dir=0; type=4; pingpong=0; private_global=0; IO mode=m_axi:ce=0
Port [ gmem0]:  wired=1; compound=1; hidden=0; nouse=0; global=0; static=0; extern=0; dir=1; type=4; pingpong=0; private_global=0; IO mode=m_axi:ce=0
Port [ ifmap_0]:  wired=1; compound=0; hidden=0; nouse=0; global=0; static=0; extern=0; dir=0; type=0; pingpong=0; private_global=0; IO mode=ap_none:ce=0
Port [ ifmap_1]:  wired=1; compound=0; hidden=0; nouse=0; global=0; static=0; extern=0; dir=0; type=0; pingpong=0; private_global=0; IO mode=ap_none:ce=0
Port [ ifmap_2]:  wired=1; compound=0; hidden=0; nouse=0; global=0; static=0; extern=0; dir=0; type=0; pingpong=0; private_global=0; IO mode=ap_none:ce=0
Port [ ifmap_3]:  wired=1; compound=0; hidden=0; nouse=0; global=0; static=0; extern=0; dir=0; type=0; pingpong=0; private_global=0; IO mode=ap_none:ce=0
Port [ ifmap_4]:  wired=1; compound=0; hidden=0; nouse=0; global=0; static=0; extern=0; dir=0; type=0; pingpong=0; private_global=0; IO mode=ap_none:ce=0
Port [ ifmap_5]:  wired=1; compound=0; hidden=0; nouse=0; global=0; static=0; extern=0; dir=0; type=0; pingpong=0; private_global=0; IO mode=ap_none:ce=0
Port [ ifmap_6]:  wired=1; compound=0; hidden=0; nouse=0; global=0; static=0; extern=0; dir=0; type=0; pingpong=0; private_global=0; IO mode=ap_none:ce=0
Port [ ifmap_7]:  wired=1; compound=0; hidden=0; nouse=0; global=0; static=0; extern=0; dir=0; type=0; pingpong=0; private_global=0; IO mode=ap_none:ce=0
Port [ weight_0]:  wired=1; compound=0; hidden=0; nouse=0; global=0; static=0; extern=0; dir=0; type=0; pingpong=0; private_global=0; IO mode=ap_none:ce=0
Port [ weight_1]:  wired=1; compound=0; hidden=0; nouse=0; global=0; static=0; extern=0; dir=0; type=0; pingpong=0; private_global=0; IO mode=ap_none:ce=0
Port [ weight_2]:  wired=1; compound=0; hidden=0; nouse=0; global=0; static=0; extern=0; dir=0; type=0; pingpong=0; private_global=0; IO mode=ap_none:ce=0
Port [ weight_3]:  wired=1; compound=0; hidden=0; nouse=0; global=0; static=0; extern=0; dir=0; type=0; pingpong=0; private_global=0; IO mode=ap_none:ce=0
Port [ weight_4]:  wired=1; compound=0; hidden=0; nouse=0; global=0; static=0; extern=0; dir=0; type=0; pingpong=0; private_global=0; IO mode=ap_none:ce=0
Port [ weight_5]:  wired=1; compound=0; hidden=0; nouse=0; global=0; static=0; extern=0; dir=0; type=0; pingpong=0; private_global=0; IO mode=ap_none:ce=0
Port [ weight_6]:  wired=1; compound=0; hidden=0; nouse=0; global=0; static=0; extern=0; dir=0; type=0; pingpong=0; private_global=0; IO mode=ap_none:ce=0
Port [ weight_7]:  wired=1; compound=0; hidden=0; nouse=0; global=0; static=0; extern=0; dir=0; type=0; pingpong=0; private_global=0; IO mode=ap_none:ce=0
Port [ bias]:  wired=1; compound=0; hidden=0; nouse=0; global=0; static=0; extern=0; dir=0; type=0; pingpong=0; private_global=0; IO mode=ap_none:ce=0
Port [ ofmap]:  wired=1; compound=0; hidden=0; nouse=0; global=0; static=0; extern=0; dir=0; type=0; pingpong=0; private_global=0; IO mode=ap_none:ce=0
Port [ in_h]:  wired=1; compound=0; hidden=0; nouse=0; global=0; static=0; extern=0; dir=0; type=0; pingpong=0; private_global=0; IO mode=ap_none:ce=0
Port [ in_w]:  wired=1; compound=0; hidden=0; nouse=0; global=0; static=0; extern=0; dir=0; type=0; pingpong=0; private_global=0; IO mode=ap_none:ce=0
Port [ in_ch]:  wired=1; compound=0; hidden=0; nouse=0; global=0; static=0; extern=0; dir=0; type=0; pingpong=0; private_global=0; IO mode=ap_none:ce=0
Port [ out_ch]:  wired=1; compound=0; hidden=0; nouse=0; global=0; static=0; extern=0; dir=0; type=0; pingpong=0; private_global=0; IO mode=ap_none:ce=0
Port [ do_relu]:  wired=1; compound=0; hidden=0; nouse=0; global=0; static=0; extern=0; dir=0; type=0; pingpong=0; private_global=0; IO mode=ap_none:ce=0
Port [ do_pool]:  wired=1; compound=0; hidden=0; nouse=0; global=0; static=0; extern=0; dir=0; type=0; pingpong=0; private_global=0; IO mode=ap_none:ce=0
Port [ perf]:  wired=1; compound=0; hidden=0; nouse=0; global=0; static=0; extern=0; dir=1; type=0; pingpong=0; private_global=0; IO mode=ap_vld:ce=0
Port [ dpu_conv_top_ap_int_64_64_ap_int_64_3_3_ap_int_ap_int_64_64_1]:  wired=0; compound=1; hidden=1; nouse=0; global=1; static=1; extern=0; dir=2; type=1; pingpong=0; private_global=1; MemPort=[21]; IO mode=ap_memory:ce=0
Port [ dpu_mulmulmulmulconv_top_ap_int_64_64_ap_int_64_3_3_ap_int_ap_int_64_64]:  wired=0; compound=1; hidden=1; nouse=0; global=1; static=1; extern=0; dir=2; type=1; pingpong=0; private_global=1; MemPort=[21]; IO mode=ap_memory:ce=0
---------------- STG Properties END ------------------

---------------- Datapath Model BEGIN ----------------

<LifeTime>
<method=bitvector/>
do_pool_read               (read                ) [ 00000]
do_relu_read               (read                ) [ 00100]
out_ch_read                (read                ) [ 00100]
in_ch_read                 (read                ) [ 00100]
in_w_read                  (read                ) [ 00100]
in_h_read                  (read                ) [ 00100]
ofmap_read                 (read                ) [ 00000]
bias_read                  (read                ) [ 00100]
weight_7_read              (read                ) [ 00100]
weight_6_read              (read                ) [ 00100]
weight_5_read              (read                ) [ 00100]
weight_4_read              (read                ) [ 00100]
weight_3_read              (read                ) [ 00100]
weight_2_read              (read                ) [ 00100]
weight_1_read              (read                ) [ 00100]
weight_0_read              (read                ) [ 00100]
ifmap_7_read               (read                ) [ 00100]
ifmap_6_read               (read                ) [ 00100]
ifmap_5_read               (read                ) [ 00100]
ifmap_4_read               (read                ) [ 00100]
ifmap_3_read               (read                ) [ 00100]
ifmap_2_read               (read                ) [ 00100]
ifmap_1_read               (read                ) [ 00100]
ifmap_0_read               (read                ) [ 00100]
do_pool_c                  (alloca              ) [ 01111]
ofmap_c                    (alloca              ) [ 01111]
call_ln160                 (call                ) [ 00000]
call_ret                   (call                ) [ 00000]
mac_count                  (extractvalue        ) [ 00000]
cycle_count                (extractvalue        ) [ 00000]
in_h_c_channel             (extractvalue        ) [ 00011]
in_w_c_channel             (extractvalue        ) [ 00011]
out_ch_c_channel           (extractvalue        ) [ 00011]
call_ln178                 (call                ) [ 00000]
empty                      (specchannel         ) [ 00000]
specinterface_ln160        (specinterface       ) [ 00000]
empty_66                   (specchannel         ) [ 00000]
specinterface_ln160        (specinterface       ) [ 00000]
specdataflowpipeline_ln160 (specdataflowpipeline) [ 00000]
spectopmodule_ln128        (spectopmodule       ) [ 00000]
specinterface_ln0          (specinterface       ) [ 00000]
specbitsmap_ln0            (specbitsmap         ) [ 00000]
specinterface_ln0          (specinterface       ) [ 00000]
specbitsmap_ln0            (specbitsmap         ) [ 00000]
specinterface_ln0          (specinterface       ) [ 00000]
specbitsmap_ln0            (specbitsmap         ) [ 00000]
specinterface_ln0          (specinterface       ) [ 00000]
specbitsmap_ln0            (specbitsmap         ) [ 00000]
specinterface_ln0          (specinterface       ) [ 00000]
specbitsmap_ln0            (specbitsmap         ) [ 00000]
specinterface_ln0          (specinterface       ) [ 00000]
specbitsmap_ln0            (specbitsmap         ) [ 00000]
specinterface_ln0          (specinterface       ) [ 00000]
specbitsmap_ln0            (specbitsmap         ) [ 00000]
specinterface_ln0          (specinterface       ) [ 00000]
specbitsmap_ln0            (specbitsmap         ) [ 00000]
specinterface_ln0          (specinterface       ) [ 00000]
specbitsmap_ln0            (specbitsmap         ) [ 00000]
specinterface_ln0          (specinterface       ) [ 00000]
specbitsmap_ln0            (specbitsmap         ) [ 00000]
specinterface_ln0          (specinterface       ) [ 00000]
specbitsmap_ln0            (specbitsmap         ) [ 00000]
specinterface_ln0          (specinterface       ) [ 00000]
specbitsmap_ln0            (specbitsmap         ) [ 00000]
specinterface_ln0          (specinterface       ) [ 00000]
specbitsmap_ln0            (specbitsmap         ) [ 00000]
specinterface_ln0          (specinterface       ) [ 00000]
specbitsmap_ln0            (specbitsmap         ) [ 00000]
specinterface_ln0          (specinterface       ) [ 00000]
specbitsmap_ln0            (specbitsmap         ) [ 00000]
specinterface_ln0          (specinterface       ) [ 00000]
specbitsmap_ln0            (specbitsmap         ) [ 00000]
specinterface_ln0          (specinterface       ) [ 00000]
specbitsmap_ln0            (specbitsmap         ) [ 00000]
specinterface_ln0          (specinterface       ) [ 00000]
specbitsmap_ln0            (specbitsmap         ) [ 00000]
specinterface_ln0          (specinterface       ) [ 00000]
specinterface_ln0          (specinterface       ) [ 00000]
specinterface_ln0          (specinterface       ) [ 00000]
specinterface_ln0          (specinterface       ) [ 00000]
specinterface_ln0          (specinterface       ) [ 00000]
specinterface_ln0          (specinterface       ) [ 00000]
specinterface_ln0          (specinterface       ) [ 00000]
specinterface_ln0          (specinterface       ) [ 00000]
specinterface_ln0          (specinterface       ) [ 00000]
specinterface_ln0          (specinterface       ) [ 00000]
specinterface_ln0          (specinterface       ) [ 00000]
specinterface_ln0          (specinterface       ) [ 00000]
specinterface_ln0          (specinterface       ) [ 00000]
specinterface_ln0          (specinterface       ) [ 00000]
specinterface_ln0          (specinterface       ) [ 00000]
specinterface_ln0          (specinterface       ) [ 00000]
specinterface_ln0          (specinterface       ) [ 00000]
specinterface_ln0          (specinterface       ) [ 00000]
specinterface_ln0          (specinterface       ) [ 00000]
specinterface_ln0          (specinterface       ) [ 00000]
specinterface_ln0          (specinterface       ) [ 00000]
specinterface_ln0          (specinterface       ) [ 00000]
specinterface_ln0          (specinterface       ) [ 00000]
specinterface_ln0          (specinterface       ) [ 00000]
specinterface_ln0          (specinterface       ) [ 00000]
specinterface_ln0          (specinterface       ) [ 00000]
specinterface_ln0          (specinterface       ) [ 00000]
specinterface_ln0          (specinterface       ) [ 00000]
specinterface_ln0          (specinterface       ) [ 00000]
specinterface_ln0          (specinterface       ) [ 00000]
specinterface_ln0          (specinterface       ) [ 00000]
specinterface_ln0          (specinterface       ) [ 00000]
specinterface_ln0          (specinterface       ) [ 00000]
specinterface_ln0          (specinterface       ) [ 00000]
specinterface_ln0          (specinterface       ) [ 00000]
specinterface_ln0          (specinterface       ) [ 00000]
specbitsmap_ln0            (specbitsmap         ) [ 00000]
specinterface_ln0          (specinterface       ) [ 00000]
specinterface_ln0          (specinterface       ) [ 00000]
specbitsmap_ln0            (specbitsmap         ) [ 00000]
specinterface_ln0          (specinterface       ) [ 00000]
specinterface_ln0          (specinterface       ) [ 00000]
specbitsmap_ln0            (specbitsmap         ) [ 00000]
specinterface_ln0          (specinterface       ) [ 00000]
specinterface_ln0          (specinterface       ) [ 00000]
specbitsmap_ln0            (specbitsmap         ) [ 00000]
specinterface_ln0          (specinterface       ) [ 00000]
specinterface_ln0          (specinterface       ) [ 00000]
specbitsmap_ln0            (specbitsmap         ) [ 00000]
specinterface_ln0          (specinterface       ) [ 00000]
specinterface_ln0          (specinterface       ) [ 00000]
specbitsmap_ln0            (specbitsmap         ) [ 00000]
specinterface_ln0          (specinterface       ) [ 00000]
specinterface_ln0          (specinterface       ) [ 00000]
specbitsmap_ln0            (specbitsmap         ) [ 00000]
specinterface_ln0          (specinterface       ) [ 00000]
specinterface_ln0          (specinterface       ) [ 00000]
specinterface_ln0          (specinterface       ) [ 00000]
call_ln169                 (call                ) [ 00000]
ret_ln180                  (ret                 ) [ 00000]
</LifeTime>

<model>

<comp_list>
<comp id="0" class="1000" name="gmem0_0">
<pin_list>
<pin id="1" dir="1" index="0" bw="1" slack="0"/>
</pin_list>
<bind>
<StgValue><ssdm name="gmem0_0"/><MemPortTyVec>0 </MemPortTyVec>
</StgValue>
</bind>
</comp>

<comp id="2" class="1000" name="gmem0_1">
<pin_list>
<pin id="3" dir="1" index="0" bw="1" slack="0"/>
</pin_list>
<bind>
<StgValue><ssdm name="gmem0_1"/><MemPortTyVec>0 </MemPortTyVec>
</StgValue>
</bind>
</comp>

<comp id="4" class="1000" name="gmem0_2">
<pin_list>
<pin id="5" dir="1" index="0" bw="1" slack="0"/>
</pin_list>
<bind>
<StgValue><ssdm name="gmem0_2"/><MemPortTyVec>0 </MemPortTyVec>
</StgValue>
</bind>
</comp>

<comp id="6" class="1000" name="gmem0_3">
<pin_list>
<pin id="7" dir="1" index="0" bw="1" slack="0"/>
</pin_list>
<bind>
<StgValue><ssdm name="gmem0_3"/><MemPortTyVec>0 </MemPortTyVec>
</StgValue>
</bind>
</comp>

<comp id="8" class="1000" name="gmem0_4">
<pin_list>
<pin id="9" dir="1" index="0" bw="1" slack="0"/>
</pin_list>
<bind>
<StgValue><ssdm name="gmem0_4"/><MemPortTyVec>0 </MemPortTyVec>
</StgValue>
</bind>
</comp>

<comp id="10" class="1000" name="gmem0_5">
<pin_list>
<pin id="11" dir="1" index="0" bw="1" slack="0"/>
</pin_list>
<bind>
<StgValue><ssdm name="gmem0_5"/><MemPortTyVec>0 </MemPortTyVec>
</StgValue>
</bind>
</comp>

<comp id="12" class="1000" name="gmem0_6">
<pin_list>
<pin id="13" dir="1" index="0" bw="1" slack="0"/>
</pin_list>
<bind>
<StgValue><ssdm name="gmem0_6"/><MemPortTyVec>0 </MemPortTyVec>
</StgValue>
</bind>
</comp>

<comp id="14" class="1000" name="gmem0_7">
<pin_list>
<pin id="15" dir="1" index="0" bw="1" slack="0"/>
</pin_list>
<bind>
<StgValue><ssdm name="gmem0_7"/><MemPortTyVec>0 </MemPortTyVec>
</StgValue>
</bind>
</comp>

<comp id="16" class="1000" name="gmem1_0">
<pin_list>
<pin id="17" dir="1" index="0" bw="1" slack="0"/>
</pin_list>
<bind>
<StgValue><ssdm name="gmem1_0"/><MemPortTyVec>0 </MemPortTyVec>
</StgValue>
</bind>
</comp>

<comp id="18" class="1000" name="gmem1_1">
<pin_list>
<pin id="19" dir="1" index="0" bw="1" slack="0"/>
</pin_list>
<bind>
<StgValue><ssdm name="gmem1_1"/><MemPortTyVec>0 </MemPortTyVec>
</StgValue>
</bind>
</comp>

<comp id="20" class="1000" name="gmem1_2">
<pin_list>
<pin id="21" dir="1" index="0" bw="1" slack="0"/>
</pin_list>
<bind>
<StgValue><ssdm name="gmem1_2"/><MemPortTyVec>0 </MemPortTyVec>
</StgValue>
</bind>
</comp>

<comp id="22" class="1000" name="gmem1_3">
<pin_list>
<pin id="23" dir="1" index="0" bw="1" slack="0"/>
</pin_list>
<bind>
<StgValue><ssdm name="gmem1_3"/><MemPortTyVec>0 </MemPortTyVec>
</StgValue>
</bind>
</comp>

<comp id="24" class="1000" name="gmem1_4">
<pin_list>
<pin id="25" dir="1" index="0" bw="1" slack="0"/>
</pin_list>
<bind>
<StgValue><ssdm name="gmem1_4"/><MemPortTyVec>0 </MemPortTyVec>
</StgValue>
</bind>
</comp>

<comp id="26" class="1000" name="gmem1_5">
<pin_list>
<pin id="27" dir="1" index="0" bw="1" slack="0"/>
</pin_list>
<bind>
<StgValue><ssdm name="gmem1_5"/><MemPortTyVec>0 </MemPortTyVec>
</StgValue>
</bind>
</comp>

<comp id="28" class="1000" name="gmem1_6">
<pin_list>
<pin id="29" dir="1" index="0" bw="1" slack="0"/>
</pin_list>
<bind>
<StgValue><ssdm name="gmem1_6"/><MemPortTyVec>0 </MemPortTyVec>
</StgValue>
</bind>
</comp>

<comp id="30" class="1000" name="gmem1_7">
<pin_list>
<pin id="31" dir="1" index="0" bw="1" slack="0"/>
</pin_list>
<bind>
<StgValue><ssdm name="gmem1_7"/><MemPortTyVec>0 </MemPortTyVec>
</StgValue>
</bind>
</comp>

<comp id="32" class="1000" name="gmem1">
<pin_list>
<pin id="33" dir="1" index="0" bw="1" slack="0"/>
</pin_list>
<bind>
<StgValue><ssdm name="gmem1"/><MemPortTyVec>0 </MemPortTyVec>
</StgValue>
</bind>
</comp>

<comp id="34" class="1000" name="gmem0">
<pin_list>
<pin id="35" dir="1" index="0" bw="1" slack="0"/>
</pin_list>
<bind>
<StgValue><ssdm name="gmem0"/><MemPortTyVec>1 </MemPortTyVec>
</StgValue>
</bind>
</comp>

<comp id="36" class="1000" name="ifmap_0">
<pin_list>
<pin id="37" dir="1" index="0" bw="1" slack="0"/>
</pin_list>
<bind>
<StgValue><ssdm name="ifmap_0"/></StgValue>
</bind>
</comp>

<comp id="38" class="1000" name="ifmap_1">
<pin_list>
<pin id="39" dir="1" index="0" bw="1" slack="0"/>
</pin_list>
<bind>
<StgValue><ssdm name="ifmap_1"/></StgValue>
</bind>
</comp>

<comp id="40" class="1000" name="ifmap_2">
<pin_list>
<pin id="41" dir="1" index="0" bw="1" slack="0"/>
</pin_list>
<bind>
<StgValue><ssdm name="ifmap_2"/></StgValue>
</bind>
</comp>

<comp id="42" class="1000" name="ifmap_3">
<pin_list>
<pin id="43" dir="1" index="0" bw="1" slack="0"/>
</pin_list>
<bind>
<StgValue><ssdm name="ifmap_3"/></StgValue>
</bind>
</comp>

<comp id="44" class="1000" name="ifmap_4">
<pin_list>
<pin id="45" dir="1" index="0" bw="1" slack="0"/>
</pin_list>
<bind>
<StgValue><ssdm name="ifmap_4"/></StgValue>
</bind>
</comp>

<comp id="46" class="1000" name="ifmap_5">
<pin_list>
<pin id="47" dir="1" index="0" bw="1" slack="0"/>
</pin_list>
<bind>
<StgValue><ssdm name="ifmap_5"/></StgValue>
</bind>
</comp>

<comp id="48" class="1000" name="ifmap_6">
<pin_list>
<pin id="49" dir="1" index="0" bw="1" slack="0"/>
</pin_list>
<bind>
<StgValue><ssdm name="ifmap_6"/></StgValue>
</bind>
</comp>

<comp id="50" class="1000" name="ifmap_7">
<pin_list>
<pin id="51" dir="1" index="0" bw="1" slack="0"/>
</pin_list>
<bind>
<StgValue><ssdm name="ifmap_7"/></StgValue>
</bind>
</comp>

<comp id="52" class="1000" name="weight_0">
<pin_list>
<pin id="53" dir="1" index="0" bw="1" slack="0"/>
</pin_list>
<bind>
<StgValue><ssdm name="weight_0"/></StgValue>
</bind>
</comp>

<comp id="54" class="1000" name="weight_1">
<pin_list>
<pin id="55" dir="1" index="0" bw="1" slack="0"/>
</pin_list>
<bind>
<StgValue><ssdm name="weight_1"/></StgValue>
</bind>
</comp>

<comp id="56" class="1000" name="weight_2">
<pin_list>
<pin id="57" dir="1" index="0" bw="1" slack="0"/>
</pin_list>
<bind>
<StgValue><ssdm name="weight_2"/></StgValue>
</bind>
</comp>

<comp id="58" class="1000" name="weight_3">
<pin_list>
<pin id="59" dir="1" index="0" bw="1" slack="0"/>
</pin_list>
<bind>
<StgValue><ssdm name="weight_3"/></StgValue>
</bind>
</comp>

<comp id="60" class="1000" name="weight_4">
<pin_list>
<pin id="61" dir="1" index="0" bw="1" slack="0"/>
</pin_list>
<bind>
<StgValue><ssdm name="weight_4"/></StgValue>
</bind>
</comp>

<comp id="62" class="1000" name="weight_5">
<pin_list>
<pin id="63" dir="1" index="0" bw="1" slack="0"/>
</pin_list>
<bind>
<StgValue><ssdm name="weight_5"/></StgValue>
</bind>
</comp>

<comp id="64" class="1000" name="weight_6">
<pin_list>
<pin id="65" dir="1" index="0" bw="1" slack="0"/>
</pin_list>
<bind>
<StgValue><ssdm name="weight_6"/></StgValue>
</bind>
</comp>

<comp id="66" class="1000" name="weight_7">
<pin_list>
<pin id="67" dir="1" index="0" bw="1" slack="0"/>
</pin_list>
<bind>
<StgValue><ssdm name="weight_7"/></StgValue>
</bind>
</comp>

<comp id="68" class="1000" name="bias">
<pin_list>
<pin id="69" dir="1" index="0" bw="1" slack="0"/>
</pin_list>
<bind>
<StgValue><ssdm name="bias"/></StgValue>
</bind>
</comp>

<comp id="70" class="1000" name="ofmap">
<pin_list>
<pin id="71" dir="1" index="0" bw="1" slack="0"/>
</pin_list>
<bind>
<StgValue><ssdm name="ofmap"/></StgValue>
</bind>
</comp>

<comp id="72" class="1000" name="in_h">
<pin_list>
<pin id="73" dir="1" index="0" bw="1" slack="0"/>
</pin_list>
<bind>
<StgValue><ssdm name="in_h"/></StgValue>
</bind>
</comp>

<comp id="74" class="1000" name="in_w">
<pin_list>
<pin id="75" dir="1" index="0" bw="1" slack="0"/>
</pin_list>
<bind>
<StgValue><ssdm name="in_w"/></StgValue>
</bind>
</comp>

<comp id="76" class="1000" name="in_ch">
<pin_list>
<pin id="77" dir="1" index="0" bw="1" slack="0"/>
</pin_list>
<bind>
<StgValue><ssdm name="in_ch"/></StgValue>
</bind>
</comp>

<comp id="78" class="1000" name="out_ch">
<pin_list>
<pin id="79" dir="1" index="0" bw="1" slack="0"/>
</pin_list>
<bind>
<StgValue><ssdm name="out_ch"/></StgValue>
</bind>
</comp>

<comp id="80" class="1000" name="do_relu">
<pin_list>
<pin id="81" dir="1" index="0" bw="1" slack="0"/>
</pin_list>
<bind>
<StgValue><ssdm name="do_relu"/></StgValue>
</bind>
</comp>

<comp id="82" class="1000" name="do_pool">
<pin_list>
<pin id="83" dir="1" index="0" bw="1" slack="0"/>
</pin_list>
<bind>
<StgValue><ssdm name="do_pool"/></StgValue>
</bind>
</comp>

<comp id="84" class="1000" name="perf">
<pin_list>
<pin id="85" dir="1" index="0" bw="1" slack="0"/>
</pin_list>
<bind>
<StgValue><ssdm name="perf"/></StgValue>
</bind>
</comp>

<comp id="86" class="1000" name="dpu_conv_top_ap_int_64_64_ap_int_64_3_3_ap_int_ap_int_64_64_1">
<pin_list>
<pin id="87" dir="1" index="0" bw="1" slack="0"/>
</pin_list>
<bind>
<StgValue><ssdm name="dpu_conv_top_ap_int_64_64_ap_int_64_3_3_ap_int_ap_int_64_64_1"/><MemPortTyVec>2 1 </MemPortTyVec>
</StgValue>
</bind>
</comp>

<comp id="88" class="1000" name="dpu_mulmulmulmulconv_top_ap_int_64_64_ap_int_64_3_3_ap_int_ap_int_64_64">
<pin_list>
<pin id="89" dir="1" index="0" bw="1" slack="0"/>
</pin_list>
<bind>
<StgValue><ssdm name="dpu_mulmulmulmulconv_top_ap_int_64_64_ap_int_64_3_3_ap_int_ap_int_64_64"/><MemPortTyVec>2 1 </MemPortTyVec>
</StgValue>
</bind>
</comp>

<comp id="90" class="1001" name="const_90">
<pin_list>
<pin id="91" dir="1" index="0" bw="1" slack="0"/>
</pin_list>
<bind>
<StgValue><ssdm name="_ssdm_op_Read.s_axilite.i1"/></StgValue>
</bind>
</comp>

<comp id="92" class="1001" name="const_92">
<pin_list>
<pin id="93" dir="1" index="0" bw="1" slack="0"/>
</pin_list>
<bind>
<StgValue><ssdm name="_ssdm_op_Read.s_axilite.i8"/></StgValue>
</bind>
</comp>

<comp id="94" class="1001" name="const_94">
<pin_list>
<pin id="95" dir="1" index="0" bw="1" slack="0"/>
</pin_list>
<bind>
<StgValue><ssdm name="_ssdm_op_Read.s_axilite.i64"/></StgValue>
</bind>
</comp>

<comp id="96" class="1001" name="const_96">
<pin_list>
<pin id="97" dir="1" index="0" bw="1" slack="0"/>
</pin_list>
<bind>
<StgValue><ssdm name=""/></StgValue>
</bind>
</comp>

<comp id="98" class="1001" name="const_98">
<pin_list>
<pin id="99" dir="1" index="0" bw="1" slack="0"/>
</pin_list>
<bind>
<StgValue><ssdm name="entry_proc"/></StgValue>
</bind>
</comp>

<comp id="100" class="1001" name="const_100">
<pin_list>
<pin id="101" dir="1" index="0" bw="1" slack="0"/>
</pin_list>
<bind>
<StgValue><ssdm name="conv3x3_relu"/></StgValue>
</bind>
</comp>

<comp id="102" class="1001" name="const_102">
<pin_list>
<pin id="103" dir="1" index="0" bw="1" slack="0"/>
</pin_list>
<bind>
<StgValue><ssdm name=""/></StgValue>
</bind>
</comp>

<comp id="104" class="1001" name="const_104">
<pin_list>
<pin id="105" dir="1" index="0" bw="1" slack="0"/>
</pin_list>
<bind>
<StgValue><ssdm name="Block_entry_proc.2"/></StgValue>
</bind>
</comp>

<comp id="106" class="1001" name="const_106">
<pin_list>
<pin id="107" dir="1" index="0" bw="1" slack="0"/>
</pin_list>
<bind>
<StgValue><ssdm name="Block_entry_proc"/></StgValue>
</bind>
</comp>

<comp id="108" class="1001" name="const_108">
<pin_list>
<pin id="109" dir="1" index="0" bw="1" slack="2147483647"/>
</pin_list>
<bind>
<StgValue><ssdm name="_ssdm_op_SpecChannel"/></StgValue>
</bind>
</comp>

<comp id="110" class="1001" name="const_110">
<pin_list>
<pin id="111" dir="1" index="0" bw="1" slack="2147483647"/>
</pin_list>
<bind>
<StgValue><ssdm name="do_pool_c_str"/></StgValue>
</bind>
</comp>

<comp id="112" class="1001" name="const_112">
<pin_list>
<pin id="113" dir="1" index="0" bw="1" slack="2147483647"/>
</pin_list>
<bind>
<StgValue><ssdm name=""/></StgValue>
</bind>
</comp>

<comp id="114" class="1001" name="const_114">
<pin_list>
<pin id="115" dir="1" index="0" bw="1" slack="2147483647"/>
</pin_list>
<bind>
<StgValue><ssdm name="p_str"/></StgValue>
</bind>
</comp>

<comp id="116" class="1001" name="const_116">
<pin_list>
<pin id="117" dir="1" index="0" bw="1" slack="2147483647"/>
</pin_list>
<bind>
<StgValue><ssdm name=""/></StgValue>
</bind>
</comp>

<comp id="118" class="1001" name="const_118">
<pin_list>
<pin id="119" dir="1" index="0" bw="1" slack="2147483647"/>
</pin_list>
<bind>
<StgValue><ssdm name=""/></StgValue>
</bind>
</comp>

<comp id="120" class="1001" name="const_120">
<pin_list>
<pin id="121" dir="1" index="0" bw="1" slack="2147483647"/>
</pin_list>
<bind>
<StgValue><ssdm name="_ssdm_op_SpecInterface"/></StgValue>
</bind>
</comp>

<comp id="122" class="1001" name="const_122">
<pin_list>
<pin id="123" dir="1" index="0" bw="1" slack="2147483647"/>
</pin_list>
<bind>
<StgValue><ssdm name="ap_fifo_str"/></StgValue>
</bind>
</comp>

<comp id="124" class="1001" name="const_124">
<pin_list>
<pin id="125" dir="1" index="0" bw="1" slack="2147483647"/>
</pin_list>
<bind>
<StgValue><ssdm name=""/></StgValue>
</bind>
</comp>

<comp id="126" class="1001" name="const_126">
<pin_list>
<pin id="127" dir="1" index="0" bw="1" slack="2147483647"/>
</pin_list>
<bind>
<StgValue><ssdm name=""/></StgValue>
</bind>
</comp>

<comp id="128" class="1001" name="const_128">
<pin_list>
<pin id="129" dir="1" index="0" bw="1" slack="2147483647"/>
</pin_list>
<bind>
<StgValue><ssdm name=""/></StgValue>
</bind>
</comp>

<comp id="130" class="1001" name="const_130">
<pin_list>
<pin id="131" dir="1" index="0" bw="1" slack="2147483647"/>
</pin_list>
<bind>
<StgValue><ssdm name="ofmap_c_str"/></StgValue>
</bind>
</comp>

<comp id="132" class="1001" name="const_132">
<pin_list>
<pin id="133" dir="1" index="0" bw="1" slack="2147483647"/>
</pin_list>
<bind>
<StgValue><ssdm name="_ssdm_op_SpecDataflowPipeline"/></StgValue>
</bind>
</comp>

<comp id="134" class="1001" name="const_134">
<pin_list>
<pin id="135" dir="1" index="0" bw="1" slack="2147483647"/>
</pin_list>
<bind>
<StgValue><ssdm name="empty_39"/></StgValue>
</bind>
</comp>

<comp id="136" class="1001" name="const_136">
<pin_list>
<pin id="137" dir="1" index="0" bw="1" slack="2147483647"/>
</pin_list>
<bind>
<StgValue><ssdm name="_ssdm_op_SpecTopModule"/></StgValue>
</bind>
</comp>

<comp id="138" class="1001" name="const_138">
<pin_list>
<pin id="139" dir="1" index="0" bw="1" slack="2147483647"/>
</pin_list>
<bind>
<StgValue><ssdm name="empty_33"/></StgValue>
</bind>
</comp>

<comp id="140" class="1001" name="const_140">
<pin_list>
<pin id="141" dir="1" index="0" bw="1" slack="2147483647"/>
</pin_list>
<bind>
<StgValue><ssdm name="empty_38"/></StgValue>
</bind>
</comp>

<comp id="142" class="1001" name="const_142">
<pin_list>
<pin id="143" dir="1" index="0" bw="1" slack="2147483647"/>
</pin_list>
<bind>
<StgValue><ssdm name=""/></StgValue>
</bind>
</comp>

<comp id="144" class="1001" name="const_144">
<pin_list>
<pin id="145" dir="1" index="0" bw="1" slack="2147483647"/>
</pin_list>
<bind>
<StgValue><ssdm name="empty_40"/></StgValue>
</bind>
</comp>

<comp id="146" class="1001" name="const_146">
<pin_list>
<pin id="147" dir="1" index="0" bw="1" slack="2147483647"/>
</pin_list>
<bind>
<StgValue><ssdm name="empty_42"/></StgValue>
</bind>
</comp>

<comp id="148" class="1001" name="const_148">
<pin_list>
<pin id="149" dir="1" index="0" bw="1" slack="2147483647"/>
</pin_list>
<bind>
<StgValue><ssdm name="_ssdm_op_SpecBitsMap"/></StgValue>
</bind>
</comp>

<comp id="150" class="1001" name="const_150">
<pin_list>
<pin id="151" dir="1" index="0" bw="1" slack="2147483647"/>
</pin_list>
<bind>
<StgValue><ssdm name="empty_43"/></StgValue>
</bind>
</comp>

<comp id="152" class="1001" name="const_152">
<pin_list>
<pin id="153" dir="1" index="0" bw="1" slack="2147483647"/>
</pin_list>
<bind>
<StgValue><ssdm name="empty_1"/></StgValue>
</bind>
</comp>

<comp id="154" class="1001" name="const_154">
<pin_list>
<pin id="155" dir="1" index="0" bw="1" slack="2147483647"/>
</pin_list>
<bind>
<StgValue><ssdm name="empty_37"/></StgValue>
</bind>
</comp>

<comp id="156" class="1001" name="const_156">
<pin_list>
<pin id="157" dir="1" index="0" bw="1" slack="2147483647"/>
</pin_list>
<bind>
<StgValue><ssdm name="empty_44"/></StgValue>
</bind>
</comp>

<comp id="158" class="1001" name="const_158">
<pin_list>
<pin id="159" dir="1" index="0" bw="1" slack="2147483647"/>
</pin_list>
<bind>
<StgValue><ssdm name="empty_3"/></StgValue>
</bind>
</comp>

<comp id="160" class="1001" name="const_160">
<pin_list>
<pin id="161" dir="1" index="0" bw="1" slack="2147483647"/>
</pin_list>
<bind>
<StgValue><ssdm name="empty_48"/></StgValue>
</bind>
</comp>

<comp id="162" class="1001" name="const_162">
<pin_list>
<pin id="163" dir="1" index="0" bw="1" slack="2147483647"/>
</pin_list>
<bind>
<StgValue><ssdm name="empty_46"/></StgValue>
</bind>
</comp>

<comp id="164" class="1001" name="const_164">
<pin_list>
<pin id="165" dir="1" index="0" bw="1" slack="2147483647"/>
</pin_list>
<bind>
<StgValue><ssdm name=""/></StgValue>
</bind>
</comp>

<comp id="166" class="1001" name="const_166">
<pin_list>
<pin id="167" dir="1" index="0" bw="1" slack="2147483647"/>
</pin_list>
<bind>
<StgValue><ssdm name="empty_47"/></StgValue>
</bind>
</comp>

<comp id="168" class="1001" name="const_168">
<pin_list>
<pin id="169" dir="1" index="0" bw="1" slack="2147483647"/>
</pin_list>
<bind>
<StgValue><ssdm name="empty_31"/></StgValue>
</bind>
</comp>

<comp id="170" class="1001" name="const_170">
<pin_list>
<pin id="171" dir="1" index="0" bw="1" slack="2147483647"/>
</pin_list>
<bind>
<StgValue><ssdm name="empty_0"/></StgValue>
</bind>
</comp>

<comp id="172" class="1001" name="const_172">
<pin_list>
<pin id="173" dir="1" index="0" bw="1" slack="2147483647"/>
</pin_list>
<bind>
<StgValue><ssdm name="empty_17"/></StgValue>
</bind>
</comp>

<comp id="174" class="1001" name="const_174">
<pin_list>
<pin id="175" dir="1" index="0" bw="1" slack="2147483647"/>
</pin_list>
<bind>
<StgValue><ssdm name="empty_2"/></StgValue>
</bind>
</comp>

<comp id="176" class="1001" name="const_176">
<pin_list>
<pin id="177" dir="1" index="0" bw="1" slack="2147483647"/>
</pin_list>
<bind>
<StgValue><ssdm name="empty_45"/></StgValue>
</bind>
</comp>

<comp id="178" class="1001" name="const_178">
<pin_list>
<pin id="179" dir="1" index="0" bw="1" slack="2147483647"/>
</pin_list>
<bind>
<StgValue><ssdm name="empty_41"/></StgValue>
</bind>
</comp>

<comp id="180" class="1001" name="const_180">
<pin_list>
<pin id="181" dir="1" index="0" bw="1" slack="2147483647"/>
</pin_list>
<bind>
<StgValue><ssdm name="empty_4"/></StgValue>
</bind>
</comp>

<comp id="182" class="1001" name="const_182">
<pin_list>
<pin id="183" dir="1" index="0" bw="1" slack="2147483647"/>
</pin_list>
<bind>
<StgValue><ssdm name=""/></StgValue>
</bind>
</comp>

<comp id="184" class="1001" name="const_184">
<pin_list>
<pin id="185" dir="1" index="0" bw="1" slack="2147483647"/>
</pin_list>
<bind>
<StgValue><ssdm name="empty_5"/></StgValue>
</bind>
</comp>

<comp id="186" class="1001" name="const_186">
<pin_list>
<pin id="187" dir="1" index="0" bw="1" slack="2147483647"/>
</pin_list>
<bind>
<StgValue><ssdm name="empty_6"/></StgValue>
</bind>
</comp>

<comp id="188" class="1001" name="const_188">
<pin_list>
<pin id="189" dir="1" index="0" bw="1" slack="2147483647"/>
</pin_list>
<bind>
<StgValue><ssdm name="empty_7"/></StgValue>
</bind>
</comp>

<comp id="190" class="1001" name="const_190">
<pin_list>
<pin id="191" dir="1" index="0" bw="1" slack="2147483647"/>
</pin_list>
<bind>
<StgValue><ssdm name="empty_8"/></StgValue>
</bind>
</comp>

<comp id="192" class="1001" name="const_192">
<pin_list>
<pin id="193" dir="1" index="0" bw="1" slack="2147483647"/>
</pin_list>
<bind>
<StgValue><ssdm name="empty_9"/></StgValue>
</bind>
</comp>

<comp id="194" class="1001" name="const_194">
<pin_list>
<pin id="195" dir="1" index="0" bw="1" slack="2147483647"/>
</pin_list>
<bind>
<StgValue><ssdm name="empty_10"/></StgValue>
</bind>
</comp>

<comp id="196" class="1001" name="const_196">
<pin_list>
<pin id="197" dir="1" index="0" bw="1" slack="2147483647"/>
</pin_list>
<bind>
<StgValue><ssdm name="empty_11"/></StgValue>
</bind>
</comp>

<comp id="198" class="1001" name="const_198">
<pin_list>
<pin id="199" dir="1" index="0" bw="1" slack="2147483647"/>
</pin_list>
<bind>
<StgValue><ssdm name="empty_12"/></StgValue>
</bind>
</comp>

<comp id="200" class="1001" name="const_200">
<pin_list>
<pin id="201" dir="1" index="0" bw="1" slack="2147483647"/>
</pin_list>
<bind>
<StgValue><ssdm name="empty_13"/></StgValue>
</bind>
</comp>

<comp id="202" class="1001" name="const_202">
<pin_list>
<pin id="203" dir="1" index="0" bw="1" slack="2147483647"/>
</pin_list>
<bind>
<StgValue><ssdm name="empty_14"/></StgValue>
</bind>
</comp>

<comp id="204" class="1001" name="const_204">
<pin_list>
<pin id="205" dir="1" index="0" bw="1" slack="2147483647"/>
</pin_list>
<bind>
<StgValue><ssdm name="empty_15"/></StgValue>
</bind>
</comp>

<comp id="206" class="1001" name="const_206">
<pin_list>
<pin id="207" dir="1" index="0" bw="1" slack="2147483647"/>
</pin_list>
<bind>
<StgValue><ssdm name="empty_16"/></StgValue>
</bind>
</comp>

<comp id="208" class="1001" name="const_208">
<pin_list>
<pin id="209" dir="1" index="0" bw="1" slack="2147483647"/>
</pin_list>
<bind>
<StgValue><ssdm name="empty_34"/></StgValue>
</bind>
</comp>

<comp id="210" class="1001" name="const_210">
<pin_list>
<pin id="211" dir="1" index="0" bw="1" slack="2147483647"/>
</pin_list>
<bind>
<StgValue><ssdm name="empty_19"/></StgValue>
</bind>
</comp>

<comp id="212" class="1001" name="const_212">
<pin_list>
<pin id="213" dir="1" index="0" bw="1" slack="2147483647"/>
</pin_list>
<bind>
<StgValue><ssdm name="empty_18"/></StgValue>
</bind>
</comp>

<comp id="214" class="1001" name="const_214">
<pin_list>
<pin id="215" dir="1" index="0" bw="1" slack="2147483647"/>
</pin_list>
<bind>
<StgValue><ssdm name="empty_20"/></StgValue>
</bind>
</comp>

<comp id="216" class="1001" name="const_216">
<pin_list>
<pin id="217" dir="1" index="0" bw="1" slack="2147483647"/>
</pin_list>
<bind>
<StgValue><ssdm name="empty_21"/></StgValue>
</bind>
</comp>

<comp id="218" class="1001" name="const_218">
<pin_list>
<pin id="219" dir="1" index="0" bw="1" slack="2147483647"/>
</pin_list>
<bind>
<StgValue><ssdm name="empty_22"/></StgValue>
</bind>
</comp>

<comp id="220" class="1001" name="const_220">
<pin_list>
<pin id="221" dir="1" index="0" bw="1" slack="2147483647"/>
</pin_list>
<bind>
<StgValue><ssdm name="empty_23"/></StgValue>
</bind>
</comp>

<comp id="222" class="1001" name="const_222">
<pin_list>
<pin id="223" dir="1" index="0" bw="1" slack="2147483647"/>
</pin_list>
<bind>
<StgValue><ssdm name="empty_24"/></StgValue>
</bind>
</comp>

<comp id="224" class="1001" name="const_224">
<pin_list>
<pin id="225" dir="1" index="0" bw="1" slack="2147483647"/>
</pin_list>
<bind>
<StgValue><ssdm name="empty_25"/></StgValue>
</bind>
</comp>

<comp id="226" class="1001" name="const_226">
<pin_list>
<pin id="227" dir="1" index="0" bw="1" slack="2147483647"/>
</pin_list>
<bind>
<StgValue><ssdm name="empty_26"/></StgValue>
</bind>
</comp>

<comp id="228" class="1001" name="const_228">
<pin_list>
<pin id="229" dir="1" index="0" bw="1" slack="2147483647"/>
</pin_list>
<bind>
<StgValue><ssdm name="empty_27"/></StgValue>
</bind>
</comp>

<comp id="230" class="1001" name="const_230">
<pin_list>
<pin id="231" dir="1" index="0" bw="1" slack="2147483647"/>
</pin_list>
<bind>
<StgValue><ssdm name="empty_28"/></StgValue>
</bind>
</comp>

<comp id="232" class="1001" name="const_232">
<pin_list>
<pin id="233" dir="1" index="0" bw="1" slack="2147483647"/>
</pin_list>
<bind>
<StgValue><ssdm name="empty_29"/></StgValue>
</bind>
</comp>

<comp id="234" class="1001" name="const_234">
<pin_list>
<pin id="235" dir="1" index="0" bw="1" slack="2147483647"/>
</pin_list>
<bind>
<StgValue><ssdm name="empty_35"/></StgValue>
</bind>
</comp>

<comp id="236" class="1001" name="const_236">
<pin_list>
<pin id="237" dir="1" index="0" bw="1" slack="2147483647"/>
</pin_list>
<bind>
<StgValue><ssdm name="empty_30"/></StgValue>
</bind>
</comp>

<comp id="238" class="1001" name="const_238">
<pin_list>
<pin id="239" dir="1" index="0" bw="1" slack="2147483647"/>
</pin_list>
<bind>
<StgValue><ssdm name="empty"/></StgValue>
</bind>
</comp>

<comp id="240" class="1001" name="const_240">
<pin_list>
<pin id="241" dir="1" index="0" bw="1" slack="2147483647"/>
</pin_list>
<bind>
<StgValue><ssdm name="empty_32"/></StgValue>
</bind>
</comp>

<comp id="242" class="1004" name="do_pool_c_fu_242">
<pin_list>
<pin id="243" dir="0" index="0" bw="1" slack="0"/>
<pin id="244" dir="1" index="1" bw="1" slack="0"/>
</pin_list>
<bind>
<opcode="alloca(26) " fcode="alloca"/>
<opset="do_pool_c/1 "/>
</bind>
</comp>

<comp id="246" class="1004" name="ofmap_c_fu_246">
<pin_list>
<pin id="247" dir="0" index="0" bw="1" slack="0"/>
<pin id="248" dir="1" index="1" bw="64" slack="0"/>
</pin_list>
<bind>
<opcode="alloca(26) " fcode="alloca"/>
<opset="ofmap_c/1 "/>
</bind>
</comp>

<comp id="250" class="1004" name="do_pool_read_read_fu_250">
<pin_list>
<pin id="251" dir="0" index="0" bw="1" slack="0"/>
<pin id="252" dir="0" index="1" bw="1" slack="0"/>
<pin id="253" dir="1" index="2" bw="1" slack="0"/>
</pin_list>
<bind>
<opcode="read(1150) " fcode="read"/>
<opset="do_pool_read/1 "/>
</bind>
</comp>

<comp id="256" class="1004" name="do_relu_read_read_fu_256">
<pin_list>
<pin id="257" dir="0" index="0" bw="1" slack="0"/>
<pin id="258" dir="0" index="1" bw="1" slack="0"/>
<pin id="259" dir="1" index="2" bw="1" slack="0"/>
</pin_list>
<bind>
<opcode="read(1150) " fcode="read"/>
<opset="do_relu_read/1 "/>
</bind>
</comp>

<comp id="262" class="1004" name="out_ch_read_read_fu_262">
<pin_list>
<pin id="263" dir="0" index="0" bw="8" slack="0"/>
<pin id="264" dir="0" index="1" bw="8" slack="0"/>
<pin id="265" dir="1" index="2" bw="8" slack="0"/>
</pin_list>
<bind>
<opcode="read(1150) " fcode="read"/>
<opset="out_ch_read/1 "/>
</bind>
</comp>

<comp id="268" class="1004" name="in_ch_read_read_fu_268">
<pin_list>
<pin id="269" dir="0" index="0" bw="8" slack="0"/>
<pin id="270" dir="0" index="1" bw="8" slack="0"/>
<pin id="271" dir="1" index="2" bw="8" slack="0"/>
</pin_list>
<bind>
<opcode="read(1150) " fcode="read"/>
<opset="in_ch_read/1 "/>
</bind>
</comp>

<comp id="274" class="1004" name="in_w_read_read_fu_274">
<pin_list>
<pin id="275" dir="0" index="0" bw="8" slack="0"/>
<pin id="276" dir="0" index="1" bw="8" slack="0"/>
<pin id="277" dir="1" index="2" bw="8" slack="0"/>
</pin_list>
<bind>
<opcode="read(1150) " fcode="read"/>
<opset="in_w_read/1 "/>
</bind>
</comp>

<comp id="280" class="1004" name="in_h_read_read_fu_280">
<pin_list>
<pin id="281" dir="0" index="0" bw="8" slack="0"/>
<pin id="282" dir="0" index="1" bw="8" slack="0"/>
<pin id="283" dir="1" index="2" bw="8" slack="0"/>
</pin_list>
<bind>
<opcode="read(1150) " fcode="read"/>
<opset="in_h_read/1 "/>
</bind>
</comp>

<comp id="286" class="1004" name="ofmap_read_read_fu_286">
<pin_list>
<pin id="287" dir="0" index="0" bw="64" slack="0"/>
<pin id="288" dir="0" index="1" bw="64" slack="0"/>
<pin id="289" dir="1" index="2" bw="64" slack="0"/>
</pin_list>
<bind>
<opcode="read(1150) " fcode="read"/>
<opset="ofmap_read/1 "/>
</bind>
</comp>

<comp id="292" class="1004" name="bias_read_read_fu_292">
<pin_list>
<pin id="293" dir="0" index="0" bw="64" slack="0"/>
<pin id="294" dir="0" index="1" bw="64" slack="0"/>
<pin id="295" dir="1" index="2" bw="64" slack="0"/>
</pin_list>
<bind>
<opcode="read(1150) " fcode="read"/>
<opset="bias_read/1 "/>
</bind>
</comp>

<comp id="298" class="1004" name="weight_7_read_read_fu_298">
<pin_list>
<pin id="299" dir="0" index="0" bw="64" slack="0"/>
<pin id="300" dir="0" index="1" bw="64" slack="0"/>
<pin id="301" dir="1" index="2" bw="64" slack="0"/>
</pin_list>
<bind>
<opcode="read(1150) " fcode="read"/>
<opset="weight_7_read/1 "/>
</bind>
</comp>

<comp id="304" class="1004" name="weight_6_read_read_fu_304">
<pin_list>
<pin id="305" dir="0" index="0" bw="64" slack="0"/>
<pin id="306" dir="0" index="1" bw="64" slack="0"/>
<pin id="307" dir="1" index="2" bw="64" slack="0"/>
</pin_list>
<bind>
<opcode="read(1150) " fcode="read"/>
<opset="weight_6_read/1 "/>
</bind>
</comp>

<comp id="310" class="1004" name="weight_5_read_read_fu_310">
<pin_list>
<pin id="311" dir="0" index="0" bw="64" slack="0"/>
<pin id="312" dir="0" index="1" bw="64" slack="0"/>
<pin id="313" dir="1" index="2" bw="64" slack="0"/>
</pin_list>
<bind>
<opcode="read(1150) " fcode="read"/>
<opset="weight_5_read/1 "/>
</bind>
</comp>

<comp id="316" class="1004" name="weight_4_read_read_fu_316">
<pin_list>
<pin id="317" dir="0" index="0" bw="64" slack="0"/>
<pin id="318" dir="0" index="1" bw="64" slack="0"/>
<pin id="319" dir="1" index="2" bw="64" slack="0"/>
</pin_list>
<bind>
<opcode="read(1150) " fcode="read"/>
<opset="weight_4_read/1 "/>
</bind>
</comp>

<comp id="322" class="1004" name="weight_3_read_read_fu_322">
<pin_list>
<pin id="323" dir="0" index="0" bw="64" slack="0"/>
<pin id="324" dir="0" index="1" bw="64" slack="0"/>
<pin id="325" dir="1" index="2" bw="64" slack="0"/>
</pin_list>
<bind>
<opcode="read(1150) " fcode="read"/>
<opset="weight_3_read/1 "/>
</bind>
</comp>

<comp id="328" class="1004" name="weight_2_read_read_fu_328">
<pin_list>
<pin id="329" dir="0" index="0" bw="64" slack="0"/>
<pin id="330" dir="0" index="1" bw="64" slack="0"/>
<pin id="331" dir="1" index="2" bw="64" slack="0"/>
</pin_list>
<bind>
<opcode="read(1150) " fcode="read"/>
<opset="weight_2_read/1 "/>
</bind>
</comp>

<comp id="334" class="1004" name="weight_1_read_read_fu_334">
<pin_list>
<pin id="335" dir="0" index="0" bw="64" slack="0"/>
<pin id="336" dir="0" index="1" bw="64" slack="0"/>
<pin id="337" dir="1" index="2" bw="64" slack="0"/>
</pin_list>
<bind>
<opcode="read(1150) " fcode="read"/>
<opset="weight_1_read/1 "/>
</bind>
</comp>

<comp id="340" class="1004" name="weight_0_read_read_fu_340">
<pin_list>
<pin id="341" dir="0" index="0" bw="64" slack="0"/>
<pin id="342" dir="0" index="1" bw="64" slack="0"/>
<pin id="343" dir="1" index="2" bw="64" slack="0"/>
</pin_list>
<bind>
<opcode="read(1150) " fcode="read"/>
<opset="weight_0_read/1 "/>
</bind>
</comp>

<comp id="346" class="1004" name="ifmap_7_read_read_fu_346">
<pin_list>
<pin id="347" dir="0" index="0" bw="64" slack="0"/>
<pin id="348" dir="0" index="1" bw="64" slack="0"/>
<pin id="349" dir="1" index="2" bw="64" slack="0"/>
</pin_list>
<bind>
<opcode="read(1150) " fcode="read"/>
<opset="ifmap_7_read/1 "/>
</bind>
</comp>

<comp id="352" class="1004" name="ifmap_6_read_read_fu_352">
<pin_list>
<pin id="353" dir="0" index="0" bw="64" slack="0"/>
<pin id="354" dir="0" index="1" bw="64" slack="0"/>
<pin id="355" dir="1" index="2" bw="64" slack="0"/>
</pin_list>
<bind>
<opcode="read(1150) " fcode="read"/>
<opset="ifmap_6_read/1 "/>
</bind>
</comp>

<comp id="358" class="1004" name="ifmap_5_read_read_fu_358">
<pin_list>
<pin id="359" dir="0" index="0" bw="64" slack="0"/>
<pin id="360" dir="0" index="1" bw="64" slack="0"/>
<pin id="361" dir="1" index="2" bw="64" slack="0"/>
</pin_list>
<bind>
<opcode="read(1150) " fcode="read"/>
<opset="ifmap_5_read/1 "/>
</bind>
</comp>

<comp id="364" class="1004" name="ifmap_4_read_read_fu_364">
<pin_list>
<pin id="365" dir="0" index="0" bw="64" slack="0"/>
<pin id="366" dir="0" index="1" bw="64" slack="0"/>
<pin id="367" dir="1" index="2" bw="64" slack="0"/>
</pin_list>
<bind>
<opcode="read(1150) " fcode="read"/>
<opset="ifmap_4_read/1 "/>
</bind>
</comp>

<comp id="370" class="1004" name="ifmap_3_read_read_fu_370">
<pin_list>
<pin id="371" dir="0" index="0" bw="64" slack="0"/>
<pin id="372" dir="0" index="1" bw="64" slack="0"/>
<pin id="373" dir="1" index="2" bw="64" slack="0"/>
</pin_list>
<bind>
<opcode="read(1150) " fcode="read"/>
<opset="ifmap_3_read/1 "/>
</bind>
</comp>

<comp id="376" class="1004" name="ifmap_2_read_read_fu_376">
<pin_list>
<pin id="377" dir="0" index="0" bw="64" slack="0"/>
<pin id="378" dir="0" index="1" bw="64" slack="0"/>
<pin id="379" dir="1" index="2" bw="64" slack="0"/>
</pin_list>
<bind>
<opcode="read(1150) " fcode="read"/>
<opset="ifmap_2_read/1 "/>
</bind>
</comp>

<comp id="382" class="1004" name="ifmap_1_read_read_fu_382">
<pin_list>
<pin id="383" dir="0" index="0" bw="64" slack="0"/>
<pin id="384" dir="0" index="1" bw="64" slack="0"/>
<pin id="385" dir="1" index="2" bw="64" slack="0"/>
</pin_list>
<bind>
<opcode="read(1150) " fcode="read"/>
<opset="ifmap_1_read/1 "/>
</bind>
</comp>

<comp id="388" class="1004" name="ifmap_0_read_read_fu_388">
<pin_list>
<pin id="389" dir="0" index="0" bw="64" slack="0"/>
<pin id="390" dir="0" index="1" bw="64" slack="0"/>
<pin id="391" dir="1" index="2" bw="64" slack="0"/>
</pin_list>
<bind>
<opcode="read(1150) " fcode="read"/>
<opset="ifmap_0_read/1 "/>
</bind>
</comp>

<comp id="394" class="1004" name="call_ln160_entry_proc_fu_394">
<pin_list>
<pin id="395" dir="0" index="0" bw="0" slack="0"/>
<pin id="396" dir="0" index="1" bw="64" slack="0"/>
<pin id="397" dir="0" index="2" bw="64" slack="0"/>
<pin id="398" dir="0" index="3" bw="1" slack="0"/>
<pin id="399" dir="0" index="4" bw="1" slack="0"/>
<pin id="400" dir="1" index="5" bw="0" slack="2147483647"/>
</pin_list>
<bind>
<opcode="call(48) " fcode="call"/>
<opset="call_ln160/1 "/>
</bind>
</comp>

<comp id="404" class="1004" name="grp_conv3x3_relu_fu_404">
<pin_list>
<pin id="405" dir="0" index="0" bw="88" slack="0"/>
<pin id="406" dir="0" index="1" bw="8" slack="0"/>
<pin id="407" dir="0" index="2" bw="64" slack="0"/>
<pin id="408" dir="0" index="3" bw="8" slack="0"/>
<pin id="409" dir="0" index="4" bw="64" slack="0"/>
<pin id="410" dir="0" index="5" bw="8" slack="0"/>
<pin id="411" dir="0" index="6" bw="64" slack="0"/>
<pin id="412" dir="0" index="7" bw="8" slack="0"/>
<pin id="413" dir="0" index="8" bw="64" slack="0"/>
<pin id="414" dir="0" index="9" bw="8" slack="0"/>
<pin id="415" dir="0" index="10" bw="64" slack="0"/>
<pin id="416" dir="0" index="11" bw="8" slack="0"/>
<pin id="417" dir="0" index="12" bw="64" slack="0"/>
<pin id="418" dir="0" index="13" bw="8" slack="0"/>
<pin id="419" dir="0" index="14" bw="64" slack="0"/>
<pin id="420" dir="0" index="15" bw="8" slack="0"/>
<pin id="421" dir="0" index="16" bw="64" slack="0"/>
<pin id="422" dir="0" index="17" bw="8" slack="0"/>
<pin id="423" dir="0" index="18" bw="64" slack="0"/>
<pin id="424" dir="0" index="19" bw="8" slack="0"/>
<pin id="425" dir="0" index="20" bw="64" slack="0"/>
<pin id="426" dir="0" index="21" bw="8" slack="0"/>
<pin id="427" dir="0" index="22" bw="64" slack="0"/>
<pin id="428" dir="0" index="23" bw="8" slack="0"/>
<pin id="429" dir="0" index="24" bw="64" slack="0"/>
<pin id="430" dir="0" index="25" bw="8" slack="0"/>
<pin id="431" dir="0" index="26" bw="64" slack="0"/>
<pin id="432" dir="0" index="27" bw="8" slack="0"/>
<pin id="433" dir="0" index="28" bw="64" slack="0"/>
<pin id="434" dir="0" index="29" bw="8" slack="0"/>
<pin id="435" dir="0" index="30" bw="64" slack="0"/>
<pin id="436" dir="0" index="31" bw="8" slack="0"/>
<pin id="437" dir="0" index="32" bw="64" slack="0"/>
<pin id="438" dir="0" index="33" bw="32" slack="0"/>
<pin id="439" dir="0" index="34" bw="64" slack="0"/>
<pin id="440" dir="0" index="35" bw="8" slack="0"/>
<pin id="441" dir="0" index="36" bw="8" slack="0"/>
<pin id="442" dir="0" index="37" bw="8" slack="0"/>
<pin id="443" dir="0" index="38" bw="8" slack="0"/>
<pin id="444" dir="0" index="39" bw="1" slack="0"/>
<pin id="445" dir="0" index="40" bw="1" slack="0"/>
<pin id="446" dir="0" index="41" bw="1" slack="0"/>
<pin id="447" dir="0" index="42" bw="8" slack="0"/>
<pin id="448" dir="0" index="43" bw="8" slack="0"/>
<pin id="449" dir="1" index="44" bw="88" slack="0"/>
</pin_list>
<bind>
<opcode="call(48) " fcode="call"/>
<opset="call_ret/1 "/>
</bind>
</comp>

<comp id="494" class="1004" name="call_ln178_Block_entry_proc_2_fu_494">
<pin_list>
<pin id="495" dir="0" index="0" bw="0" slack="0"/>
<pin id="496" dir="0" index="1" bw="32" slack="0"/>
<pin id="497" dir="0" index="2" bw="32" slack="0"/>
<pin id="498" dir="0" index="3" bw="96" slack="0"/>
<pin id="499" dir="1" index="4" bw="0" slack="2147483647"/>
</pin_list>
<bind>
<opcode="call(48) " fcode="call"/>
<opset="call_ln178/2 "/>
</bind>
</comp>

<comp id="502" class="1004" name="grp_Block_entry_proc_fu_502">
<pin_list>
<pin id="503" dir="0" index="0" bw="0" slack="0"/>
<pin id="504" dir="0" index="1" bw="1" slack="2"/>
<pin id="505" dir="0" index="2" bw="8" slack="0"/>
<pin id="506" dir="0" index="3" bw="64" slack="2"/>
<pin id="507" dir="0" index="4" bw="8" slack="1"/>
<pin id="508" dir="0" index="5" bw="8" slack="1"/>
<pin id="509" dir="0" index="6" bw="8" slack="1"/>
<pin id="510" dir="0" index="7" bw="8" slack="0"/>
<pin id="511" dir="0" index="8" bw="8" slack="0"/>
<pin id="512" dir="1" index="9" bw="0" slack="2147483647"/>
</pin_list>
<bind>
<opcode="call(48) " fcode="call"/>
<opset="call_ln169/3 "/>
</bind>
</comp>

<comp id="517" class="1004" name="mac_count_fu_517">
<pin_list>
<pin id="518" dir="0" index="0" bw="88" slack="0"/>
<pin id="519" dir="1" index="1" bw="32" slack="0"/>
</pin_list>
<bind>
<opcode="extractvalue(56) " fcode="extractvalue"/>
<opset="mac_count/2 "/>
</bind>
</comp>

<comp id="522" class="1004" name="cycle_count_fu_522">
<pin_list>
<pin id="523" dir="0" index="0" bw="88" slack="0"/>
<pin id="524" dir="1" index="1" bw="32" slack="0"/>
</pin_list>
<bind>
<opcode="extractvalue(56) " fcode="extractvalue"/>
<opset="cycle_count/2 "/>
</bind>
</comp>

<comp id="527" class="1004" name="in_h_c_channel_fu_527">
<pin_list>
<pin id="528" dir="0" index="0" bw="88" slack="0"/>
<pin id="529" dir="1" index="1" bw="8" slack="1"/>
</pin_list>
<bind>
<opcode="extractvalue(56) " fcode="extractvalue"/>
<opset="in_h_c_channel/2 "/>
</bind>
</comp>

<comp id="531" class="1004" name="in_w_c_channel_fu_531">
<pin_list>
<pin id="532" dir="0" index="0" bw="88" slack="0"/>
<pin id="533" dir="1" index="1" bw="8" slack="1"/>
</pin_list>
<bind>
<opcode="extractvalue(56) " fcode="extractvalue"/>
<opset="in_w_c_channel/2 "/>
</bind>
</comp>

<comp id="535" class="1004" name="out_ch_c_channel_fu_535">
<pin_list>
<pin id="536" dir="0" index="0" bw="88" slack="0"/>
<pin id="537" dir="1" index="1" bw="8" slack="1"/>
</pin_list>
<bind>
<opcode="extractvalue(56) " fcode="extractvalue"/>
<opset="out_ch_c_channel/2 "/>
</bind>
</comp>

<comp id="539" class="1005" name="do_relu_read_reg_539">
<pin_list>
<pin id="540" dir="0" index="0" bw="1" slack="1"/>
<pin id="541" dir="1" index="1" bw="1" slack="1"/>
</pin_list>
<bind>
<opset="do_relu_read "/>
</bind>
</comp>

<comp id="544" class="1005" name="out_ch_read_reg_544">
<pin_list>
<pin id="545" dir="0" index="0" bw="8" slack="1"/>
<pin id="546" dir="1" index="1" bw="8" slack="1"/>
</pin_list>
<bind>
<opset="out_ch_read "/>
</bind>
</comp>

<comp id="549" class="1005" name="in_ch_read_reg_549">
<pin_list>
<pin id="550" dir="0" index="0" bw="8" slack="1"/>
<pin id="551" dir="1" index="1" bw="8" slack="1"/>
</pin_list>
<bind>
<opset="in_ch_read "/>
</bind>
</comp>

<comp id="554" class="1005" name="in_w_read_reg_554">
<pin_list>
<pin id="555" dir="0" index="0" bw="8" slack="1"/>
<pin id="556" dir="1" index="1" bw="8" slack="1"/>
</pin_list>
<bind>
<opset="in_w_read "/>
</bind>
</comp>

<comp id="559" class="1005" name="in_h_read_reg_559">
<pin_list>
<pin id="560" dir="0" index="0" bw="8" slack="1"/>
<pin id="561" dir="1" index="1" bw="8" slack="1"/>
</pin_list>
<bind>
<opset="in_h_read "/>
</bind>
</comp>

<comp id="564" class="1005" name="bias_read_reg_564">
<pin_list>
<pin id="565" dir="0" index="0" bw="64" slack="1"/>
<pin id="566" dir="1" index="1" bw="64" slack="1"/>
</pin_list>
<bind>
<opset="bias_read "/>
</bind>
</comp>

<comp id="569" class="1005" name="weight_7_read_reg_569">
<pin_list>
<pin id="570" dir="0" index="0" bw="64" slack="1"/>
<pin id="571" dir="1" index="1" bw="64" slack="1"/>
</pin_list>
<bind>
<opset="weight_7_read "/>
</bind>
</comp>

<comp id="574" class="1005" name="weight_6_read_reg_574">
<pin_list>
<pin id="575" dir="0" index="0" bw="64" slack="1"/>
<pin id="576" dir="1" index="1" bw="64" slack="1"/>
</pin_list>
<bind>
<opset="weight_6_read "/>
</bind>
</comp>

<comp id="579" class="1005" name="weight_5_read_reg_579">
<pin_list>
<pin id="580" dir="0" index="0" bw="64" slack="1"/>
<pin id="581" dir="1" index="1" bw="64" slack="1"/>
</pin_list>
<bind>
<opset="weight_5_read "/>
</bind>
</comp>

<comp id="584" class="1005" name="weight_4_read_reg_584">
<pin_list>
<pin id="585" dir="0" index="0" bw="64" slack="1"/>
<pin id="586" dir="1" index="1" bw="64" slack="1"/>
</pin_list>
<bind>
<opset="weight_4_read "/>
</bind>
</comp>

<comp id="589" class="1005" name="weight_3_read_reg_589">
<pin_list>
<pin id="590" dir="0" index="0" bw="64" slack="1"/>
<pin id="591" dir="1" index="1" bw="64" slack="1"/>
</pin_list>
<bind>
<opset="weight_3_read "/>
</bind>
</comp>

<comp id="594" class="1005" name="weight_2_read_reg_594">
<pin_list>
<pin id="595" dir="0" index="0" bw="64" slack="1"/>
<pin id="596" dir="1" index="1" bw="64" slack="1"/>
</pin_list>
<bind>
<opset="weight_2_read "/>
</bind>
</comp>

<comp id="599" class="1005" name="weight_1_read_reg_599">
<pin_list>
<pin id="600" dir="0" index="0" bw="64" slack="1"/>
<pin id="601" dir="1" index="1" bw="64" slack="1"/>
</pin_list>
<bind>
<opset="weight_1_read "/>
</bind>
</comp>

<comp id="604" class="1005" name="weight_0_read_reg_604">
<pin_list>
<pin id="605" dir="0" index="0" bw="64" slack="1"/>
<pin id="606" dir="1" index="1" bw="64" slack="1"/>
</pin_list>
<bind>
<opset="weight_0_read "/>
</bind>
</comp>

<comp id="609" class="1005" name="ifmap_7_read_reg_609">
<pin_list>
<pin id="610" dir="0" index="0" bw="64" slack="1"/>
<pin id="611" dir="1" index="1" bw="64" slack="1"/>
</pin_list>
<bind>
<opset="ifmap_7_read "/>
</bind>
</comp>

<comp id="614" class="1005" name="ifmap_6_read_reg_614">
<pin_list>
<pin id="615" dir="0" index="0" bw="64" slack="1"/>
<pin id="616" dir="1" index="1" bw="64" slack="1"/>
</pin_list>
<bind>
<opset="ifmap_6_read "/>
</bind>
</comp>

<comp id="619" class="1005" name="ifmap_5_read_reg_619">
<pin_list>
<pin id="620" dir="0" index="0" bw="64" slack="1"/>
<pin id="621" dir="1" index="1" bw="64" slack="1"/>
</pin_list>
<bind>
<opset="ifmap_5_read "/>
</bind>
</comp>

<comp id="624" class="1005" name="ifmap_4_read_reg_624">
<pin_list>
<pin id="625" dir="0" index="0" bw="64" slack="1"/>
<pin id="626" dir="1" index="1" bw="64" slack="1"/>
</pin_list>
<bind>
<opset="ifmap_4_read "/>
</bind>
</comp>

<comp id="629" class="1005" name="ifmap_3_read_reg_629">
<pin_list>
<pin id="630" dir="0" index="0" bw="64" slack="1"/>
<pin id="631" dir="1" index="1" bw="64" slack="1"/>
</pin_list>
<bind>
<opset="ifmap_3_read "/>
</bind>
</comp>

<comp id="634" class="1005" name="ifmap_2_read_reg_634">
<pin_list>
<pin id="635" dir="0" index="0" bw="64" slack="1"/>
<pin id="636" dir="1" index="1" bw="64" slack="1"/>
</pin_list>
<bind>
<opset="ifmap_2_read "/>
</bind>
</comp>

<comp id="639" class="1005" name="ifmap_1_read_reg_639">
<pin_list>
<pin id="640" dir="0" index="0" bw="64" slack="1"/>
<pin id="641" dir="1" index="1" bw="64" slack="1"/>
</pin_list>
<bind>
<opset="ifmap_1_read "/>
</bind>
</comp>

<comp id="644" class="1005" name="ifmap_0_read_reg_644">
<pin_list>
<pin id="645" dir="0" index="0" bw="64" slack="1"/>
<pin id="646" dir="1" index="1" bw="64" slack="1"/>
</pin_list>
<bind>
<opset="ifmap_0_read "/>
</bind>
</comp>

<comp id="649" class="1005" name="do_pool_c_reg_649">
<pin_list>
<pin id="650" dir="0" index="0" bw="1" slack="0"/>
<pin id="651" dir="1" index="1" bw="1" slack="0"/>
</pin_list>
<bind>
<opset="do_pool_c "/>
</bind>
</comp>

<comp id="655" class="1005" name="ofmap_c_reg_655">
<pin_list>
<pin id="656" dir="0" index="0" bw="64" slack="0"/>
<pin id="657" dir="1" index="1" bw="64" slack="0"/>
</pin_list>
<bind>
<opset="ofmap_c "/>
</bind>
</comp>

<comp id="661" class="1005" name="in_h_c_channel_reg_661">
<pin_list>
<pin id="662" dir="0" index="0" bw="8" slack="1"/>
<pin id="663" dir="1" index="1" bw="8" slack="1"/>
</pin_list>
<bind>
<opset="in_h_c_channel "/>
</bind>
</comp>

<comp id="666" class="1005" name="in_w_c_channel_reg_666">
<pin_list>
<pin id="667" dir="0" index="0" bw="8" slack="1"/>
<pin id="668" dir="1" index="1" bw="8" slack="1"/>
</pin_list>
<bind>
<opset="in_w_c_channel "/>
</bind>
</comp>

<comp id="671" class="1005" name="out_ch_c_channel_reg_671">
<pin_list>
<pin id="672" dir="0" index="0" bw="8" slack="1"/>
<pin id="673" dir="1" index="1" bw="8" slack="1"/>
</pin_list>
<bind>
<opset="out_ch_c_channel "/>
</bind>
</comp>

</comp_list>

<net_list>
<net id="245"><net_src comp="96" pin="0"/><net_sink comp="242" pin=0"/></net>

<net id="249"><net_src comp="96" pin="0"/><net_sink comp="246" pin=0"/></net>

<net id="254"><net_src comp="90" pin="0"/><net_sink comp="250" pin=0"/></net>

<net id="255"><net_src comp="82" pin="0"/><net_sink comp="250" pin=1"/></net>

<net id="260"><net_src comp="90" pin="0"/><net_sink comp="256" pin=0"/></net>

<net id="261"><net_src comp="80" pin="0"/><net_sink comp="256" pin=1"/></net>

<net id="266"><net_src comp="92" pin="0"/><net_sink comp="262" pin=0"/></net>

<net id="267"><net_src comp="78" pin="0"/><net_sink comp="262" pin=1"/></net>

<net id="272"><net_src comp="92" pin="0"/><net_sink comp="268" pin=0"/></net>

<net id="273"><net_src comp="76" pin="0"/><net_sink comp="268" pin=1"/></net>

<net id="278"><net_src comp="92" pin="0"/><net_sink comp="274" pin=0"/></net>

<net id="279"><net_src comp="74" pin="0"/><net_sink comp="274" pin=1"/></net>

<net id="284"><net_src comp="92" pin="0"/><net_sink comp="280" pin=0"/></net>

<net id="285"><net_src comp="72" pin="0"/><net_sink comp="280" pin=1"/></net>

<net id="290"><net_src comp="94" pin="0"/><net_sink comp="286" pin=0"/></net>

<net id="291"><net_src comp="70" pin="0"/><net_sink comp="286" pin=1"/></net>

<net id="296"><net_src comp="94" pin="0"/><net_sink comp="292" pin=0"/></net>

<net id="297"><net_src comp="68" pin="0"/><net_sink comp="292" pin=1"/></net>

<net id="302"><net_src comp="94" pin="0"/><net_sink comp="298" pin=0"/></net>

<net id="303"><net_src comp="66" pin="0"/><net_sink comp="298" pin=1"/></net>

<net id="308"><net_src comp="94" pin="0"/><net_sink comp="304" pin=0"/></net>

<net id="309"><net_src comp="64" pin="0"/><net_sink comp="304" pin=1"/></net>

<net id="314"><net_src comp="94" pin="0"/><net_sink comp="310" pin=0"/></net>

<net id="315"><net_src comp="62" pin="0"/><net_sink comp="310" pin=1"/></net>

<net id="320"><net_src comp="94" pin="0"/><net_sink comp="316" pin=0"/></net>

<net id="321"><net_src comp="60" pin="0"/><net_sink comp="316" pin=1"/></net>

<net id="326"><net_src comp="94" pin="0"/><net_sink comp="322" pin=0"/></net>

<net id="327"><net_src comp="58" pin="0"/><net_sink comp="322" pin=1"/></net>

<net id="332"><net_src comp="94" pin="0"/><net_sink comp="328" pin=0"/></net>

<net id="333"><net_src comp="56" pin="0"/><net_sink comp="328" pin=1"/></net>

<net id="338"><net_src comp="94" pin="0"/><net_sink comp="334" pin=0"/></net>

<net id="339"><net_src comp="54" pin="0"/><net_sink comp="334" pin=1"/></net>

<net id="344"><net_src comp="94" pin="0"/><net_sink comp="340" pin=0"/></net>

<net id="345"><net_src comp="52" pin="0"/><net_sink comp="340" pin=1"/></net>

<net id="350"><net_src comp="94" pin="0"/><net_sink comp="346" pin=0"/></net>

<net id="351"><net_src comp="50" pin="0"/><net_sink comp="346" pin=1"/></net>

<net id="356"><net_src comp="94" pin="0"/><net_sink comp="352" pin=0"/></net>

<net id="357"><net_src comp="48" pin="0"/><net_sink comp="352" pin=1"/></net>

<net id="362"><net_src comp="94" pin="0"/><net_sink comp="358" pin=0"/></net>

<net id="363"><net_src comp="46" pin="0"/><net_sink comp="358" pin=1"/></net>

<net id="368"><net_src comp="94" pin="0"/><net_sink comp="364" pin=0"/></net>

<net id="369"><net_src comp="44" pin="0"/><net_sink comp="364" pin=1"/></net>

<net id="374"><net_src comp="94" pin="0"/><net_sink comp="370" pin=0"/></net>

<net id="375"><net_src comp="42" pin="0"/><net_sink comp="370" pin=1"/></net>

<net id="380"><net_src comp="94" pin="0"/><net_sink comp="376" pin=0"/></net>

<net id="381"><net_src comp="40" pin="0"/><net_sink comp="376" pin=1"/></net>

<net id="386"><net_src comp="94" pin="0"/><net_sink comp="382" pin=0"/></net>

<net id="387"><net_src comp="38" pin="0"/><net_sink comp="382" pin=1"/></net>

<net id="392"><net_src comp="94" pin="0"/><net_sink comp="388" pin=0"/></net>

<net id="393"><net_src comp="36" pin="0"/><net_sink comp="388" pin=1"/></net>

<net id="401"><net_src comp="98" pin="0"/><net_sink comp="394" pin=0"/></net>

<net id="402"><net_src comp="286" pin="2"/><net_sink comp="394" pin=1"/></net>

<net id="403"><net_src comp="250" pin="2"/><net_sink comp="394" pin=3"/></net>

<net id="450"><net_src comp="100" pin="0"/><net_sink comp="404" pin=0"/></net>

<net id="451"><net_src comp="0" pin="0"/><net_sink comp="404" pin=1"/></net>

<net id="452"><net_src comp="388" pin="2"/><net_sink comp="404" pin=2"/></net>

<net id="453"><net_src comp="2" pin="0"/><net_sink comp="404" pin=3"/></net>

<net id="454"><net_src comp="382" pin="2"/><net_sink comp="404" pin=4"/></net>

<net id="455"><net_src comp="4" pin="0"/><net_sink comp="404" pin=5"/></net>

<net id="456"><net_src comp="376" pin="2"/><net_sink comp="404" pin=6"/></net>

<net id="457"><net_src comp="6" pin="0"/><net_sink comp="404" pin=7"/></net>

<net id="458"><net_src comp="370" pin="2"/><net_sink comp="404" pin=8"/></net>

<net id="459"><net_src comp="8" pin="0"/><net_sink comp="404" pin=9"/></net>

<net id="460"><net_src comp="364" pin="2"/><net_sink comp="404" pin=10"/></net>

<net id="461"><net_src comp="10" pin="0"/><net_sink comp="404" pin=11"/></net>

<net id="462"><net_src comp="358" pin="2"/><net_sink comp="404" pin=12"/></net>

<net id="463"><net_src comp="12" pin="0"/><net_sink comp="404" pin=13"/></net>

<net id="464"><net_src comp="352" pin="2"/><net_sink comp="404" pin=14"/></net>

<net id="465"><net_src comp="14" pin="0"/><net_sink comp="404" pin=15"/></net>

<net id="466"><net_src comp="346" pin="2"/><net_sink comp="404" pin=16"/></net>

<net id="467"><net_src comp="16" pin="0"/><net_sink comp="404" pin=17"/></net>

<net id="468"><net_src comp="340" pin="2"/><net_sink comp="404" pin=18"/></net>

<net id="469"><net_src comp="18" pin="0"/><net_sink comp="404" pin=19"/></net>

<net id="470"><net_src comp="334" pin="2"/><net_sink comp="404" pin=20"/></net>

<net id="471"><net_src comp="20" pin="0"/><net_sink comp="404" pin=21"/></net>

<net id="472"><net_src comp="328" pin="2"/><net_sink comp="404" pin=22"/></net>

<net id="473"><net_src comp="22" pin="0"/><net_sink comp="404" pin=23"/></net>

<net id="474"><net_src comp="322" pin="2"/><net_sink comp="404" pin=24"/></net>

<net id="475"><net_src comp="24" pin="0"/><net_sink comp="404" pin=25"/></net>

<net id="476"><net_src comp="316" pin="2"/><net_sink comp="404" pin=26"/></net>

<net id="477"><net_src comp="26" pin="0"/><net_sink comp="404" pin=27"/></net>

<net id="478"><net_src comp="310" pin="2"/><net_sink comp="404" pin=28"/></net>

<net id="479"><net_src comp="28" pin="0"/><net_sink comp="404" pin=29"/></net>

<net id="480"><net_src comp="304" pin="2"/><net_sink comp="404" pin=30"/></net>

<net id="481"><net_src comp="30" pin="0"/><net_sink comp="404" pin=31"/></net>

<net id="482"><net_src comp="298" pin="2"/><net_sink comp="404" pin=32"/></net>

<net id="483"><net_src comp="32" pin="0"/><net_sink comp="404" pin=33"/></net>

<net id="484"><net_src comp="292" pin="2"/><net_sink comp="404" pin=34"/></net>

<net id="485"><net_src comp="280" pin="2"/><net_sink comp="404" pin=35"/></net>

<net id="486"><net_src comp="274" pin="2"/><net_sink comp="404" pin=36"/></net>

<net id="487"><net_src comp="268" pin="2"/><net_sink comp="404" pin=37"/></net>

<net id="488"><net_src comp="262" pin="2"/><net_sink comp="404" pin=38"/></net>

<net id="489"><net_src comp="256" pin="2"/><net_sink comp="404" pin=39"/></net>

<net id="490"><net_src comp="102" pin="0"/><net_sink comp="404" pin=40"/></net>

<net id="491"><net_src comp="102" pin="0"/><net_sink comp="404" pin=41"/></net>

<net id="492"><net_src comp="86" pin="0"/><net_sink comp="404" pin=42"/></net>

<net id="493"><net_src comp="88" pin="0"/><net_sink comp="404" pin=43"/></net>

<net id="500"><net_src comp="104" pin="0"/><net_sink comp="494" pin=0"/></net>

<net id="501"><net_src comp="84" pin="0"/><net_sink comp="494" pin=3"/></net>

<net id="513"><net_src comp="106" pin="0"/><net_sink comp="502" pin=0"/></net>

<net id="514"><net_src comp="34" pin="0"/><net_sink comp="502" pin=2"/></net>

<net id="515"><net_src comp="86" pin="0"/><net_sink comp="502" pin=7"/></net>

<net id="516"><net_src comp="88" pin="0"/><net_sink comp="502" pin=8"/></net>

<net id="520"><net_src comp="404" pin="44"/><net_sink comp="517" pin=0"/></net>

<net id="521"><net_src comp="517" pin="1"/><net_sink comp="494" pin=1"/></net>

<net id="525"><net_src comp="404" pin="44"/><net_sink comp="522" pin=0"/></net>

<net id="526"><net_src comp="522" pin="1"/><net_sink comp="494" pin=2"/></net>

<net id="530"><net_src comp="404" pin="44"/><net_sink comp="527" pin=0"/></net>

<net id="534"><net_src comp="404" pin="44"/><net_sink comp="531" pin=0"/></net>

<net id="538"><net_src comp="404" pin="44"/><net_sink comp="535" pin=0"/></net>

<net id="542"><net_src comp="256" pin="2"/><net_sink comp="539" pin=0"/></net>

<net id="543"><net_src comp="539" pin="1"/><net_sink comp="404" pin=39"/></net>

<net id="547"><net_src comp="262" pin="2"/><net_sink comp="544" pin=0"/></net>

<net id="548"><net_src comp="544" pin="1"/><net_sink comp="404" pin=38"/></net>

<net id="552"><net_src comp="268" pin="2"/><net_sink comp="549" pin=0"/></net>

<net id="553"><net_src comp="549" pin="1"/><net_sink comp="404" pin=37"/></net>

<net id="557"><net_src comp="274" pin="2"/><net_sink comp="554" pin=0"/></net>

<net id="558"><net_src comp="554" pin="1"/><net_sink comp="404" pin=36"/></net>

<net id="562"><net_src comp="280" pin="2"/><net_sink comp="559" pin=0"/></net>

<net id="563"><net_src comp="559" pin="1"/><net_sink comp="404" pin=35"/></net>

<net id="567"><net_src comp="292" pin="2"/><net_sink comp="564" pin=0"/></net>

<net id="568"><net_src comp="564" pin="1"/><net_sink comp="404" pin=34"/></net>

<net id="572"><net_src comp="298" pin="2"/><net_sink comp="569" pin=0"/></net>

<net id="573"><net_src comp="569" pin="1"/><net_sink comp="404" pin=32"/></net>

<net id="577"><net_src comp="304" pin="2"/><net_sink comp="574" pin=0"/></net>

<net id="578"><net_src comp="574" pin="1"/><net_sink comp="404" pin=30"/></net>

<net id="582"><net_src comp="310" pin="2"/><net_sink comp="579" pin=0"/></net>

<net id="583"><net_src comp="579" pin="1"/><net_sink comp="404" pin=28"/></net>

<net id="587"><net_src comp="316" pin="2"/><net_sink comp="584" pin=0"/></net>

<net id="588"><net_src comp="584" pin="1"/><net_sink comp="404" pin=26"/></net>

<net id="592"><net_src comp="322" pin="2"/><net_sink comp="589" pin=0"/></net>

<net id="593"><net_src comp="589" pin="1"/><net_sink comp="404" pin=24"/></net>

<net id="597"><net_src comp="328" pin="2"/><net_sink comp="594" pin=0"/></net>

<net id="598"><net_src comp="594" pin="1"/><net_sink comp="404" pin=22"/></net>

<net id="602"><net_src comp="334" pin="2"/><net_sink comp="599" pin=0"/></net>

<net id="603"><net_src comp="599" pin="1"/><net_sink comp="404" pin=20"/></net>

<net id="607"><net_src comp="340" pin="2"/><net_sink comp="604" pin=0"/></net>

<net id="608"><net_src comp="604" pin="1"/><net_sink comp="404" pin=18"/></net>

<net id="612"><net_src comp="346" pin="2"/><net_sink comp="609" pin=0"/></net>

<net id="613"><net_src comp="609" pin="1"/><net_sink comp="404" pin=16"/></net>

<net id="617"><net_src comp="352" pin="2"/><net_sink comp="614" pin=0"/></net>

<net id="618"><net_src comp="614" pin="1"/><net_sink comp="404" pin=14"/></net>

<net id="622"><net_src comp="358" pin="2"/><net_sink comp="619" pin=0"/></net>

<net id="623"><net_src comp="619" pin="1"/><net_sink comp="404" pin=12"/></net>

<net id="627"><net_src comp="364" pin="2"/><net_sink comp="624" pin=0"/></net>

<net id="628"><net_src comp="624" pin="1"/><net_sink comp="404" pin=10"/></net>

<net id="632"><net_src comp="370" pin="2"/><net_sink comp="629" pin=0"/></net>

<net id="633"><net_src comp="629" pin="1"/><net_sink comp="404" pin=8"/></net>

<net id="637"><net_src comp="376" pin="2"/><net_sink comp="634" pin=0"/></net>

<net id="638"><net_src comp="634" pin="1"/><net_sink comp="404" pin=6"/></net>

<net id="642"><net_src comp="382" pin="2"/><net_sink comp="639" pin=0"/></net>

<net id="643"><net_src comp="639" pin="1"/><net_sink comp="404" pin=4"/></net>

<net id="647"><net_src comp="388" pin="2"/><net_sink comp="644" pin=0"/></net>

<net id="648"><net_src comp="644" pin="1"/><net_sink comp="404" pin=2"/></net>

<net id="652"><net_src comp="242" pin="1"/><net_sink comp="649" pin=0"/></net>

<net id="653"><net_src comp="649" pin="1"/><net_sink comp="394" pin=4"/></net>

<net id="654"><net_src comp="649" pin="1"/><net_sink comp="502" pin=1"/></net>

<net id="658"><net_src comp="246" pin="1"/><net_sink comp="655" pin=0"/></net>

<net id="659"><net_src comp="655" pin="1"/><net_sink comp="394" pin=2"/></net>

<net id="660"><net_src comp="655" pin="1"/><net_sink comp="502" pin=3"/></net>

<net id="664"><net_src comp="527" pin="1"/><net_sink comp="661" pin=0"/></net>

<net id="665"><net_src comp="661" pin="1"/><net_sink comp="502" pin=4"/></net>

<net id="669"><net_src comp="531" pin="1"/><net_sink comp="666" pin=0"/></net>

<net id="670"><net_src comp="666" pin="1"/><net_sink comp="502" pin=5"/></net>

<net id="674"><net_src comp="535" pin="1"/><net_sink comp="671" pin=0"/></net>

<net id="675"><net_src comp="671" pin="1"/><net_sink comp="502" pin=6"/></net>

</net_list>

</model> 
---------------- Datapath Model END ------------------

* FSMD analyzer results:
  - Output states:
	Port: gmem0 | {3 4 }
	Port: perf | {2 }
	Port: dpu_conv_top_ap_int_64_64_ap_int_64_3_3_ap_int_ap_int_64_64_1 | {1 2 }
	Port: dpu_mulmulmulmulconv_top_ap_int_64_64_ap_int_64_3_3_ap_int_ap_int_64_64 | {1 2 }
 - Input state : 
	Port: dpu_conv_top : gmem0_0 | {1 2 }
	Port: dpu_conv_top : gmem0_1 | {1 2 }
	Port: dpu_conv_top : gmem0_2 | {1 2 }
	Port: dpu_conv_top : gmem0_3 | {1 2 }
	Port: dpu_conv_top : gmem0_4 | {1 2 }
	Port: dpu_conv_top : gmem0_5 | {1 2 }
	Port: dpu_conv_top : gmem0_6 | {1 2 }
	Port: dpu_conv_top : gmem0_7 | {1 2 }
	Port: dpu_conv_top : gmem1_0 | {1 2 }
	Port: dpu_conv_top : gmem1_1 | {1 2 }
	Port: dpu_conv_top : gmem1_2 | {1 2 }
	Port: dpu_conv_top : gmem1_3 | {1 2 }
	Port: dpu_conv_top : gmem1_4 | {1 2 }
	Port: dpu_conv_top : gmem1_5 | {1 2 }
	Port: dpu_conv_top : gmem1_6 | {1 2 }
	Port: dpu_conv_top : gmem1_7 | {1 2 }
	Port: dpu_conv_top : gmem1 | {1 2 }
	Port: dpu_conv_top : ifmap_0 | {1 }
	Port: dpu_conv_top : ifmap_1 | {1 }
	Port: dpu_conv_top : ifmap_2 | {1 }
	Port: dpu_conv_top : ifmap_3 | {1 }
	Port: dpu_conv_top : ifmap_4 | {1 }
	Port: dpu_conv_top : ifmap_5 | {1 }
	Port: dpu_conv_top : ifmap_6 | {1 }
	Port: dpu_conv_top : ifmap_7 | {1 }
	Port: dpu_conv_top : weight_0 | {1 }
	Port: dpu_conv_top : weight_1 | {1 }
	Port: dpu_conv_top : weight_2 | {1 }
	Port: dpu_conv_top : weight_3 | {1 }
	Port: dpu_conv_top : weight_4 | {1 }
	Port: dpu_conv_top : weight_5 | {1 }
	Port: dpu_conv_top : weight_6 | {1 }
	Port: dpu_conv_top : weight_7 | {1 }
	Port: dpu_conv_top : bias | {1 }
	Port: dpu_conv_top : ofmap | {1 }
	Port: dpu_conv_top : in_h | {1 }
	Port: dpu_conv_top : in_w | {1 }
	Port: dpu_conv_top : in_ch | {1 }
	Port: dpu_conv_top : out_ch | {1 }
	Port: dpu_conv_top : do_relu | {1 }
	Port: dpu_conv_top : do_pool | {1 }
	Port: dpu_conv_top : dpu_conv_top_ap_int_64_64_ap_int_64_3_3_ap_int_ap_int_64_64_1 | {3 4 }
	Port: dpu_conv_top : dpu_mulmulmulmulconv_top_ap_int_64_64_ap_int_64_3_3_ap_int_ap_int_64_64 | {3 4 }
  - Chain level:
	State 1
		call_ln160 : 1
	State 2
		mac_count : 1
		cycle_count : 1
		in_h_c_channel : 1
		in_w_c_channel : 1
		out_ch_c_channel : 1
		call_ln178 : 2
	State 3
	State 4


============================================================
+ Verbose Summary: Datapath Resource usage 
============================================================

* Functional unit list:
|----------|--------------------------------------|---------|---------|---------|---------|
| Operation|            Functional Unit           |   DSP   |  Delay  |    FF   |   LUT   |
|----------|--------------------------------------|---------|---------|---------|---------|
|          |     call_ln160_entry_proc_fu_394     |    0    |    0    |    0    |    0    |
|   call   |        grp_conv3x3_relu_fu_404       |    73   | 320.943 |  14595  |  19293  |
|          | call_ln178_Block_entry_proc_2_fu_494 |    0    |    0    |    0    |    0    |
|          |      grp_Block_entry_proc_fu_502     |    2    |  15.88  |   1056  |   1238  |
|----------|--------------------------------------|---------|---------|---------|---------|
|          |       do_pool_read_read_fu_250       |    0    |    0    |    0    |    0    |
|          |       do_relu_read_read_fu_256       |    0    |    0    |    0    |    0    |
|          |        out_ch_read_read_fu_262       |    0    |    0    |    0    |    0    |
|          |        in_ch_read_read_fu_268        |    0    |    0    |    0    |    0    |
|          |         in_w_read_read_fu_274        |    0    |    0    |    0    |    0    |
|          |         in_h_read_read_fu_280        |    0    |    0    |    0    |    0    |
|          |        ofmap_read_read_fu_286        |    0    |    0    |    0    |    0    |
|          |         bias_read_read_fu_292        |    0    |    0    |    0    |    0    |
|          |       weight_7_read_read_fu_298      |    0    |    0    |    0    |    0    |
|          |       weight_6_read_read_fu_304      |    0    |    0    |    0    |    0    |
|          |       weight_5_read_read_fu_310      |    0    |    0    |    0    |    0    |
|   read   |       weight_4_read_read_fu_316      |    0    |    0    |    0    |    0    |
|          |       weight_3_read_read_fu_322      |    0    |    0    |    0    |    0    |
|          |       weight_2_read_read_fu_328      |    0    |    0    |    0    |    0    |
|          |       weight_1_read_read_fu_334      |    0    |    0    |    0    |    0    |
|          |       weight_0_read_read_fu_340      |    0    |    0    |    0    |    0    |
|          |       ifmap_7_read_read_fu_346       |    0    |    0    |    0    |    0    |
|          |       ifmap_6_read_read_fu_352       |    0    |    0    |    0    |    0    |
|          |       ifmap_5_read_read_fu_358       |    0    |    0    |    0    |    0    |
|          |       ifmap_4_read_read_fu_364       |    0    |    0    |    0    |    0    |
|          |       ifmap_3_read_read_fu_370       |    0    |    0    |    0    |    0    |
|          |       ifmap_2_read_read_fu_376       |    0    |    0    |    0    |    0    |
|          |       ifmap_1_read_read_fu_382       |    0    |    0    |    0    |    0    |
|          |       ifmap_0_read_read_fu_388       |    0    |    0    |    0    |    0    |
|----------|--------------------------------------|---------|---------|---------|---------|
|          |           mac_count_fu_517           |    0    |    0    |    0    |    0    |
|          |          cycle_count_fu_522          |    0    |    0    |    0    |    0    |
|extractvalue|         in_h_c_channel_fu_527        |    0    |    0    |    0    |    0    |
|          |         in_w_c_channel_fu_531        |    0    |    0    |    0    |    0    |
|          |        out_ch_c_channel_fu_535       |    0    |    0    |    0    |    0    |
|----------|--------------------------------------|---------|---------|---------|---------|
|   Total  |                                      |    75   | 336.823 |  15651  |  20531  |
|----------|--------------------------------------|---------|---------|---------|---------|

Memories:
+-----------------------------------------------------------------------+--------+--------+--------+--------+
|                                                                       |  BRAM  |   FF   |   LUT  |  URAM  |
+-----------------------------------------------------------------------+--------+--------+--------+--------+
|     dpu_conv_top_ap_int_64_64_ap_int_64_3_3_ap_int_ap_int_64_64_1     |   128  |    0   |    0   |    0   |
|dpu_mulmulmulmulconv_top_ap_int_64_64_ap_int_64_3_3_ap_int_ap_int_64_64|   128  |    0   |    0   |    0   |
+-----------------------------------------------------------------------+--------+--------+--------+--------+
|                                 Total                                 |   256  |    0   |    0   |    0   |
+-----------------------------------------------------------------------+--------+--------+--------+--------+

* Register list:
+------------------------+--------+
|                        |   FF   |
+------------------------+--------+
|    bias_read_reg_564   |   64   |
|    do_pool_c_reg_649   |    1   |
|  do_relu_read_reg_539  |    1   |
|  ifmap_0_read_reg_644  |   64   |
|  ifmap_1_read_reg_639  |   64   |
|  ifmap_2_read_reg_634  |   64   |
|  ifmap_3_read_reg_629  |   64   |
|  ifmap_4_read_reg_624  |   64   |
|  ifmap_5_read_reg_619  |   64   |
|  ifmap_6_read_reg_614  |   64   |
|  ifmap_7_read_reg_609  |   64   |
|   in_ch_read_reg_549   |    8   |
| in_h_c_channel_reg_661 |    8   |
|    in_h_read_reg_559   |    8   |
| in_w_c_channel_reg_666 |    8   |
|    in_w_read_reg_554   |    8   |
|     ofmap_c_reg_655    |   64   |
|out_ch_c_channel_reg_671|    8   |
|   out_ch_read_reg_544  |    8   |
|  weight_0_read_reg_604 |   64   |
|  weight_1_read_reg_599 |   64   |
|  weight_2_read_reg_594 |   64   |
|  weight_3_read_reg_589 |   64   |
|  weight_4_read_reg_584 |   64   |
|  weight_5_read_reg_579 |   64   |
|  weight_6_read_reg_574 |   64   |
|  weight_7_read_reg_569 |   64   |
+------------------------+--------+
|          Total         |  1210  |
+------------------------+--------+

* Multiplexer (MUX) list: 
|-------------------------|------|------|------|--------||---------||---------||---------|
|           Comp          |  Pin | Size |  BW  | S x BW ||  Delay  ||    FF   ||   LUT   |
|-------------------------|------|------|------|--------||---------||---------||---------|
| grp_conv3x3_relu_fu_404 |  p2  |   2  |  64  |   128  ||    0    ||    9    |
| grp_conv3x3_relu_fu_404 |  p4  |   2  |  64  |   128  ||    0    ||    9    |
| grp_conv3x3_relu_fu_404 |  p6  |   2  |  64  |   128  ||    0    ||    9    |
| grp_conv3x3_relu_fu_404 |  p8  |   2  |  64  |   128  ||    0    ||    9    |
| grp_conv3x3_relu_fu_404 |  p10 |   2  |  64  |   128  ||    0    ||    9    |
| grp_conv3x3_relu_fu_404 |  p12 |   2  |  64  |   128  ||    0    ||    9    |
| grp_conv3x3_relu_fu_404 |  p14 |   2  |  64  |   128  ||    0    ||    9    |
| grp_conv3x3_relu_fu_404 |  p16 |   2  |  64  |   128  ||    0    ||    9    |
| grp_conv3x3_relu_fu_404 |  p18 |   2  |  64  |   128  ||    0    ||    9    |
| grp_conv3x3_relu_fu_404 |  p20 |   2  |  64  |   128  ||    0    ||    9    |
| grp_conv3x3_relu_fu_404 |  p22 |   2  |  64  |   128  ||    0    ||    9    |
| grp_conv3x3_relu_fu_404 |  p24 |   2  |  64  |   128  ||    0    ||    9    |
| grp_conv3x3_relu_fu_404 |  p26 |   2  |  64  |   128  ||    0    ||    9    |
| grp_conv3x3_relu_fu_404 |  p28 |   2  |  64  |   128  ||    0    ||    9    |
| grp_conv3x3_relu_fu_404 |  p30 |   2  |  64  |   128  ||    0    ||    9    |
| grp_conv3x3_relu_fu_404 |  p32 |   2  |  64  |   128  ||    0    ||    9    |
| grp_conv3x3_relu_fu_404 |  p34 |   2  |  64  |   128  ||    0    ||    9    |
| grp_conv3x3_relu_fu_404 |  p35 |   2  |   8  |   16   ||    0    ||    9    |
| grp_conv3x3_relu_fu_404 |  p36 |   2  |   8  |   16   ||    0    ||    9    |
| grp_conv3x3_relu_fu_404 |  p37 |   2  |   8  |   16   ||    0    ||    9    |
| grp_conv3x3_relu_fu_404 |  p38 |   2  |   8  |   16   ||    0    ||    9    |
| grp_conv3x3_relu_fu_404 |  p39 |   2  |   1  |    2   ||    0    ||    9    |
|-------------------------|------|------|------|--------||---------||---------||---------|
|          Total          |      |      |      |  2242  ||  34.936 ||    0    ||   198   |
|-------------------------|------|------|------|--------||---------||---------||---------|



* Summary:
+-----------+--------+--------+--------+--------+--------+--------+
|           |  BRAM  |   DSP  |  Delay |   FF   |   LUT  |  URAM  |
+-----------+--------+--------+--------+--------+--------+--------+
|  Function |    -   |   75   |   336  |  15651 |  20531 |    -   |
|   Memory  |   256  |    -   |    -   |    0   |    0   |    0   |
|Multiplexer|    -   |    -   |   34   |    0   |   198  |    -   |
|  Register |    -   |    -   |    -   |  1210  |    -   |    -   |
+-----------+--------+--------+--------+--------+--------+--------+
|   Total   |   256  |   75   |   371  |  16861 |  20729 |    0   |
+-----------+--------+--------+--------+--------+--------+--------+
