

================================================================
== Vitis HLS Report for 'dpu_conv_top'
================================================================
* Date:           Thu Sep 10 17:29:18 2026

* Version:        2025.2 (Build 6295257 on Nov 14 2025)
* Project:        dpu_conv_top
* Solution:       hls (Vivado IP Flow Target)
* Product family: zynq
* Target device:  xc7z020-clg400-1


================================================================
== Performance Estimates
================================================================
+ Timing: 
    * Summary: 
    +--------+----------+----------+------------+
    |  Clock |  Target  | Estimated| Uncertainty|
    +--------+----------+----------+------------+
    |ap_clk  |  11.00 ns|  8.030 ns|     2.97 ns|
    +--------+----------+----------+------------+

+ Latency: 
    * Summary: 
    +---------+-----------+----------+-----------+-----+-----------+---------+
    |   Latency (cycles)  |  Latency (absolute)  |     Interval    | Pipeline|
    |   min   |    max    |    min   |    max    | min |    max    |   Type  |
    +---------+-----------+----------+-----------+-----+-----------+---------+
    |      618|  167578581|  6.798 us|  1.843 sec|  619|  167578582|       no|
    +---------+-----------+----------+-----------+-----+-----------+---------+

    + Detail: 
        * Instance: 
        +--------------------------------------------------------+---------------------------------------------+---------+-----------+-----------+-----------+-----+-----------+-------------------+
        |                                                        |                                             |   Latency (cycles)  |   Latency (absolute)  |     Interval    |      Pipeline     |
        |                        Instance                        |                    Module                   |   min   |    max    |    min    |    max    | min |    max    |        Type       |
        +--------------------------------------------------------+---------------------------------------------+---------+-----------+-----------+-----------+-----+-----------+-------------------+
        |grp_conv3x3_relu_fu_393                                 |conv3x3_relu                                 |      612|  150997185|   6.732 us|  1.661 sec|  612|  150997185|                 no|
        |grp_dpu_conv_top_Pipeline_COPY_OC_COPY_H_COPY_W_fu_479  |dpu_conv_top_Pipeline_COPY_OC_COPY_H_COPY_W  |        4|   16581393|  44.000 ns|  0.182 sec|    0|          0|  loop pipeline stp|
        |grp_dpu_conv_top_Pipeline_POOL_OC_POOL_H_POOL_W_fu_493  |dpu_conv_top_Pipeline_POOL_OC_POOL_H_POOL_W  |        3|   16451598|  33.000 ns|  0.181 sec|    0|          0|  loop pipeline stp|
        +--------------------------------------------------------+---------------------------------------------+---------+-----------+-----------+-----------+-----+-----------+-------------------+

        * Loop: 
        N/A



================================================================
== Utilization Estimates
================================================================
* Summary: 
+-----------------+---------+-----+--------+-------+-----+
|       Name      | BRAM_18K| DSP |   FF   |  LUT  | URAM|
+-----------------+---------+-----+--------+-------+-----+
|DSP              |        -|    -|       -|      -|    -|
|Expression       |        -|    -|       0|      2|    -|
|FIFO             |        -|    -|       -|      -|    -|
|Instance         |       36|   75|   32674|  43781|    -|
|Memory           |        -|    -|       -|      -|    -|
|Multiplexer      |        -|    -|       0|    518|    -|
|Register         |        -|    -|    1405|      -|    -|
+-----------------+---------+-----+--------+-------+-----+
|Total            |       36|   75|   34079|  44301|    0|
+-----------------+---------+-----+--------+-------+-----+
|Available        |      280|  220|  106400|  53200|    0|
+-----------------+---------+-----+--------+-------+-----+
|Utilization (%)  |       12|   34|      32|     83|    0|
+-----------------+---------+-----+--------+-------+-----+

+ Detail: 
    * Instance: 
    +--------------------------------------------------------+---------------------------------------------+---------+----+-------+-------+-----+
    |                        Instance                        |                    Module                   | BRAM_18K| DSP|   FF  |  LUT  | URAM|
    +--------------------------------------------------------+---------------------------------------------+---------+----+-------+-------+-----+
    |CTRL_s_axi_U                                            |CTRL_s_axi                                   |        0|   0|    208|    300|    0|
    |control_s_axi_U                                         |control_s_axi                                |        0|   0|   1360|   2472|    0|
    |grp_conv3x3_relu_fu_393                                 |conv3x3_relu                                 |        0|  73|  16622|  23682|    0|
    |grp_dpu_conv_top_Pipeline_COPY_OC_COPY_H_COPY_W_fu_479  |dpu_conv_top_Pipeline_COPY_OC_COPY_H_COPY_W  |        0|   0|    476|   1117|    0|
    |grp_dpu_conv_top_Pipeline_POOL_OC_POOL_H_POOL_W_fu_493  |dpu_conv_top_Pipeline_POOL_OC_POOL_H_POOL_W  |        0|   0|    572|   1422|    0|
    |gmem0_0_m_axi_U                                         |gmem0_0_m_axi                                |        2|   0|    707|    777|    0|
    |gmem0_1_m_axi_U                                         |gmem0_1_m_axi                                |        2|   0|    707|    777|    0|
    |gmem0_2_m_axi_U                                         |gmem0_2_m_axi                                |        2|   0|    707|    777|    0|
    |gmem0_3_m_axi_U                                         |gmem0_3_m_axi                                |        2|   0|    707|    777|    0|
    |gmem0_4_m_axi_U                                         |gmem0_4_m_axi                                |        2|   0|    707|    777|    0|
    |gmem0_5_m_axi_U                                         |gmem0_5_m_axi                                |        2|   0|    707|    777|    0|
    |gmem0_6_m_axi_U                                         |gmem0_6_m_axi                                |        2|   0|    707|    777|    0|
    |gmem0_7_m_axi_U                                         |gmem0_7_m_axi                                |        2|   0|    707|    777|    0|
    |gmem0_m_axi_U                                           |gmem0_m_axi                                  |        0|   0|    647|    768|    0|
    |gmem1_0_m_axi_U                                         |gmem1_0_m_axi                                |        2|   0|    707|    777|    0|
    |gmem1_1_m_axi_U                                         |gmem1_1_m_axi                                |        2|   0|    707|    777|    0|
    |gmem1_2_m_axi_U                                         |gmem1_2_m_axi                                |        2|   0|    707|    777|    0|
    |gmem1_3_m_axi_U                                         |gmem1_3_m_axi                                |        2|   0|    707|    777|    0|
    |gmem1_4_m_axi_U                                         |gmem1_4_m_axi                                |        2|   0|    707|    777|    0|
    |gmem1_5_m_axi_U                                         |gmem1_5_m_axi                                |        2|   0|    707|    777|    0|
    |gmem1_6_m_axi_U                                         |gmem1_6_m_axi                                |        2|   0|    707|    777|    0|
    |gmem1_7_m_axi_U                                         |gmem1_7_m_axi                                |        2|   0|    707|    777|    0|
    |gmem1_m_axi_U                                           |gmem1_m_axi                                  |        2|   0|    671|    657|    0|
    |gmem2_m_axi_U                                           |gmem2_m_axi                                  |        2|   0|    806|    845|    0|
    |mul_7ns_7ns_14_1_1_U183                                 |mul_7ns_7ns_14_1_1                           |        0|   0|      0|     33|    0|
    |mul_8ns_14ns_22_1_1_U185                                |mul_8ns_14ns_22_1_1                          |        0|   1|      0|      6|    0|
    |mul_8ns_16ns_24_1_1_U184                                |mul_8ns_16ns_24_1_1                          |        0|   1|      0|      6|    0|
    |mul_8ns_8ns_16_1_1_U182                                 |mul_8ns_8ns_16_1_1                           |        0|   0|      0|     41|    0|
    +--------------------------------------------------------+---------------------------------------------+---------+----+-------+-------+-----+
    |Total                                                   |                                             |       36|  75|  32674|  43781|    0|
    +--------------------------------------------------------+---------------------------------------------+---------+----+-------+-------+-----+

    * DSP: 
    N/A

    * Memory: 
    N/A

    * FIFO: 
    N/A

    * Expression: 
    +---------------------------------+----------+----+---+----+------------+------------+
    |          Variable Name          | Operation| DSP| FF| LUT| Bitwidth P0| Bitwidth P1|
    +---------------------------------+----------+----+---+----+------------+------------+
    |ap_block_state4_on_subcall_done  |        or|   0|  0|   2|           1|           1|
    +---------------------------------+----------+----+---+----+------------+------------+
    |Total                            |          |   0|  0|   2|           1|           1|
    +---------------------------------+----------+----+---+----+------------+------------+

    * Multiplexer: 
    +-------------------+----+-----------+-----+-----------+
    |        Name       | LUT| Input Size| Bits| Total Bits|
    +-------------------+----+-----------+-----+-----------+
    |ap_NS_fsm          |  31|          6|    1|          6|
    |gmem0_0_0_ARVALID  |   9|          2|    1|          2|
    |gmem0_0_0_RREADY   |   9|          2|    1|          2|
    |gmem0_0_AWADDR     |  14|          3|   64|        192|
    |gmem0_0_AWLEN      |  14|          3|   32|         96|
    |gmem0_0_AWVALID    |  14|          3|    1|          3|
    |gmem0_0_BREADY     |  14|          3|    1|          3|
    |gmem0_0_WDATA      |  14|          3|    8|         24|
    |gmem0_0_WSTRB      |  14|          3|    1|          3|
    |gmem0_0_WVALID     |  14|          3|    1|          3|
    |gmem0_1_0_ARVALID  |   9|          2|    1|          2|
    |gmem0_1_0_RREADY   |   9|          2|    1|          2|
    |gmem0_2_0_ARVALID  |   9|          2|    1|          2|
    |gmem0_2_0_RREADY   |   9|          2|    1|          2|
    |gmem0_3_0_ARVALID  |   9|          2|    1|          2|
    |gmem0_3_0_RREADY   |   9|          2|    1|          2|
    |gmem0_4_0_ARVALID  |   9|          2|    1|          2|
    |gmem0_4_0_RREADY   |   9|          2|    1|          2|
    |gmem0_5_0_ARVALID  |   9|          2|    1|          2|
    |gmem0_5_0_RREADY   |   9|          2|    1|          2|
    |gmem0_6_0_ARVALID  |   9|          2|    1|          2|
    |gmem0_6_0_RREADY   |   9|          2|    1|          2|
    |gmem0_7_0_ARVALID  |   9|          2|    1|          2|
    |gmem0_7_0_RREADY   |   9|          2|    1|          2|
    |gmem1_0_0_ARVALID  |   9|          2|    1|          2|
    |gmem1_0_0_RREADY   |   9|          2|    1|          2|
    |gmem1_0_ARVALID    |   9|          2|    1|          2|
    |gmem1_0_RREADY     |   9|          2|    1|          2|
    |gmem1_1_0_ARVALID  |   9|          2|    1|          2|
    |gmem1_1_0_RREADY   |   9|          2|    1|          2|
    |gmem1_2_0_ARVALID  |   9|          2|    1|          2|
    |gmem1_2_0_RREADY   |   9|          2|    1|          2|
    |gmem1_3_0_ARVALID  |   9|          2|    1|          2|
    |gmem1_3_0_RREADY   |   9|          2|    1|          2|
    |gmem1_4_0_ARVALID  |   9|          2|    1|          2|
    |gmem1_4_0_RREADY   |   9|          2|    1|          2|
    |gmem1_5_0_ARVALID  |   9|          2|    1|          2|
    |gmem1_5_0_RREADY   |   9|          2|    1|          2|
    |gmem1_6_0_ARVALID  |   9|          2|    1|          2|
    |gmem1_6_0_RREADY   |   9|          2|    1|          2|
    |gmem1_7_0_ARVALID  |   9|          2|    1|          2|
    |gmem1_7_0_RREADY   |   9|          2|    1|          2|
    |gmem2_0_ARADDR     |  14|          3|   64|        192|
    |gmem2_0_ARLEN      |  14|          3|   32|         96|
    |gmem2_0_ARVALID    |  14|          3|    1|          3|
    |gmem2_0_AWVALID    |   9|          2|    1|          2|
    |gmem2_0_BREADY     |   9|          2|    1|          2|
    |gmem2_0_RREADY     |  14|          3|    1|          3|
    |gmem2_0_WVALID     |   9|          2|    1|          2|
    +-------------------+----+-----------+-----+-----------+
    |Total              | 518|        113|  244|        698|
    +-------------------+----+-----------+-----+-----------+

    * Register: 
    +---------------------------------------------------------------------+----+----+-----+-----------+
    |                                 Name                                | FF | LUT| Bits| Const Bits|
    +---------------------------------------------------------------------+----+----+-----+-----------+
    |ap_CS_fsm                                                            |   5|   0|    5|          0|
    |bias_read_reg_648                                                    |  64|   0|   64|          0|
    |conv_scratch_read_reg_641                                            |  64|   0|   64|          0|
    |cycle_count_reg_738                                                  |  32|   0|   32|          0|
    |do_pool_read_reg_598                                                 |   1|   0|    1|          0|
    |do_relu_read_reg_602                                                 |   1|   0|    1|          0|
    |grp_conv3x3_relu_fu_393_ap_start_reg                                 |   1|   0|    1|          0|
    |grp_dpu_conv_top_Pipeline_COPY_OC_COPY_H_COPY_W_fu_479_ap_start_reg  |   1|   0|    1|          0|
    |grp_dpu_conv_top_Pipeline_POOL_OC_POOL_H_POOL_W_fu_493_ap_start_reg  |   1|   0|    1|          0|
    |ifmap_0_read_reg_728                                                 |  64|   0|   64|          0|
    |ifmap_1_read_reg_723                                                 |  64|   0|   64|          0|
    |ifmap_2_read_reg_718                                                 |  64|   0|   64|          0|
    |ifmap_3_read_reg_713                                                 |  64|   0|   64|          0|
    |ifmap_4_read_reg_708                                                 |  64|   0|   64|          0|
    |ifmap_5_read_reg_703                                                 |  64|   0|   64|          0|
    |ifmap_6_read_reg_698                                                 |  64|   0|   64|          0|
    |ifmap_7_read_reg_693                                                 |  64|   0|   64|          0|
    |in_ch_read_reg_614                                                   |   8|   0|    8|          0|
    |in_h_read_reg_628                                                    |   8|   0|    8|          0|
    |in_w_read_reg_619                                                    |   8|   0|    8|          0|
    |lshr_ln1_reg_749                                                     |   7|   0|    7|          0|
    |mac_count_reg_733                                                    |  32|   0|   32|          0|
    |mul_ln112_1_reg_761                                                  |  24|   0|   24|          0|
    |mul_ln112_reg_743                                                    |  16|   0|   16|          0|
    |mul_ln82_1_reg_766                                                   |  22|   0|   22|          0|
    |mul_ln82_reg_755                                                     |  14|   0|   14|          0|
    |ofmap_read_reg_635                                                   |  64|   0|   64|          0|
    |out_ch_read_reg_607                                                  |   8|   0|    8|          0|
    |weight_0_read_reg_688                                                |  64|   0|   64|          0|
    |weight_1_read_reg_683                                                |  64|   0|   64|          0|
    |weight_2_read_reg_678                                                |  64|   0|   64|          0|
    |weight_3_read_reg_673                                                |  64|   0|   64|          0|
    |weight_4_read_reg_668                                                |  64|   0|   64|          0|
    |weight_5_read_reg_663                                                |  64|   0|   64|          0|
    |weight_6_read_reg_658                                                |  64|   0|   64|          0|
    |weight_7_read_reg_653                                                |  64|   0|   64|          0|
    +---------------------------------------------------------------------+----+----+-----+-----------+
    |Total                                                                |1405|   0| 1405|          0|
    +---------------------------------------------------------------------+----+----+-----+-----------+



================================================================
== Interface
================================================================
* Summary: 
+------------------------+-----+-----+------------+--------------+--------------+
|        RTL Ports       | Dir | Bits|  Protocol  | Source Object|    C Type    |
+------------------------+-----+-----+------------+--------------+--------------+
|s_axi_CTRL_AWVALID      |   in|    1|       s_axi|          CTRL|       pointer|
|s_axi_CTRL_AWREADY      |  out|    1|       s_axi|          CTRL|       pointer|
|s_axi_CTRL_AWADDR       |   in|    7|       s_axi|          CTRL|       pointer|
|s_axi_CTRL_WVALID       |   in|    1|       s_axi|          CTRL|       pointer|
|s_axi_CTRL_WREADY       |  out|    1|       s_axi|          CTRL|       pointer|
|s_axi_CTRL_WDATA        |   in|   32|       s_axi|          CTRL|       pointer|
|s_axi_CTRL_WSTRB        |   in|    4|       s_axi|          CTRL|       pointer|
|s_axi_CTRL_ARVALID      |   in|    1|       s_axi|          CTRL|       pointer|
|s_axi_CTRL_ARREADY      |  out|    1|       s_axi|          CTRL|       pointer|
|s_axi_CTRL_ARADDR       |   in|    7|       s_axi|          CTRL|       pointer|
|s_axi_CTRL_RVALID       |  out|    1|       s_axi|          CTRL|       pointer|
|s_axi_CTRL_RREADY       |   in|    1|       s_axi|          CTRL|       pointer|
|s_axi_CTRL_RDATA        |  out|   32|       s_axi|          CTRL|       pointer|
|s_axi_CTRL_RRESP        |  out|    2|       s_axi|          CTRL|       pointer|
|s_axi_CTRL_BVALID       |  out|    1|       s_axi|          CTRL|       pointer|
|s_axi_CTRL_BREADY       |   in|    1|       s_axi|          CTRL|       pointer|
|s_axi_CTRL_BRESP        |  out|    2|       s_axi|          CTRL|       pointer|
|s_axi_control_AWVALID   |   in|    1|       s_axi|       control|        scalar|
|s_axi_control_AWREADY   |  out|    1|       s_axi|       control|        scalar|
|s_axi_control_AWADDR    |   in|    8|       s_axi|       control|        scalar|
|s_axi_control_WVALID    |   in|    1|       s_axi|       control|        scalar|
|s_axi_control_WREADY    |  out|    1|       s_axi|       control|        scalar|
|s_axi_control_WDATA     |   in|   32|       s_axi|       control|        scalar|
|s_axi_control_WSTRB     |   in|    4|       s_axi|       control|        scalar|
|s_axi_control_ARVALID   |   in|    1|       s_axi|       control|        scalar|
|s_axi_control_ARREADY   |  out|    1|       s_axi|       control|        scalar|
|s_axi_control_ARADDR    |   in|    8|       s_axi|       control|        scalar|
|s_axi_control_RVALID    |  out|    1|       s_axi|       control|        scalar|
|s_axi_control_RREADY    |   in|    1|       s_axi|       control|        scalar|
|s_axi_control_RDATA     |  out|   32|       s_axi|       control|        scalar|
|s_axi_control_RRESP     |  out|    2|       s_axi|       control|        scalar|
|s_axi_control_BVALID    |  out|    1|       s_axi|       control|        scalar|
|s_axi_control_BREADY    |   in|    1|       s_axi|       control|        scalar|
|s_axi_control_BRESP     |  out|    2|       s_axi|       control|        scalar|
|ap_clk                  |   in|    1|  ap_ctrl_hs|  dpu_conv_top|  return value|
|ap_rst_n                |   in|    1|  ap_ctrl_hs|  dpu_conv_top|  return value|
|interrupt               |  out|    1|  ap_ctrl_hs|  dpu_conv_top|  return value|
|m_axi_gmem0_0_AWVALID   |  out|    1|       m_axi|       gmem0_0|       pointer|
|m_axi_gmem0_0_AWREADY   |   in|    1|       m_axi|       gmem0_0|       pointer|
|m_axi_gmem0_0_AWADDR    |  out|   64|       m_axi|       gmem0_0|       pointer|
|m_axi_gmem0_0_AWID      |  out|    1|       m_axi|       gmem0_0|       pointer|
|m_axi_gmem0_0_AWLEN     |  out|    8|       m_axi|       gmem0_0|       pointer|
|m_axi_gmem0_0_AWSIZE    |  out|    3|       m_axi|       gmem0_0|       pointer|
|m_axi_gmem0_0_AWBURST   |  out|    2|       m_axi|       gmem0_0|       pointer|
|m_axi_gmem0_0_AWLOCK    |  out|    2|       m_axi|       gmem0_0|       pointer|
|m_axi_gmem0_0_AWCACHE   |  out|    4|       m_axi|       gmem0_0|       pointer|
|m_axi_gmem0_0_AWPROT    |  out|    3|       m_axi|       gmem0_0|       pointer|
|m_axi_gmem0_0_AWQOS     |  out|    4|       m_axi|       gmem0_0|       pointer|
|m_axi_gmem0_0_AWREGION  |  out|    4|       m_axi|       gmem0_0|       pointer|
|m_axi_gmem0_0_AWUSER    |  out|    1|       m_axi|       gmem0_0|       pointer|
|m_axi_gmem0_0_WVALID    |  out|    1|       m_axi|       gmem0_0|       pointer|
|m_axi_gmem0_0_WREADY    |   in|    1|       m_axi|       gmem0_0|       pointer|
|m_axi_gmem0_0_WDATA     |  out|   32|       m_axi|       gmem0_0|       pointer|
|m_axi_gmem0_0_WSTRB     |  out|    4|       m_axi|       gmem0_0|       pointer|
|m_axi_gmem0_0_WLAST     |  out|    1|       m_axi|       gmem0_0|       pointer|
|m_axi_gmem0_0_WID       |  out|    1|       m_axi|       gmem0_0|       pointer|
|m_axi_gmem0_0_WUSER     |  out|    1|       m_axi|       gmem0_0|       pointer|
|m_axi_gmem0_0_ARVALID   |  out|    1|       m_axi|       gmem0_0|       pointer|
|m_axi_gmem0_0_ARREADY   |   in|    1|       m_axi|       gmem0_0|       pointer|
|m_axi_gmem0_0_ARADDR    |  out|   64|       m_axi|       gmem0_0|       pointer|
|m_axi_gmem0_0_ARID      |  out|    1|       m_axi|       gmem0_0|       pointer|
|m_axi_gmem0_0_ARLEN     |  out|    8|       m_axi|       gmem0_0|       pointer|
|m_axi_gmem0_0_ARSIZE    |  out|    3|       m_axi|       gmem0_0|       pointer|
|m_axi_gmem0_0_ARBURST   |  out|    2|       m_axi|       gmem0_0|       pointer|
|m_axi_gmem0_0_ARLOCK    |  out|    2|       m_axi|       gmem0_0|       pointer|
|m_axi_gmem0_0_ARCACHE   |  out|    4|       m_axi|       gmem0_0|       pointer|
|m_axi_gmem0_0_ARPROT    |  out|    3|       m_axi|       gmem0_0|       pointer|
|m_axi_gmem0_0_ARQOS     |  out|    4|       m_axi|       gmem0_0|       pointer|
|m_axi_gmem0_0_ARREGION  |  out|    4|       m_axi|       gmem0_0|       pointer|
|m_axi_gmem0_0_ARUSER    |  out|    1|       m_axi|       gmem0_0|       pointer|
|m_axi_gmem0_0_RVALID    |   in|    1|       m_axi|       gmem0_0|       pointer|
|m_axi_gmem0_0_RREADY    |  out|    1|       m_axi|       gmem0_0|       pointer|
|m_axi_gmem0_0_RDATA     |   in|   32|       m_axi|       gmem0_0|       pointer|
|m_axi_gmem0_0_RLAST     |   in|    1|       m_axi|       gmem0_0|       pointer|
|m_axi_gmem0_0_RID       |   in|    1|       m_axi|       gmem0_0|       pointer|
|m_axi_gmem0_0_RUSER     |   in|    1|       m_axi|       gmem0_0|       pointer|
|m_axi_gmem0_0_RRESP     |   in|    2|       m_axi|       gmem0_0|       pointer|
|m_axi_gmem0_0_BVALID    |   in|    1|       m_axi|       gmem0_0|       pointer|
|m_axi_gmem0_0_BREADY    |  out|    1|       m_axi|       gmem0_0|       pointer|
|m_axi_gmem0_0_BRESP     |   in|    2|       m_axi|       gmem0_0|       pointer|
|m_axi_gmem0_0_BID       |   in|    1|       m_axi|       gmem0_0|       pointer|
|m_axi_gmem0_0_BUSER     |   in|    1|       m_axi|       gmem0_0|       pointer|
|m_axi_gmem0_1_AWVALID   |  out|    1|       m_axi|       gmem0_1|       pointer|
|m_axi_gmem0_1_AWREADY   |   in|    1|       m_axi|       gmem0_1|       pointer|
|m_axi_gmem0_1_AWADDR    |  out|   64|       m_axi|       gmem0_1|       pointer|
|m_axi_gmem0_1_AWID      |  out|    1|       m_axi|       gmem0_1|       pointer|
|m_axi_gmem0_1_AWLEN     |  out|    8|       m_axi|       gmem0_1|       pointer|
|m_axi_gmem0_1_AWSIZE    |  out|    3|       m_axi|       gmem0_1|       pointer|
|m_axi_gmem0_1_AWBURST   |  out|    2|       m_axi|       gmem0_1|       pointer|
|m_axi_gmem0_1_AWLOCK    |  out|    2|       m_axi|       gmem0_1|       pointer|
|m_axi_gmem0_1_AWCACHE   |  out|    4|       m_axi|       gmem0_1|       pointer|
|m_axi_gmem0_1_AWPROT    |  out|    3|       m_axi|       gmem0_1|       pointer|
|m_axi_gmem0_1_AWQOS     |  out|    4|       m_axi|       gmem0_1|       pointer|
|m_axi_gmem0_1_AWREGION  |  out|    4|       m_axi|       gmem0_1|       pointer|
|m_axi_gmem0_1_AWUSER    |  out|    1|       m_axi|       gmem0_1|       pointer|
|m_axi_gmem0_1_WVALID    |  out|    1|       m_axi|       gmem0_1|       pointer|
|m_axi_gmem0_1_WREADY    |   in|    1|       m_axi|       gmem0_1|       pointer|
|m_axi_gmem0_1_WDATA     |  out|   32|       m_axi|       gmem0_1|       pointer|
|m_axi_gmem0_1_WSTRB     |  out|    4|       m_axi|       gmem0_1|       pointer|
|m_axi_gmem0_1_WLAST     |  out|    1|       m_axi|       gmem0_1|       pointer|
|m_axi_gmem0_1_WID       |  out|    1|       m_axi|       gmem0_1|       pointer|
|m_axi_gmem0_1_WUSER     |  out|    1|       m_axi|       gmem0_1|       pointer|
|m_axi_gmem0_1_ARVALID   |  out|    1|       m_axi|       gmem0_1|       pointer|
|m_axi_gmem0_1_ARREADY   |   in|    1|       m_axi|       gmem0_1|       pointer|
|m_axi_gmem0_1_ARADDR    |  out|   64|       m_axi|       gmem0_1|       pointer|
|m_axi_gmem0_1_ARID      |  out|    1|       m_axi|       gmem0_1|       pointer|
|m_axi_gmem0_1_ARLEN     |  out|    8|       m_axi|       gmem0_1|       pointer|
|m_axi_gmem0_1_ARSIZE    |  out|    3|       m_axi|       gmem0_1|       pointer|
|m_axi_gmem0_1_ARBURST   |  out|    2|       m_axi|       gmem0_1|       pointer|
|m_axi_gmem0_1_ARLOCK    |  out|    2|       m_axi|       gmem0_1|       pointer|
|m_axi_gmem0_1_ARCACHE   |  out|    4|       m_axi|       gmem0_1|       pointer|
|m_axi_gmem0_1_ARPROT    |  out|    3|       m_axi|       gmem0_1|       pointer|
|m_axi_gmem0_1_ARQOS     |  out|    4|       m_axi|       gmem0_1|       pointer|
|m_axi_gmem0_1_ARREGION  |  out|    4|       m_axi|       gmem0_1|       pointer|
|m_axi_gmem0_1_ARUSER    |  out|    1|       m_axi|       gmem0_1|       pointer|
|m_axi_gmem0_1_RVALID    |   in|    1|       m_axi|       gmem0_1|       pointer|
|m_axi_gmem0_1_RREADY    |  out|    1|       m_axi|       gmem0_1|       pointer|
|m_axi_gmem0_1_RDATA     |   in|   32|       m_axi|       gmem0_1|       pointer|
|m_axi_gmem0_1_RLAST     |   in|    1|       m_axi|       gmem0_1|       pointer|
|m_axi_gmem0_1_RID       |   in|    1|       m_axi|       gmem0_1|       pointer|
|m_axi_gmem0_1_RUSER     |   in|    1|       m_axi|       gmem0_1|       pointer|
|m_axi_gmem0_1_RRESP     |   in|    2|       m_axi|       gmem0_1|       pointer|
|m_axi_gmem0_1_BVALID    |   in|    1|       m_axi|       gmem0_1|       pointer|
|m_axi_gmem0_1_BREADY    |  out|    1|       m_axi|       gmem0_1|       pointer|
|m_axi_gmem0_1_BRESP     |   in|    2|       m_axi|       gmem0_1|       pointer|
|m_axi_gmem0_1_BID       |   in|    1|       m_axi|       gmem0_1|       pointer|
|m_axi_gmem0_1_BUSER     |   in|    1|       m_axi|       gmem0_1|       pointer|
|m_axi_gmem0_2_AWVALID   |  out|    1|       m_axi|       gmem0_2|       pointer|
|m_axi_gmem0_2_AWREADY   |   in|    1|       m_axi|       gmem0_2|       pointer|
|m_axi_gmem0_2_AWADDR    |  out|   64|       m_axi|       gmem0_2|       pointer|
|m_axi_gmem0_2_AWID      |  out|    1|       m_axi|       gmem0_2|       pointer|
|m_axi_gmem0_2_AWLEN     |  out|    8|       m_axi|       gmem0_2|       pointer|
|m_axi_gmem0_2_AWSIZE    |  out|    3|       m_axi|       gmem0_2|       pointer|
|m_axi_gmem0_2_AWBURST   |  out|    2|       m_axi|       gmem0_2|       pointer|
|m_axi_gmem0_2_AWLOCK    |  out|    2|       m_axi|       gmem0_2|       pointer|
|m_axi_gmem0_2_AWCACHE   |  out|    4|       m_axi|       gmem0_2|       pointer|
|m_axi_gmem0_2_AWPROT    |  out|    3|       m_axi|       gmem0_2|       pointer|
|m_axi_gmem0_2_AWQOS     |  out|    4|       m_axi|       gmem0_2|       pointer|
|m_axi_gmem0_2_AWREGION  |  out|    4|       m_axi|       gmem0_2|       pointer|
|m_axi_gmem0_2_AWUSER    |  out|    1|       m_axi|       gmem0_2|       pointer|
|m_axi_gmem0_2_WVALID    |  out|    1|       m_axi|       gmem0_2|       pointer|
|m_axi_gmem0_2_WREADY    |   in|    1|       m_axi|       gmem0_2|       pointer|
|m_axi_gmem0_2_WDATA     |  out|   32|       m_axi|       gmem0_2|       pointer|
|m_axi_gmem0_2_WSTRB     |  out|    4|       m_axi|       gmem0_2|       pointer|
|m_axi_gmem0_2_WLAST     |  out|    1|       m_axi|       gmem0_2|       pointer|
|m_axi_gmem0_2_WID       |  out|    1|       m_axi|       gmem0_2|       pointer|
|m_axi_gmem0_2_WUSER     |  out|    1|       m_axi|       gmem0_2|       pointer|
|m_axi_gmem0_2_ARVALID   |  out|    1|       m_axi|       gmem0_2|       pointer|
|m_axi_gmem0_2_ARREADY   |   in|    1|       m_axi|       gmem0_2|       pointer|
|m_axi_gmem0_2_ARADDR    |  out|   64|       m_axi|       gmem0_2|       pointer|
|m_axi_gmem0_2_ARID      |  out|    1|       m_axi|       gmem0_2|       pointer|
|m_axi_gmem0_2_ARLEN     |  out|    8|       m_axi|       gmem0_2|       pointer|
|m_axi_gmem0_2_ARSIZE    |  out|    3|       m_axi|       gmem0_2|       pointer|
|m_axi_gmem0_2_ARBURST   |  out|    2|       m_axi|       gmem0_2|       pointer|
|m_axi_gmem0_2_ARLOCK    |  out|    2|       m_axi|       gmem0_2|       pointer|
|m_axi_gmem0_2_ARCACHE   |  out|    4|       m_axi|       gmem0_2|       pointer|
|m_axi_gmem0_2_ARPROT    |  out|    3|       m_axi|       gmem0_2|       pointer|
|m_axi_gmem0_2_ARQOS     |  out|    4|       m_axi|       gmem0_2|       pointer|
|m_axi_gmem0_2_ARREGION  |  out|    4|       m_axi|       gmem0_2|       pointer|
|m_axi_gmem0_2_ARUSER    |  out|    1|       m_axi|       gmem0_2|       pointer|
|m_axi_gmem0_2_RVALID    |   in|    1|       m_axi|       gmem0_2|       pointer|
|m_axi_gmem0_2_RREADY    |  out|    1|       m_axi|       gmem0_2|       pointer|
|m_axi_gmem0_2_RDATA     |   in|   32|       m_axi|       gmem0_2|       pointer|
|m_axi_gmem0_2_RLAST     |   in|    1|       m_axi|       gmem0_2|       pointer|
|m_axi_gmem0_2_RID       |   in|    1|       m_axi|       gmem0_2|       pointer|
|m_axi_gmem0_2_RUSER     |   in|    1|       m_axi|       gmem0_2|       pointer|
|m_axi_gmem0_2_RRESP     |   in|    2|       m_axi|       gmem0_2|       pointer|
|m_axi_gmem0_2_BVALID    |   in|    1|       m_axi|       gmem0_2|       pointer|
|m_axi_gmem0_2_BREADY    |  out|    1|       m_axi|       gmem0_2|       pointer|
|m_axi_gmem0_2_BRESP     |   in|    2|       m_axi|       gmem0_2|       pointer|
|m_axi_gmem0_2_BID       |   in|    1|       m_axi|       gmem0_2|       pointer|
|m_axi_gmem0_2_BUSER     |   in|    1|       m_axi|       gmem0_2|       pointer|
|m_axi_gmem0_3_AWVALID   |  out|    1|       m_axi|       gmem0_3|       pointer|
|m_axi_gmem0_3_AWREADY   |   in|    1|       m_axi|       gmem0_3|       pointer|
|m_axi_gmem0_3_AWADDR    |  out|   64|       m_axi|       gmem0_3|       pointer|
|m_axi_gmem0_3_AWID      |  out|    1|       m_axi|       gmem0_3|       pointer|
|m_axi_gmem0_3_AWLEN     |  out|    8|       m_axi|       gmem0_3|       pointer|
|m_axi_gmem0_3_AWSIZE    |  out|    3|       m_axi|       gmem0_3|       pointer|
|m_axi_gmem0_3_AWBURST   |  out|    2|       m_axi|       gmem0_3|       pointer|
|m_axi_gmem0_3_AWLOCK    |  out|    2|       m_axi|       gmem0_3|       pointer|
|m_axi_gmem0_3_AWCACHE   |  out|    4|       m_axi|       gmem0_3|       pointer|
|m_axi_gmem0_3_AWPROT    |  out|    3|       m_axi|       gmem0_3|       pointer|
|m_axi_gmem0_3_AWQOS     |  out|    4|       m_axi|       gmem0_3|       pointer|
|m_axi_gmem0_3_AWREGION  |  out|    4|       m_axi|       gmem0_3|       pointer|
|m_axi_gmem0_3_AWUSER    |  out|    1|       m_axi|       gmem0_3|       pointer|
|m_axi_gmem0_3_WVALID    |  out|    1|       m_axi|       gmem0_3|       pointer|
|m_axi_gmem0_3_WREADY    |   in|    1|       m_axi|       gmem0_3|       pointer|
|m_axi_gmem0_3_WDATA     |  out|   32|       m_axi|       gmem0_3|       pointer|
|m_axi_gmem0_3_WSTRB     |  out|    4|       m_axi|       gmem0_3|       pointer|
|m_axi_gmem0_3_WLAST     |  out|    1|       m_axi|       gmem0_3|       pointer|
|m_axi_gmem0_3_WID       |  out|    1|       m_axi|       gmem0_3|       pointer|
|m_axi_gmem0_3_WUSER     |  out|    1|       m_axi|       gmem0_3|       pointer|
|m_axi_gmem0_3_ARVALID   |  out|    1|       m_axi|       gmem0_3|       pointer|
|m_axi_gmem0_3_ARREADY   |   in|    1|       m_axi|       gmem0_3|       pointer|
|m_axi_gmem0_3_ARADDR    |  out|   64|       m_axi|       gmem0_3|       pointer|
|m_axi_gmem0_3_ARID      |  out|    1|       m_axi|       gmem0_3|       pointer|
|m_axi_gmem0_3_ARLEN     |  out|    8|       m_axi|       gmem0_3|       pointer|
|m_axi_gmem0_3_ARSIZE    |  out|    3|       m_axi|       gmem0_3|       pointer|
|m_axi_gmem0_3_ARBURST   |  out|    2|       m_axi|       gmem0_3|       pointer|
|m_axi_gmem0_3_ARLOCK    |  out|    2|       m_axi|       gmem0_3|       pointer|
|m_axi_gmem0_3_ARCACHE   |  out|    4|       m_axi|       gmem0_3|       pointer|
|m_axi_gmem0_3_ARPROT    |  out|    3|       m_axi|       gmem0_3|       pointer|
|m_axi_gmem0_3_ARQOS     |  out|    4|       m_axi|       gmem0_3|       pointer|
|m_axi_gmem0_3_ARREGION  |  out|    4|       m_axi|       gmem0_3|       pointer|
|m_axi_gmem0_3_ARUSER    |  out|    1|       m_axi|       gmem0_3|       pointer|
|m_axi_gmem0_3_RVALID    |   in|    1|       m_axi|       gmem0_3|       pointer|
|m_axi_gmem0_3_RREADY    |  out|    1|       m_axi|       gmem0_3|       pointer|
|m_axi_gmem0_3_RDATA     |   in|   32|       m_axi|       gmem0_3|       pointer|
|m_axi_gmem0_3_RLAST     |   in|    1|       m_axi|       gmem0_3|       pointer|
|m_axi_gmem0_3_RID       |   in|    1|       m_axi|       gmem0_3|       pointer|
|m_axi_gmem0_3_RUSER     |   in|    1|       m_axi|       gmem0_3|       pointer|
|m_axi_gmem0_3_RRESP     |   in|    2|       m_axi|       gmem0_3|       pointer|
|m_axi_gmem0_3_BVALID    |   in|    1|       m_axi|       gmem0_3|       pointer|
|m_axi_gmem0_3_BREADY    |  out|    1|       m_axi|       gmem0_3|       pointer|
|m_axi_gmem0_3_BRESP     |   in|    2|       m_axi|       gmem0_3|       pointer|
|m_axi_gmem0_3_BID       |   in|    1|       m_axi|       gmem0_3|       pointer|
|m_axi_gmem0_3_BUSER     |   in|    1|       m_axi|       gmem0_3|       pointer|
|m_axi_gmem0_4_AWVALID   |  out|    1|       m_axi|       gmem0_4|       pointer|
|m_axi_gmem0_4_AWREADY   |   in|    1|       m_axi|       gmem0_4|       pointer|
|m_axi_gmem0_4_AWADDR    |  out|   64|       m_axi|       gmem0_4|       pointer|
|m_axi_gmem0_4_AWID      |  out|    1|       m_axi|       gmem0_4|       pointer|
|m_axi_gmem0_4_AWLEN     |  out|    8|       m_axi|       gmem0_4|       pointer|
|m_axi_gmem0_4_AWSIZE    |  out|    3|       m_axi|       gmem0_4|       pointer|
|m_axi_gmem0_4_AWBURST   |  out|    2|       m_axi|       gmem0_4|       pointer|
|m_axi_gmem0_4_AWLOCK    |  out|    2|       m_axi|       gmem0_4|       pointer|
|m_axi_gmem0_4_AWCACHE   |  out|    4|       m_axi|       gmem0_4|       pointer|
|m_axi_gmem0_4_AWPROT    |  out|    3|       m_axi|       gmem0_4|       pointer|
|m_axi_gmem0_4_AWQOS     |  out|    4|       m_axi|       gmem0_4|       pointer|
|m_axi_gmem0_4_AWREGION  |  out|    4|       m_axi|       gmem0_4|       pointer|
|m_axi_gmem0_4_AWUSER    |  out|    1|       m_axi|       gmem0_4|       pointer|
|m_axi_gmem0_4_WVALID    |  out|    1|       m_axi|       gmem0_4|       pointer|
|m_axi_gmem0_4_WREADY    |   in|    1|       m_axi|       gmem0_4|       pointer|
|m_axi_gmem0_4_WDATA     |  out|   32|       m_axi|       gmem0_4|       pointer|
|m_axi_gmem0_4_WSTRB     |  out|    4|       m_axi|       gmem0_4|       pointer|
|m_axi_gmem0_4_WLAST     |  out|    1|       m_axi|       gmem0_4|       pointer|
|m_axi_gmem0_4_WID       |  out|    1|       m_axi|       gmem0_4|       pointer|
|m_axi_gmem0_4_WUSER     |  out|    1|       m_axi|       gmem0_4|       pointer|
|m_axi_gmem0_4_ARVALID   |  out|    1|       m_axi|       gmem0_4|       pointer|
|m_axi_gmem0_4_ARREADY   |   in|    1|       m_axi|       gmem0_4|       pointer|
|m_axi_gmem0_4_ARADDR    |  out|   64|       m_axi|       gmem0_4|       pointer|
|m_axi_gmem0_4_ARID      |  out|    1|       m_axi|       gmem0_4|       pointer|
|m_axi_gmem0_4_ARLEN     |  out|    8|       m_axi|       gmem0_4|       pointer|
|m_axi_gmem0_4_ARSIZE    |  out|    3|       m_axi|       gmem0_4|       pointer|
|m_axi_gmem0_4_ARBURST   |  out|    2|       m_axi|       gmem0_4|       pointer|
|m_axi_gmem0_4_ARLOCK    |  out|    2|       m_axi|       gmem0_4|       pointer|
|m_axi_gmem0_4_ARCACHE   |  out|    4|       m_axi|       gmem0_4|       pointer|
|m_axi_gmem0_4_ARPROT    |  out|    3|       m_axi|       gmem0_4|       pointer|
|m_axi_gmem0_4_ARQOS     |  out|    4|       m_axi|       gmem0_4|       pointer|
|m_axi_gmem0_4_ARREGION  |  out|    4|       m_axi|       gmem0_4|       pointer|
|m_axi_gmem0_4_ARUSER    |  out|    1|       m_axi|       gmem0_4|       pointer|
|m_axi_gmem0_4_RVALID    |   in|    1|       m_axi|       gmem0_4|       pointer|
|m_axi_gmem0_4_RREADY    |  out|    1|       m_axi|       gmem0_4|       pointer|
|m_axi_gmem0_4_RDATA     |   in|   32|       m_axi|       gmem0_4|       pointer|
|m_axi_gmem0_4_RLAST     |   in|    1|       m_axi|       gmem0_4|       pointer|
|m_axi_gmem0_4_RID       |   in|    1|       m_axi|       gmem0_4|       pointer|
|m_axi_gmem0_4_RUSER     |   in|    1|       m_axi|       gmem0_4|       pointer|
|m_axi_gmem0_4_RRESP     |   in|    2|       m_axi|       gmem0_4|       pointer|
|m_axi_gmem0_4_BVALID    |   in|    1|       m_axi|       gmem0_4|       pointer|
|m_axi_gmem0_4_BREADY    |  out|    1|       m_axi|       gmem0_4|       pointer|
|m_axi_gmem0_4_BRESP     |   in|    2|       m_axi|       gmem0_4|       pointer|
|m_axi_gmem0_4_BID       |   in|    1|       m_axi|       gmem0_4|       pointer|
|m_axi_gmem0_4_BUSER     |   in|    1|       m_axi|       gmem0_4|       pointer|
|m_axi_gmem0_5_AWVALID   |  out|    1|       m_axi|       gmem0_5|       pointer|
|m_axi_gmem0_5_AWREADY   |   in|    1|       m_axi|       gmem0_5|       pointer|
|m_axi_gmem0_5_AWADDR    |  out|   64|       m_axi|       gmem0_5|       pointer|
|m_axi_gmem0_5_AWID      |  out|    1|       m_axi|       gmem0_5|       pointer|
|m_axi_gmem0_5_AWLEN     |  out|    8|       m_axi|       gmem0_5|       pointer|
|m_axi_gmem0_5_AWSIZE    |  out|    3|       m_axi|       gmem0_5|       pointer|
|m_axi_gmem0_5_AWBURST   |  out|    2|       m_axi|       gmem0_5|       pointer|
|m_axi_gmem0_5_AWLOCK    |  out|    2|       m_axi|       gmem0_5|       pointer|
|m_axi_gmem0_5_AWCACHE   |  out|    4|       m_axi|       gmem0_5|       pointer|
|m_axi_gmem0_5_AWPROT    |  out|    3|       m_axi|       gmem0_5|       pointer|
|m_axi_gmem0_5_AWQOS     |  out|    4|       m_axi|       gmem0_5|       pointer|
|m_axi_gmem0_5_AWREGION  |  out|    4|       m_axi|       gmem0_5|       pointer|
|m_axi_gmem0_5_AWUSER    |  out|    1|       m_axi|       gmem0_5|       pointer|
|m_axi_gmem0_5_WVALID    |  out|    1|       m_axi|       gmem0_5|       pointer|
|m_axi_gmem0_5_WREADY    |   in|    1|       m_axi|       gmem0_5|       pointer|
|m_axi_gmem0_5_WDATA     |  out|   32|       m_axi|       gmem0_5|       pointer|
|m_axi_gmem0_5_WSTRB     |  out|    4|       m_axi|       gmem0_5|       pointer|
|m_axi_gmem0_5_WLAST     |  out|    1|       m_axi|       gmem0_5|       pointer|
|m_axi_gmem0_5_WID       |  out|    1|       m_axi|       gmem0_5|       pointer|
|m_axi_gmem0_5_WUSER     |  out|    1|       m_axi|       gmem0_5|       pointer|
|m_axi_gmem0_5_ARVALID   |  out|    1|       m_axi|       gmem0_5|       pointer|
|m_axi_gmem0_5_ARREADY   |   in|    1|       m_axi|       gmem0_5|       pointer|
|m_axi_gmem0_5_ARADDR    |  out|   64|       m_axi|       gmem0_5|       pointer|
|m_axi_gmem0_5_ARID      |  out|    1|       m_axi|       gmem0_5|       pointer|
|m_axi_gmem0_5_ARLEN     |  out|    8|       m_axi|       gmem0_5|       pointer|
|m_axi_gmem0_5_ARSIZE    |  out|    3|       m_axi|       gmem0_5|       pointer|
|m_axi_gmem0_5_ARBURST   |  out|    2|       m_axi|       gmem0_5|       pointer|
|m_axi_gmem0_5_ARLOCK    |  out|    2|       m_axi|       gmem0_5|       pointer|
|m_axi_gmem0_5_ARCACHE   |  out|    4|       m_axi|       gmem0_5|       pointer|
|m_axi_gmem0_5_ARPROT    |  out|    3|       m_axi|       gmem0_5|       pointer|
|m_axi_gmem0_5_ARQOS     |  out|    4|       m_axi|       gmem0_5|       pointer|
|m_axi_gmem0_5_ARREGION  |  out|    4|       m_axi|       gmem0_5|       pointer|
|m_axi_gmem0_5_ARUSER    |  out|    1|       m_axi|       gmem0_5|       pointer|
|m_axi_gmem0_5_RVALID    |   in|    1|       m_axi|       gmem0_5|       pointer|
|m_axi_gmem0_5_RREADY    |  out|    1|       m_axi|       gmem0_5|       pointer|
|m_axi_gmem0_5_RDATA     |   in|   32|       m_axi|       gmem0_5|       pointer|
|m_axi_gmem0_5_RLAST     |   in|    1|       m_axi|       gmem0_5|       pointer|
|m_axi_gmem0_5_RID       |   in|    1|       m_axi|       gmem0_5|       pointer|
|m_axi_gmem0_5_RUSER     |   in|    1|       m_axi|       gmem0_5|       pointer|
|m_axi_gmem0_5_RRESP     |   in|    2|       m_axi|       gmem0_5|       pointer|
|m_axi_gmem0_5_BVALID    |   in|    1|       m_axi|       gmem0_5|       pointer|
|m_axi_gmem0_5_BREADY    |  out|    1|       m_axi|       gmem0_5|       pointer|
|m_axi_gmem0_5_BRESP     |   in|    2|       m_axi|       gmem0_5|       pointer|
|m_axi_gmem0_5_BID       |   in|    1|       m_axi|       gmem0_5|       pointer|
|m_axi_gmem0_5_BUSER     |   in|    1|       m_axi|       gmem0_5|       pointer|
|m_axi_gmem0_6_AWVALID   |  out|    1|       m_axi|       gmem0_6|       pointer|
|m_axi_gmem0_6_AWREADY   |   in|    1|       m_axi|       gmem0_6|       pointer|
|m_axi_gmem0_6_AWADDR    |  out|   64|       m_axi|       gmem0_6|       pointer|
|m_axi_gmem0_6_AWID      |  out|    1|       m_axi|       gmem0_6|       pointer|
|m_axi_gmem0_6_AWLEN     |  out|    8|       m_axi|       gmem0_6|       pointer|
|m_axi_gmem0_6_AWSIZE    |  out|    3|       m_axi|       gmem0_6|       pointer|
|m_axi_gmem0_6_AWBURST   |  out|    2|       m_axi|       gmem0_6|       pointer|
|m_axi_gmem0_6_AWLOCK    |  out|    2|       m_axi|       gmem0_6|       pointer|
|m_axi_gmem0_6_AWCACHE   |  out|    4|       m_axi|       gmem0_6|       pointer|
|m_axi_gmem0_6_AWPROT    |  out|    3|       m_axi|       gmem0_6|       pointer|
|m_axi_gmem0_6_AWQOS     |  out|    4|       m_axi|       gmem0_6|       pointer|
|m_axi_gmem0_6_AWREGION  |  out|    4|       m_axi|       gmem0_6|       pointer|
|m_axi_gmem0_6_AWUSER    |  out|    1|       m_axi|       gmem0_6|       pointer|
|m_axi_gmem0_6_WVALID    |  out|    1|       m_axi|       gmem0_6|       pointer|
|m_axi_gmem0_6_WREADY    |   in|    1|       m_axi|       gmem0_6|       pointer|
|m_axi_gmem0_6_WDATA     |  out|   32|       m_axi|       gmem0_6|       pointer|
|m_axi_gmem0_6_WSTRB     |  out|    4|       m_axi|       gmem0_6|       pointer|
|m_axi_gmem0_6_WLAST     |  out|    1|       m_axi|       gmem0_6|       pointer|
|m_axi_gmem0_6_WID       |  out|    1|       m_axi|       gmem0_6|       pointer|
|m_axi_gmem0_6_WUSER     |  out|    1|       m_axi|       gmem0_6|       pointer|
|m_axi_gmem0_6_ARVALID   |  out|    1|       m_axi|       gmem0_6|       pointer|
|m_axi_gmem0_6_ARREADY   |   in|    1|       m_axi|       gmem0_6|       pointer|
|m_axi_gmem0_6_ARADDR    |  out|   64|       m_axi|       gmem0_6|       pointer|
|m_axi_gmem0_6_ARID      |  out|    1|       m_axi|       gmem0_6|       pointer|
|m_axi_gmem0_6_ARLEN     |  out|    8|       m_axi|       gmem0_6|       pointer|
|m_axi_gmem0_6_ARSIZE    |  out|    3|       m_axi|       gmem0_6|       pointer|
|m_axi_gmem0_6_ARBURST   |  out|    2|       m_axi|       gmem0_6|       pointer|
|m_axi_gmem0_6_ARLOCK    |  out|    2|       m_axi|       gmem0_6|       pointer|
|m_axi_gmem0_6_ARCACHE   |  out|    4|       m_axi|       gmem0_6|       pointer|
|m_axi_gmem0_6_ARPROT    |  out|    3|       m_axi|       gmem0_6|       pointer|
|m_axi_gmem0_6_ARQOS     |  out|    4|       m_axi|       gmem0_6|       pointer|
|m_axi_gmem0_6_ARREGION  |  out|    4|       m_axi|       gmem0_6|       pointer|
|m_axi_gmem0_6_ARUSER    |  out|    1|       m_axi|       gmem0_6|       pointer|
|m_axi_gmem0_6_RVALID    |   in|    1|       m_axi|       gmem0_6|       pointer|
|m_axi_gmem0_6_RREADY    |  out|    1|       m_axi|       gmem0_6|       pointer|
|m_axi_gmem0_6_RDATA     |   in|   32|       m_axi|       gmem0_6|       pointer|
|m_axi_gmem0_6_RLAST     |   in|    1|       m_axi|       gmem0_6|       pointer|
|m_axi_gmem0_6_RID       |   in|    1|       m_axi|       gmem0_6|       pointer|
|m_axi_gmem0_6_RUSER     |   in|    1|       m_axi|       gmem0_6|       pointer|
|m_axi_gmem0_6_RRESP     |   in|    2|       m_axi|       gmem0_6|       pointer|
|m_axi_gmem0_6_BVALID    |   in|    1|       m_axi|       gmem0_6|       pointer|
|m_axi_gmem0_6_BREADY    |  out|    1|       m_axi|       gmem0_6|       pointer|
|m_axi_gmem0_6_BRESP     |   in|    2|       m_axi|       gmem0_6|       pointer|
|m_axi_gmem0_6_BID       |   in|    1|       m_axi|       gmem0_6|       pointer|
|m_axi_gmem0_6_BUSER     |   in|    1|       m_axi|       gmem0_6|       pointer|
|m_axi_gmem0_7_AWVALID   |  out|    1|       m_axi|       gmem0_7|       pointer|
|m_axi_gmem0_7_AWREADY   |   in|    1|       m_axi|       gmem0_7|       pointer|
|m_axi_gmem0_7_AWADDR    |  out|   64|       m_axi|       gmem0_7|       pointer|
|m_axi_gmem0_7_AWID      |  out|    1|       m_axi|       gmem0_7|       pointer|
|m_axi_gmem0_7_AWLEN     |  out|    8|       m_axi|       gmem0_7|       pointer|
|m_axi_gmem0_7_AWSIZE    |  out|    3|       m_axi|       gmem0_7|       pointer|
|m_axi_gmem0_7_AWBURST   |  out|    2|       m_axi|       gmem0_7|       pointer|
|m_axi_gmem0_7_AWLOCK    |  out|    2|       m_axi|       gmem0_7|       pointer|
|m_axi_gmem0_7_AWCACHE   |  out|    4|       m_axi|       gmem0_7|       pointer|
|m_axi_gmem0_7_AWPROT    |  out|    3|       m_axi|       gmem0_7|       pointer|
|m_axi_gmem0_7_AWQOS     |  out|    4|       m_axi|       gmem0_7|       pointer|
|m_axi_gmem0_7_AWREGION  |  out|    4|       m_axi|       gmem0_7|       pointer|
|m_axi_gmem0_7_AWUSER    |  out|    1|       m_axi|       gmem0_7|       pointer|
|m_axi_gmem0_7_WVALID    |  out|    1|       m_axi|       gmem0_7|       pointer|
|m_axi_gmem0_7_WREADY    |   in|    1|       m_axi|       gmem0_7|       pointer|
|m_axi_gmem0_7_WDATA     |  out|   32|       m_axi|       gmem0_7|       pointer|
|m_axi_gmem0_7_WSTRB     |  out|    4|       m_axi|       gmem0_7|       pointer|
|m_axi_gmem0_7_WLAST     |  out|    1|       m_axi|       gmem0_7|       pointer|
|m_axi_gmem0_7_WID       |  out|    1|       m_axi|       gmem0_7|       pointer|
|m_axi_gmem0_7_WUSER     |  out|    1|       m_axi|       gmem0_7|       pointer|
|m_axi_gmem0_7_ARVALID   |  out|    1|       m_axi|       gmem0_7|       pointer|
|m_axi_gmem0_7_ARREADY   |   in|    1|       m_axi|       gmem0_7|       pointer|
|m_axi_gmem0_7_ARADDR    |  out|   64|       m_axi|       gmem0_7|       pointer|
|m_axi_gmem0_7_ARID      |  out|    1|       m_axi|       gmem0_7|       pointer|
|m_axi_gmem0_7_ARLEN     |  out|    8|       m_axi|       gmem0_7|       pointer|
|m_axi_gmem0_7_ARSIZE    |  out|    3|       m_axi|       gmem0_7|       pointer|
|m_axi_gmem0_7_ARBURST   |  out|    2|       m_axi|       gmem0_7|       pointer|
|m_axi_gmem0_7_ARLOCK    |  out|    2|       m_axi|       gmem0_7|       pointer|
|m_axi_gmem0_7_ARCACHE   |  out|    4|       m_axi|       gmem0_7|       pointer|
|m_axi_gmem0_7_ARPROT    |  out|    3|       m_axi|       gmem0_7|       pointer|
|m_axi_gmem0_7_ARQOS     |  out|    4|       m_axi|       gmem0_7|       pointer|
|m_axi_gmem0_7_ARREGION  |  out|    4|       m_axi|       gmem0_7|       pointer|
|m_axi_gmem0_7_ARUSER    |  out|    1|       m_axi|       gmem0_7|       pointer|
|m_axi_gmem0_7_RVALID    |   in|    1|       m_axi|       gmem0_7|       pointer|
|m_axi_gmem0_7_RREADY    |  out|    1|       m_axi|       gmem0_7|       pointer|
|m_axi_gmem0_7_RDATA     |   in|   32|       m_axi|       gmem0_7|       pointer|
|m_axi_gmem0_7_RLAST     |   in|    1|       m_axi|       gmem0_7|       pointer|
|m_axi_gmem0_7_RID       |   in|    1|       m_axi|       gmem0_7|       pointer|
|m_axi_gmem0_7_RUSER     |   in|    1|       m_axi|       gmem0_7|       pointer|
|m_axi_gmem0_7_RRESP     |   in|    2|       m_axi|       gmem0_7|       pointer|
|m_axi_gmem0_7_BVALID    |   in|    1|       m_axi|       gmem0_7|       pointer|
|m_axi_gmem0_7_BREADY    |  out|    1|       m_axi|       gmem0_7|       pointer|
|m_axi_gmem0_7_BRESP     |   in|    2|       m_axi|       gmem0_7|       pointer|
|m_axi_gmem0_7_BID       |   in|    1|       m_axi|       gmem0_7|       pointer|
|m_axi_gmem0_7_BUSER     |   in|    1|       m_axi|       gmem0_7|       pointer|
|m_axi_gmem1_0_AWVALID   |  out|    1|       m_axi|       gmem1_0|       pointer|
|m_axi_gmem1_0_AWREADY   |   in|    1|       m_axi|       gmem1_0|       pointer|
|m_axi_gmem1_0_AWADDR    |  out|   64|       m_axi|       gmem1_0|       pointer|
|m_axi_gmem1_0_AWID      |  out|    1|       m_axi|       gmem1_0|       pointer|
|m_axi_gmem1_0_AWLEN     |  out|    8|       m_axi|       gmem1_0|       pointer|
|m_axi_gmem1_0_AWSIZE    |  out|    3|       m_axi|       gmem1_0|       pointer|
|m_axi_gmem1_0_AWBURST   |  out|    2|       m_axi|       gmem1_0|       pointer|
|m_axi_gmem1_0_AWLOCK    |  out|    2|       m_axi|       gmem1_0|       pointer|
|m_axi_gmem1_0_AWCACHE   |  out|    4|       m_axi|       gmem1_0|       pointer|
|m_axi_gmem1_0_AWPROT    |  out|    3|       m_axi|       gmem1_0|       pointer|
|m_axi_gmem1_0_AWQOS     |  out|    4|       m_axi|       gmem1_0|       pointer|
|m_axi_gmem1_0_AWREGION  |  out|    4|       m_axi|       gmem1_0|       pointer|
|m_axi_gmem1_0_AWUSER    |  out|    1|       m_axi|       gmem1_0|       pointer|
|m_axi_gmem1_0_WVALID    |  out|    1|       m_axi|       gmem1_0|       pointer|
|m_axi_gmem1_0_WREADY    |   in|    1|       m_axi|       gmem1_0|       pointer|
|m_axi_gmem1_0_WDATA     |  out|   32|       m_axi|       gmem1_0|       pointer|
|m_axi_gmem1_0_WSTRB     |  out|    4|       m_axi|       gmem1_0|       pointer|
|m_axi_gmem1_0_WLAST     |  out|    1|       m_axi|       gmem1_0|       pointer|
|m_axi_gmem1_0_WID       |  out|    1|       m_axi|       gmem1_0|       pointer|
|m_axi_gmem1_0_WUSER     |  out|    1|       m_axi|       gmem1_0|       pointer|
|m_axi_gmem1_0_ARVALID   |  out|    1|       m_axi|       gmem1_0|       pointer|
|m_axi_gmem1_0_ARREADY   |   in|    1|       m_axi|       gmem1_0|       pointer|
|m_axi_gmem1_0_ARADDR    |  out|   64|       m_axi|       gmem1_0|       pointer|
|m_axi_gmem1_0_ARID      |  out|    1|       m_axi|       gmem1_0|       pointer|
|m_axi_gmem1_0_ARLEN     |  out|    8|       m_axi|       gmem1_0|       pointer|
|m_axi_gmem1_0_ARSIZE    |  out|    3|       m_axi|       gmem1_0|       pointer|
|m_axi_gmem1_0_ARBURST   |  out|    2|       m_axi|       gmem1_0|       pointer|
|m_axi_gmem1_0_ARLOCK    |  out|    2|       m_axi|       gmem1_0|       pointer|
|m_axi_gmem1_0_ARCACHE   |  out|    4|       m_axi|       gmem1_0|       pointer|
|m_axi_gmem1_0_ARPROT    |  out|    3|       m_axi|       gmem1_0|       pointer|
|m_axi_gmem1_0_ARQOS     |  out|    4|       m_axi|       gmem1_0|       pointer|
|m_axi_gmem1_0_ARREGION  |  out|    4|       m_axi|       gmem1_0|       pointer|
|m_axi_gmem1_0_ARUSER    |  out|    1|       m_axi|       gmem1_0|       pointer|
|m_axi_gmem1_0_RVALID    |   in|    1|       m_axi|       gmem1_0|       pointer|
|m_axi_gmem1_0_RREADY    |  out|    1|       m_axi|       gmem1_0|       pointer|
|m_axi_gmem1_0_RDATA     |   in|   32|       m_axi|       gmem1_0|       pointer|
|m_axi_gmem1_0_RLAST     |   in|    1|       m_axi|       gmem1_0|       pointer|
|m_axi_gmem1_0_RID       |   in|    1|       m_axi|       gmem1_0|       pointer|
|m_axi_gmem1_0_RUSER     |   in|    1|       m_axi|       gmem1_0|       pointer|
|m_axi_gmem1_0_RRESP     |   in|    2|       m_axi|       gmem1_0|       pointer|
|m_axi_gmem1_0_BVALID    |   in|    1|       m_axi|       gmem1_0|       pointer|
|m_axi_gmem1_0_BREADY    |  out|    1|       m_axi|       gmem1_0|       pointer|
|m_axi_gmem1_0_BRESP     |   in|    2|       m_axi|       gmem1_0|       pointer|
|m_axi_gmem1_0_BID       |   in|    1|       m_axi|       gmem1_0|       pointer|
|m_axi_gmem1_0_BUSER     |   in|    1|       m_axi|       gmem1_0|       pointer|
|m_axi_gmem1_1_AWVALID   |  out|    1|       m_axi|       gmem1_1|       pointer|
|m_axi_gmem1_1_AWREADY   |   in|    1|       m_axi|       gmem1_1|       pointer|
|m_axi_gmem1_1_AWADDR    |  out|   64|       m_axi|       gmem1_1|       pointer|
|m_axi_gmem1_1_AWID      |  out|    1|       m_axi|       gmem1_1|       pointer|
|m_axi_gmem1_1_AWLEN     |  out|    8|       m_axi|       gmem1_1|       pointer|
|m_axi_gmem1_1_AWSIZE    |  out|    3|       m_axi|       gmem1_1|       pointer|
|m_axi_gmem1_1_AWBURST   |  out|    2|       m_axi|       gmem1_1|       pointer|
|m_axi_gmem1_1_AWLOCK    |  out|    2|       m_axi|       gmem1_1|       pointer|
|m_axi_gmem1_1_AWCACHE   |  out|    4|       m_axi|       gmem1_1|       pointer|
|m_axi_gmem1_1_AWPROT    |  out|    3|       m_axi|       gmem1_1|       pointer|
|m_axi_gmem1_1_AWQOS     |  out|    4|       m_axi|       gmem1_1|       pointer|
|m_axi_gmem1_1_AWREGION  |  out|    4|       m_axi|       gmem1_1|       pointer|
|m_axi_gmem1_1_AWUSER    |  out|    1|       m_axi|       gmem1_1|       pointer|
|m_axi_gmem1_1_WVALID    |  out|    1|       m_axi|       gmem1_1|       pointer|
|m_axi_gmem1_1_WREADY    |   in|    1|       m_axi|       gmem1_1|       pointer|
|m_axi_gmem1_1_WDATA     |  out|   32|       m_axi|       gmem1_1|       pointer|
|m_axi_gmem1_1_WSTRB     |  out|    4|       m_axi|       gmem1_1|       pointer|
|m_axi_gmem1_1_WLAST     |  out|    1|       m_axi|       gmem1_1|       pointer|
|m_axi_gmem1_1_WID       |  out|    1|       m_axi|       gmem1_1|       pointer|
|m_axi_gmem1_1_WUSER     |  out|    1|       m_axi|       gmem1_1|       pointer|
|m_axi_gmem1_1_ARVALID   |  out|    1|       m_axi|       gmem1_1|       pointer|
|m_axi_gmem1_1_ARREADY   |   in|    1|       m_axi|       gmem1_1|       pointer|
|m_axi_gmem1_1_ARADDR    |  out|   64|       m_axi|       gmem1_1|       pointer|
|m_axi_gmem1_1_ARID      |  out|    1|       m_axi|       gmem1_1|       pointer|
|m_axi_gmem1_1_ARLEN     |  out|    8|       m_axi|       gmem1_1|       pointer|
|m_axi_gmem1_1_ARSIZE    |  out|    3|       m_axi|       gmem1_1|       pointer|
|m_axi_gmem1_1_ARBURST   |  out|    2|       m_axi|       gmem1_1|       pointer|
|m_axi_gmem1_1_ARLOCK    |  out|    2|       m_axi|       gmem1_1|       pointer|
|m_axi_gmem1_1_ARCACHE   |  out|    4|       m_axi|       gmem1_1|       pointer|
|m_axi_gmem1_1_ARPROT    |  out|    3|       m_axi|       gmem1_1|       pointer|
|m_axi_gmem1_1_ARQOS     |  out|    4|       m_axi|       gmem1_1|       pointer|
|m_axi_gmem1_1_ARREGION  |  out|    4|       m_axi|       gmem1_1|       pointer|
|m_axi_gmem1_1_ARUSER    |  out|    1|       m_axi|       gmem1_1|       pointer|
|m_axi_gmem1_1_RVALID    |   in|    1|       m_axi|       gmem1_1|       pointer|
|m_axi_gmem1_1_RREADY    |  out|    1|       m_axi|       gmem1_1|       pointer|
|m_axi_gmem1_1_RDATA     |   in|   32|       m_axi|       gmem1_1|       pointer|
|m_axi_gmem1_1_RLAST     |   in|    1|       m_axi|       gmem1_1|       pointer|
|m_axi_gmem1_1_RID       |   in|    1|       m_axi|       gmem1_1|       pointer|
|m_axi_gmem1_1_RUSER     |   in|    1|       m_axi|       gmem1_1|       pointer|
|m_axi_gmem1_1_RRESP     |   in|    2|       m_axi|       gmem1_1|       pointer|
|m_axi_gmem1_1_BVALID    |   in|    1|       m_axi|       gmem1_1|       pointer|
|m_axi_gmem1_1_BREADY    |  out|    1|       m_axi|       gmem1_1|       pointer|
|m_axi_gmem1_1_BRESP     |   in|    2|       m_axi|       gmem1_1|       pointer|
|m_axi_gmem1_1_BID       |   in|    1|       m_axi|       gmem1_1|       pointer|
|m_axi_gmem1_1_BUSER     |   in|    1|       m_axi|       gmem1_1|       pointer|
|m_axi_gmem1_2_AWVALID   |  out|    1|       m_axi|       gmem1_2|       pointer|
|m_axi_gmem1_2_AWREADY   |   in|    1|       m_axi|       gmem1_2|       pointer|
|m_axi_gmem1_2_AWADDR    |  out|   64|       m_axi|       gmem1_2|       pointer|
|m_axi_gmem1_2_AWID      |  out|    1|       m_axi|       gmem1_2|       pointer|
|m_axi_gmem1_2_AWLEN     |  out|    8|       m_axi|       gmem1_2|       pointer|
|m_axi_gmem1_2_AWSIZE    |  out|    3|       m_axi|       gmem1_2|       pointer|
|m_axi_gmem1_2_AWBURST   |  out|    2|       m_axi|       gmem1_2|       pointer|
|m_axi_gmem1_2_AWLOCK    |  out|    2|       m_axi|       gmem1_2|       pointer|
|m_axi_gmem1_2_AWCACHE   |  out|    4|       m_axi|       gmem1_2|       pointer|
|m_axi_gmem1_2_AWPROT    |  out|    3|       m_axi|       gmem1_2|       pointer|
|m_axi_gmem1_2_AWQOS     |  out|    4|       m_axi|       gmem1_2|       pointer|
|m_axi_gmem1_2_AWREGION  |  out|    4|       m_axi|       gmem1_2|       pointer|
|m_axi_gmem1_2_AWUSER    |  out|    1|       m_axi|       gmem1_2|       pointer|
|m_axi_gmem1_2_WVALID    |  out|    1|       m_axi|       gmem1_2|       pointer|
|m_axi_gmem1_2_WREADY    |   in|    1|       m_axi|       gmem1_2|       pointer|
|m_axi_gmem1_2_WDATA     |  out|   32|       m_axi|       gmem1_2|       pointer|
|m_axi_gmem1_2_WSTRB     |  out|    4|       m_axi|       gmem1_2|       pointer|
|m_axi_gmem1_2_WLAST     |  out|    1|       m_axi|       gmem1_2|       pointer|
|m_axi_gmem1_2_WID       |  out|    1|       m_axi|       gmem1_2|       pointer|
|m_axi_gmem1_2_WUSER     |  out|    1|       m_axi|       gmem1_2|       pointer|
|m_axi_gmem1_2_ARVALID   |  out|    1|       m_axi|       gmem1_2|       pointer|
|m_axi_gmem1_2_ARREADY   |   in|    1|       m_axi|       gmem1_2|       pointer|
|m_axi_gmem1_2_ARADDR    |  out|   64|       m_axi|       gmem1_2|       pointer|
|m_axi_gmem1_2_ARID      |  out|    1|       m_axi|       gmem1_2|       pointer|
|m_axi_gmem1_2_ARLEN     |  out|    8|       m_axi|       gmem1_2|       pointer|
|m_axi_gmem1_2_ARSIZE    |  out|    3|       m_axi|       gmem1_2|       pointer|
|m_axi_gmem1_2_ARBURST   |  out|    2|       m_axi|       gmem1_2|       pointer|
|m_axi_gmem1_2_ARLOCK    |  out|    2|       m_axi|       gmem1_2|       pointer|
|m_axi_gmem1_2_ARCACHE   |  out|    4|       m_axi|       gmem1_2|       pointer|
|m_axi_gmem1_2_ARPROT    |  out|    3|       m_axi|       gmem1_2|       pointer|
|m_axi_gmem1_2_ARQOS     |  out|    4|       m_axi|       gmem1_2|       pointer|
|m_axi_gmem1_2_ARREGION  |  out|    4|       m_axi|       gmem1_2|       pointer|
|m_axi_gmem1_2_ARUSER    |  out|    1|       m_axi|       gmem1_2|       pointer|
|m_axi_gmem1_2_RVALID    |   in|    1|       m_axi|       gmem1_2|       pointer|
|m_axi_gmem1_2_RREADY    |  out|    1|       m_axi|       gmem1_2|       pointer|
|m_axi_gmem1_2_RDATA     |   in|   32|       m_axi|       gmem1_2|       pointer|
|m_axi_gmem1_2_RLAST     |   in|    1|       m_axi|       gmem1_2|       pointer|
|m_axi_gmem1_2_RID       |   in|    1|       m_axi|       gmem1_2|       pointer|
|m_axi_gmem1_2_RUSER     |   in|    1|       m_axi|       gmem1_2|       pointer|
|m_axi_gmem1_2_RRESP     |   in|    2|       m_axi|       gmem1_2|       pointer|
|m_axi_gmem1_2_BVALID    |   in|    1|       m_axi|       gmem1_2|       pointer|
|m_axi_gmem1_2_BREADY    |  out|    1|       m_axi|       gmem1_2|       pointer|
|m_axi_gmem1_2_BRESP     |   in|    2|       m_axi|       gmem1_2|       pointer|
|m_axi_gmem1_2_BID       |   in|    1|       m_axi|       gmem1_2|       pointer|
|m_axi_gmem1_2_BUSER     |   in|    1|       m_axi|       gmem1_2|       pointer|
|m_axi_gmem1_3_AWVALID   |  out|    1|       m_axi|       gmem1_3|       pointer|
|m_axi_gmem1_3_AWREADY   |   in|    1|       m_axi|       gmem1_3|       pointer|
|m_axi_gmem1_3_AWADDR    |  out|   64|       m_axi|       gmem1_3|       pointer|
|m_axi_gmem1_3_AWID      |  out|    1|       m_axi|       gmem1_3|       pointer|
|m_axi_gmem1_3_AWLEN     |  out|    8|       m_axi|       gmem1_3|       pointer|
|m_axi_gmem1_3_AWSIZE    |  out|    3|       m_axi|       gmem1_3|       pointer|
|m_axi_gmem1_3_AWBURST   |  out|    2|       m_axi|       gmem1_3|       pointer|
|m_axi_gmem1_3_AWLOCK    |  out|    2|       m_axi|       gmem1_3|       pointer|
|m_axi_gmem1_3_AWCACHE   |  out|    4|       m_axi|       gmem1_3|       pointer|
|m_axi_gmem1_3_AWPROT    |  out|    3|       m_axi|       gmem1_3|       pointer|
|m_axi_gmem1_3_AWQOS     |  out|    4|       m_axi|       gmem1_3|       pointer|
|m_axi_gmem1_3_AWREGION  |  out|    4|       m_axi|       gmem1_3|       pointer|
|m_axi_gmem1_3_AWUSER    |  out|    1|       m_axi|       gmem1_3|       pointer|
|m_axi_gmem1_3_WVALID    |  out|    1|       m_axi|       gmem1_3|       pointer|
|m_axi_gmem1_3_WREADY    |   in|    1|       m_axi|       gmem1_3|       pointer|
|m_axi_gmem1_3_WDATA     |  out|   32|       m_axi|       gmem1_3|       pointer|
|m_axi_gmem1_3_WSTRB     |  out|    4|       m_axi|       gmem1_3|       pointer|
|m_axi_gmem1_3_WLAST     |  out|    1|       m_axi|       gmem1_3|       pointer|
|m_axi_gmem1_3_WID       |  out|    1|       m_axi|       gmem1_3|       pointer|
|m_axi_gmem1_3_WUSER     |  out|    1|       m_axi|       gmem1_3|       pointer|
|m_axi_gmem1_3_ARVALID   |  out|    1|       m_axi|       gmem1_3|       pointer|
|m_axi_gmem1_3_ARREADY   |   in|    1|       m_axi|       gmem1_3|       pointer|
|m_axi_gmem1_3_ARADDR    |  out|   64|       m_axi|       gmem1_3|       pointer|
|m_axi_gmem1_3_ARID      |  out|    1|       m_axi|       gmem1_3|       pointer|
|m_axi_gmem1_3_ARLEN     |  out|    8|       m_axi|       gmem1_3|       pointer|
|m_axi_gmem1_3_ARSIZE    |  out|    3|       m_axi|       gmem1_3|       pointer|
|m_axi_gmem1_3_ARBURST   |  out|    2|       m_axi|       gmem1_3|       pointer|
|m_axi_gmem1_3_ARLOCK    |  out|    2|       m_axi|       gmem1_3|       pointer|
|m_axi_gmem1_3_ARCACHE   |  out|    4|       m_axi|       gmem1_3|       pointer|
|m_axi_gmem1_3_ARPROT    |  out|    3|       m_axi|       gmem1_3|       pointer|
|m_axi_gmem1_3_ARQOS     |  out|    4|       m_axi|       gmem1_3|       pointer|
|m_axi_gmem1_3_ARREGION  |  out|    4|       m_axi|       gmem1_3|       pointer|
|m_axi_gmem1_3_ARUSER    |  out|    1|       m_axi|       gmem1_3|       pointer|
|m_axi_gmem1_3_RVALID    |   in|    1|       m_axi|       gmem1_3|       pointer|
|m_axi_gmem1_3_RREADY    |  out|    1|       m_axi|       gmem1_3|       pointer|
|m_axi_gmem1_3_RDATA     |   in|   32|       m_axi|       gmem1_3|       pointer|
|m_axi_gmem1_3_RLAST     |   in|    1|       m_axi|       gmem1_3|       pointer|
|m_axi_gmem1_3_RID       |   in|    1|       m_axi|       gmem1_3|       pointer|
|m_axi_gmem1_3_RUSER     |   in|    1|       m_axi|       gmem1_3|       pointer|
|m_axi_gmem1_3_RRESP     |   in|    2|       m_axi|       gmem1_3|       pointer|
|m_axi_gmem1_3_BVALID    |   in|    1|       m_axi|       gmem1_3|       pointer|
|m_axi_gmem1_3_BREADY    |  out|    1|       m_axi|       gmem1_3|       pointer|
|m_axi_gmem1_3_BRESP     |   in|    2|       m_axi|       gmem1_3|       pointer|
|m_axi_gmem1_3_BID       |   in|    1|       m_axi|       gmem1_3|       pointer|
|m_axi_gmem1_3_BUSER     |   in|    1|       m_axi|       gmem1_3|       pointer|
|m_axi_gmem1_4_AWVALID   |  out|    1|       m_axi|       gmem1_4|       pointer|
|m_axi_gmem1_4_AWREADY   |   in|    1|       m_axi|       gmem1_4|       pointer|
|m_axi_gmem1_4_AWADDR    |  out|   64|       m_axi|       gmem1_4|       pointer|
|m_axi_gmem1_4_AWID      |  out|    1|       m_axi|       gmem1_4|       pointer|
|m_axi_gmem1_4_AWLEN     |  out|    8|       m_axi|       gmem1_4|       pointer|
|m_axi_gmem1_4_AWSIZE    |  out|    3|       m_axi|       gmem1_4|       pointer|
|m_axi_gmem1_4_AWBURST   |  out|    2|       m_axi|       gmem1_4|       pointer|
|m_axi_gmem1_4_AWLOCK    |  out|    2|       m_axi|       gmem1_4|       pointer|
|m_axi_gmem1_4_AWCACHE   |  out|    4|       m_axi|       gmem1_4|       pointer|
|m_axi_gmem1_4_AWPROT    |  out|    3|       m_axi|       gmem1_4|       pointer|
|m_axi_gmem1_4_AWQOS     |  out|    4|       m_axi|       gmem1_4|       pointer|
|m_axi_gmem1_4_AWREGION  |  out|    4|       m_axi|       gmem1_4|       pointer|
|m_axi_gmem1_4_AWUSER    |  out|    1|       m_axi|       gmem1_4|       pointer|
|m_axi_gmem1_4_WVALID    |  out|    1|       m_axi|       gmem1_4|       pointer|
|m_axi_gmem1_4_WREADY    |   in|    1|       m_axi|       gmem1_4|       pointer|
|m_axi_gmem1_4_WDATA     |  out|   32|       m_axi|       gmem1_4|       pointer|
|m_axi_gmem1_4_WSTRB     |  out|    4|       m_axi|       gmem1_4|       pointer|
|m_axi_gmem1_4_WLAST     |  out|    1|       m_axi|       gmem1_4|       pointer|
|m_axi_gmem1_4_WID       |  out|    1|       m_axi|       gmem1_4|       pointer|
|m_axi_gmem1_4_WUSER     |  out|    1|       m_axi|       gmem1_4|       pointer|
|m_axi_gmem1_4_ARVALID   |  out|    1|       m_axi|       gmem1_4|       pointer|
|m_axi_gmem1_4_ARREADY   |   in|    1|       m_axi|       gmem1_4|       pointer|
|m_axi_gmem1_4_ARADDR    |  out|   64|       m_axi|       gmem1_4|       pointer|
|m_axi_gmem1_4_ARID      |  out|    1|       m_axi|       gmem1_4|       pointer|
|m_axi_gmem1_4_ARLEN     |  out|    8|       m_axi|       gmem1_4|       pointer|
|m_axi_gmem1_4_ARSIZE    |  out|    3|       m_axi|       gmem1_4|       pointer|
|m_axi_gmem1_4_ARBURST   |  out|    2|       m_axi|       gmem1_4|       pointer|
|m_axi_gmem1_4_ARLOCK    |  out|    2|       m_axi|       gmem1_4|       pointer|
|m_axi_gmem1_4_ARCACHE   |  out|    4|       m_axi|       gmem1_4|       pointer|
|m_axi_gmem1_4_ARPROT    |  out|    3|       m_axi|       gmem1_4|       pointer|
|m_axi_gmem1_4_ARQOS     |  out|    4|       m_axi|       gmem1_4|       pointer|
|m_axi_gmem1_4_ARREGION  |  out|    4|       m_axi|       gmem1_4|       pointer|
|m_axi_gmem1_4_ARUSER    |  out|    1|       m_axi|       gmem1_4|       pointer|
|m_axi_gmem1_4_RVALID    |   in|    1|       m_axi|       gmem1_4|       pointer|
|m_axi_gmem1_4_RREADY    |  out|    1|       m_axi|       gmem1_4|       pointer|
|m_axi_gmem1_4_RDATA     |   in|   32|       m_axi|       gmem1_4|       pointer|
|m_axi_gmem1_4_RLAST     |   in|    1|       m_axi|       gmem1_4|       pointer|
|m_axi_gmem1_4_RID       |   in|    1|       m_axi|       gmem1_4|       pointer|
|m_axi_gmem1_4_RUSER     |   in|    1|       m_axi|       gmem1_4|       pointer|
|m_axi_gmem1_4_RRESP     |   in|    2|       m_axi|       gmem1_4|       pointer|
|m_axi_gmem1_4_BVALID    |   in|    1|       m_axi|       gmem1_4|       pointer|
|m_axi_gmem1_4_BREADY    |  out|    1|       m_axi|       gmem1_4|       pointer|
|m_axi_gmem1_4_BRESP     |   in|    2|       m_axi|       gmem1_4|       pointer|
|m_axi_gmem1_4_BID       |   in|    1|       m_axi|       gmem1_4|       pointer|
|m_axi_gmem1_4_BUSER     |   in|    1|       m_axi|       gmem1_4|       pointer|
|m_axi_gmem1_5_AWVALID   |  out|    1|       m_axi|       gmem1_5|       pointer|
|m_axi_gmem1_5_AWREADY   |   in|    1|       m_axi|       gmem1_5|       pointer|
|m_axi_gmem1_5_AWADDR    |  out|   64|       m_axi|       gmem1_5|       pointer|
|m_axi_gmem1_5_AWID      |  out|    1|       m_axi|       gmem1_5|       pointer|
|m_axi_gmem1_5_AWLEN     |  out|    8|       m_axi|       gmem1_5|       pointer|
|m_axi_gmem1_5_AWSIZE    |  out|    3|       m_axi|       gmem1_5|       pointer|
|m_axi_gmem1_5_AWBURST   |  out|    2|       m_axi|       gmem1_5|       pointer|
|m_axi_gmem1_5_AWLOCK    |  out|    2|       m_axi|       gmem1_5|       pointer|
|m_axi_gmem1_5_AWCACHE   |  out|    4|       m_axi|       gmem1_5|       pointer|
|m_axi_gmem1_5_AWPROT    |  out|    3|       m_axi|       gmem1_5|       pointer|
|m_axi_gmem1_5_AWQOS     |  out|    4|       m_axi|       gmem1_5|       pointer|
|m_axi_gmem1_5_AWREGION  |  out|    4|       m_axi|       gmem1_5|       pointer|
|m_axi_gmem1_5_AWUSER    |  out|    1|       m_axi|       gmem1_5|       pointer|
|m_axi_gmem1_5_WVALID    |  out|    1|       m_axi|       gmem1_5|       pointer|
|m_axi_gmem1_5_WREADY    |   in|    1|       m_axi|       gmem1_5|       pointer|
|m_axi_gmem1_5_WDATA     |  out|   32|       m_axi|       gmem1_5|       pointer|
|m_axi_gmem1_5_WSTRB     |  out|    4|       m_axi|       gmem1_5|       pointer|
|m_axi_gmem1_5_WLAST     |  out|    1|       m_axi|       gmem1_5|       pointer|
|m_axi_gmem1_5_WID       |  out|    1|       m_axi|       gmem1_5|       pointer|
|m_axi_gmem1_5_WUSER     |  out|    1|       m_axi|       gmem1_5|       pointer|
|m_axi_gmem1_5_ARVALID   |  out|    1|       m_axi|       gmem1_5|       pointer|
|m_axi_gmem1_5_ARREADY   |   in|    1|       m_axi|       gmem1_5|       pointer|
|m_axi_gmem1_5_ARADDR    |  out|   64|       m_axi|       gmem1_5|       pointer|
|m_axi_gmem1_5_ARID      |  out|    1|       m_axi|       gmem1_5|       pointer|
|m_axi_gmem1_5_ARLEN     |  out|    8|       m_axi|       gmem1_5|       pointer|
|m_axi_gmem1_5_ARSIZE    |  out|    3|       m_axi|       gmem1_5|       pointer|
|m_axi_gmem1_5_ARBURST   |  out|    2|       m_axi|       gmem1_5|       pointer|
|m_axi_gmem1_5_ARLOCK    |  out|    2|       m_axi|       gmem1_5|       pointer|
|m_axi_gmem1_5_ARCACHE   |  out|    4|       m_axi|       gmem1_5|       pointer|
|m_axi_gmem1_5_ARPROT    |  out|    3|       m_axi|       gmem1_5|       pointer|
|m_axi_gmem1_5_ARQOS     |  out|    4|       m_axi|       gmem1_5|       pointer|
|m_axi_gmem1_5_ARREGION  |  out|    4|       m_axi|       gmem1_5|       pointer|
|m_axi_gmem1_5_ARUSER    |  out|    1|       m_axi|       gmem1_5|       pointer|
|m_axi_gmem1_5_RVALID    |   in|    1|       m_axi|       gmem1_5|       pointer|
|m_axi_gmem1_5_RREADY    |  out|    1|       m_axi|       gmem1_5|       pointer|
|m_axi_gmem1_5_RDATA     |   in|   32|       m_axi|       gmem1_5|       pointer|
|m_axi_gmem1_5_RLAST     |   in|    1|       m_axi|       gmem1_5|       pointer|
|m_axi_gmem1_5_RID       |   in|    1|       m_axi|       gmem1_5|       pointer|
|m_axi_gmem1_5_RUSER     |   in|    1|       m_axi|       gmem1_5|       pointer|
|m_axi_gmem1_5_RRESP     |   in|    2|       m_axi|       gmem1_5|       pointer|
|m_axi_gmem1_5_BVALID    |   in|    1|       m_axi|       gmem1_5|       pointer|
|m_axi_gmem1_5_BREADY    |  out|    1|       m_axi|       gmem1_5|       pointer|
|m_axi_gmem1_5_BRESP     |   in|    2|       m_axi|       gmem1_5|       pointer|
|m_axi_gmem1_5_BID       |   in|    1|       m_axi|       gmem1_5|       pointer|
|m_axi_gmem1_5_BUSER     |   in|    1|       m_axi|       gmem1_5|       pointer|
|m_axi_gmem1_6_AWVALID   |  out|    1|       m_axi|       gmem1_6|       pointer|
|m_axi_gmem1_6_AWREADY   |   in|    1|       m_axi|       gmem1_6|       pointer|
|m_axi_gmem1_6_AWADDR    |  out|   64|       m_axi|       gmem1_6|       pointer|
|m_axi_gmem1_6_AWID      |  out|    1|       m_axi|       gmem1_6|       pointer|
|m_axi_gmem1_6_AWLEN     |  out|    8|       m_axi|       gmem1_6|       pointer|
|m_axi_gmem1_6_AWSIZE    |  out|    3|       m_axi|       gmem1_6|       pointer|
|m_axi_gmem1_6_AWBURST   |  out|    2|       m_axi|       gmem1_6|       pointer|
|m_axi_gmem1_6_AWLOCK    |  out|    2|       m_axi|       gmem1_6|       pointer|
|m_axi_gmem1_6_AWCACHE   |  out|    4|       m_axi|       gmem1_6|       pointer|
|m_axi_gmem1_6_AWPROT    |  out|    3|       m_axi|       gmem1_6|       pointer|
|m_axi_gmem1_6_AWQOS     |  out|    4|       m_axi|       gmem1_6|       pointer|
|m_axi_gmem1_6_AWREGION  |  out|    4|       m_axi|       gmem1_6|       pointer|
|m_axi_gmem1_6_AWUSER    |  out|    1|       m_axi|       gmem1_6|       pointer|
|m_axi_gmem1_6_WVALID    |  out|    1|       m_axi|       gmem1_6|       pointer|
|m_axi_gmem1_6_WREADY    |   in|    1|       m_axi|       gmem1_6|       pointer|
|m_axi_gmem1_6_WDATA     |  out|   32|       m_axi|       gmem1_6|       pointer|
|m_axi_gmem1_6_WSTRB     |  out|    4|       m_axi|       gmem1_6|       pointer|
|m_axi_gmem1_6_WLAST     |  out|    1|       m_axi|       gmem1_6|       pointer|
|m_axi_gmem1_6_WID       |  out|    1|       m_axi|       gmem1_6|       pointer|
|m_axi_gmem1_6_WUSER     |  out|    1|       m_axi|       gmem1_6|       pointer|
|m_axi_gmem1_6_ARVALID   |  out|    1|       m_axi|       gmem1_6|       pointer|
|m_axi_gmem1_6_ARREADY   |   in|    1|       m_axi|       gmem1_6|       pointer|
|m_axi_gmem1_6_ARADDR    |  out|   64|       m_axi|       gmem1_6|       pointer|
|m_axi_gmem1_6_ARID      |  out|    1|       m_axi|       gmem1_6|       pointer|
|m_axi_gmem1_6_ARLEN     |  out|    8|       m_axi|       gmem1_6|       pointer|
|m_axi_gmem1_6_ARSIZE    |  out|    3|       m_axi|       gmem1_6|       pointer|
|m_axi_gmem1_6_ARBURST   |  out|    2|       m_axi|       gmem1_6|       pointer|
|m_axi_gmem1_6_ARLOCK    |  out|    2|       m_axi|       gmem1_6|       pointer|
|m_axi_gmem1_6_ARCACHE   |  out|    4|       m_axi|       gmem1_6|       pointer|
|m_axi_gmem1_6_ARPROT    |  out|    3|       m_axi|       gmem1_6|       pointer|
|m_axi_gmem1_6_ARQOS     |  out|    4|       m_axi|       gmem1_6|       pointer|
|m_axi_gmem1_6_ARREGION  |  out|    4|       m_axi|       gmem1_6|       pointer|
|m_axi_gmem1_6_ARUSER    |  out|    1|       m_axi|       gmem1_6|       pointer|
|m_axi_gmem1_6_RVALID    |   in|    1|       m_axi|       gmem1_6|       pointer|
|m_axi_gmem1_6_RREADY    |  out|    1|       m_axi|       gmem1_6|       pointer|
|m_axi_gmem1_6_RDATA     |   in|   32|       m_axi|       gmem1_6|       pointer|
|m_axi_gmem1_6_RLAST     |   in|    1|       m_axi|       gmem1_6|       pointer|
|m_axi_gmem1_6_RID       |   in|    1|       m_axi|       gmem1_6|       pointer|
|m_axi_gmem1_6_RUSER     |   in|    1|       m_axi|       gmem1_6|       pointer|
|m_axi_gmem1_6_RRESP     |   in|    2|       m_axi|       gmem1_6|       pointer|
|m_axi_gmem1_6_BVALID    |   in|    1|       m_axi|       gmem1_6|       pointer|
|m_axi_gmem1_6_BREADY    |  out|    1|       m_axi|       gmem1_6|       pointer|
|m_axi_gmem1_6_BRESP     |   in|    2|       m_axi|       gmem1_6|       pointer|
|m_axi_gmem1_6_BID       |   in|    1|       m_axi|       gmem1_6|       pointer|
|m_axi_gmem1_6_BUSER     |   in|    1|       m_axi|       gmem1_6|       pointer|
|m_axi_gmem1_7_AWVALID   |  out|    1|       m_axi|       gmem1_7|       pointer|
|m_axi_gmem1_7_AWREADY   |   in|    1|       m_axi|       gmem1_7|       pointer|
|m_axi_gmem1_7_AWADDR    |  out|   64|       m_axi|       gmem1_7|       pointer|
|m_axi_gmem1_7_AWID      |  out|    1|       m_axi|       gmem1_7|       pointer|
|m_axi_gmem1_7_AWLEN     |  out|    8|       m_axi|       gmem1_7|       pointer|
|m_axi_gmem1_7_AWSIZE    |  out|    3|       m_axi|       gmem1_7|       pointer|
|m_axi_gmem1_7_AWBURST   |  out|    2|       m_axi|       gmem1_7|       pointer|
|m_axi_gmem1_7_AWLOCK    |  out|    2|       m_axi|       gmem1_7|       pointer|
|m_axi_gmem1_7_AWCACHE   |  out|    4|       m_axi|       gmem1_7|       pointer|
|m_axi_gmem1_7_AWPROT    |  out|    3|       m_axi|       gmem1_7|       pointer|
|m_axi_gmem1_7_AWQOS     |  out|    4|       m_axi|       gmem1_7|       pointer|
|m_axi_gmem1_7_AWREGION  |  out|    4|       m_axi|       gmem1_7|       pointer|
|m_axi_gmem1_7_AWUSER    |  out|    1|       m_axi|       gmem1_7|       pointer|
|m_axi_gmem1_7_WVALID    |  out|    1|       m_axi|       gmem1_7|       pointer|
|m_axi_gmem1_7_WREADY    |   in|    1|       m_axi|       gmem1_7|       pointer|
|m_axi_gmem1_7_WDATA     |  out|   32|       m_axi|       gmem1_7|       pointer|
|m_axi_gmem1_7_WSTRB     |  out|    4|       m_axi|       gmem1_7|       pointer|
|m_axi_gmem1_7_WLAST     |  out|    1|       m_axi|       gmem1_7|       pointer|
|m_axi_gmem1_7_WID       |  out|    1|       m_axi|       gmem1_7|       pointer|
|m_axi_gmem1_7_WUSER     |  out|    1|       m_axi|       gmem1_7|       pointer|
|m_axi_gmem1_7_ARVALID   |  out|    1|       m_axi|       gmem1_7|       pointer|
|m_axi_gmem1_7_ARREADY   |   in|    1|       m_axi|       gmem1_7|       pointer|
|m_axi_gmem1_7_ARADDR    |  out|   64|       m_axi|       gmem1_7|       pointer|
|m_axi_gmem1_7_ARID      |  out|    1|       m_axi|       gmem1_7|       pointer|
|m_axi_gmem1_7_ARLEN     |  out|    8|       m_axi|       gmem1_7|       pointer|
|m_axi_gmem1_7_ARSIZE    |  out|    3|       m_axi|       gmem1_7|       pointer|
|m_axi_gmem1_7_ARBURST   |  out|    2|       m_axi|       gmem1_7|       pointer|
|m_axi_gmem1_7_ARLOCK    |  out|    2|       m_axi|       gmem1_7|       pointer|
|m_axi_gmem1_7_ARCACHE   |  out|    4|       m_axi|       gmem1_7|       pointer|
|m_axi_gmem1_7_ARPROT    |  out|    3|       m_axi|       gmem1_7|       pointer|
|m_axi_gmem1_7_ARQOS     |  out|    4|       m_axi|       gmem1_7|       pointer|
|m_axi_gmem1_7_ARREGION  |  out|    4|       m_axi|       gmem1_7|       pointer|
|m_axi_gmem1_7_ARUSER    |  out|    1|       m_axi|       gmem1_7|       pointer|
|m_axi_gmem1_7_RVALID    |   in|    1|       m_axi|       gmem1_7|       pointer|
|m_axi_gmem1_7_RREADY    |  out|    1|       m_axi|       gmem1_7|       pointer|
|m_axi_gmem1_7_RDATA     |   in|   32|       m_axi|       gmem1_7|       pointer|
|m_axi_gmem1_7_RLAST     |   in|    1|       m_axi|       gmem1_7|       pointer|
|m_axi_gmem1_7_RID       |   in|    1|       m_axi|       gmem1_7|       pointer|
|m_axi_gmem1_7_RUSER     |   in|    1|       m_axi|       gmem1_7|       pointer|
|m_axi_gmem1_7_RRESP     |   in|    2|       m_axi|       gmem1_7|       pointer|
|m_axi_gmem1_7_BVALID    |   in|    1|       m_axi|       gmem1_7|       pointer|
|m_axi_gmem1_7_BREADY    |  out|    1|       m_axi|       gmem1_7|       pointer|
|m_axi_gmem1_7_BRESP     |   in|    2|       m_axi|       gmem1_7|       pointer|
|m_axi_gmem1_7_BID       |   in|    1|       m_axi|       gmem1_7|       pointer|
|m_axi_gmem1_7_BUSER     |   in|    1|       m_axi|       gmem1_7|       pointer|
|m_axi_gmem1_AWVALID     |  out|    1|       m_axi|         gmem1|       pointer|
|m_axi_gmem1_AWREADY     |   in|    1|       m_axi|         gmem1|       pointer|
|m_axi_gmem1_AWADDR      |  out|   64|       m_axi|         gmem1|       pointer|
|m_axi_gmem1_AWID        |  out|    1|       m_axi|         gmem1|       pointer|
|m_axi_gmem1_AWLEN       |  out|    8|       m_axi|         gmem1|       pointer|
|m_axi_gmem1_AWSIZE      |  out|    3|       m_axi|         gmem1|       pointer|
|m_axi_gmem1_AWBURST     |  out|    2|       m_axi|         gmem1|       pointer|
|m_axi_gmem1_AWLOCK      |  out|    2|       m_axi|         gmem1|       pointer|
|m_axi_gmem1_AWCACHE     |  out|    4|       m_axi|         gmem1|       pointer|
|m_axi_gmem1_AWPROT      |  out|    3|       m_axi|         gmem1|       pointer|
|m_axi_gmem1_AWQOS       |  out|    4|       m_axi|         gmem1|       pointer|
|m_axi_gmem1_AWREGION    |  out|    4|       m_axi|         gmem1|       pointer|
|m_axi_gmem1_AWUSER      |  out|    1|       m_axi|         gmem1|       pointer|
|m_axi_gmem1_WVALID      |  out|    1|       m_axi|         gmem1|       pointer|
|m_axi_gmem1_WREADY      |   in|    1|       m_axi|         gmem1|       pointer|
|m_axi_gmem1_WDATA       |  out|   32|       m_axi|         gmem1|       pointer|
|m_axi_gmem1_WSTRB       |  out|    4|       m_axi|         gmem1|       pointer|
|m_axi_gmem1_WLAST       |  out|    1|       m_axi|         gmem1|       pointer|
|m_axi_gmem1_WID         |  out|    1|       m_axi|         gmem1|       pointer|
|m_axi_gmem1_WUSER       |  out|    1|       m_axi|         gmem1|       pointer|
|m_axi_gmem1_ARVALID     |  out|    1|       m_axi|         gmem1|       pointer|
|m_axi_gmem1_ARREADY     |   in|    1|       m_axi|         gmem1|       pointer|
|m_axi_gmem1_ARADDR      |  out|   64|       m_axi|         gmem1|       pointer|
|m_axi_gmem1_ARID        |  out|    1|       m_axi|         gmem1|       pointer|
|m_axi_gmem1_ARLEN       |  out|    8|       m_axi|         gmem1|       pointer|
|m_axi_gmem1_ARSIZE      |  out|    3|       m_axi|         gmem1|       pointer|
|m_axi_gmem1_ARBURST     |  out|    2|       m_axi|         gmem1|       pointer|
|m_axi_gmem1_ARLOCK      |  out|    2|       m_axi|         gmem1|       pointer|
|m_axi_gmem1_ARCACHE     |  out|    4|       m_axi|         gmem1|       pointer|
|m_axi_gmem1_ARPROT      |  out|    3|       m_axi|         gmem1|       pointer|
|m_axi_gmem1_ARQOS       |  out|    4|       m_axi|         gmem1|       pointer|
|m_axi_gmem1_ARREGION    |  out|    4|       m_axi|         gmem1|       pointer|
|m_axi_gmem1_ARUSER      |  out|    1|       m_axi|         gmem1|       pointer|
|m_axi_gmem1_RVALID      |   in|    1|       m_axi|         gmem1|       pointer|
|m_axi_gmem1_RREADY      |  out|    1|       m_axi|         gmem1|       pointer|
|m_axi_gmem1_RDATA       |   in|   32|       m_axi|         gmem1|       pointer|
|m_axi_gmem1_RLAST       |   in|    1|       m_axi|         gmem1|       pointer|
|m_axi_gmem1_RID         |   in|    1|       m_axi|         gmem1|       pointer|
|m_axi_gmem1_RUSER       |   in|    1|       m_axi|         gmem1|       pointer|
|m_axi_gmem1_RRESP       |   in|    2|       m_axi|         gmem1|       pointer|
|m_axi_gmem1_BVALID      |   in|    1|       m_axi|         gmem1|       pointer|
|m_axi_gmem1_BREADY      |  out|    1|       m_axi|         gmem1|       pointer|
|m_axi_gmem1_BRESP       |   in|    2|       m_axi|         gmem1|       pointer|
|m_axi_gmem1_BID         |   in|    1|       m_axi|         gmem1|       pointer|
|m_axi_gmem1_BUSER       |   in|    1|       m_axi|         gmem1|       pointer|
|m_axi_gmem2_AWVALID     |  out|    1|       m_axi|         gmem2|       pointer|
|m_axi_gmem2_AWREADY     |   in|    1|       m_axi|         gmem2|       pointer|
|m_axi_gmem2_AWADDR      |  out|   64|       m_axi|         gmem2|       pointer|
|m_axi_gmem2_AWID        |  out|    1|       m_axi|         gmem2|       pointer|
|m_axi_gmem2_AWLEN       |  out|    8|       m_axi|         gmem2|       pointer|
|m_axi_gmem2_AWSIZE      |  out|    3|       m_axi|         gmem2|       pointer|
|m_axi_gmem2_AWBURST     |  out|    2|       m_axi|         gmem2|       pointer|
|m_axi_gmem2_AWLOCK      |  out|    2|       m_axi|         gmem2|       pointer|
|m_axi_gmem2_AWCACHE     |  out|    4|       m_axi|         gmem2|       pointer|
|m_axi_gmem2_AWPROT      |  out|    3|       m_axi|         gmem2|       pointer|
|m_axi_gmem2_AWQOS       |  out|    4|       m_axi|         gmem2|       pointer|
|m_axi_gmem2_AWREGION    |  out|    4|       m_axi|         gmem2|       pointer|
|m_axi_gmem2_AWUSER      |  out|    1|       m_axi|         gmem2|       pointer|
|m_axi_gmem2_WVALID      |  out|    1|       m_axi|         gmem2|       pointer|
|m_axi_gmem2_WREADY      |   in|    1|       m_axi|         gmem2|       pointer|
|m_axi_gmem2_WDATA       |  out|   32|       m_axi|         gmem2|       pointer|
|m_axi_gmem2_WSTRB       |  out|    4|       m_axi|         gmem2|       pointer|
|m_axi_gmem2_WLAST       |  out|    1|       m_axi|         gmem2|       pointer|
|m_axi_gmem2_WID         |  out|    1|       m_axi|         gmem2|       pointer|
|m_axi_gmem2_WUSER       |  out|    1|       m_axi|         gmem2|       pointer|
|m_axi_gmem2_ARVALID     |  out|    1|       m_axi|         gmem2|       pointer|
|m_axi_gmem2_ARREADY     |   in|    1|       m_axi|         gmem2|       pointer|
|m_axi_gmem2_ARADDR      |  out|   64|       m_axi|         gmem2|       pointer|
|m_axi_gmem2_ARID        |  out|    1|       m_axi|         gmem2|       pointer|
|m_axi_gmem2_ARLEN       |  out|    8|       m_axi|         gmem2|       pointer|
|m_axi_gmem2_ARSIZE      |  out|    3|       m_axi|         gmem2|       pointer|
|m_axi_gmem2_ARBURST     |  out|    2|       m_axi|         gmem2|       pointer|
|m_axi_gmem2_ARLOCK      |  out|    2|       m_axi|         gmem2|       pointer|
|m_axi_gmem2_ARCACHE     |  out|    4|       m_axi|         gmem2|       pointer|
|m_axi_gmem2_ARPROT      |  out|    3|       m_axi|         gmem2|       pointer|
|m_axi_gmem2_ARQOS       |  out|    4|       m_axi|         gmem2|       pointer|
|m_axi_gmem2_ARREGION    |  out|    4|       m_axi|         gmem2|       pointer|
|m_axi_gmem2_ARUSER      |  out|    1|       m_axi|         gmem2|       pointer|
|m_axi_gmem2_RVALID      |   in|    1|       m_axi|         gmem2|       pointer|
|m_axi_gmem2_RREADY      |  out|    1|       m_axi|         gmem2|       pointer|
|m_axi_gmem2_RDATA       |   in|   32|       m_axi|         gmem2|       pointer|
|m_axi_gmem2_RLAST       |   in|    1|       m_axi|         gmem2|       pointer|
|m_axi_gmem2_RID         |   in|    1|       m_axi|         gmem2|       pointer|
|m_axi_gmem2_RUSER       |   in|    1|       m_axi|         gmem2|       pointer|
|m_axi_gmem2_RRESP       |   in|    2|       m_axi|         gmem2|       pointer|
|m_axi_gmem2_BVALID      |   in|    1|       m_axi|         gmem2|       pointer|
|m_axi_gmem2_BREADY      |  out|    1|       m_axi|         gmem2|       pointer|
|m_axi_gmem2_BRESP       |   in|    2|       m_axi|         gmem2|       pointer|
|m_axi_gmem2_BID         |   in|    1|       m_axi|         gmem2|       pointer|
|m_axi_gmem2_BUSER       |   in|    1|       m_axi|         gmem2|       pointer|
|m_axi_gmem0_AWVALID     |  out|    1|       m_axi|         gmem0|       pointer|
|m_axi_gmem0_AWREADY     |   in|    1|       m_axi|         gmem0|       pointer|
|m_axi_gmem0_AWADDR      |  out|   64|       m_axi|         gmem0|       pointer|
|m_axi_gmem0_AWID        |  out|    1|       m_axi|         gmem0|       pointer|
|m_axi_gmem0_AWLEN       |  out|    8|       m_axi|         gmem0|       pointer|
|m_axi_gmem0_AWSIZE      |  out|    3|       m_axi|         gmem0|       pointer|
|m_axi_gmem0_AWBURST     |  out|    2|       m_axi|         gmem0|       pointer|
|m_axi_gmem0_AWLOCK      |  out|    2|       m_axi|         gmem0|       pointer|
|m_axi_gmem0_AWCACHE     |  out|    4|       m_axi|         gmem0|       pointer|
|m_axi_gmem0_AWPROT      |  out|    3|       m_axi|         gmem0|       pointer|
|m_axi_gmem0_AWQOS       |  out|    4|       m_axi|         gmem0|       pointer|
|m_axi_gmem0_AWREGION    |  out|    4|       m_axi|         gmem0|       pointer|
|m_axi_gmem0_AWUSER      |  out|    1|       m_axi|         gmem0|       pointer|
|m_axi_gmem0_WVALID      |  out|    1|       m_axi|         gmem0|       pointer|
|m_axi_gmem0_WREADY      |   in|    1|       m_axi|         gmem0|       pointer|
|m_axi_gmem0_WDATA       |  out|   32|       m_axi|         gmem0|       pointer|
|m_axi_gmem0_WSTRB       |  out|    4|       m_axi|         gmem0|       pointer|
|m_axi_gmem0_WLAST       |  out|    1|       m_axi|         gmem0|       pointer|
|m_axi_gmem0_WID         |  out|    1|       m_axi|         gmem0|       pointer|
|m_axi_gmem0_WUSER       |  out|    1|       m_axi|         gmem0|       pointer|
|m_axi_gmem0_ARVALID     |  out|    1|       m_axi|         gmem0|       pointer|
|m_axi_gmem0_ARREADY     |   in|    1|       m_axi|         gmem0|       pointer|
|m_axi_gmem0_ARADDR      |  out|   64|       m_axi|         gmem0|       pointer|
|m_axi_gmem0_ARID        |  out|    1|       m_axi|         gmem0|       pointer|
|m_axi_gmem0_ARLEN       |  out|    8|       m_axi|         gmem0|       pointer|
|m_axi_gmem0_ARSIZE      |  out|    3|       m_axi|         gmem0|       pointer|
|m_axi_gmem0_ARBURST     |  out|    2|       m_axi|         gmem0|       pointer|
|m_axi_gmem0_ARLOCK      |  out|    2|       m_axi|         gmem0|       pointer|
|m_axi_gmem0_ARCACHE     |  out|    4|       m_axi|         gmem0|       pointer|
|m_axi_gmem0_ARPROT      |  out|    3|       m_axi|         gmem0|       pointer|
|m_axi_gmem0_ARQOS       |  out|    4|       m_axi|         gmem0|       pointer|
|m_axi_gmem0_ARREGION    |  out|    4|       m_axi|         gmem0|       pointer|
|m_axi_gmem0_ARUSER      |  out|    1|       m_axi|         gmem0|       pointer|
|m_axi_gmem0_RVALID      |   in|    1|       m_axi|         gmem0|       pointer|
|m_axi_gmem0_RREADY      |  out|    1|       m_axi|         gmem0|       pointer|
|m_axi_gmem0_RDATA       |   in|   32|       m_axi|         gmem0|       pointer|
|m_axi_gmem0_RLAST       |   in|    1|       m_axi|         gmem0|       pointer|
|m_axi_gmem0_RID         |   in|    1|       m_axi|         gmem0|       pointer|
|m_axi_gmem0_RUSER       |   in|    1|       m_axi|         gmem0|       pointer|
|m_axi_gmem0_RRESP       |   in|    2|       m_axi|         gmem0|       pointer|
|m_axi_gmem0_BVALID      |   in|    1|       m_axi|         gmem0|       pointer|
|m_axi_gmem0_BREADY      |  out|    1|       m_axi|         gmem0|       pointer|
|m_axi_gmem0_BRESP       |   in|    2|       m_axi|         gmem0|       pointer|
|m_axi_gmem0_BID         |   in|    1|       m_axi|         gmem0|       pointer|
|m_axi_gmem0_BUSER       |   in|    1|       m_axi|         gmem0|       pointer|
+------------------------+-----+-----+------------+--------------+--------------+

============================================================
+ Verbose Summary: Synthesis Manager
============================================================
InlineROM: 1
ExposeGlobal: 0
============================================================
+ Verbose Summary: CDFG Model
============================================================
IsTopModel: 1
ResetActiveHigh: 1
IsCombinational: 2
IsDatapathOnly: 2
HasWiredReturn: 1
HasMFsm: 0
HasVarLatency: 1
IsPipeline: 0
IsRtlPipelined: 0
IsInstanceOverlapped: 0
IsDontTouch: 0
HasImplIP: 0
IsGatedGlobalClock: 0


============================================================
+ Verbose Summary: Schedule
============================================================
* Number of FSM states : 5
* Pipeline : 0
* Dataflow Pipeline: 0

* FSM state transitions: 
1 --> 2 
2 --> 3 5 
3 --> 4 
4 --> 
5 --> 4 

* FSM state operations: 

State 1 <SV = 0> <Delay = 6.63>
ST_1 : Operation 6 [1/1] (1.00ns)   --->   "%do_pool_read = read i1 @_ssdm_op_Read.s_axilite.i1, i1 %do_pool" [D:/project/DPUv2/dpu_conv.cpp:134]   --->   Operation 6 'read' 'do_pool_read' <Predicate = true> <Delay = 1.00> <CoreInst = "s_axilite">   --->   Core 112 's_axilite' <Latency = 0> <II = 1> <Delay = 1.00> <Adapter> <Opcode : 'read' 'write'>
ST_1 : Operation 7 [1/1] (1.00ns)   --->   "%do_relu_read = read i1 @_ssdm_op_Read.s_axilite.i1, i1 %do_relu" [D:/project/DPUv2/dpu_conv.cpp:134]   --->   Operation 7 'read' 'do_relu_read' <Predicate = true> <Delay = 1.00> <CoreInst = "s_axilite">   --->   Core 112 's_axilite' <Latency = 0> <II = 1> <Delay = 1.00> <Adapter> <Opcode : 'read' 'write'>
ST_1 : Operation 8 [1/1] (1.00ns)   --->   "%out_ch_read = read i8 @_ssdm_op_Read.s_axilite.i8, i8 %out_ch" [D:/project/DPUv2/dpu_conv.cpp:134]   --->   Operation 8 'read' 'out_ch_read' <Predicate = true> <Delay = 1.00> <CoreInst = "s_axilite">   --->   Core 112 's_axilite' <Latency = 0> <II = 1> <Delay = 1.00> <Adapter> <Opcode : 'read' 'write'>
ST_1 : Operation 9 [1/1] (1.00ns)   --->   "%in_ch_read = read i8 @_ssdm_op_Read.s_axilite.i8, i8 %in_ch" [D:/project/DPUv2/dpu_conv.cpp:134]   --->   Operation 9 'read' 'in_ch_read' <Predicate = true> <Delay = 1.00> <CoreInst = "s_axilite">   --->   Core 112 's_axilite' <Latency = 0> <II = 1> <Delay = 1.00> <Adapter> <Opcode : 'read' 'write'>
ST_1 : Operation 10 [1/1] (1.00ns)   --->   "%in_w_read = read i8 @_ssdm_op_Read.s_axilite.i8, i8 %in_w" [D:/project/DPUv2/dpu_conv.cpp:134]   --->   Operation 10 'read' 'in_w_read' <Predicate = true> <Delay = 1.00> <CoreInst = "s_axilite">   --->   Core 112 's_axilite' <Latency = 0> <II = 1> <Delay = 1.00> <Adapter> <Opcode : 'read' 'write'>
ST_1 : Operation 11 [1/1] (1.00ns)   --->   "%in_h_read = read i8 @_ssdm_op_Read.s_axilite.i8, i8 %in_h" [D:/project/DPUv2/dpu_conv.cpp:134]   --->   Operation 11 'read' 'in_h_read' <Predicate = true> <Delay = 1.00> <CoreInst = "s_axilite">   --->   Core 112 's_axilite' <Latency = 0> <II = 1> <Delay = 1.00> <Adapter> <Opcode : 'read' 'write'>
ST_1 : Operation 12 [1/1] (1.00ns)   --->   "%ofmap_read = read i64 @_ssdm_op_Read.s_axilite.i64, i64 %ofmap" [D:/project/DPUv2/dpu_conv.cpp:134]   --->   Operation 12 'read' 'ofmap_read' <Predicate = true> <Delay = 1.00> <CoreInst = "s_axilite">   --->   Core 112 's_axilite' <Latency = 0> <II = 1> <Delay = 1.00> <Adapter> <Opcode : 'read' 'write'>
ST_1 : Operation 13 [1/1] (1.00ns)   --->   "%conv_scratch_read = read i64 @_ssdm_op_Read.s_axilite.i64, i64 %conv_scratch" [D:/project/DPUv2/dpu_conv.cpp:134]   --->   Operation 13 'read' 'conv_scratch_read' <Predicate = true> <Delay = 1.00> <CoreInst = "s_axilite">   --->   Core 112 's_axilite' <Latency = 0> <II = 1> <Delay = 1.00> <Adapter> <Opcode : 'read' 'write'>
ST_1 : Operation 14 [1/1] (1.00ns)   --->   "%bias_read = read i64 @_ssdm_op_Read.s_axilite.i64, i64 %bias" [D:/project/DPUv2/dpu_conv.cpp:134]   --->   Operation 14 'read' 'bias_read' <Predicate = true> <Delay = 1.00> <CoreInst = "s_axilite">   --->   Core 112 's_axilite' <Latency = 0> <II = 1> <Delay = 1.00> <Adapter> <Opcode : 'read' 'write'>
ST_1 : Operation 15 [1/1] (1.00ns)   --->   "%weight_7_read = read i64 @_ssdm_op_Read.s_axilite.i64, i64 %weight_7" [D:/project/DPUv2/dpu_conv.cpp:134]   --->   Operation 15 'read' 'weight_7_read' <Predicate = true> <Delay = 1.00> <CoreInst = "s_axilite">   --->   Core 112 's_axilite' <Latency = 0> <II = 1> <Delay = 1.00> <Adapter> <Opcode : 'read' 'write'>
ST_1 : Operation 16 [1/1] (1.00ns)   --->   "%weight_6_read = read i64 @_ssdm_op_Read.s_axilite.i64, i64 %weight_6" [D:/project/DPUv2/dpu_conv.cpp:134]   --->   Operation 16 'read' 'weight_6_read' <Predicate = true> <Delay = 1.00> <CoreInst = "s_axilite">   --->   Core 112 's_axilite' <Latency = 0> <II = 1> <Delay = 1.00> <Adapter> <Opcode : 'read' 'write'>
ST_1 : Operation 17 [1/1] (1.00ns)   --->   "%weight_5_read = read i64 @_ssdm_op_Read.s_axilite.i64, i64 %weight_5" [D:/project/DPUv2/dpu_conv.cpp:134]   --->   Operation 17 'read' 'weight_5_read' <Predicate = true> <Delay = 1.00> <CoreInst = "s_axilite">   --->   Core 112 's_axilite' <Latency = 0> <II = 1> <Delay = 1.00> <Adapter> <Opcode : 'read' 'write'>
ST_1 : Operation 18 [1/1] (1.00ns)   --->   "%weight_4_read = read i64 @_ssdm_op_Read.s_axilite.i64, i64 %weight_4" [D:/project/DPUv2/dpu_conv.cpp:134]   --->   Operation 18 'read' 'weight_4_read' <Predicate = true> <Delay = 1.00> <CoreInst = "s_axilite">   --->   Core 112 's_axilite' <Latency = 0> <II = 1> <Delay = 1.00> <Adapter> <Opcode : 'read' 'write'>
ST_1 : Operation 19 [1/1] (1.00ns)   --->   "%weight_3_read = read i64 @_ssdm_op_Read.s_axilite.i64, i64 %weight_3" [D:/project/DPUv2/dpu_conv.cpp:134]   --->   Operation 19 'read' 'weight_3_read' <Predicate = true> <Delay = 1.00> <CoreInst = "s_axilite">   --->   Core 112 's_axilite' <Latency = 0> <II = 1> <Delay = 1.00> <Adapter> <Opcode : 'read' 'write'>
ST_1 : Operation 20 [1/1] (1.00ns)   --->   "%weight_2_read = read i64 @_ssdm_op_Read.s_axilite.i64, i64 %weight_2" [D:/project/DPUv2/dpu_conv.cpp:134]   --->   Operation 20 'read' 'weight_2_read' <Predicate = true> <Delay = 1.00> <CoreInst = "s_axilite">   --->   Core 112 's_axilite' <Latency = 0> <II = 1> <Delay = 1.00> <Adapter> <Opcode : 'read' 'write'>
ST_1 : Operation 21 [1/1] (1.00ns)   --->   "%weight_1_read = read i64 @_ssdm_op_Read.s_axilite.i64, i64 %weight_1" [D:/project/DPUv2/dpu_conv.cpp:134]   --->   Operation 21 'read' 'weight_1_read' <Predicate = true> <Delay = 1.00> <CoreInst = "s_axilite">   --->   Core 112 's_axilite' <Latency = 0> <II = 1> <Delay = 1.00> <Adapter> <Opcode : 'read' 'write'>
ST_1 : Operation 22 [1/1] (1.00ns)   --->   "%weight_0_read = read i64 @_ssdm_op_Read.s_axilite.i64, i64 %weight_0" [D:/project/DPUv2/dpu_conv.cpp:134]   --->   Operation 22 'read' 'weight_0_read' <Predicate = true> <Delay = 1.00> <CoreInst = "s_axilite">   --->   Core 112 's_axilite' <Latency = 0> <II = 1> <Delay = 1.00> <Adapter> <Opcode : 'read' 'write'>
ST_1 : Operation 23 [1/1] (1.00ns)   --->   "%ifmap_7_read = read i64 @_ssdm_op_Read.s_axilite.i64, i64 %ifmap_7" [D:/project/DPUv2/dpu_conv.cpp:134]   --->   Operation 23 'read' 'ifmap_7_read' <Predicate = true> <Delay = 1.00> <CoreInst = "s_axilite">   --->   Core 112 's_axilite' <Latency = 0> <II = 1> <Delay = 1.00> <Adapter> <Opcode : 'read' 'write'>
ST_1 : Operation 24 [1/1] (1.00ns)   --->   "%ifmap_6_read = read i64 @_ssdm_op_Read.s_axilite.i64, i64 %ifmap_6" [D:/project/DPUv2/dpu_conv.cpp:134]   --->   Operation 24 'read' 'ifmap_6_read' <Predicate = true> <Delay = 1.00> <CoreInst = "s_axilite">   --->   Core 112 's_axilite' <Latency = 0> <II = 1> <Delay = 1.00> <Adapter> <Opcode : 'read' 'write'>
ST_1 : Operation 25 [1/1] (1.00ns)   --->   "%ifmap_5_read = read i64 @_ssdm_op_Read.s_axilite.i64, i64 %ifmap_5" [D:/project/DPUv2/dpu_conv.cpp:134]   --->   Operation 25 'read' 'ifmap_5_read' <Predicate = true> <Delay = 1.00> <CoreInst = "s_axilite">   --->   Core 112 's_axilite' <Latency = 0> <II = 1> <Delay = 1.00> <Adapter> <Opcode : 'read' 'write'>
ST_1 : Operation 26 [1/1] (1.00ns)   --->   "%ifmap_4_read = read i64 @_ssdm_op_Read.s_axilite.i64, i64 %ifmap_4" [D:/project/DPUv2/dpu_conv.cpp:134]   --->   Operation 26 'read' 'ifmap_4_read' <Predicate = true> <Delay = 1.00> <CoreInst = "s_axilite">   --->   Core 112 's_axilite' <Latency = 0> <II = 1> <Delay = 1.00> <Adapter> <Opcode : 'read' 'write'>
ST_1 : Operation 27 [1/1] (1.00ns)   --->   "%ifmap_3_read = read i64 @_ssdm_op_Read.s_axilite.i64, i64 %ifmap_3" [D:/project/DPUv2/dpu_conv.cpp:134]   --->   Operation 27 'read' 'ifmap_3_read' <Predicate = true> <Delay = 1.00> <CoreInst = "s_axilite">   --->   Core 112 's_axilite' <Latency = 0> <II = 1> <Delay = 1.00> <Adapter> <Opcode : 'read' 'write'>
ST_1 : Operation 28 [1/1] (1.00ns)   --->   "%ifmap_2_read = read i64 @_ssdm_op_Read.s_axilite.i64, i64 %ifmap_2" [D:/project/DPUv2/dpu_conv.cpp:134]   --->   Operation 28 'read' 'ifmap_2_read' <Predicate = true> <Delay = 1.00> <CoreInst = "s_axilite">   --->   Core 112 's_axilite' <Latency = 0> <II = 1> <Delay = 1.00> <Adapter> <Opcode : 'read' 'write'>
ST_1 : Operation 29 [1/1] (1.00ns)   --->   "%ifmap_1_read = read i64 @_ssdm_op_Read.s_axilite.i64, i64 %ifmap_1" [D:/project/DPUv2/dpu_conv.cpp:134]   --->   Operation 29 'read' 'ifmap_1_read' <Predicate = true> <Delay = 1.00> <CoreInst = "s_axilite">   --->   Core 112 's_axilite' <Latency = 0> <II = 1> <Delay = 1.00> <Adapter> <Opcode : 'read' 'write'>
ST_1 : Operation 30 [1/1] (1.00ns)   --->   "%ifmap_0_read = read i64 @_ssdm_op_Read.s_axilite.i64, i64 %ifmap_0" [D:/project/DPUv2/dpu_conv.cpp:134]   --->   Operation 30 'read' 'ifmap_0_read' <Predicate = true> <Delay = 1.00> <CoreInst = "s_axilite">   --->   Core 112 's_axilite' <Latency = 0> <II = 1> <Delay = 1.00> <Adapter> <Opcode : 'read' 'write'>
ST_1 : Operation 31 [2/2] (5.63ns)   --->   "%call_ret = call i64 @conv3x3_relu, i8 %gmem0_0, i64 %ifmap_0_read, i8 %gmem0_1, i64 %ifmap_1_read, i8 %gmem0_2, i64 %ifmap_2_read, i8 %gmem0_3, i64 %ifmap_3_read, i8 %gmem0_4, i64 %ifmap_4_read, i8 %gmem0_5, i64 %ifmap_5_read, i8 %gmem0_6, i64 %ifmap_6_read, i8 %gmem0_7, i64 %ifmap_7_read, i8 %gmem1_0, i64 %weight_0_read, i8 %gmem1_1, i64 %weight_1_read, i8 %gmem1_2, i64 %weight_2_read, i8 %gmem1_3, i64 %weight_3_read, i8 %gmem1_4, i64 %weight_4_read, i8 %gmem1_5, i64 %weight_5_read, i8 %gmem1_6, i64 %weight_6_read, i8 %gmem1_7, i64 %weight_7_read, i32 %gmem1, i64 %bias_read, i8 %gmem2, i64 %conv_scratch_read, i8 %in_h_read, i8 %in_w_read, i8 %in_ch_read, i8 %out_ch_read, i1 %do_relu_read" [D:/project/DPUv2/dpu_conv.cpp:168]   --->   Operation 31 'call' 'call_ret' <Predicate = true> <Delay = 5.63> <CoreType = "Generic">   --->   Generic Core

State 2 <SV = 1> <Delay = 4.17>
ST_2 : Operation 32 [1/1] (0.00ns)   --->   "%spectopmodule_ln128 = spectopmodule void @_ssdm_op_SpecTopModule, void @empty_8" [D:/project/DPUv2/dpu_conv.cpp:128]   --->   Operation 32 'spectopmodule' 'spectopmodule_ln128' <Predicate = true> <Delay = 0.00>
ST_2 : Operation 33 [1/1] (0.00ns)   --->   "%specinterface_ln0 = specinterface void @_ssdm_op_SpecInterface, i8 %gmem0_0, void @empty_42, i32 0, i32 0, void @empty_47, i32 0, i32 262144, void @empty_44, void @empty_48, void @empty_47, i32 16, i32 16, i32 16, i32 16, void @empty_47, void @empty_47, i32 4294967295, i32 0, i32 0, i32 1"   --->   Operation 33 'specinterface' 'specinterface_ln0' <Predicate = true> <Delay = 0.00>
ST_2 : Operation 34 [1/1] (0.00ns)   --->   "%specbitsmap_ln0 = specbitsmap void @_ssdm_op_SpecBitsMap, i8 %gmem0_0"   --->   Operation 34 'specbitsmap' 'specbitsmap_ln0' <Predicate = true> <Delay = 0.00>
ST_2 : Operation 35 [1/1] (0.00ns)   --->   "%specinterface_ln0 = specinterface void @_ssdm_op_SpecInterface, i8 %gmem0_1, void @empty_42, i32 0, i32 0, void @empty_47, i32 0, i32 262144, void @empty_49, void @empty_48, void @empty_47, i32 16, i32 16, i32 16, i32 16, void @empty_47, void @empty_47, i32 4294967295, i32 0, i32 0, i32 1"   --->   Operation 35 'specinterface' 'specinterface_ln0' <Predicate = true> <Delay = 0.00>
ST_2 : Operation 36 [1/1] (0.00ns)   --->   "%specbitsmap_ln0 = specbitsmap void @_ssdm_op_SpecBitsMap, i8 %gmem0_1"   --->   Operation 36 'specbitsmap' 'specbitsmap_ln0' <Predicate = true> <Delay = 0.00>
ST_2 : Operation 37 [1/1] (0.00ns)   --->   "%specinterface_ln0 = specinterface void @_ssdm_op_SpecInterface, i8 %gmem0_2, void @empty_42, i32 0, i32 0, void @empty_47, i32 0, i32 262144, void @empty, void @empty_48, void @empty_47, i32 16, i32 16, i32 16, i32 16, void @empty_47, void @empty_47, i32 4294967295, i32 0, i32 0, i32 1"   --->   Operation 37 'specinterface' 'specinterface_ln0' <Predicate = true> <Delay = 0.00>
ST_2 : Operation 38 [1/1] (0.00ns)   --->   "%specbitsmap_ln0 = specbitsmap void @_ssdm_op_SpecBitsMap, i8 %gmem0_2"   --->   Operation 38 'specbitsmap' 'specbitsmap_ln0' <Predicate = true> <Delay = 0.00>
ST_2 : Operation 39 [1/1] (0.00ns)   --->   "%specinterface_ln0 = specinterface void @_ssdm_op_SpecInterface, i8 %gmem0_3, void @empty_42, i32 0, i32 0, void @empty_47, i32 0, i32 262144, void @empty_0, void @empty_48, void @empty_47, i32 16, i32 16, i32 16, i32 16, void @empty_47, void @empty_47, i32 4294967295, i32 0, i32 0, i32 1"   --->   Operation 39 'specinterface' 'specinterface_ln0' <Predicate = true> <Delay = 0.00>
ST_2 : Operation 40 [1/1] (0.00ns)   --->   "%specbitsmap_ln0 = specbitsmap void @_ssdm_op_SpecBitsMap, i8 %gmem0_3"   --->   Operation 40 'specbitsmap' 'specbitsmap_ln0' <Predicate = true> <Delay = 0.00>
ST_2 : Operation 41 [1/1] (0.00ns)   --->   "%specinterface_ln0 = specinterface void @_ssdm_op_SpecInterface, i8 %gmem0_4, void @empty_42, i32 0, i32 0, void @empty_47, i32 0, i32 262144, void @empty_1, void @empty_48, void @empty_47, i32 16, i32 16, i32 16, i32 16, void @empty_47, void @empty_47, i32 4294967295, i32 0, i32 0, i32 1"   --->   Operation 41 'specinterface' 'specinterface_ln0' <Predicate = true> <Delay = 0.00>
ST_2 : Operation 42 [1/1] (0.00ns)   --->   "%specbitsmap_ln0 = specbitsmap void @_ssdm_op_SpecBitsMap, i8 %gmem0_4"   --->   Operation 42 'specbitsmap' 'specbitsmap_ln0' <Predicate = true> <Delay = 0.00>
ST_2 : Operation 43 [1/1] (0.00ns)   --->   "%specinterface_ln0 = specinterface void @_ssdm_op_SpecInterface, i8 %gmem0_5, void @empty_42, i32 0, i32 0, void @empty_47, i32 0, i32 262144, void @empty_38, void @empty_48, void @empty_47, i32 16, i32 16, i32 16, i32 16, void @empty_47, void @empty_47, i32 4294967295, i32 0, i32 0, i32 1"   --->   Operation 43 'specinterface' 'specinterface_ln0' <Predicate = true> <Delay = 0.00>
ST_2 : Operation 44 [1/1] (0.00ns)   --->   "%specbitsmap_ln0 = specbitsmap void @_ssdm_op_SpecBitsMap, i8 %gmem0_5"   --->   Operation 44 'specbitsmap' 'specbitsmap_ln0' <Predicate = true> <Delay = 0.00>
ST_2 : Operation 45 [1/1] (0.00ns)   --->   "%specinterface_ln0 = specinterface void @_ssdm_op_SpecInterface, i8 %gmem0_6, void @empty_42, i32 0, i32 0, void @empty_47, i32 0, i32 262144, void @empty_3, void @empty_48, void @empty_47, i32 16, i32 16, i32 16, i32 16, void @empty_47, void @empty_47, i32 4294967295, i32 0, i32 0, i32 1"   --->   Operation 45 'specinterface' 'specinterface_ln0' <Predicate = true> <Delay = 0.00>
ST_2 : Operation 46 [1/1] (0.00ns)   --->   "%specbitsmap_ln0 = specbitsmap void @_ssdm_op_SpecBitsMap, i8 %gmem0_6"   --->   Operation 46 'specbitsmap' 'specbitsmap_ln0' <Predicate = true> <Delay = 0.00>
ST_2 : Operation 47 [1/1] (0.00ns)   --->   "%specinterface_ln0 = specinterface void @_ssdm_op_SpecInterface, i8 %gmem0_7, void @empty_42, i32 0, i32 0, void @empty_47, i32 0, i32 262144, void @empty_4, void @empty_48, void @empty_47, i32 16, i32 16, i32 16, i32 16, void @empty_47, void @empty_47, i32 4294967295, i32 0, i32 0, i32 1"   --->   Operation 47 'specinterface' 'specinterface_ln0' <Predicate = true> <Delay = 0.00>
ST_2 : Operation 48 [1/1] (0.00ns)   --->   "%specbitsmap_ln0 = specbitsmap void @_ssdm_op_SpecBitsMap, i8 %gmem0_7"   --->   Operation 48 'specbitsmap' 'specbitsmap_ln0' <Predicate = true> <Delay = 0.00>
ST_2 : Operation 49 [1/1] (0.00ns)   --->   "%specinterface_ln0 = specinterface void @_ssdm_op_SpecInterface, i8 %gmem1_0, void @empty_42, i32 0, i32 0, void @empty_47, i32 0, i32 36864, void @empty_5, void @empty_48, void @empty_47, i32 16, i32 16, i32 16, i32 16, void @empty_47, void @empty_47, i32 4294967295, i32 0, i32 0, i32 1"   --->   Operation 49 'specinterface' 'specinterface_ln0' <Predicate = true> <Delay = 0.00>
ST_2 : Operation 50 [1/1] (0.00ns)   --->   "%specbitsmap_ln0 = specbitsmap void @_ssdm_op_SpecBitsMap, i8 %gmem1_0"   --->   Operation 50 'specbitsmap' 'specbitsmap_ln0' <Predicate = true> <Delay = 0.00>
ST_2 : Operation 51 [1/1] (0.00ns)   --->   "%specinterface_ln0 = specinterface void @_ssdm_op_SpecInterface, i8 %gmem1_1, void @empty_42, i32 0, i32 0, void @empty_47, i32 0, i32 36864, void @empty_6, void @empty_48, void @empty_47, i32 16, i32 16, i32 16, i32 16, void @empty_47, void @empty_47, i32 4294967295, i32 0, i32 0, i32 1"   --->   Operation 51 'specinterface' 'specinterface_ln0' <Predicate = true> <Delay = 0.00>
ST_2 : Operation 52 [1/1] (0.00ns)   --->   "%specbitsmap_ln0 = specbitsmap void @_ssdm_op_SpecBitsMap, i8 %gmem1_1"   --->   Operation 52 'specbitsmap' 'specbitsmap_ln0' <Predicate = true> <Delay = 0.00>
ST_2 : Operation 53 [1/1] (0.00ns)   --->   "%specinterface_ln0 = specinterface void @_ssdm_op_SpecInterface, i8 %gmem1_2, void @empty_42, i32 0, i32 0, void @empty_47, i32 0, i32 36864, void @empty_7, void @empty_48, void @empty_47, i32 16, i32 16, i32 16, i32 16, void @empty_47, void @empty_47, i32 4294967295, i32 0, i32 0, i32 1"   --->   Operation 53 'specinterface' 'specinterface_ln0' <Predicate = true> <Delay = 0.00>
ST_2 : Operation 54 [1/1] (0.00ns)   --->   "%specbitsmap_ln0 = specbitsmap void @_ssdm_op_SpecBitsMap, i8 %gmem1_2"   --->   Operation 54 'specbitsmap' 'specbitsmap_ln0' <Predicate = true> <Delay = 0.00>
ST_2 : Operation 55 [1/1] (0.00ns)   --->   "%specinterface_ln0 = specinterface void @_ssdm_op_SpecInterface, i8 %gmem1_3, void @empty_42, i32 0, i32 0, void @empty_47, i32 0, i32 36864, void @empty_2, void @empty_48, void @empty_47, i32 16, i32 16, i32 16, i32 16, void @empty_47, void @empty_47, i32 4294967295, i32 0, i32 0, i32 1"   --->   Operation 55 'specinterface' 'specinterface_ln0' <Predicate = true> <Delay = 0.00>
ST_2 : Operation 56 [1/1] (0.00ns)   --->   "%specbitsmap_ln0 = specbitsmap void @_ssdm_op_SpecBitsMap, i8 %gmem1_3"   --->   Operation 56 'specbitsmap' 'specbitsmap_ln0' <Predicate = true> <Delay = 0.00>
ST_2 : Operation 57 [1/1] (0.00ns)   --->   "%specinterface_ln0 = specinterface void @_ssdm_op_SpecInterface, i8 %gmem1_4, void @empty_42, i32 0, i32 0, void @empty_47, i32 0, i32 36864, void @empty_9, void @empty_48, void @empty_47, i32 16, i32 16, i32 16, i32 16, void @empty_47, void @empty_47, i32 4294967295, i32 0, i32 0, i32 1"   --->   Operation 57 'specinterface' 'specinterface_ln0' <Predicate = true> <Delay = 0.00>
ST_2 : Operation 58 [1/1] (0.00ns)   --->   "%specbitsmap_ln0 = specbitsmap void @_ssdm_op_SpecBitsMap, i8 %gmem1_4"   --->   Operation 58 'specbitsmap' 'specbitsmap_ln0' <Predicate = true> <Delay = 0.00>
ST_2 : Operation 59 [1/1] (0.00ns)   --->   "%specinterface_ln0 = specinterface void @_ssdm_op_SpecInterface, i8 %gmem1_5, void @empty_42, i32 0, i32 0, void @empty_47, i32 0, i32 36864, void @empty_10, void @empty_48, void @empty_47, i32 16, i32 16, i32 16, i32 16, void @empty_47, void @empty_47, i32 4294967295, i32 0, i32 0, i32 1"   --->   Operation 59 'specinterface' 'specinterface_ln0' <Predicate = true> <Delay = 0.00>
ST_2 : Operation 60 [1/1] (0.00ns)   --->   "%specbitsmap_ln0 = specbitsmap void @_ssdm_op_SpecBitsMap, i8 %gmem1_5"   --->   Operation 60 'specbitsmap' 'specbitsmap_ln0' <Predicate = true> <Delay = 0.00>
ST_2 : Operation 61 [1/1] (0.00ns)   --->   "%specinterface_ln0 = specinterface void @_ssdm_op_SpecInterface, i8 %gmem1_6, void @empty_42, i32 0, i32 0, void @empty_47, i32 0, i32 36864, void @empty_11, void @empty_48, void @empty_47, i32 16, i32 16, i32 16, i32 16, void @empty_47, void @empty_47, i32 4294967295, i32 0, i32 0, i32 1"   --->   Operation 61 'specinterface' 'specinterface_ln0' <Predicate = true> <Delay = 0.00>
ST_2 : Operation 62 [1/1] (0.00ns)   --->   "%specbitsmap_ln0 = specbitsmap void @_ssdm_op_SpecBitsMap, i8 %gmem1_6"   --->   Operation 62 'specbitsmap' 'specbitsmap_ln0' <Predicate = true> <Delay = 0.00>
ST_2 : Operation 63 [1/1] (0.00ns)   --->   "%specinterface_ln0 = specinterface void @_ssdm_op_SpecInterface, i8 %gmem1_7, void @empty_42, i32 0, i32 0, void @empty_47, i32 0, i32 36864, void @empty_12, void @empty_48, void @empty_47, i32 16, i32 16, i32 16, i32 16, void @empty_47, void @empty_47, i32 4294967295, i32 0, i32 0, i32 1"   --->   Operation 63 'specinterface' 'specinterface_ln0' <Predicate = true> <Delay = 0.00>
ST_2 : Operation 64 [1/1] (0.00ns)   --->   "%specbitsmap_ln0 = specbitsmap void @_ssdm_op_SpecBitsMap, i8 %gmem1_7"   --->   Operation 64 'specbitsmap' 'specbitsmap_ln0' <Predicate = true> <Delay = 0.00>
ST_2 : Operation 65 [1/1] (0.00ns)   --->   "%specinterface_ln0 = specinterface void @_ssdm_op_SpecInterface, i32 %gmem1, void @empty_42, i32 0, i32 0, void @empty_47, i32 0, i32 64, void @empty_13, void @empty_48, void @empty_47, i32 16, i32 16, i32 16, i32 16, void @empty_47, void @empty_47, i32 4294967295, i32 0, i32 0, i32 4"   --->   Operation 65 'specinterface' 'specinterface_ln0' <Predicate = true> <Delay = 0.00>
ST_2 : Operation 66 [1/1] (0.00ns)   --->   "%specbitsmap_ln0 = specbitsmap void @_ssdm_op_SpecBitsMap, i32 %gmem1"   --->   Operation 66 'specbitsmap' 'specbitsmap_ln0' <Predicate = true> <Delay = 0.00>
ST_2 : Operation 67 [1/1] (0.00ns)   --->   "%specinterface_ln0 = specinterface void @_ssdm_op_SpecInterface, i8 %gmem2, void @empty_42, i32 0, i32 0, void @empty_47, i32 0, i32 262144, void @empty_14, void @empty_48, void @empty_47, i32 16, i32 16, i32 16, i32 16, void @empty_47, void @empty_47, i32 4294967295, i32 0, i32 0, i32 1"   --->   Operation 67 'specinterface' 'specinterface_ln0' <Predicate = true> <Delay = 0.00>
ST_2 : Operation 68 [1/1] (0.00ns)   --->   "%specbitsmap_ln0 = specbitsmap void @_ssdm_op_SpecBitsMap, i8 %gmem2"   --->   Operation 68 'specbitsmap' 'specbitsmap_ln0' <Predicate = true> <Delay = 0.00>
ST_2 : Operation 69 [1/1] (0.00ns)   --->   "%specinterface_ln0 = specinterface void @_ssdm_op_SpecInterface, i8 %gmem0, void @empty_42, i32 0, i32 0, void @empty_47, i32 0, i32 262144, void @empty_15, void @empty_48, void @empty_47, i32 16, i32 16, i32 16, i32 16, void @empty_47, void @empty_47, i32 4294967295, i32 0, i32 0, i32 1"   --->   Operation 69 'specinterface' 'specinterface_ln0' <Predicate = true> <Delay = 0.00>
ST_2 : Operation 70 [1/1] (0.00ns)   --->   "%specbitsmap_ln0 = specbitsmap void @_ssdm_op_SpecBitsMap, i8 %gmem0"   --->   Operation 70 'specbitsmap' 'specbitsmap_ln0' <Predicate = true> <Delay = 0.00>
ST_2 : Operation 71 [1/1] (0.00ns)   --->   "%specinterface_ln0 = specinterface void @_ssdm_op_SpecInterface, i64 %ifmap_0, void @empty_16, i32 0, i32 0, void @empty_47, i32 0, i32 0, void @empty_17, void @empty_18, void @empty_47, i32 0, i32 0, i32 0, i32 0, void @empty_47, void @empty_19, i32 4294967295, i32 0, i32 0, i32 0"   --->   Operation 71 'specinterface' 'specinterface_ln0' <Predicate = true> <Delay = 0.00>
ST_2 : Operation 72 [1/1] (0.00ns)   --->   "%specinterface_ln0 = specinterface void @_ssdm_op_SpecInterface, i64 %ifmap_0, void @empty_20, i32 0, i32 0, void @empty_47, i32 0, i32 0, void @empty_47, void @empty_47, void @empty_47, i32 0, i32 0, i32 0, i32 0, void @empty_47, void @empty_19, i32 4294967295, i32 0, i32 0, i32 0"   --->   Operation 72 'specinterface' 'specinterface_ln0' <Predicate = true> <Delay = 0.00>
ST_2 : Operation 73 [1/1] (0.00ns)   --->   "%specinterface_ln0 = specinterface void @_ssdm_op_SpecInterface, i64 %ifmap_1, void @empty_16, i32 0, i32 0, void @empty_47, i32 0, i32 0, void @empty_17, void @empty_21, void @empty_47, i32 0, i32 0, i32 0, i32 0, void @empty_47, void @empty_19, i32 4294967295, i32 0, i32 0, i32 0"   --->   Operation 73 'specinterface' 'specinterface_ln0' <Predicate = true> <Delay = 0.00>
ST_2 : Operation 74 [1/1] (0.00ns)   --->   "%specinterface_ln0 = specinterface void @_ssdm_op_SpecInterface, i64 %ifmap_1, void @empty_20, i32 0, i32 0, void @empty_47, i32 0, i32 0, void @empty_47, void @empty_47, void @empty_47, i32 0, i32 0, i32 0, i32 0, void @empty_47, void @empty_19, i32 4294967295, i32 0, i32 0, i32 0"   --->   Operation 74 'specinterface' 'specinterface_ln0' <Predicate = true> <Delay = 0.00>
ST_2 : Operation 75 [1/1] (0.00ns)   --->   "%specinterface_ln0 = specinterface void @_ssdm_op_SpecInterface, i64 %ifmap_2, void @empty_16, i32 0, i32 0, void @empty_47, i32 0, i32 0, void @empty_17, void @empty_22, void @empty_47, i32 0, i32 0, i32 0, i32 0, void @empty_47, void @empty_19, i32 4294967295, i32 0, i32 0, i32 0"   --->   Operation 75 'specinterface' 'specinterface_ln0' <Predicate = true> <Delay = 0.00>
ST_2 : Operation 76 [1/1] (0.00ns)   --->   "%specinterface_ln0 = specinterface void @_ssdm_op_SpecInterface, i64 %ifmap_2, void @empty_20, i32 0, i32 0, void @empty_47, i32 0, i32 0, void @empty_47, void @empty_47, void @empty_47, i32 0, i32 0, i32 0, i32 0, void @empty_47, void @empty_19, i32 4294967295, i32 0, i32 0, i32 0"   --->   Operation 76 'specinterface' 'specinterface_ln0' <Predicate = true> <Delay = 0.00>
ST_2 : Operation 77 [1/1] (0.00ns)   --->   "%specinterface_ln0 = specinterface void @_ssdm_op_SpecInterface, i64 %ifmap_3, void @empty_16, i32 0, i32 0, void @empty_47, i32 0, i32 0, void @empty_17, void @empty_23, void @empty_47, i32 0, i32 0, i32 0, i32 0, void @empty_47, void @empty_19, i32 4294967295, i32 0, i32 0, i32 0"   --->   Operation 77 'specinterface' 'specinterface_ln0' <Predicate = true> <Delay = 0.00>
ST_2 : Operation 78 [1/1] (0.00ns)   --->   "%specinterface_ln0 = specinterface void @_ssdm_op_SpecInterface, i64 %ifmap_3, void @empty_20, i32 0, i32 0, void @empty_47, i32 0, i32 0, void @empty_47, void @empty_47, void @empty_47, i32 0, i32 0, i32 0, i32 0, void @empty_47, void @empty_19, i32 4294967295, i32 0, i32 0, i32 0"   --->   Operation 78 'specinterface' 'specinterface_ln0' <Predicate = true> <Delay = 0.00>
ST_2 : Operation 79 [1/1] (0.00ns)   --->   "%specinterface_ln0 = specinterface void @_ssdm_op_SpecInterface, i64 %ifmap_4, void @empty_16, i32 0, i32 0, void @empty_47, i32 0, i32 0, void @empty_17, void @empty_24, void @empty_47, i32 0, i32 0, i32 0, i32 0, void @empty_47, void @empty_19, i32 4294967295, i32 0, i32 0, i32 0"   --->   Operation 79 'specinterface' 'specinterface_ln0' <Predicate = true> <Delay = 0.00>
ST_2 : Operation 80 [1/1] (0.00ns)   --->   "%specinterface_ln0 = specinterface void @_ssdm_op_SpecInterface, i64 %ifmap_4, void @empty_20, i32 0, i32 0, void @empty_47, i32 0, i32 0, void @empty_47, void @empty_47, void @empty_47, i32 0, i32 0, i32 0, i32 0, void @empty_47, void @empty_19, i32 4294967295, i32 0, i32 0, i32 0"   --->   Operation 80 'specinterface' 'specinterface_ln0' <Predicate = true> <Delay = 0.00>
ST_2 : Operation 81 [1/1] (0.00ns)   --->   "%specinterface_ln0 = specinterface void @_ssdm_op_SpecInterface, i64 %ifmap_5, void @empty_16, i32 0, i32 0, void @empty_47, i32 0, i32 0, void @empty_17, void @empty_25, void @empty_47, i32 0, i32 0, i32 0, i32 0, void @empty_47, void @empty_19, i32 4294967295, i32 0, i32 0, i32 0"   --->   Operation 81 'specinterface' 'specinterface_ln0' <Predicate = true> <Delay = 0.00>
ST_2 : Operation 82 [1/1] (0.00ns)   --->   "%specinterface_ln0 = specinterface void @_ssdm_op_SpecInterface, i64 %ifmap_5, void @empty_20, i32 0, i32 0, void @empty_47, i32 0, i32 0, void @empty_47, void @empty_47, void @empty_47, i32 0, i32 0, i32 0, i32 0, void @empty_47, void @empty_19, i32 4294967295, i32 0, i32 0, i32 0"   --->   Operation 82 'specinterface' 'specinterface_ln0' <Predicate = true> <Delay = 0.00>
ST_2 : Operation 83 [1/1] (0.00ns)   --->   "%specinterface_ln0 = specinterface void @_ssdm_op_SpecInterface, i64 %ifmap_6, void @empty_16, i32 0, i32 0, void @empty_47, i32 0, i32 0, void @empty_17, void @empty_26, void @empty_47, i32 0, i32 0, i32 0, i32 0, void @empty_47, void @empty_19, i32 4294967295, i32 0, i32 0, i32 0"   --->   Operation 83 'specinterface' 'specinterface_ln0' <Predicate = true> <Delay = 0.00>
ST_2 : Operation 84 [1/1] (0.00ns)   --->   "%specinterface_ln0 = specinterface void @_ssdm_op_SpecInterface, i64 %ifmap_6, void @empty_20, i32 0, i32 0, void @empty_47, i32 0, i32 0, void @empty_47, void @empty_47, void @empty_47, i32 0, i32 0, i32 0, i32 0, void @empty_47, void @empty_19, i32 4294967295, i32 0, i32 0, i32 0"   --->   Operation 84 'specinterface' 'specinterface_ln0' <Predicate = true> <Delay = 0.00>
ST_2 : Operation 85 [1/1] (0.00ns)   --->   "%specinterface_ln0 = specinterface void @_ssdm_op_SpecInterface, i64 %ifmap_7, void @empty_16, i32 0, i32 0, void @empty_47, i32 0, i32 0, void @empty_17, void @empty_27, void @empty_47, i32 0, i32 0, i32 0, i32 0, void @empty_47, void @empty_19, i32 4294967295, i32 0, i32 0, i32 0"   --->   Operation 85 'specinterface' 'specinterface_ln0' <Predicate = true> <Delay = 0.00>
ST_2 : Operation 86 [1/1] (0.00ns)   --->   "%specinterface_ln0 = specinterface void @_ssdm_op_SpecInterface, i64 %ifmap_7, void @empty_20, i32 0, i32 0, void @empty_47, i32 0, i32 0, void @empty_47, void @empty_47, void @empty_47, i32 0, i32 0, i32 0, i32 0, void @empty_47, void @empty_19, i32 4294967295, i32 0, i32 0, i32 0"   --->   Operation 86 'specinterface' 'specinterface_ln0' <Predicate = true> <Delay = 0.00>
ST_2 : Operation 87 [1/1] (0.00ns)   --->   "%specinterface_ln0 = specinterface void @_ssdm_op_SpecInterface, i64 %weight_0, void @empty_16, i32 0, i32 0, void @empty_47, i32 0, i32 0, void @empty_17, void @empty_28, void @empty_47, i32 0, i32 0, i32 0, i32 0, void @empty_47, void @empty_19, i32 4294967295, i32 0, i32 0, i32 0"   --->   Operation 87 'specinterface' 'specinterface_ln0' <Predicate = true> <Delay = 0.00>
ST_2 : Operation 88 [1/1] (0.00ns)   --->   "%specinterface_ln0 = specinterface void @_ssdm_op_SpecInterface, i64 %weight_0, void @empty_20, i32 0, i32 0, void @empty_47, i32 0, i32 0, void @empty_47, void @empty_47, void @empty_47, i32 0, i32 0, i32 0, i32 0, void @empty_47, void @empty_19, i32 4294967295, i32 0, i32 0, i32 0"   --->   Operation 88 'specinterface' 'specinterface_ln0' <Predicate = true> <Delay = 0.00>
ST_2 : Operation 89 [1/1] (0.00ns)   --->   "%specinterface_ln0 = specinterface void @_ssdm_op_SpecInterface, i64 %weight_1, void @empty_16, i32 0, i32 0, void @empty_47, i32 0, i32 0, void @empty_17, void @empty_29, void @empty_47, i32 0, i32 0, i32 0, i32 0, void @empty_47, void @empty_19, i32 4294967295, i32 0, i32 0, i32 0"   --->   Operation 89 'specinterface' 'specinterface_ln0' <Predicate = true> <Delay = 0.00>
ST_2 : Operation 90 [1/1] (0.00ns)   --->   "%specinterface_ln0 = specinterface void @_ssdm_op_SpecInterface, i64 %weight_1, void @empty_20, i32 0, i32 0, void @empty_47, i32 0, i32 0, void @empty_47, void @empty_47, void @empty_47, i32 0, i32 0, i32 0, i32 0, void @empty_47, void @empty_19, i32 4294967295, i32 0, i32 0, i32 0"   --->   Operation 90 'specinterface' 'specinterface_ln0' <Predicate = true> <Delay = 0.00>
ST_2 : Operation 91 [1/1] (0.00ns)   --->   "%specinterface_ln0 = specinterface void @_ssdm_op_SpecInterface, i64 %weight_2, void @empty_16, i32 0, i32 0, void @empty_47, i32 0, i32 0, void @empty_17, void @empty_30, void @empty_47, i32 0, i32 0, i32 0, i32 0, void @empty_47, void @empty_19, i32 4294967295, i32 0, i32 0, i32 0"   --->   Operation 91 'specinterface' 'specinterface_ln0' <Predicate = true> <Delay = 0.00>
ST_2 : Operation 92 [1/1] (0.00ns)   --->   "%specinterface_ln0 = specinterface void @_ssdm_op_SpecInterface, i64 %weight_2, void @empty_20, i32 0, i32 0, void @empty_47, i32 0, i32 0, void @empty_47, void @empty_47, void @empty_47, i32 0, i32 0, i32 0, i32 0, void @empty_47, void @empty_19, i32 4294967295, i32 0, i32 0, i32 0"   --->   Operation 92 'specinterface' 'specinterface_ln0' <Predicate = true> <Delay = 0.00>
ST_2 : Operation 93 [1/1] (0.00ns)   --->   "%specinterface_ln0 = specinterface void @_ssdm_op_SpecInterface, i64 %weight_3, void @empty_16, i32 0, i32 0, void @empty_47, i32 0, i32 0, void @empty_17, void @empty_31, void @empty_47, i32 0, i32 0, i32 0, i32 0, void @empty_47, void @empty_19, i32 4294967295, i32 0, i32 0, i32 0"   --->   Operation 93 'specinterface' 'specinterface_ln0' <Predicate = true> <Delay = 0.00>
ST_2 : Operation 94 [1/1] (0.00ns)   --->   "%specinterface_ln0 = specinterface void @_ssdm_op_SpecInterface, i64 %weight_3, void @empty_20, i32 0, i32 0, void @empty_47, i32 0, i32 0, void @empty_47, void @empty_47, void @empty_47, i32 0, i32 0, i32 0, i32 0, void @empty_47, void @empty_19, i32 4294967295, i32 0, i32 0, i32 0"   --->   Operation 94 'specinterface' 'specinterface_ln0' <Predicate = true> <Delay = 0.00>
ST_2 : Operation 95 [1/1] (0.00ns)   --->   "%specinterface_ln0 = specinterface void @_ssdm_op_SpecInterface, i64 %weight_4, void @empty_16, i32 0, i32 0, void @empty_47, i32 0, i32 0, void @empty_17, void @empty_32, void @empty_47, i32 0, i32 0, i32 0, i32 0, void @empty_47, void @empty_19, i32 4294967295, i32 0, i32 0, i32 0"   --->   Operation 95 'specinterface' 'specinterface_ln0' <Predicate = true> <Delay = 0.00>
ST_2 : Operation 96 [1/1] (0.00ns)   --->   "%specinterface_ln0 = specinterface void @_ssdm_op_SpecInterface, i64 %weight_4, void @empty_20, i32 0, i32 0, void @empty_47, i32 0, i32 0, void @empty_47, void @empty_47, void @empty_47, i32 0, i32 0, i32 0, i32 0, void @empty_47, void @empty_19, i32 4294967295, i32 0, i32 0, i32 0"   --->   Operation 96 'specinterface' 'specinterface_ln0' <Predicate = true> <Delay = 0.00>
ST_2 : Operation 97 [1/1] (0.00ns)   --->   "%specinterface_ln0 = specinterface void @_ssdm_op_SpecInterface, i64 %weight_5, void @empty_16, i32 0, i32 0, void @empty_47, i32 0, i32 0, void @empty_17, void @empty_33, void @empty_47, i32 0, i32 0, i32 0, i32 0, void @empty_47, void @empty_19, i32 4294967295, i32 0, i32 0, i32 0"   --->   Operation 97 'specinterface' 'specinterface_ln0' <Predicate = true> <Delay = 0.00>
ST_2 : Operation 98 [1/1] (0.00ns)   --->   "%specinterface_ln0 = specinterface void @_ssdm_op_SpecInterface, i64 %weight_5, void @empty_20, i32 0, i32 0, void @empty_47, i32 0, i32 0, void @empty_47, void @empty_47, void @empty_47, i32 0, i32 0, i32 0, i32 0, void @empty_47, void @empty_19, i32 4294967295, i32 0, i32 0, i32 0"   --->   Operation 98 'specinterface' 'specinterface_ln0' <Predicate = true> <Delay = 0.00>
ST_2 : Operation 99 [1/1] (0.00ns)   --->   "%specinterface_ln0 = specinterface void @_ssdm_op_SpecInterface, i64 %weight_6, void @empty_16, i32 0, i32 0, void @empty_47, i32 0, i32 0, void @empty_17, void @empty_34, void @empty_47, i32 0, i32 0, i32 0, i32 0, void @empty_47, void @empty_19, i32 4294967295, i32 0, i32 0, i32 0"   --->   Operation 99 'specinterface' 'specinterface_ln0' <Predicate = true> <Delay = 0.00>
ST_2 : Operation 100 [1/1] (0.00ns)   --->   "%specinterface_ln0 = specinterface void @_ssdm_op_SpecInterface, i64 %weight_6, void @empty_20, i32 0, i32 0, void @empty_47, i32 0, i32 0, void @empty_47, void @empty_47, void @empty_47, i32 0, i32 0, i32 0, i32 0, void @empty_47, void @empty_19, i32 4294967295, i32 0, i32 0, i32 0"   --->   Operation 100 'specinterface' 'specinterface_ln0' <Predicate = true> <Delay = 0.00>
ST_2 : Operation 101 [1/1] (0.00ns)   --->   "%specinterface_ln0 = specinterface void @_ssdm_op_SpecInterface, i64 %weight_7, void @empty_16, i32 0, i32 0, void @empty_47, i32 0, i32 0, void @empty_17, void @empty_35, void @empty_47, i32 0, i32 0, i32 0, i32 0, void @empty_47, void @empty_19, i32 4294967295, i32 0, i32 0, i32 0"   --->   Operation 101 'specinterface' 'specinterface_ln0' <Predicate = true> <Delay = 0.00>
ST_2 : Operation 102 [1/1] (0.00ns)   --->   "%specinterface_ln0 = specinterface void @_ssdm_op_SpecInterface, i64 %weight_7, void @empty_20, i32 0, i32 0, void @empty_47, i32 0, i32 0, void @empty_47, void @empty_47, void @empty_47, i32 0, i32 0, i32 0, i32 0, void @empty_47, void @empty_19, i32 4294967295, i32 0, i32 0, i32 0"   --->   Operation 102 'specinterface' 'specinterface_ln0' <Predicate = true> <Delay = 0.00>
ST_2 : Operation 103 [1/1] (0.00ns)   --->   "%specinterface_ln0 = specinterface void @_ssdm_op_SpecInterface, i64 %bias, void @empty_16, i32 0, i32 0, void @empty_47, i32 0, i32 0, void @empty_17, void @empty_36, void @empty_47, i32 0, i32 0, i32 0, i32 0, void @empty_47, void @empty_19, i32 4294967295, i32 0, i32 0, i32 0"   --->   Operation 103 'specinterface' 'specinterface_ln0' <Predicate = true> <Delay = 0.00>
ST_2 : Operation 104 [1/1] (0.00ns)   --->   "%specinterface_ln0 = specinterface void @_ssdm_op_SpecInterface, i64 %bias, void @empty_20, i32 0, i32 0, void @empty_47, i32 0, i32 0, void @empty_47, void @empty_47, void @empty_47, i32 0, i32 0, i32 0, i32 0, void @empty_47, void @empty_19, i32 4294967295, i32 0, i32 0, i32 0"   --->   Operation 104 'specinterface' 'specinterface_ln0' <Predicate = true> <Delay = 0.00>
ST_2 : Operation 105 [1/1] (0.00ns)   --->   "%specinterface_ln0 = specinterface void @_ssdm_op_SpecInterface, i64 %conv_scratch, void @empty_16, i32 0, i32 0, void @empty_47, i32 0, i32 0, void @empty_17, void @empty_37, void @empty_47, i32 0, i32 0, i32 0, i32 0, void @empty_47, void @empty_19, i32 4294967295, i32 0, i32 0, i32 0"   --->   Operation 105 'specinterface' 'specinterface_ln0' <Predicate = true> <Delay = 0.00>
ST_2 : Operation 106 [1/1] (0.00ns)   --->   "%specinterface_ln0 = specinterface void @_ssdm_op_SpecInterface, i64 %conv_scratch, void @empty_20, i32 0, i32 0, void @empty_47, i32 0, i32 0, void @empty_47, void @empty_47, void @empty_47, i32 0, i32 0, i32 0, i32 0, void @empty_47, void @empty_19, i32 4294967295, i32 0, i32 0, i32 0"   --->   Operation 106 'specinterface' 'specinterface_ln0' <Predicate = true> <Delay = 0.00>
ST_2 : Operation 107 [1/1] (0.00ns)   --->   "%specinterface_ln0 = specinterface void @_ssdm_op_SpecInterface, i64 %ofmap, void @empty_16, i32 0, i32 0, void @empty_47, i32 0, i32 0, void @empty_17, void @empty_50, void @empty_47, i32 0, i32 0, i32 0, i32 0, void @empty_47, void @empty_19, i32 4294967295, i32 0, i32 0, i32 0"   --->   Operation 107 'specinterface' 'specinterface_ln0' <Predicate = true> <Delay = 0.00>
ST_2 : Operation 108 [1/1] (0.00ns)   --->   "%specinterface_ln0 = specinterface void @_ssdm_op_SpecInterface, i64 %ofmap, void @empty_20, i32 0, i32 0, void @empty_47, i32 0, i32 0, void @empty_47, void @empty_47, void @empty_47, i32 0, i32 0, i32 0, i32 0, void @empty_47, void @empty_19, i32 4294967295, i32 0, i32 0, i32 0"   --->   Operation 108 'specinterface' 'specinterface_ln0' <Predicate = true> <Delay = 0.00>
ST_2 : Operation 109 [1/1] (0.00ns)   --->   "%specbitsmap_ln0 = specbitsmap void @_ssdm_op_SpecBitsMap, i8 %in_h"   --->   Operation 109 'specbitsmap' 'specbitsmap_ln0' <Predicate = true> <Delay = 0.00>
ST_2 : Operation 110 [1/1] (0.00ns)   --->   "%specinterface_ln0 = specinterface void @_ssdm_op_SpecInterface, i8 %in_h, void @empty_16, i32 4294967295, i32 4294967295, void @empty_47, i32 0, i32 0, void @empty_39, void @empty_18, void @empty_47, i32 0, i32 0, i32 0, i32 0, void @empty_47, void @empty_47, i32 4294967295, i32 0, i32 0, i32 0"   --->   Operation 110 'specinterface' 'specinterface_ln0' <Predicate = true> <Delay = 0.00>
ST_2 : Operation 111 [1/1] (0.00ns)   --->   "%specinterface_ln0 = specinterface void @_ssdm_op_SpecInterface, i8 %in_h, void @empty_20, i32 0, i32 0, void @empty_47, i32 0, i32 0, void @empty_47, void @empty_47, void @empty_47, i32 0, i32 0, i32 0, i32 0, void @empty_47, void @empty_47, i32 4294967295, i32 0, i32 0, i32 0"   --->   Operation 111 'specinterface' 'specinterface_ln0' <Predicate = true> <Delay = 0.00>
ST_2 : Operation 112 [1/1] (0.00ns)   --->   "%specbitsmap_ln0 = specbitsmap void @_ssdm_op_SpecBitsMap, i8 %in_w"   --->   Operation 112 'specbitsmap' 'specbitsmap_ln0' <Predicate = true> <Delay = 0.00>
ST_2 : Operation 113 [1/1] (0.00ns)   --->   "%specinterface_ln0 = specinterface void @_ssdm_op_SpecInterface, i8 %in_w, void @empty_16, i32 4294967295, i32 4294967295, void @empty_47, i32 0, i32 0, void @empty_39, void @empty_40, void @empty_47, i32 0, i32 0, i32 0, i32 0, void @empty_47, void @empty_47, i32 4294967295, i32 0, i32 0, i32 0"   --->   Operation 113 'specinterface' 'specinterface_ln0' <Predicate = true> <Delay = 0.00>
ST_2 : Operation 114 [1/1] (0.00ns)   --->   "%specinterface_ln0 = specinterface void @_ssdm_op_SpecInterface, i8 %in_w, void @empty_20, i32 0, i32 0, void @empty_47, i32 0, i32 0, void @empty_47, void @empty_47, void @empty_47, i32 0, i32 0, i32 0, i32 0, void @empty_47, void @empty_47, i32 4294967295, i32 0, i32 0, i32 0"   --->   Operation 114 'specinterface' 'specinterface_ln0' <Predicate = true> <Delay = 0.00>
ST_2 : Operation 115 [1/1] (0.00ns)   --->   "%specbitsmap_ln0 = specbitsmap void @_ssdm_op_SpecBitsMap, i8 %in_ch"   --->   Operation 115 'specbitsmap' 'specbitsmap_ln0' <Predicate = true> <Delay = 0.00>
ST_2 : Operation 116 [1/1] (0.00ns)   --->   "%specinterface_ln0 = specinterface void @_ssdm_op_SpecInterface, i8 %in_ch, void @empty_16, i32 4294967295, i32 4294967295, void @empty_47, i32 0, i32 0, void @empty_39, void @empty_41, void @empty_47, i32 0, i32 0, i32 0, i32 0, void @empty_47, void @empty_47, i32 4294967295, i32 0, i32 0, i32 0"   --->   Operation 116 'specinterface' 'specinterface_ln0' <Predicate = true> <Delay = 0.00>
ST_2 : Operation 117 [1/1] (0.00ns)   --->   "%specinterface_ln0 = specinterface void @_ssdm_op_SpecInterface, i8 %in_ch, void @empty_20, i32 0, i32 0, void @empty_47, i32 0, i32 0, void @empty_47, void @empty_47, void @empty_47, i32 0, i32 0, i32 0, i32 0, void @empty_47, void @empty_47, i32 4294967295, i32 0, i32 0, i32 0"   --->   Operation 117 'specinterface' 'specinterface_ln0' <Predicate = true> <Delay = 0.00>
ST_2 : Operation 118 [1/1] (0.00ns)   --->   "%specbitsmap_ln0 = specbitsmap void @_ssdm_op_SpecBitsMap, i8 %out_ch"   --->   Operation 118 'specbitsmap' 'specbitsmap_ln0' <Predicate = true> <Delay = 0.00>
ST_2 : Operation 119 [1/1] (0.00ns)   --->   "%specinterface_ln0 = specinterface void @_ssdm_op_SpecInterface, i8 %out_ch, void @empty_16, i32 4294967295, i32 4294967295, void @empty_47, i32 0, i32 0, void @empty_39, void @empty_22, void @empty_47, i32 0, i32 0, i32 0, i32 0, void @empty_47, void @empty_47, i32 4294967295, i32 0, i32 0, i32 0"   --->   Operation 119 'specinterface' 'specinterface_ln0' <Predicate = true> <Delay = 0.00>
ST_2 : Operation 120 [1/1] (0.00ns)   --->   "%specinterface_ln0 = specinterface void @_ssdm_op_SpecInterface, i8 %out_ch, void @empty_20, i32 0, i32 0, void @empty_47, i32 0, i32 0, void @empty_47, void @empty_47, void @empty_47, i32 0, i32 0, i32 0, i32 0, void @empty_47, void @empty_47, i32 4294967295, i32 0, i32 0, i32 0"   --->   Operation 120 'specinterface' 'specinterface_ln0' <Predicate = true> <Delay = 0.00>
ST_2 : Operation 121 [1/1] (0.00ns)   --->   "%specbitsmap_ln0 = specbitsmap void @_ssdm_op_SpecBitsMap, i1 %do_relu"   --->   Operation 121 'specbitsmap' 'specbitsmap_ln0' <Predicate = true> <Delay = 0.00>
ST_2 : Operation 122 [1/1] (0.00ns)   --->   "%specinterface_ln0 = specinterface void @_ssdm_op_SpecInterface, i1 %do_relu, void @empty_16, i32 4294967295, i32 4294967295, void @empty_47, i32 0, i32 0, void @empty_39, void @empty_45, void @empty_47, i32 0, i32 0, i32 0, i32 0, void @empty_47, void @empty_47, i32 4294967295, i32 0, i32 0, i32 0"   --->   Operation 122 'specinterface' 'specinterface_ln0' <Predicate = true> <Delay = 0.00>
ST_2 : Operation 123 [1/1] (0.00ns)   --->   "%specinterface_ln0 = specinterface void @_ssdm_op_SpecInterface, i1 %do_relu, void @empty_20, i32 0, i32 0, void @empty_47, i32 0, i32 0, void @empty_47, void @empty_47, void @empty_47, i32 0, i32 0, i32 0, i32 0, void @empty_47, void @empty_47, i32 4294967295, i32 0, i32 0, i32 0"   --->   Operation 123 'specinterface' 'specinterface_ln0' <Predicate = true> <Delay = 0.00>
ST_2 : Operation 124 [1/1] (0.00ns)   --->   "%specbitsmap_ln0 = specbitsmap void @_ssdm_op_SpecBitsMap, i1 %do_pool"   --->   Operation 124 'specbitsmap' 'specbitsmap_ln0' <Predicate = true> <Delay = 0.00>
ST_2 : Operation 125 [1/1] (0.00ns)   --->   "%specinterface_ln0 = specinterface void @_ssdm_op_SpecInterface, i1 %do_pool, void @empty_16, i32 4294967295, i32 4294967295, void @empty_47, i32 0, i32 0, void @empty_39, void @empty_43, void @empty_47, i32 0, i32 0, i32 0, i32 0, void @empty_47, void @empty_47, i32 4294967295, i32 0, i32 0, i32 0"   --->   Operation 125 'specinterface' 'specinterface_ln0' <Predicate = true> <Delay = 0.00>
ST_2 : Operation 126 [1/1] (0.00ns)   --->   "%specinterface_ln0 = specinterface void @_ssdm_op_SpecInterface, i1 %do_pool, void @empty_20, i32 0, i32 0, void @empty_47, i32 0, i32 0, void @empty_47, void @empty_47, void @empty_47, i32 0, i32 0, i32 0, i32 0, void @empty_47, void @empty_47, i32 4294967295, i32 0, i32 0, i32 0"   --->   Operation 126 'specinterface' 'specinterface_ln0' <Predicate = true> <Delay = 0.00>
ST_2 : Operation 127 [1/1] (0.00ns)   --->   "%specbitsmap_ln0 = specbitsmap void @_ssdm_op_SpecBitsMap, i96 %perf"   --->   Operation 127 'specbitsmap' 'specbitsmap_ln0' <Predicate = true> <Delay = 0.00>
ST_2 : Operation 128 [1/1] (0.00ns)   --->   "%specinterface_ln0 = specinterface void @_ssdm_op_SpecInterface, i96 %perf, void @empty_16, i32 4294967295, i32 4294967295, void @empty_47, i32 0, i32 0, void @empty_39, void @empty_24, void @empty_47, i32 0, i32 0, i32 0, i32 0, void @empty_47, void @empty_47, i32 4294967295, i32 0, i32 0, i32 0"   --->   Operation 128 'specinterface' 'specinterface_ln0' <Predicate = true> <Delay = 0.00>
ST_2 : Operation 129 [1/1] (0.00ns)   --->   "%specinterface_ln0 = specinterface void @_ssdm_op_SpecInterface, i96 %perf, void @empty_20, i32 0, i32 0, void @empty_47, i32 0, i32 0, void @empty_47, void @empty_47, void @empty_47, i32 0, i32 0, i32 0, i32 0, void @empty_47, void @empty_47, i32 4294967295, i32 0, i32 0, i32 0"   --->   Operation 129 'specinterface' 'specinterface_ln0' <Predicate = true> <Delay = 0.00>
ST_2 : Operation 130 [1/1] (0.00ns)   --->   "%specinterface_ln0 = specinterface void @_ssdm_op_SpecInterface, i32 0, void @empty_16, i32 0, i32 0, void @empty_47, i32 0, i32 0, void @empty_39, void @empty_47, void @empty_47, i32 0, i32 0, i32 0, i32 0, void @empty_47, void @empty_47, i32 0, i32 0, i32 0, i32 0"   --->   Operation 130 'specinterface' 'specinterface_ln0' <Predicate = true> <Delay = 0.00>
ST_2 : Operation 131 [1/2] (1.91ns)   --->   "%call_ret = call i64 @conv3x3_relu, i8 %gmem0_0, i64 %ifmap_0_read, i8 %gmem0_1, i64 %ifmap_1_read, i8 %gmem0_2, i64 %ifmap_2_read, i8 %gmem0_3, i64 %ifmap_3_read, i8 %gmem0_4, i64 %ifmap_4_read, i8 %gmem0_5, i64 %ifmap_5_read, i8 %gmem0_6, i64 %ifmap_6_read, i8 %gmem0_7, i64 %ifmap_7_read, i8 %gmem1_0, i64 %weight_0_read, i8 %gmem1_1, i64 %weight_1_read, i8 %gmem1_2, i64 %weight_2_read, i8 %gmem1_3, i64 %weight_3_read, i8 %gmem1_4, i64 %weight_4_read, i8 %gmem1_5, i64 %weight_5_read, i8 %gmem1_6, i64 %weight_6_read, i8 %gmem1_7, i64 %weight_7_read, i32 %gmem1, i64 %bias_read, i8 %gmem2, i64 %conv_scratch_read, i8 %in_h_read, i8 %in_w_read, i8 %in_ch_read, i8 %out_ch_read, i1 %do_relu_read" [D:/project/DPUv2/dpu_conv.cpp:168]   --->   Operation 131 'call' 'call_ret' <Predicate = true> <Delay = 1.91> <CoreType = "Generic">   --->   Generic Core
ST_2 : Operation 132 [1/1] (0.00ns)   --->   "%mac_count = extractvalue i64 %call_ret" [D:/project/DPUv2/dpu_conv.cpp:168]   --->   Operation 132 'extractvalue' 'mac_count' <Predicate = true> <Delay = 0.00>
ST_2 : Operation 133 [1/1] (0.00ns)   --->   "%cycle_count = extractvalue i64 %call_ret" [D:/project/DPUv2/dpu_conv.cpp:168]   --->   Operation 133 'extractvalue' 'cycle_count' <Predicate = true> <Delay = 0.00>
ST_2 : Operation 134 [1/1] (0.00ns)   --->   "%br_ln172 = br i1 %do_pool_read, void %COPY_H.lr.ph.i, void %if.then" [D:/project/DPUv2/dpu_conv.cpp:172]   --->   Operation 134 'br' 'br_ln172' <Predicate = true> <Delay = 0.00>
ST_2 : Operation 135 [1/1] (0.00ns)   --->   "%zext_ln112 = zext i8 %in_h_read" [D:/project/DPUv2/dpu_conv.cpp:112->D:/project/DPUv2/dpu_conv.cpp:175]   --->   Operation 135 'zext' 'zext_ln112' <Predicate = (!do_pool_read)> <Delay = 0.00>
ST_2 : Operation 136 [1/1] (0.00ns)   --->   "%zext_ln112_1 = zext i8 %in_w_read" [D:/project/DPUv2/dpu_conv.cpp:112->D:/project/DPUv2/dpu_conv.cpp:175]   --->   Operation 136 'zext' 'zext_ln112_1' <Predicate = (!do_pool_read)> <Delay = 0.00>
ST_2 : Operation 137 [1/1] (4.17ns)   --->   "%mul_ln112 = mul i16 %zext_ln112, i16 %zext_ln112_1" [D:/project/DPUv2/dpu_conv.cpp:112->D:/project/DPUv2/dpu_conv.cpp:175]   --->   Operation 137 'mul' 'mul_ln112' <Predicate = (!do_pool_read)> <Delay = 4.17> <CoreInst = "Multiplier">   --->   Core 3 'Multiplier' <Latency = 0> <II = 1> <Delay = 4.17> <FuncUnit> <Opcode : 'mul'> <InPorts = 2> <OutPorts = 1>
ST_2 : Operation 138 [1/1] (0.00ns)   --->   "%lshr_ln = partselect i7 @_ssdm_op_PartSelect.i7.i8.i32.i32, i8 %in_h_read, i32 1, i32 7" [D:/project/DPUv2/dpu_conv.cpp:87->D:/project/DPUv2/dpu_conv.cpp:173]   --->   Operation 138 'partselect' 'lshr_ln' <Predicate = (do_pool_read)> <Delay = 0.00>
ST_2 : Operation 139 [1/1] (0.00ns)   --->   "%lshr_ln1 = partselect i7 @_ssdm_op_PartSelect.i7.i8.i32.i32, i8 %in_w_read, i32 1, i32 7" [D:/project/DPUv2/dpu_conv.cpp:89->D:/project/DPUv2/dpu_conv.cpp:173]   --->   Operation 139 'partselect' 'lshr_ln1' <Predicate = (do_pool_read)> <Delay = 0.00>
ST_2 : Operation 140 [1/1] (0.00ns)   --->   "%zext_ln82 = zext i7 %lshr_ln" [D:/project/DPUv2/dpu_conv.cpp:82->D:/project/DPUv2/dpu_conv.cpp:173]   --->   Operation 140 'zext' 'zext_ln82' <Predicate = (do_pool_read)> <Delay = 0.00>
ST_2 : Operation 141 [1/1] (0.00ns)   --->   "%zext_ln82_1 = zext i7 %lshr_ln1" [D:/project/DPUv2/dpu_conv.cpp:82->D:/project/DPUv2/dpu_conv.cpp:173]   --->   Operation 141 'zext' 'zext_ln82_1' <Predicate = (do_pool_read)> <Delay = 0.00>
ST_2 : Operation 142 [1/1] (3.74ns)   --->   "%mul_ln82 = mul i14 %zext_ln82, i14 %zext_ln82_1" [D:/project/DPUv2/dpu_conv.cpp:82->D:/project/DPUv2/dpu_conv.cpp:173]   --->   Operation 142 'mul' 'mul_ln82' <Predicate = (do_pool_read)> <Delay = 3.74> <CoreInst = "Multiplier">   --->   Core 3 'Multiplier' <Latency = 0> <II = 1> <Delay = 3.74> <FuncUnit> <Opcode : 'mul'> <InPorts = 2> <OutPorts = 1>

State 3 <SV = 2> <Delay = 5.58>
ST_3 : Operation 143 [1/1] (0.00ns)   --->   "%zext_ln112_2 = zext i8 %out_ch_read" [D:/project/DPUv2/dpu_conv.cpp:112->D:/project/DPUv2/dpu_conv.cpp:175]   --->   Operation 143 'zext' 'zext_ln112_2' <Predicate = true> <Delay = 0.00>
ST_3 : Operation 144 [1/1] (0.00ns)   --->   "%zext_ln112_3 = zext i16 %mul_ln112" [D:/project/DPUv2/dpu_conv.cpp:112->D:/project/DPUv2/dpu_conv.cpp:175]   --->   Operation 144 'zext' 'zext_ln112_3' <Predicate = true> <Delay = 0.00>
ST_3 : Operation 145 [1/1] (5.58ns)   --->   "%mul_ln112_1 = mul i24 %zext_ln112_2, i24 %zext_ln112_3" [D:/project/DPUv2/dpu_conv.cpp:112->D:/project/DPUv2/dpu_conv.cpp:175]   --->   Operation 145 'mul' 'mul_ln112_1' <Predicate = true> <Delay = 5.58> <CoreInst = "Multiplier">   --->   Core 3 'Multiplier' <Latency = 0> <II = 1> <Delay = 5.58> <FuncUnit> <Opcode : 'mul'> <InPorts = 2> <OutPorts = 1>
ST_3 : Operation 146 [2/2] (0.00ns)   --->   "%call_ln134 = call void @dpu_conv_top_Pipeline_COPY_OC_COPY_H_COPY_W, i8 %gmem0, i8 %gmem2, i64 %ofmap_read, i24 %mul_ln112_1, i8 %in_w_read, i8 %in_w_read, i16 %mul_ln112, i64 %conv_scratch_read" [D:/project/DPUv2/dpu_conv.cpp:134]   --->   Operation 146 'call' 'call_ln134' <Predicate = true> <Delay = 0.00> <CoreType = "Generic">   --->   Generic Core

State 4 <SV = 3> <Delay = 1.00>
ST_4 : Operation 147 [1/2] (0.00ns)   --->   "%call_ln134 = call void @dpu_conv_top_Pipeline_COPY_OC_COPY_H_COPY_W, i8 %gmem0, i8 %gmem2, i64 %ofmap_read, i24 %mul_ln112_1, i8 %in_w_read, i8 %in_w_read, i16 %mul_ln112, i64 %conv_scratch_read" [D:/project/DPUv2/dpu_conv.cpp:134]   --->   Operation 147 'call' 'call_ln134' <Predicate = (!do_pool_read)> <Delay = 0.00> <CoreType = "Generic">   --->   Generic Core
ST_4 : Operation 148 [1/1] (0.00ns)   --->   "%br_ln0 = br void %if.end"   --->   Operation 148 'br' 'br_ln0' <Predicate = (!do_pool_read)> <Delay = 0.00>
ST_4 : Operation 149 [1/2] (0.00ns)   --->   "%call_ln134 = call void @dpu_conv_top_Pipeline_POOL_OC_POOL_H_POOL_W, i8 %gmem0, i8 %gmem2, i64 %ofmap_read, i22 %mul_ln82_1, i64 %conv_scratch_read, i7 %lshr_ln1, i7 %lshr_ln1, i14 %mul_ln82" [D:/project/DPUv2/dpu_conv.cpp:134]   --->   Operation 149 'call' 'call_ln134' <Predicate = (do_pool_read)> <Delay = 0.00> <CoreType = "Generic">   --->   Generic Core
ST_4 : Operation 150 [1/1] (0.00ns)   --->   "%br_ln0 = br void %if.end"   --->   Operation 150 'br' 'br_ln0' <Predicate = (do_pool_read)> <Delay = 0.00>
ST_4 : Operation 151 [1/1] (0.00ns)   --->   "%zext_ln182_cast = bitconcatenate i65 @_ssdm_op_BitConcatenate.i65.i1.i32.i32, i1 1, i32 %mac_count, i32 %cycle_count" [D:/project/DPUv2/dpu_conv.cpp:182]   --->   Operation 151 'bitconcatenate' 'zext_ln182_cast' <Predicate = true> <Delay = 0.00>
ST_4 : Operation 152 [1/1] (0.00ns)   --->   "%zext_ln182 = zext i65 %zext_ln182_cast" [D:/project/DPUv2/dpu_conv.cpp:182]   --->   Operation 152 'zext' 'zext_ln182' <Predicate = true> <Delay = 0.00>
ST_4 : Operation 153 [1/1] (1.00ns)   --->   "%write_ln182 = write void @_ssdm_op_Write.s_axilite.i96P0A, i96 %perf, i96 %zext_ln182" [D:/project/DPUv2/dpu_conv.cpp:182]   --->   Operation 153 'write' 'write_ln182' <Predicate = true> <Delay = 1.00> <CoreInst = "s_axilite">   --->   Core 112 's_axilite' <Latency = 0> <II = 1> <Delay = 1.00> <Adapter> <Opcode : 'read' 'write'>
ST_4 : Operation 154 [1/1] (0.00ns)   --->   "%ret_ln183 = ret" [D:/project/DPUv2/dpu_conv.cpp:183]   --->   Operation 154 'ret' 'ret_ln183' <Predicate = true> <Delay = 0.00>

State 5 <SV = 2> <Delay = 5.60>
ST_5 : Operation 155 [1/1] (0.00ns)   --->   "%zext_ln82_2 = zext i8 %out_ch_read" [D:/project/DPUv2/dpu_conv.cpp:82->D:/project/DPUv2/dpu_conv.cpp:173]   --->   Operation 155 'zext' 'zext_ln82_2' <Predicate = true> <Delay = 0.00>
ST_5 : Operation 156 [1/1] (0.00ns)   --->   "%zext_ln82_3 = zext i14 %mul_ln82" [D:/project/DPUv2/dpu_conv.cpp:82->D:/project/DPUv2/dpu_conv.cpp:173]   --->   Operation 156 'zext' 'zext_ln82_3' <Predicate = true> <Delay = 0.00>
ST_5 : Operation 157 [1/1] (5.60ns)   --->   "%mul_ln82_1 = mul i22 %zext_ln82_2, i22 %zext_ln82_3" [D:/project/DPUv2/dpu_conv.cpp:82->D:/project/DPUv2/dpu_conv.cpp:173]   --->   Operation 157 'mul' 'mul_ln82_1' <Predicate = true> <Delay = 5.60> <CoreInst = "Multiplier">   --->   Core 3 'Multiplier' <Latency = 0> <II = 1> <Delay = 5.60> <FuncUnit> <Opcode : 'mul'> <InPorts = 2> <OutPorts = 1>
ST_5 : Operation 158 [2/2] (0.00ns)   --->   "%call_ln134 = call void @dpu_conv_top_Pipeline_POOL_OC_POOL_H_POOL_W, i8 %gmem0, i8 %gmem2, i64 %ofmap_read, i22 %mul_ln82_1, i64 %conv_scratch_read, i7 %lshr_ln1, i7 %lshr_ln1, i14 %mul_ln82" [D:/project/DPUv2/dpu_conv.cpp:134]   --->   Operation 158 'call' 'call_ln134' <Predicate = true> <Delay = 0.00> <CoreType = "Generic">   --->   Generic Core


============================================================
+ Verbose Summary: Binding
============================================================
STG Binding: 
---------------- STG Properties BEGIN ----------------
- Is combinational: 0
- Is one-state seq: 0
- Is datapath-only: 0
- Is pipelined: 0
- Is top level: 1
Port [ Return ] is wired: 1; IO mode=ap_ctrl_hs:ce=0
Port [ gmem0_0]:  wired=1; compound=1; hidden=0; nouse=0; global=0; static=0; extern=0; dir=0; type=4; pingpong=0; private_global=0; IO mode=m_axi:ce=0
Port [ gmem0_1]:  wired=1; compound=1; hidden=0; nouse=0; global=0; static=0; extern=0; dir=0; type=4; pingpong=0; private_global=0; IO mode=m_axi:ce=0
Port [ gmem0_2]:  wired=1; compound=1; hidden=0; nouse=0; global=0; static=0; extern=0; dir=0; type=4; pingpong=0; private_global=0; IO mode=m_axi:ce=0
Port [ gmem0_3]:  wired=1; compound=1; hidden=0; nouse=0; global=0; static=0; extern=0; dir=0; type=4; pingpong=0; private_global=0; IO mode=m_axi:ce=0
Port [ gmem0_4]:  wired=1; compound=1; hidden=0; nouse=0; global=0; static=0; extern=0; dir=0; type=4; pingpong=0; private_global=0; IO mode=m_axi:ce=0
Port [ gmem0_5]:  wired=1; compound=1; hidden=0; nouse=0; global=0; static=0; extern=0; dir=0; type=4; pingpong=0; private_global=0; IO mode=m_axi:ce=0
Port [ gmem0_6]:  wired=1; compound=1; hidden=0; nouse=0; global=0; static=0; extern=0; dir=0; type=4; pingpong=0; private_global=0; IO mode=m_axi:ce=0
Port [ gmem0_7]:  wired=1; compound=1; hidden=0; nouse=0; global=0; static=0; extern=0; dir=0; type=4; pingpong=0; private_global=0; IO mode=m_axi:ce=0
Port [ gmem1_0]:  wired=1; compound=1; hidden=0; nouse=0; global=0; static=0; extern=0; dir=0; type=4; pingpong=0; private_global=0; IO mode=m_axi:ce=0
Port [ gmem1_1]:  wired=1; compound=1; hidden=0; nouse=0; global=0; static=0; extern=0; dir=0; type=4; pingpong=0; private_global=0; IO mode=m_axi:ce=0
Port [ gmem1_2]:  wired=1; compound=1; hidden=0; nouse=0; global=0; static=0; extern=0; dir=0; type=4; pingpong=0; private_global=0; IO mode=m_axi:ce=0
Port [ gmem1_3]:  wired=1; compound=1; hidden=0; nouse=0; global=0; static=0; extern=0; dir=0; type=4; pingpong=0; private_global=0; IO mode=m_axi:ce=0
Port [ gmem1_4]:  wired=1; compound=1; hidden=0; nouse=0; global=0; static=0; extern=0; dir=0; type=4; pingpong=0; private_global=0; IO mode=m_axi:ce=0
Port [ gmem1_5]:  wired=1; compound=1; hidden=0; nouse=0; global=0; static=0; extern=0; dir=0; type=4; pingpong=0; private_global=0; IO mode=m_axi:ce=0
Port [ gmem1_6]:  wired=1; compound=1; hidden=0; nouse=0; global=0; static=0; extern=0; dir=0; type=4; pingpong=0; private_global=0; IO mode=m_axi:ce=0
Port [ gmem1_7]:  wired=1; compound=1; hidden=0; nouse=0; global=0; static=0; extern=0; dir=0; type=4; pingpong=0; private_global=0; IO mode=m_axi:ce=0
Port [ gmem1]:  wired=1; compound=1; hidden=0; nouse=0; global=0; static=0; extern=0; dir=0; type=4; pingpong=0; private_global=0; IO mode=m_axi:ce=0
Port [ gmem2]:  wired=1; compound=1; hidden=0; nouse=0; global=0; static=0; extern=0; dir=2; type=4; pingpong=0; private_global=0; IO mode=m_axi:ce=0
Port [ gmem0]:  wired=1; compound=1; hidden=0; nouse=0; global=0; static=0; extern=0; dir=1; type=4; pingpong=0; private_global=0; IO mode=m_axi:ce=0
Port [ ifmap_0]:  wired=1; compound=0; hidden=0; nouse=0; global=0; static=0; extern=0; dir=0; type=0; pingpong=0; private_global=0; IO mode=ap_none:ce=0
Port [ ifmap_1]:  wired=1; compound=0; hidden=0; nouse=0; global=0; static=0; extern=0; dir=0; type=0; pingpong=0; private_global=0; IO mode=ap_none:ce=0
Port [ ifmap_2]:  wired=1; compound=0; hidden=0; nouse=0; global=0; static=0; extern=0; dir=0; type=0; pingpong=0; private_global=0; IO mode=ap_none:ce=0
Port [ ifmap_3]:  wired=1; compound=0; hidden=0; nouse=0; global=0; static=0; extern=0; dir=0; type=0; pingpong=0; private_global=0; IO mode=ap_none:ce=0
Port [ ifmap_4]:  wired=1; compound=0; hidden=0; nouse=0; global=0; static=0; extern=0; dir=0; type=0; pingpong=0; private_global=0; IO mode=ap_none:ce=0
Port [ ifmap_5]:  wired=1; compound=0; hidden=0; nouse=0; global=0; static=0; extern=0; dir=0; type=0; pingpong=0; private_global=0; IO mode=ap_none:ce=0
Port [ ifmap_6]:  wired=1; compound=0; hidden=0; nouse=0; global=0; static=0; extern=0; dir=0; type=0; pingpong=0; private_global=0; IO mode=ap_none:ce=0
Port [ ifmap_7]:  wired=1; compound=0; hidden=0; nouse=0; global=0; static=0; extern=0; dir=0; type=0; pingpong=0; private_global=0; IO mode=ap_none:ce=0
Port [ weight_0]:  wired=1; compound=0; hidden=0; nouse=0; global=0; static=0; extern=0; dir=0; type=0; pingpong=0; private_global=0; IO mode=ap_none:ce=0
Port [ weight_1]:  wired=1; compound=0; hidden=0; nouse=0; global=0; static=0; extern=0; dir=0; type=0; pingpong=0; private_global=0; IO mode=ap_none:ce=0
Port [ weight_2]:  wired=1; compound=0; hidden=0; nouse=0; global=0; static=0; extern=0; dir=0; type=0; pingpong=0; private_global=0; IO mode=ap_none:ce=0
Port [ weight_3]:  wired=1; compound=0; hidden=0; nouse=0; global=0; static=0; extern=0; dir=0; type=0; pingpong=0; private_global=0; IO mode=ap_none:ce=0
Port [ weight_4]:  wired=1; compound=0; hidden=0; nouse=0; global=0; static=0; extern=0; dir=0; type=0; pingpong=0; private_global=0; IO mode=ap_none:ce=0
Port [ weight_5]:  wired=1; compound=0; hidden=0; nouse=0; global=0; static=0; extern=0; dir=0; type=0; pingpong=0; private_global=0; IO mode=ap_none:ce=0
Port [ weight_6]:  wired=1; compound=0; hidden=0; nouse=0; global=0; static=0; extern=0; dir=0; type=0; pingpong=0; private_global=0; IO mode=ap_none:ce=0
Port [ weight_7]:  wired=1; compound=0; hidden=0; nouse=0; global=0; static=0; extern=0; dir=0; type=0; pingpong=0; private_global=0; IO mode=ap_none:ce=0
Port [ bias]:  wired=1; compound=0; hidden=0; nouse=0; global=0; static=0; extern=0; dir=0; type=0; pingpong=0; private_global=0; IO mode=ap_none:ce=0
Port [ conv_scratch]:  wired=1; compound=0; hidden=0; nouse=0; global=0; static=0; extern=0; dir=0; type=0; pingpong=0; private_global=0; IO mode=ap_none:ce=0
Port [ ofmap]:  wired=1; compound=0; hidden=0; nouse=0; global=0; static=0; extern=0; dir=0; type=0; pingpong=0; private_global=0; IO mode=ap_none:ce=0
Port [ in_h]:  wired=1; compound=0; hidden=0; nouse=0; global=0; static=0; extern=0; dir=0; type=0; pingpong=0; private_global=0; IO mode=ap_none:ce=0
Port [ in_w]:  wired=1; compound=0; hidden=0; nouse=0; global=0; static=0; extern=0; dir=0; type=0; pingpong=0; private_global=0; IO mode=ap_none:ce=0
Port [ in_ch]:  wired=1; compound=0; hidden=0; nouse=0; global=0; static=0; extern=0; dir=0; type=0; pingpong=0; private_global=0; IO mode=ap_none:ce=0
Port [ out_ch]:  wired=1; compound=0; hidden=0; nouse=0; global=0; static=0; extern=0; dir=0; type=0; pingpong=0; private_global=0; IO mode=ap_none:ce=0
Port [ do_relu]:  wired=1; compound=0; hidden=0; nouse=0; global=0; static=0; extern=0; dir=0; type=0; pingpong=0; private_global=0; IO mode=ap_none:ce=0
Port [ do_pool]:  wired=1; compound=0; hidden=0; nouse=0; global=0; static=0; extern=0; dir=0; type=0; pingpong=0; private_global=0; IO mode=ap_none:ce=0
Port [ perf]:  wired=1; compound=0; hidden=0; nouse=0; global=0; static=0; extern=0; dir=1; type=0; pingpong=0; private_global=0; IO mode=ap_vld:ce=0
---------------- STG Properties END ------------------

---------------- Datapath Model BEGIN ----------------

<LifeTime>
<method=bitvector/>
do_pool_read        (read          ) [ 001111]
do_relu_read        (read          ) [ 001000]
out_ch_read         (read          ) [ 001101]
in_ch_read          (read          ) [ 001000]
in_w_read           (read          ) [ 001111]
in_h_read           (read          ) [ 001000]
ofmap_read          (read          ) [ 001111]
conv_scratch_read   (read          ) [ 001111]
bias_read           (read          ) [ 001000]
weight_7_read       (read          ) [ 001000]
weight_6_read       (read          ) [ 001000]
weight_5_read       (read          ) [ 001000]
weight_4_read       (read          ) [ 001000]
weight_3_read       (read          ) [ 001000]
weight_2_read       (read          ) [ 001000]
weight_1_read       (read          ) [ 001000]
weight_0_read       (read          ) [ 001000]
ifmap_7_read        (read          ) [ 001000]
ifmap_6_read        (read          ) [ 001000]
ifmap_5_read        (read          ) [ 001000]
ifmap_4_read        (read          ) [ 001000]
ifmap_3_read        (read          ) [ 001000]
ifmap_2_read        (read          ) [ 001000]
ifmap_1_read        (read          ) [ 001000]
ifmap_0_read        (read          ) [ 001000]
spectopmodule_ln128 (spectopmodule ) [ 000000]
specinterface_ln0   (specinterface ) [ 000000]
specbitsmap_ln0     (specbitsmap   ) [ 000000]
specinterface_ln0   (specinterface ) [ 000000]
specbitsmap_ln0     (specbitsmap   ) [ 000000]
specinterface_ln0   (specinterface ) [ 000000]
specbitsmap_ln0     (specbitsmap   ) [ 000000]
specinterface_ln0   (specinterface ) [ 000000]
specbitsmap_ln0     (specbitsmap   ) [ 000000]
specinterface_ln0   (specinterface ) [ 000000]
specbitsmap_ln0     (specbitsmap   ) [ 000000]
specinterface_ln0   (specinterface ) [ 000000]
specbitsmap_ln0     (specbitsmap   ) [ 000000]
specinterface_ln0   (specinterface ) [ 000000]
specbitsmap_ln0     (specbitsmap   ) [ 000000]
specinterface_ln0   (specinterface ) [ 000000]
specbitsmap_ln0     (specbitsmap   ) [ 000000]
specinterface_ln0   (specinterface ) [ 000000]
specbitsmap_ln0     (specbitsmap   ) [ 000000]
specinterface_ln0   (specinterface ) [ 000000]
specbitsmap_ln0     (specbitsmap   ) [ 000000]
specinterface_ln0   (specinterface ) [ 000000]
specbitsmap_ln0     (specbitsmap   ) [ 000000]
specinterface_ln0   (specinterface ) [ 000000]
specbitsmap_ln0     (specbitsmap   ) [ 000000]
specinterface_ln0   (specinterface ) [ 000000]
specbitsmap_ln0     (specbitsmap   ) [ 000000]
specinterface_ln0   (specinterface ) [ 000000]
specbitsmap_ln0     (specbitsmap   ) [ 000000]
specinterface_ln0   (specinterface ) [ 000000]
specbitsmap_ln0     (specbitsmap   ) [ 000000]
specinterface_ln0   (specinterface ) [ 000000]
specbitsmap_ln0     (specbitsmap   ) [ 000000]
specinterface_ln0   (specinterface ) [ 000000]
specbitsmap_ln0     (specbitsmap   ) [ 000000]
specinterface_ln0   (specinterface ) [ 000000]
specbitsmap_ln0     (specbitsmap   ) [ 000000]
specinterface_ln0   (specinterface ) [ 000000]
specbitsmap_ln0     (specbitsmap   ) [ 000000]
specinterface_ln0   (specinterface ) [ 000000]
specinterface_ln0   (specinterface ) [ 000000]
specinterface_ln0   (specinterface ) [ 000000]
specinterface_ln0   (specinterface ) [ 000000]
specinterface_ln0   (specinterface ) [ 000000]
specinterface_ln0   (specinterface ) [ 000000]
specinterface_ln0   (specinterface ) [ 000000]
specinterface_ln0   (specinterface ) [ 000000]
specinterface_ln0   (specinterface ) [ 000000]
specinterface_ln0   (specinterface ) [ 000000]
specinterface_ln0   (specinterface ) [ 000000]
specinterface_ln0   (specinterface ) [ 000000]
specinterface_ln0   (specinterface ) [ 000000]
specinterface_ln0   (specinterface ) [ 000000]
specinterface_ln0   (specinterface ) [ 000000]
specinterface_ln0   (specinterface ) [ 000000]
specinterface_ln0   (specinterface ) [ 000000]
specinterface_ln0   (specinterface ) [ 000000]
specinterface_ln0   (specinterface ) [ 000000]
specinterface_ln0   (specinterface ) [ 000000]
specinterface_ln0   (specinterface ) [ 000000]
specinterface_ln0   (specinterface ) [ 000000]
specinterface_ln0   (specinterface ) [ 000000]
specinterface_ln0   (specinterface ) [ 000000]
specinterface_ln0   (specinterface ) [ 000000]
specinterface_ln0   (specinterface ) [ 000000]
specinterface_ln0   (specinterface ) [ 000000]
specinterface_ln0   (specinterface ) [ 000000]
specinterface_ln0   (specinterface ) [ 000000]
specinterface_ln0   (specinterface ) [ 000000]
specinterface_ln0   (specinterface ) [ 000000]
specinterface_ln0   (specinterface ) [ 000000]
specinterface_ln0   (specinterface ) [ 000000]
specinterface_ln0   (specinterface ) [ 000000]
specinterface_ln0   (specinterface ) [ 000000]
specinterface_ln0   (specinterface ) [ 000000]
specinterface_ln0   (specinterface ) [ 000000]
specinterface_ln0   (specinterface ) [ 000000]
specbitsmap_ln0     (specbitsmap   ) [ 000000]
specinterface_ln0   (specinterface ) [ 000000]
specinterface_ln0   (specinterface ) [ 000000]
specbitsmap_ln0     (specbitsmap   ) [ 000000]
specinterface_ln0   (specinterface ) [ 000000]
specinterface_ln0   (specinterface ) [ 000000]
specbitsmap_ln0     (specbitsmap   ) [ 000000]
specinterface_ln0   (specinterface ) [ 000000]
specinterface_ln0   (specinterface ) [ 000000]
specbitsmap_ln0     (specbitsmap   ) [ 000000]
specinterface_ln0   (specinterface ) [ 000000]
specinterface_ln0   (specinterface ) [ 000000]
specbitsmap_ln0     (specbitsmap   ) [ 000000]
specinterface_ln0   (specinterface ) [ 000000]
specinterface_ln0   (specinterface ) [ 000000]
specbitsmap_ln0     (specbitsmap   ) [ 000000]
specinterface_ln0   (specinterface ) [ 000000]
specinterface_ln0   (specinterface ) [ 000000]
specbitsmap_ln0     (specbitsmap   ) [ 000000]
specinterface_ln0   (specinterface ) [ 000000]
specinterface_ln0   (specinterface ) [ 000000]
specinterface_ln0   (specinterface ) [ 000000]
call_ret            (call          ) [ 000000]
mac_count           (extractvalue  ) [ 000111]
cycle_count         (extractvalue  ) [ 000111]
br_ln172            (br            ) [ 000000]
zext_ln112          (zext          ) [ 000000]
zext_ln112_1        (zext          ) [ 000000]
mul_ln112           (mul           ) [ 000111]
lshr_ln             (partselect    ) [ 000000]
lshr_ln1            (partselect    ) [ 000111]
zext_ln82           (zext          ) [ 000000]
zext_ln82_1         (zext          ) [ 000000]
mul_ln82            (mul           ) [ 000111]
zext_ln112_2        (zext          ) [ 000000]
zext_ln112_3        (zext          ) [ 000000]
mul_ln112_1         (mul           ) [ 000010]
call_ln134          (call          ) [ 000000]
br_ln0              (br            ) [ 000000]
call_ln134          (call          ) [ 000000]
br_ln0              (br            ) [ 000000]
zext_ln182_cast     (bitconcatenate) [ 000000]
zext_ln182          (zext          ) [ 000000]
write_ln182         (write         ) [ 000000]
ret_ln183           (ret           ) [ 000000]
zext_ln82_2         (zext          ) [ 000000]
zext_ln82_3         (zext          ) [ 000000]
mul_ln82_1          (mul           ) [ 000010]
</LifeTime>

<model>

<comp_list>
<comp id="0" class="1000" name="gmem0_0">
<pin_list>
<pin id="1" dir="1" index="0" bw="1" slack="0"/>
</pin_list>
<bind>
<StgValue><ssdm name="gmem0_0"/><MemPortTyVec>0 </MemPortTyVec>
</StgValue>
</bind>
</comp>

<comp id="2" class="1000" name="gmem0_1">
<pin_list>
<pin id="3" dir="1" index="0" bw="1" slack="0"/>
</pin_list>
<bind>
<StgValue><ssdm name="gmem0_1"/><MemPortTyVec>0 </MemPortTyVec>
</StgValue>
</bind>
</comp>

<comp id="4" class="1000" name="gmem0_2">
<pin_list>
<pin id="5" dir="1" index="0" bw="1" slack="0"/>
</pin_list>
<bind>
<StgValue><ssdm name="gmem0_2"/><MemPortTyVec>0 </MemPortTyVec>
</StgValue>
</bind>
</comp>

<comp id="6" class="1000" name="gmem0_3">
<pin_list>
<pin id="7" dir="1" index="0" bw="1" slack="0"/>
</pin_list>
<bind>
<StgValue><ssdm name="gmem0_3"/><MemPortTyVec>0 </MemPortTyVec>
</StgValue>
</bind>
</comp>

<comp id="8" class="1000" name="gmem0_4">
<pin_list>
<pin id="9" dir="1" index="0" bw="1" slack="0"/>
</pin_list>
<bind>
<StgValue><ssdm name="gmem0_4"/><MemPortTyVec>0 </MemPortTyVec>
</StgValue>
</bind>
</comp>

<comp id="10" class="1000" name="gmem0_5">
<pin_list>
<pin id="11" dir="1" index="0" bw="1" slack="0"/>
</pin_list>
<bind>
<StgValue><ssdm name="gmem0_5"/><MemPortTyVec>0 </MemPortTyVec>
</StgValue>
</bind>
</comp>

<comp id="12" class="1000" name="gmem0_6">
<pin_list>
<pin id="13" dir="1" index="0" bw="1" slack="0"/>
</pin_list>
<bind>
<StgValue><ssdm name="gmem0_6"/><MemPortTyVec>0 </MemPortTyVec>
</StgValue>
</bind>
</comp>

<comp id="14" class="1000" name="gmem0_7">
<pin_list>
<pin id="15" dir="1" index="0" bw="1" slack="0"/>
</pin_list>
<bind>
<StgValue><ssdm name="gmem0_7"/><MemPortTyVec>0 </MemPortTyVec>
</StgValue>
</bind>
</comp>

<comp id="16" class="1000" name="gmem1_0">
<pin_list>
<pin id="17" dir="1" index="0" bw="1" slack="0"/>
</pin_list>
<bind>
<StgValue><ssdm name="gmem1_0"/><MemPortTyVec>0 </MemPortTyVec>
</StgValue>
</bind>
</comp>

<comp id="18" class="1000" name="gmem1_1">
<pin_list>
<pin id="19" dir="1" index="0" bw="1" slack="0"/>
</pin_list>
<bind>
<StgValue><ssdm name="gmem1_1"/><MemPortTyVec>0 </MemPortTyVec>
</StgValue>
</bind>
</comp>

<comp id="20" class="1000" name="gmem1_2">
<pin_list>
<pin id="21" dir="1" index="0" bw="1" slack="0"/>
</pin_list>
<bind>
<StgValue><ssdm name="gmem1_2"/><MemPortTyVec>0 </MemPortTyVec>
</StgValue>
</bind>
</comp>

<comp id="22" class="1000" name="gmem1_3">
<pin_list>
<pin id="23" dir="1" index="0" bw="1" slack="0"/>
</pin_list>
<bind>
<StgValue><ssdm name="gmem1_3"/><MemPortTyVec>0 </MemPortTyVec>
</StgValue>
</bind>
</comp>

<comp id="24" class="1000" name="gmem1_4">
<pin_list>
<pin id="25" dir="1" index="0" bw="1" slack="0"/>
</pin_list>
<bind>
<StgValue><ssdm name="gmem1_4"/><MemPortTyVec>0 </MemPortTyVec>
</StgValue>
</bind>
</comp>

<comp id="26" class="1000" name="gmem1_5">
<pin_list>
<pin id="27" dir="1" index="0" bw="1" slack="0"/>
</pin_list>
<bind>
<StgValue><ssdm name="gmem1_5"/><MemPortTyVec>0 </MemPortTyVec>
</StgValue>
</bind>
</comp>

<comp id="28" class="1000" name="gmem1_6">
<pin_list>
<pin id="29" dir="1" index="0" bw="1" slack="0"/>
</pin_list>
<bind>
<StgValue><ssdm name="gmem1_6"/><MemPortTyVec>0 </MemPortTyVec>
</StgValue>
</bind>
</comp>

<comp id="30" class="1000" name="gmem1_7">
<pin_list>
<pin id="31" dir="1" index="0" bw="1" slack="0"/>
</pin_list>
<bind>
<StgValue><ssdm name="gmem1_7"/><MemPortTyVec>0 </MemPortTyVec>
</StgValue>
</bind>
</comp>

<comp id="32" class="1000" name="gmem1">
<pin_list>
<pin id="33" dir="1" index="0" bw="1" slack="0"/>
</pin_list>
<bind>
<StgValue><ssdm name="gmem1"/><MemPortTyVec>0 </MemPortTyVec>
</StgValue>
</bind>
</comp>

<comp id="34" class="1000" name="gmem2">
<pin_list>
<pin id="35" dir="1" index="0" bw="1" slack="0"/>
</pin_list>
<bind>
<StgValue><ssdm name="gmem2"/><MemPortTyVec>2 </MemPortTyVec>
</StgValue>
</bind>
</comp>

<comp id="36" class="1000" name="gmem0">
<pin_list>
<pin id="37" dir="1" index="0" bw="1" slack="0"/>
</pin_list>
<bind>
<StgValue><ssdm name="gmem0"/><MemPortTyVec>1 </MemPortTyVec>
</StgValue>
</bind>
</comp>

<comp id="38" class="1000" name="ifmap_0">
<pin_list>
<pin id="39" dir="1" index="0" bw="1" slack="0"/>
</pin_list>
<bind>
<StgValue><ssdm name="ifmap_0"/></StgValue>
</bind>
</comp>

<comp id="40" class="1000" name="ifmap_1">
<pin_list>
<pin id="41" dir="1" index="0" bw="1" slack="0"/>
</pin_list>
<bind>
<StgValue><ssdm name="ifmap_1"/></StgValue>
</bind>
</comp>

<comp id="42" class="1000" name="ifmap_2">
<pin_list>
<pin id="43" dir="1" index="0" bw="1" slack="0"/>
</pin_list>
<bind>
<StgValue><ssdm name="ifmap_2"/></StgValue>
</bind>
</comp>

<comp id="44" class="1000" name="ifmap_3">
<pin_list>
<pin id="45" dir="1" index="0" bw="1" slack="0"/>
</pin_list>
<bind>
<StgValue><ssdm name="ifmap_3"/></StgValue>
</bind>
</comp>

<comp id="46" class="1000" name="ifmap_4">
<pin_list>
<pin id="47" dir="1" index="0" bw="1" slack="0"/>
</pin_list>
<bind>
<StgValue><ssdm name="ifmap_4"/></StgValue>
</bind>
</comp>

<comp id="48" class="1000" name="ifmap_5">
<pin_list>
<pin id="49" dir="1" index="0" bw="1" slack="0"/>
</pin_list>
<bind>
<StgValue><ssdm name="ifmap_5"/></StgValue>
</bind>
</comp>

<comp id="50" class="1000" name="ifmap_6">
<pin_list>
<pin id="51" dir="1" index="0" bw="1" slack="0"/>
</pin_list>
<bind>
<StgValue><ssdm name="ifmap_6"/></StgValue>
</bind>
</comp>

<comp id="52" class="1000" name="ifmap_7">
<pin_list>
<pin id="53" dir="1" index="0" bw="1" slack="0"/>
</pin_list>
<bind>
<StgValue><ssdm name="ifmap_7"/></StgValue>
</bind>
</comp>

<comp id="54" class="1000" name="weight_0">
<pin_list>
<pin id="55" dir="1" index="0" bw="1" slack="0"/>
</pin_list>
<bind>
<StgValue><ssdm name="weight_0"/></StgValue>
</bind>
</comp>

<comp id="56" class="1000" name="weight_1">
<pin_list>
<pin id="57" dir="1" index="0" bw="1" slack="0"/>
</pin_list>
<bind>
<StgValue><ssdm name="weight_1"/></StgValue>
</bind>
</comp>

<comp id="58" class="1000" name="weight_2">
<pin_list>
<pin id="59" dir="1" index="0" bw="1" slack="0"/>
</pin_list>
<bind>
<StgValue><ssdm name="weight_2"/></StgValue>
</bind>
</comp>

<comp id="60" class="1000" name="weight_3">
<pin_list>
<pin id="61" dir="1" index="0" bw="1" slack="0"/>
</pin_list>
<bind>
<StgValue><ssdm name="weight_3"/></StgValue>
</bind>
</comp>

<comp id="62" class="1000" name="weight_4">
<pin_list>
<pin id="63" dir="1" index="0" bw="1" slack="0"/>
</pin_list>
<bind>
<StgValue><ssdm name="weight_4"/></StgValue>
</bind>
</comp>

<comp id="64" class="1000" name="weight_5">
<pin_list>
<pin id="65" dir="1" index="0" bw="1" slack="0"/>
</pin_list>
<bind>
<StgValue><ssdm name="weight_5"/></StgValue>
</bind>
</comp>

<comp id="66" class="1000" name="weight_6">
<pin_list>
<pin id="67" dir="1" index="0" bw="1" slack="0"/>
</pin_list>
<bind>
<StgValue><ssdm name="weight_6"/></StgValue>
</bind>
</comp>

<comp id="68" class="1000" name="weight_7">
<pin_list>
<pin id="69" dir="1" index="0" bw="1" slack="0"/>
</pin_list>
<bind>
<StgValue><ssdm name="weight_7"/></StgValue>
</bind>
</comp>

<comp id="70" class="1000" name="bias">
<pin_list>
<pin id="71" dir="1" index="0" bw="1" slack="0"/>
</pin_list>
<bind>
<StgValue><ssdm name="bias"/></StgValue>
</bind>
</comp>

<comp id="72" class="1000" name="conv_scratch">
<pin_list>
<pin id="73" dir="1" index="0" bw="1" slack="0"/>
</pin_list>
<bind>
<StgValue><ssdm name="conv_scratch"/></StgValue>
</bind>
</comp>

<comp id="74" class="1000" name="ofmap">
<pin_list>
<pin id="75" dir="1" index="0" bw="1" slack="0"/>
</pin_list>
<bind>
<StgValue><ssdm name="ofmap"/></StgValue>
</bind>
</comp>

<comp id="76" class="1000" name="in_h">
<pin_list>
<pin id="77" dir="1" index="0" bw="1" slack="0"/>
</pin_list>
<bind>
<StgValue><ssdm name="in_h"/></StgValue>
</bind>
</comp>

<comp id="78" class="1000" name="in_w">
<pin_list>
<pin id="79" dir="1" index="0" bw="1" slack="0"/>
</pin_list>
<bind>
<StgValue><ssdm name="in_w"/></StgValue>
</bind>
</comp>

<comp id="80" class="1000" name="in_ch">
<pin_list>
<pin id="81" dir="1" index="0" bw="1" slack="0"/>
</pin_list>
<bind>
<StgValue><ssdm name="in_ch"/></StgValue>
</bind>
</comp>

<comp id="82" class="1000" name="out_ch">
<pin_list>
<pin id="83" dir="1" index="0" bw="1" slack="0"/>
</pin_list>
<bind>
<StgValue><ssdm name="out_ch"/></StgValue>
</bind>
</comp>

<comp id="84" class="1000" name="do_relu">
<pin_list>
<pin id="85" dir="1" index="0" bw="1" slack="0"/>
</pin_list>
<bind>
<StgValue><ssdm name="do_relu"/></StgValue>
</bind>
</comp>

<comp id="86" class="1000" name="do_pool">
<pin_list>
<pin id="87" dir="1" index="0" bw="1" slack="0"/>
</pin_list>
<bind>
<StgValue><ssdm name="do_pool"/></StgValue>
</bind>
</comp>

<comp id="88" class="1000" name="perf">
<pin_list>
<pin id="89" dir="1" index="0" bw="1" slack="0"/>
</pin_list>
<bind>
<StgValue><ssdm name="perf"/></StgValue>
</bind>
</comp>

<comp id="90" class="1001" name="const_90">
<pin_list>
<pin id="91" dir="1" index="0" bw="1" slack="0"/>
</pin_list>
<bind>
<StgValue><ssdm name="_ssdm_op_Read.s_axilite.i1"/></StgValue>
</bind>
</comp>

<comp id="92" class="1001" name="const_92">
<pin_list>
<pin id="93" dir="1" index="0" bw="1" slack="0"/>
</pin_list>
<bind>
<StgValue><ssdm name="_ssdm_op_Read.s_axilite.i8"/></StgValue>
</bind>
</comp>

<comp id="94" class="1001" name="const_94">
<pin_list>
<pin id="95" dir="1" index="0" bw="1" slack="0"/>
</pin_list>
<bind>
<StgValue><ssdm name="_ssdm_op_Read.s_axilite.i64"/></StgValue>
</bind>
</comp>

<comp id="96" class="1001" name="const_96">
<pin_list>
<pin id="97" dir="1" index="0" bw="1" slack="0"/>
</pin_list>
<bind>
<StgValue><ssdm name="conv3x3_relu"/></StgValue>
</bind>
</comp>

<comp id="98" class="1001" name="const_98">
<pin_list>
<pin id="99" dir="1" index="0" bw="1" slack="2147483647"/>
</pin_list>
<bind>
<StgValue><ssdm name="_ssdm_op_SpecTopModule"/></StgValue>
</bind>
</comp>

<comp id="100" class="1001" name="const_100">
<pin_list>
<pin id="101" dir="1" index="0" bw="1" slack="2147483647"/>
</pin_list>
<bind>
<StgValue><ssdm name="empty_8"/></StgValue>
</bind>
</comp>

<comp id="102" class="1001" name="const_102">
<pin_list>
<pin id="103" dir="1" index="0" bw="1" slack="2147483647"/>
</pin_list>
<bind>
<StgValue><ssdm name="_ssdm_op_SpecInterface"/></StgValue>
</bind>
</comp>

<comp id="104" class="1001" name="const_104">
<pin_list>
<pin id="105" dir="1" index="0" bw="1" slack="2147483647"/>
</pin_list>
<bind>
<StgValue><ssdm name="empty_42"/></StgValue>
</bind>
</comp>

<comp id="106" class="1001" name="const_106">
<pin_list>
<pin id="107" dir="1" index="0" bw="1" slack="2147483647"/>
</pin_list>
<bind>
<StgValue><ssdm name=""/></StgValue>
</bind>
</comp>

<comp id="108" class="1001" name="const_108">
<pin_list>
<pin id="109" dir="1" index="0" bw="1" slack="2147483647"/>
</pin_list>
<bind>
<StgValue><ssdm name="empty_47"/></StgValue>
</bind>
</comp>

<comp id="110" class="1001" name="const_110">
<pin_list>
<pin id="111" dir="1" index="0" bw="1" slack="2147483647"/>
</pin_list>
<bind>
<StgValue><ssdm name=""/></StgValue>
</bind>
</comp>

<comp id="112" class="1001" name="const_112">
<pin_list>
<pin id="113" dir="1" index="0" bw="1" slack="2147483647"/>
</pin_list>
<bind>
<StgValue><ssdm name="empty_44"/></StgValue>
</bind>
</comp>

<comp id="114" class="1001" name="const_114">
<pin_list>
<pin id="115" dir="1" index="0" bw="1" slack="2147483647"/>
</pin_list>
<bind>
<StgValue><ssdm name="empty_48"/></StgValue>
</bind>
</comp>

<comp id="116" class="1001" name="const_116">
<pin_list>
<pin id="117" dir="1" index="0" bw="1" slack="2147483647"/>
</pin_list>
<bind>
<StgValue><ssdm name=""/></StgValue>
</bind>
</comp>

<comp id="118" class="1001" name="const_118">
<pin_list>
<pin id="119" dir="1" index="0" bw="1" slack="2147483647"/>
</pin_list>
<bind>
<StgValue><ssdm name=""/></StgValue>
</bind>
</comp>

<comp id="120" class="1001" name="const_120">
<pin_list>
<pin id="121" dir="1" index="0" bw="1" slack="0"/>
</pin_list>
<bind>
<StgValue><ssdm name=""/></StgValue>
</bind>
</comp>

<comp id="122" class="1001" name="const_122">
<pin_list>
<pin id="123" dir="1" index="0" bw="1" slack="2147483647"/>
</pin_list>
<bind>
<StgValue><ssdm name="_ssdm_op_SpecBitsMap"/></StgValue>
</bind>
</comp>

<comp id="124" class="1001" name="const_124">
<pin_list>
<pin id="125" dir="1" index="0" bw="1" slack="2147483647"/>
</pin_list>
<bind>
<StgValue><ssdm name="empty_49"/></StgValue>
</bind>
</comp>

<comp id="126" class="1001" name="const_126">
<pin_list>
<pin id="127" dir="1" index="0" bw="1" slack="2147483647"/>
</pin_list>
<bind>
<StgValue><ssdm name="empty"/></StgValue>
</bind>
</comp>

<comp id="128" class="1001" name="const_128">
<pin_list>
<pin id="129" dir="1" index="0" bw="1" slack="2147483647"/>
</pin_list>
<bind>
<StgValue><ssdm name="empty_0"/></StgValue>
</bind>
</comp>

<comp id="130" class="1001" name="const_130">
<pin_list>
<pin id="131" dir="1" index="0" bw="1" slack="2147483647"/>
</pin_list>
<bind>
<StgValue><ssdm name="empty_1"/></StgValue>
</bind>
</comp>

<comp id="132" class="1001" name="const_132">
<pin_list>
<pin id="133" dir="1" index="0" bw="1" slack="2147483647"/>
</pin_list>
<bind>
<StgValue><ssdm name="empty_38"/></StgValue>
</bind>
</comp>

<comp id="134" class="1001" name="const_134">
<pin_list>
<pin id="135" dir="1" index="0" bw="1" slack="2147483647"/>
</pin_list>
<bind>
<StgValue><ssdm name="empty_3"/></StgValue>
</bind>
</comp>

<comp id="136" class="1001" name="const_136">
<pin_list>
<pin id="137" dir="1" index="0" bw="1" slack="2147483647"/>
</pin_list>
<bind>
<StgValue><ssdm name="empty_4"/></StgValue>
</bind>
</comp>

<comp id="138" class="1001" name="const_138">
<pin_list>
<pin id="139" dir="1" index="0" bw="1" slack="2147483647"/>
</pin_list>
<bind>
<StgValue><ssdm name=""/></StgValue>
</bind>
</comp>

<comp id="140" class="1001" name="const_140">
<pin_list>
<pin id="141" dir="1" index="0" bw="1" slack="2147483647"/>
</pin_list>
<bind>
<StgValue><ssdm name="empty_5"/></StgValue>
</bind>
</comp>

<comp id="142" class="1001" name="const_142">
<pin_list>
<pin id="143" dir="1" index="0" bw="1" slack="2147483647"/>
</pin_list>
<bind>
<StgValue><ssdm name="empty_6"/></StgValue>
</bind>
</comp>

<comp id="144" class="1001" name="const_144">
<pin_list>
<pin id="145" dir="1" index="0" bw="1" slack="2147483647"/>
</pin_list>
<bind>
<StgValue><ssdm name="empty_7"/></StgValue>
</bind>
</comp>

<comp id="146" class="1001" name="const_146">
<pin_list>
<pin id="147" dir="1" index="0" bw="1" slack="2147483647"/>
</pin_list>
<bind>
<StgValue><ssdm name="empty_2"/></StgValue>
</bind>
</comp>

<comp id="148" class="1001" name="const_148">
<pin_list>
<pin id="149" dir="1" index="0" bw="1" slack="2147483647"/>
</pin_list>
<bind>
<StgValue><ssdm name="empty_9"/></StgValue>
</bind>
</comp>

<comp id="150" class="1001" name="const_150">
<pin_list>
<pin id="151" dir="1" index="0" bw="1" slack="2147483647"/>
</pin_list>
<bind>
<StgValue><ssdm name="empty_10"/></StgValue>
</bind>
</comp>

<comp id="152" class="1001" name="const_152">
<pin_list>
<pin id="153" dir="1" index="0" bw="1" slack="2147483647"/>
</pin_list>
<bind>
<StgValue><ssdm name="empty_11"/></StgValue>
</bind>
</comp>

<comp id="154" class="1001" name="const_154">
<pin_list>
<pin id="155" dir="1" index="0" bw="1" slack="2147483647"/>
</pin_list>
<bind>
<StgValue><ssdm name="empty_12"/></StgValue>
</bind>
</comp>

<comp id="156" class="1001" name="const_156">
<pin_list>
<pin id="157" dir="1" index="0" bw="1" slack="2147483647"/>
</pin_list>
<bind>
<StgValue><ssdm name=""/></StgValue>
</bind>
</comp>

<comp id="158" class="1001" name="const_158">
<pin_list>
<pin id="159" dir="1" index="0" bw="1" slack="2147483647"/>
</pin_list>
<bind>
<StgValue><ssdm name="empty_13"/></StgValue>
</bind>
</comp>

<comp id="160" class="1001" name="const_160">
<pin_list>
<pin id="161" dir="1" index="0" bw="1" slack="2147483647"/>
</pin_list>
<bind>
<StgValue><ssdm name=""/></StgValue>
</bind>
</comp>

<comp id="162" class="1001" name="const_162">
<pin_list>
<pin id="163" dir="1" index="0" bw="1" slack="2147483647"/>
</pin_list>
<bind>
<StgValue><ssdm name="empty_14"/></StgValue>
</bind>
</comp>

<comp id="164" class="1001" name="const_164">
<pin_list>
<pin id="165" dir="1" index="0" bw="1" slack="2147483647"/>
</pin_list>
<bind>
<StgValue><ssdm name="empty_15"/></StgValue>
</bind>
</comp>

<comp id="166" class="1001" name="const_166">
<pin_list>
<pin id="167" dir="1" index="0" bw="1" slack="2147483647"/>
</pin_list>
<bind>
<StgValue><ssdm name="empty_16"/></StgValue>
</bind>
</comp>

<comp id="168" class="1001" name="const_168">
<pin_list>
<pin id="169" dir="1" index="0" bw="1" slack="2147483647"/>
</pin_list>
<bind>
<StgValue><ssdm name="empty_17"/></StgValue>
</bind>
</comp>

<comp id="170" class="1001" name="const_170">
<pin_list>
<pin id="171" dir="1" index="0" bw="1" slack="2147483647"/>
</pin_list>
<bind>
<StgValue><ssdm name="empty_18"/></StgValue>
</bind>
</comp>

<comp id="172" class="1001" name="const_172">
<pin_list>
<pin id="173" dir="1" index="0" bw="1" slack="2147483647"/>
</pin_list>
<bind>
<StgValue><ssdm name="empty_19"/></StgValue>
</bind>
</comp>

<comp id="174" class="1001" name="const_174">
<pin_list>
<pin id="175" dir="1" index="0" bw="1" slack="2147483647"/>
</pin_list>
<bind>
<StgValue><ssdm name="empty_20"/></StgValue>
</bind>
</comp>

<comp id="176" class="1001" name="const_176">
<pin_list>
<pin id="177" dir="1" index="0" bw="1" slack="2147483647"/>
</pin_list>
<bind>
<StgValue><ssdm name="empty_21"/></StgValue>
</bind>
</comp>

<comp id="178" class="1001" name="const_178">
<pin_list>
<pin id="179" dir="1" index="0" bw="1" slack="2147483647"/>
</pin_list>
<bind>
<StgValue><ssdm name="empty_22"/></StgValue>
</bind>
</comp>

<comp id="180" class="1001" name="const_180">
<pin_list>
<pin id="181" dir="1" index="0" bw="1" slack="2147483647"/>
</pin_list>
<bind>
<StgValue><ssdm name="empty_23"/></StgValue>
</bind>
</comp>

<comp id="182" class="1001" name="const_182">
<pin_list>
<pin id="183" dir="1" index="0" bw="1" slack="2147483647"/>
</pin_list>
<bind>
<StgValue><ssdm name="empty_24"/></StgValue>
</bind>
</comp>

<comp id="184" class="1001" name="const_184">
<pin_list>
<pin id="185" dir="1" index="0" bw="1" slack="2147483647"/>
</pin_list>
<bind>
<StgValue><ssdm name="empty_25"/></StgValue>
</bind>
</comp>

<comp id="186" class="1001" name="const_186">
<pin_list>
<pin id="187" dir="1" index="0" bw="1" slack="2147483647"/>
</pin_list>
<bind>
<StgValue><ssdm name="empty_26"/></StgValue>
</bind>
</comp>

<comp id="188" class="1001" name="const_188">
<pin_list>
<pin id="189" dir="1" index="0" bw="1" slack="2147483647"/>
</pin_list>
<bind>
<StgValue><ssdm name="empty_27"/></StgValue>
</bind>
</comp>

<comp id="190" class="1001" name="const_190">
<pin_list>
<pin id="191" dir="1" index="0" bw="1" slack="2147483647"/>
</pin_list>
<bind>
<StgValue><ssdm name="empty_28"/></StgValue>
</bind>
</comp>

<comp id="192" class="1001" name="const_192">
<pin_list>
<pin id="193" dir="1" index="0" bw="1" slack="2147483647"/>
</pin_list>
<bind>
<StgValue><ssdm name="empty_29"/></StgValue>
</bind>
</comp>

<comp id="194" class="1001" name="const_194">
<pin_list>
<pin id="195" dir="1" index="0" bw="1" slack="2147483647"/>
</pin_list>
<bind>
<StgValue><ssdm name="empty_30"/></StgValue>
</bind>
</comp>

<comp id="196" class="1001" name="const_196">
<pin_list>
<pin id="197" dir="1" index="0" bw="1" slack="2147483647"/>
</pin_list>
<bind>
<StgValue><ssdm name="empty_31"/></StgValue>
</bind>
</comp>

<comp id="198" class="1001" name="const_198">
<pin_list>
<pin id="199" dir="1" index="0" bw="1" slack="2147483647"/>
</pin_list>
<bind>
<StgValue><ssdm name="empty_32"/></StgValue>
</bind>
</comp>

<comp id="200" class="1001" name="const_200">
<pin_list>
<pin id="201" dir="1" index="0" bw="1" slack="2147483647"/>
</pin_list>
<bind>
<StgValue><ssdm name="empty_33"/></StgValue>
</bind>
</comp>

<comp id="202" class="1001" name="const_202">
<pin_list>
<pin id="203" dir="1" index="0" bw="1" slack="2147483647"/>
</pin_list>
<bind>
<StgValue><ssdm name="empty_34"/></StgValue>
</bind>
</comp>

<comp id="204" class="1001" name="const_204">
<pin_list>
<pin id="205" dir="1" index="0" bw="1" slack="2147483647"/>
</pin_list>
<bind>
<StgValue><ssdm name="empty_35"/></StgValue>
</bind>
</comp>

<comp id="206" class="1001" name="const_206">
<pin_list>
<pin id="207" dir="1" index="0" bw="1" slack="2147483647"/>
</pin_list>
<bind>
<StgValue><ssdm name="empty_36"/></StgValue>
</bind>
</comp>

<comp id="208" class="1001" name="const_208">
<pin_list>
<pin id="209" dir="1" index="0" bw="1" slack="2147483647"/>
</pin_list>
<bind>
<StgValue><ssdm name="empty_37"/></StgValue>
</bind>
</comp>

<comp id="210" class="1001" name="const_210">
<pin_list>
<pin id="211" dir="1" index="0" bw="1" slack="2147483647"/>
</pin_list>
<bind>
<StgValue><ssdm name="empty_50"/></StgValue>
</bind>
</comp>

<comp id="212" class="1001" name="const_212">
<pin_list>
<pin id="213" dir="1" index="0" bw="1" slack="2147483647"/>
</pin_list>
<bind>
<StgValue><ssdm name="empty_39"/></StgValue>
</bind>
</comp>

<comp id="214" class="1001" name="const_214">
<pin_list>
<pin id="215" dir="1" index="0" bw="1" slack="2147483647"/>
</pin_list>
<bind>
<StgValue><ssdm name="empty_40"/></StgValue>
</bind>
</comp>

<comp id="216" class="1001" name="const_216">
<pin_list>
<pin id="217" dir="1" index="0" bw="1" slack="2147483647"/>
</pin_list>
<bind>
<StgValue><ssdm name="empty_41"/></StgValue>
</bind>
</comp>

<comp id="218" class="1001" name="const_218">
<pin_list>
<pin id="219" dir="1" index="0" bw="1" slack="2147483647"/>
</pin_list>
<bind>
<StgValue><ssdm name="empty_45"/></StgValue>
</bind>
</comp>

<comp id="220" class="1001" name="const_220">
<pin_list>
<pin id="221" dir="1" index="0" bw="1" slack="2147483647"/>
</pin_list>
<bind>
<StgValue><ssdm name="empty_43"/></StgValue>
</bind>
</comp>

<comp id="222" class="1001" name="const_222">
<pin_list>
<pin id="223" dir="1" index="0" bw="1" slack="0"/>
</pin_list>
<bind>
<StgValue><ssdm name="_ssdm_op_PartSelect.i7.i8.i32.i32"/></StgValue>
</bind>
</comp>

<comp id="224" class="1001" name="const_224">
<pin_list>
<pin id="225" dir="1" index="0" bw="1" slack="0"/>
</pin_list>
<bind>
<StgValue><ssdm name=""/></StgValue>
</bind>
</comp>

<comp id="226" class="1001" name="const_226">
<pin_list>
<pin id="227" dir="1" index="0" bw="1" slack="0"/>
</pin_list>
<bind>
<StgValue><ssdm name="dpu_conv_top_Pipeline_COPY_OC_COPY_H_COPY_W"/></StgValue>
</bind>
</comp>

<comp id="228" class="1001" name="const_228">
<pin_list>
<pin id="229" dir="1" index="0" bw="1" slack="0"/>
</pin_list>
<bind>
<StgValue><ssdm name="dpu_conv_top_Pipeline_POOL_OC_POOL_H_POOL_W"/></StgValue>
</bind>
</comp>

<comp id="230" class="1001" name="const_230">
<pin_list>
<pin id="231" dir="1" index="0" bw="1" slack="0"/>
</pin_list>
<bind>
<StgValue><ssdm name="_ssdm_op_BitConcatenate.i65.i1.i32.i32"/></StgValue>
</bind>
</comp>

<comp id="232" class="1001" name="const_232">
<pin_list>
<pin id="233" dir="1" index="0" bw="1" slack="0"/>
</pin_list>
<bind>
<StgValue><ssdm name=""/></StgValue>
</bind>
</comp>

<comp id="234" class="1001" name="const_234">
<pin_list>
<pin id="235" dir="1" index="0" bw="1" slack="0"/>
</pin_list>
<bind>
<StgValue><ssdm name="_ssdm_op_Write.s_axilite.i96P0A"/></StgValue>
</bind>
</comp>

<comp id="236" class="1004" name="do_pool_read_read_fu_236">
<pin_list>
<pin id="237" dir="0" index="0" bw="1" slack="0"/>
<pin id="238" dir="0" index="1" bw="1" slack="0"/>
<pin id="239" dir="1" index="2" bw="1" slack="1"/>
</pin_list>
<bind>
<opcode="read(1150) " fcode="read"/>
<opset="do_pool_read/1 "/>
</bind>
</comp>

<comp id="242" class="1004" name="do_relu_read_read_fu_242">
<pin_list>
<pin id="243" dir="0" index="0" bw="1" slack="0"/>
<pin id="244" dir="0" index="1" bw="1" slack="0"/>
<pin id="245" dir="1" index="2" bw="1" slack="0"/>
</pin_list>
<bind>
<opcode="read(1150) " fcode="read"/>
<opset="do_relu_read/1 "/>
</bind>
</comp>

<comp id="248" class="1004" name="out_ch_read_read_fu_248">
<pin_list>
<pin id="249" dir="0" index="0" bw="8" slack="0"/>
<pin id="250" dir="0" index="1" bw="8" slack="0"/>
<pin id="251" dir="1" index="2" bw="8" slack="0"/>
</pin_list>
<bind>
<opcode="read(1150) " fcode="read"/>
<opset="out_ch_read/1 "/>
</bind>
</comp>

<comp id="254" class="1004" name="in_ch_read_read_fu_254">
<pin_list>
<pin id="255" dir="0" index="0" bw="8" slack="0"/>
<pin id="256" dir="0" index="1" bw="8" slack="0"/>
<pin id="257" dir="1" index="2" bw="8" slack="0"/>
</pin_list>
<bind>
<opcode="read(1150) " fcode="read"/>
<opset="in_ch_read/1 "/>
</bind>
</comp>

<comp id="260" class="1004" name="in_w_read_read_fu_260">
<pin_list>
<pin id="261" dir="0" index="0" bw="8" slack="0"/>
<pin id="262" dir="0" index="1" bw="8" slack="0"/>
<pin id="263" dir="1" index="2" bw="8" slack="0"/>
</pin_list>
<bind>
<opcode="read(1150) " fcode="read"/>
<opset="in_w_read/1 "/>
</bind>
</comp>

<comp id="266" class="1004" name="in_h_read_read_fu_266">
<pin_list>
<pin id="267" dir="0" index="0" bw="8" slack="0"/>
<pin id="268" dir="0" index="1" bw="8" slack="0"/>
<pin id="269" dir="1" index="2" bw="8" slack="0"/>
</pin_list>
<bind>
<opcode="read(1150) " fcode="read"/>
<opset="in_h_read/1 "/>
</bind>
</comp>

<comp id="272" class="1004" name="ofmap_read_read_fu_272">
<pin_list>
<pin id="273" dir="0" index="0" bw="64" slack="0"/>
<pin id="274" dir="0" index="1" bw="64" slack="0"/>
<pin id="275" dir="1" index="2" bw="64" slack="2"/>
</pin_list>
<bind>
<opcode="read(1150) " fcode="read"/>
<opset="ofmap_read/1 "/>
</bind>
</comp>

<comp id="278" class="1004" name="conv_scratch_read_read_fu_278">
<pin_list>
<pin id="279" dir="0" index="0" bw="64" slack="0"/>
<pin id="280" dir="0" index="1" bw="64" slack="0"/>
<pin id="281" dir="1" index="2" bw="64" slack="0"/>
</pin_list>
<bind>
<opcode="read(1150) " fcode="read"/>
<opset="conv_scratch_read/1 "/>
</bind>
</comp>

<comp id="284" class="1004" name="bias_read_read_fu_284">
<pin_list>
<pin id="285" dir="0" index="0" bw="64" slack="0"/>
<pin id="286" dir="0" index="1" bw="64" slack="0"/>
<pin id="287" dir="1" index="2" bw="64" slack="0"/>
</pin_list>
<bind>
<opcode="read(1150) " fcode="read"/>
<opset="bias_read/1 "/>
</bind>
</comp>

<comp id="290" class="1004" name="weight_7_read_read_fu_290">
<pin_list>
<pin id="291" dir="0" index="0" bw="64" slack="0"/>
<pin id="292" dir="0" index="1" bw="64" slack="0"/>
<pin id="293" dir="1" index="2" bw="64" slack="0"/>
</pin_list>
<bind>
<opcode="read(1150) " fcode="read"/>
<opset="weight_7_read/1 "/>
</bind>
</comp>

<comp id="296" class="1004" name="weight_6_read_read_fu_296">
<pin_list>
<pin id="297" dir="0" index="0" bw="64" slack="0"/>
<pin id="298" dir="0" index="1" bw="64" slack="0"/>
<pin id="299" dir="1" index="2" bw="64" slack="0"/>
</pin_list>
<bind>
<opcode="read(1150) " fcode="read"/>
<opset="weight_6_read/1 "/>
</bind>
</comp>

<comp id="302" class="1004" name="weight_5_read_read_fu_302">
<pin_list>
<pin id="303" dir="0" index="0" bw="64" slack="0"/>
<pin id="304" dir="0" index="1" bw="64" slack="0"/>
<pin id="305" dir="1" index="2" bw="64" slack="0"/>
</pin_list>
<bind>
<opcode="read(1150) " fcode="read"/>
<opset="weight_5_read/1 "/>
</bind>
</comp>

<comp id="308" class="1004" name="weight_4_read_read_fu_308">
<pin_list>
<pin id="309" dir="0" index="0" bw="64" slack="0"/>
<pin id="310" dir="0" index="1" bw="64" slack="0"/>
<pin id="311" dir="1" index="2" bw="64" slack="0"/>
</pin_list>
<bind>
<opcode="read(1150) " fcode="read"/>
<opset="weight_4_read/1 "/>
</bind>
</comp>

<comp id="314" class="1004" name="weight_3_read_read_fu_314">
<pin_list>
<pin id="315" dir="0" index="0" bw="64" slack="0"/>
<pin id="316" dir="0" index="1" bw="64" slack="0"/>
<pin id="317" dir="1" index="2" bw="64" slack="0"/>
</pin_list>
<bind>
<opcode="read(1150) " fcode="read"/>
<opset="weight_3_read/1 "/>
</bind>
</comp>

<comp id="320" class="1004" name="weight_2_read_read_fu_320">
<pin_list>
<pin id="321" dir="0" index="0" bw="64" slack="0"/>
<pin id="322" dir="0" index="1" bw="64" slack="0"/>
<pin id="323" dir="1" index="2" bw="64" slack="0"/>
</pin_list>
<bind>
<opcode="read(1150) " fcode="read"/>
<opset="weight_2_read/1 "/>
</bind>
</comp>

<comp id="326" class="1004" name="weight_1_read_read_fu_326">
<pin_list>
<pin id="327" dir="0" index="0" bw="64" slack="0"/>
<pin id="328" dir="0" index="1" bw="64" slack="0"/>
<pin id="329" dir="1" index="2" bw="64" slack="0"/>
</pin_list>
<bind>
<opcode="read(1150) " fcode="read"/>
<opset="weight_1_read/1 "/>
</bind>
</comp>

<comp id="332" class="1004" name="weight_0_read_read_fu_332">
<pin_list>
<pin id="333" dir="0" index="0" bw="64" slack="0"/>
<pin id="334" dir="0" index="1" bw="64" slack="0"/>
<pin id="335" dir="1" index="2" bw="64" slack="0"/>
</pin_list>
<bind>
<opcode="read(1150) " fcode="read"/>
<opset="weight_0_read/1 "/>
</bind>
</comp>

<comp id="338" class="1004" name="ifmap_7_read_read_fu_338">
<pin_list>
<pin id="339" dir="0" index="0" bw="64" slack="0"/>
<pin id="340" dir="0" index="1" bw="64" slack="0"/>
<pin id="341" dir="1" index="2" bw="64" slack="0"/>
</pin_list>
<bind>
<opcode="read(1150) " fcode="read"/>
<opset="ifmap_7_read/1 "/>
</bind>
</comp>

<comp id="344" class="1004" name="ifmap_6_read_read_fu_344">
<pin_list>
<pin id="345" dir="0" index="0" bw="64" slack="0"/>
<pin id="346" dir="0" index="1" bw="64" slack="0"/>
<pin id="347" dir="1" index="2" bw="64" slack="0"/>
</pin_list>
<bind>
<opcode="read(1150) " fcode="read"/>
<opset="ifmap_6_read/1 "/>
</bind>
</comp>

<comp id="350" class="1004" name="ifmap_5_read_read_fu_350">
<pin_list>
<pin id="351" dir="0" index="0" bw="64" slack="0"/>
<pin id="352" dir="0" index="1" bw="64" slack="0"/>
<pin id="353" dir="1" index="2" bw="64" slack="0"/>
</pin_list>
<bind>
<opcode="read(1150) " fcode="read"/>
<opset="ifmap_5_read/1 "/>
</bind>
</comp>

<comp id="356" class="1004" name="ifmap_4_read_read_fu_356">
<pin_list>
<pin id="357" dir="0" index="0" bw="64" slack="0"/>
<pin id="358" dir="0" index="1" bw="64" slack="0"/>
<pin id="359" dir="1" index="2" bw="64" slack="0"/>
</pin_list>
<bind>
<opcode="read(1150) " fcode="read"/>
<opset="ifmap_4_read/1 "/>
</bind>
</comp>

<comp id="362" class="1004" name="ifmap_3_read_read_fu_362">
<pin_list>
<pin id="363" dir="0" index="0" bw="64" slack="0"/>
<pin id="364" dir="0" index="1" bw="64" slack="0"/>
<pin id="365" dir="1" index="2" bw="64" slack="0"/>
</pin_list>
<bind>
<opcode="read(1150) " fcode="read"/>
<opset="ifmap_3_read/1 "/>
</bind>
</comp>

<comp id="368" class="1004" name="ifmap_2_read_read_fu_368">
<pin_list>
<pin id="369" dir="0" index="0" bw="64" slack="0"/>
<pin id="370" dir="0" index="1" bw="64" slack="0"/>
<pin id="371" dir="1" index="2" bw="64" slack="0"/>
</pin_list>
<bind>
<opcode="read(1150) " fcode="read"/>
<opset="ifmap_2_read/1 "/>
</bind>
</comp>

<comp id="374" class="1004" name="ifmap_1_read_read_fu_374">
<pin_list>
<pin id="375" dir="0" index="0" bw="64" slack="0"/>
<pin id="376" dir="0" index="1" bw="64" slack="0"/>
<pin id="377" dir="1" index="2" bw="64" slack="0"/>
</pin_list>
<bind>
<opcode="read(1150) " fcode="read"/>
<opset="ifmap_1_read/1 "/>
</bind>
</comp>

<comp id="380" class="1004" name="ifmap_0_read_read_fu_380">
<pin_list>
<pin id="381" dir="0" index="0" bw="64" slack="0"/>
<pin id="382" dir="0" index="1" bw="64" slack="0"/>
<pin id="383" dir="1" index="2" bw="64" slack="0"/>
</pin_list>
<bind>
<opcode="read(1150) " fcode="read"/>
<opset="ifmap_0_read/1 "/>
</bind>
</comp>

<comp id="386" class="1004" name="write_ln182_write_fu_386">
<pin_list>
<pin id="387" dir="0" index="0" bw="0" slack="0"/>
<pin id="388" dir="0" index="1" bw="96" slack="0"/>
<pin id="389" dir="0" index="2" bw="65" slack="0"/>
<pin id="390" dir="1" index="3" bw="0" slack="2147483647"/>
</pin_list>
<bind>
<opcode="write(1151) " fcode="write"/>
<opset="write_ln182/4 "/>
</bind>
</comp>

<comp id="393" class="1004" name="grp_conv3x3_relu_fu_393">
<pin_list>
<pin id="394" dir="0" index="0" bw="64" slack="0"/>
<pin id="395" dir="0" index="1" bw="8" slack="0"/>
<pin id="396" dir="0" index="2" bw="64" slack="0"/>
<pin id="397" dir="0" index="3" bw="8" slack="0"/>
<pin id="398" dir="0" index="4" bw="64" slack="0"/>
<pin id="399" dir="0" index="5" bw="8" slack="0"/>
<pin id="400" dir="0" index="6" bw="64" slack="0"/>
<pin id="401" dir="0" index="7" bw="8" slack="0"/>
<pin id="402" dir="0" index="8" bw="64" slack="0"/>
<pin id="403" dir="0" index="9" bw="8" slack="0"/>
<pin id="404" dir="0" index="10" bw="64" slack="0"/>
<pin id="405" dir="0" index="11" bw="8" slack="0"/>
<pin id="406" dir="0" index="12" bw="64" slack="0"/>
<pin id="407" dir="0" index="13" bw="8" slack="0"/>
<pin id="408" dir="0" index="14" bw="64" slack="0"/>
<pin id="409" dir="0" index="15" bw="8" slack="0"/>
<pin id="410" dir="0" index="16" bw="64" slack="0"/>
<pin id="411" dir="0" index="17" bw="8" slack="0"/>
<pin id="412" dir="0" index="18" bw="64" slack="0"/>
<pin id="413" dir="0" index="19" bw="8" slack="0"/>
<pin id="414" dir="0" index="20" bw="64" slack="0"/>
<pin id="415" dir="0" index="21" bw="8" slack="0"/>
<pin id="416" dir="0" index="22" bw="64" slack="0"/>
<pin id="417" dir="0" index="23" bw="8" slack="0"/>
<pin id="418" dir="0" index="24" bw="64" slack="0"/>
<pin id="419" dir="0" index="25" bw="8" slack="0"/>
<pin id="420" dir="0" index="26" bw="64" slack="0"/>
<pin id="421" dir="0" index="27" bw="8" slack="0"/>
<pin id="422" dir="0" index="28" bw="64" slack="0"/>
<pin id="423" dir="0" index="29" bw="8" slack="0"/>
<pin id="424" dir="0" index="30" bw="64" slack="0"/>
<pin id="425" dir="0" index="31" bw="8" slack="0"/>
<pin id="426" dir="0" index="32" bw="64" slack="0"/>
<pin id="427" dir="0" index="33" bw="32" slack="0"/>
<pin id="428" dir="0" index="34" bw="64" slack="0"/>
<pin id="429" dir="0" index="35" bw="8" slack="0"/>
<pin id="430" dir="0" index="36" bw="64" slack="0"/>
<pin id="431" dir="0" index="37" bw="8" slack="0"/>
<pin id="432" dir="0" index="38" bw="8" slack="0"/>
<pin id="433" dir="0" index="39" bw="8" slack="0"/>
<pin id="434" dir="0" index="40" bw="8" slack="0"/>
<pin id="435" dir="0" index="41" bw="1" slack="0"/>
<pin id="436" dir="1" index="42" bw="64" slack="0"/>
</pin_list>
<bind>
<opcode="call(48) " fcode="call"/>
<opset="call_ret/1 "/>
</bind>
</comp>

<comp id="479" class="1004" name="grp_dpu_conv_top_Pipeline_COPY_OC_COPY_H_COPY_W_fu_479">
<pin_list>
<pin id="480" dir="0" index="0" bw="0" slack="0"/>
<pin id="481" dir="0" index="1" bw="8" slack="0"/>
<pin id="482" dir="0" index="2" bw="8" slack="0"/>
<pin id="483" dir="0" index="3" bw="64" slack="2"/>
<pin id="484" dir="0" index="4" bw="24" slack="0"/>
<pin id="485" dir="0" index="5" bw="8" slack="2"/>
<pin id="486" dir="0" index="6" bw="8" slack="2"/>
<pin id="487" dir="0" index="7" bw="16" slack="1"/>
<pin id="488" dir="0" index="8" bw="64" slack="2"/>
<pin id="489" dir="1" index="9" bw="0" slack="2147483647"/>
</pin_list>
<bind>
<opcode="call(48) " fcode="call"/>
<opset="call_ln134/3 "/>
</bind>
</comp>

<comp id="493" class="1004" name="grp_dpu_conv_top_Pipeline_POOL_OC_POOL_H_POOL_W_fu_493">
<pin_list>
<pin id="494" dir="0" index="0" bw="0" slack="0"/>
<pin id="495" dir="0" index="1" bw="8" slack="0"/>
<pin id="496" dir="0" index="2" bw="8" slack="0"/>
<pin id="497" dir="0" index="3" bw="64" slack="2"/>
<pin id="498" dir="0" index="4" bw="22" slack="0"/>
<pin id="499" dir="0" index="5" bw="64" slack="2"/>
<pin id="500" dir="0" index="6" bw="7" slack="1"/>
<pin id="501" dir="0" index="7" bw="7" slack="1"/>
<pin id="502" dir="0" index="8" bw="14" slack="1"/>
<pin id="503" dir="1" index="9" bw="0" slack="2147483647"/>
</pin_list>
<bind>
<opcode="call(48) " fcode="call"/>
<opset="call_ln134/5 "/>
</bind>
</comp>

<comp id="507" class="1004" name="mac_count_fu_507">
<pin_list>
<pin id="508" dir="0" index="0" bw="64" slack="0"/>
<pin id="509" dir="1" index="1" bw="32" slack="2"/>
</pin_list>
<bind>
<opcode="extractvalue(56) " fcode="extractvalue"/>
<opset="mac_count/2 "/>
</bind>
</comp>

<comp id="511" class="1004" name="cycle_count_fu_511">
<pin_list>
<pin id="512" dir="0" index="0" bw="64" slack="0"/>
<pin id="513" dir="1" index="1" bw="32" slack="2"/>
</pin_list>
<bind>
<opcode="extractvalue(56) " fcode="extractvalue"/>
<opset="cycle_count/2 "/>
</bind>
</comp>

<comp id="515" class="1004" name="zext_ln112_fu_515">
<pin_list>
<pin id="516" dir="0" index="0" bw="8" slack="1"/>
<pin id="517" dir="1" index="1" bw="16" slack="0"/>
</pin_list>
<bind>
<opcode="zext(34) " fcode="zext"/>
<opset="zext_ln112/2 "/>
</bind>
</comp>

<comp id="518" class="1004" name="zext_ln112_1_fu_518">
<pin_list>
<pin id="519" dir="0" index="0" bw="8" slack="1"/>
<pin id="520" dir="1" index="1" bw="16" slack="0"/>
</pin_list>
<bind>
<opcode="zext(34) " fcode="zext"/>
<opset="zext_ln112_1/2 "/>
</bind>
</comp>

<comp id="521" class="1004" name="mul_ln112_fu_521">
<pin_list>
<pin id="522" dir="0" index="0" bw="8" slack="0"/>
<pin id="523" dir="0" index="1" bw="8" slack="0"/>
<pin id="524" dir="1" index="2" bw="16" slack="1"/>
</pin_list>
<bind>
<opcode="mul(12) " fcode="mul"/>
<opset="mul_ln112/2 "/>
</bind>
</comp>

<comp id="527" class="1004" name="lshr_ln_fu_527">
<pin_list>
<pin id="528" dir="0" index="0" bw="7" slack="0"/>
<pin id="529" dir="0" index="1" bw="8" slack="1"/>
<pin id="530" dir="0" index="2" bw="1" slack="0"/>
<pin id="531" dir="0" index="3" bw="4" slack="0"/>
<pin id="532" dir="1" index="4" bw="7" slack="0"/>
</pin_list>
<bind>
<opcode="partselect(1002) " fcode="partselect"/>
<opset="lshr_ln/2 "/>
</bind>
</comp>

<comp id="536" class="1004" name="lshr_ln1_fu_536">
<pin_list>
<pin id="537" dir="0" index="0" bw="7" slack="0"/>
<pin id="538" dir="0" index="1" bw="8" slack="1"/>
<pin id="539" dir="0" index="2" bw="1" slack="0"/>
<pin id="540" dir="0" index="3" bw="4" slack="0"/>
<pin id="541" dir="1" index="4" bw="7" slack="0"/>
</pin_list>
<bind>
<opcode="partselect(1002) " fcode="partselect"/>
<opset="lshr_ln1/2 "/>
</bind>
</comp>

<comp id="545" class="1004" name="zext_ln82_fu_545">
<pin_list>
<pin id="546" dir="0" index="0" bw="7" slack="0"/>
<pin id="547" dir="1" index="1" bw="14" slack="0"/>
</pin_list>
<bind>
<opcode="zext(34) " fcode="zext"/>
<opset="zext_ln82/2 "/>
</bind>
</comp>

<comp id="549" class="1004" name="zext_ln82_1_fu_549">
<pin_list>
<pin id="550" dir="0" index="0" bw="7" slack="0"/>
<pin id="551" dir="1" index="1" bw="14" slack="0"/>
</pin_list>
<bind>
<opcode="zext(34) " fcode="zext"/>
<opset="zext_ln82_1/2 "/>
</bind>
</comp>

<comp id="553" class="1004" name="mul_ln82_fu_553">
<pin_list>
<pin id="554" dir="0" index="0" bw="7" slack="0"/>
<pin id="555" dir="0" index="1" bw="7" slack="0"/>
<pin id="556" dir="1" index="2" bw="14" slack="1"/>
</pin_list>
<bind>
<opcode="mul(12) " fcode="mul"/>
<opset="mul_ln82/2 "/>
</bind>
</comp>

<comp id="559" class="1004" name="zext_ln112_2_fu_559">
<pin_list>
<pin id="560" dir="0" index="0" bw="8" slack="2"/>
<pin id="561" dir="1" index="1" bw="24" slack="0"/>
</pin_list>
<bind>
<opcode="zext(34) " fcode="zext"/>
<opset="zext_ln112_2/3 "/>
</bind>
</comp>

<comp id="562" class="1004" name="zext_ln112_3_fu_562">
<pin_list>
<pin id="563" dir="0" index="0" bw="16" slack="1"/>
<pin id="564" dir="1" index="1" bw="24" slack="0"/>
</pin_list>
<bind>
<opcode="zext(34) " fcode="zext"/>
<opset="zext_ln112_3/3 "/>
</bind>
</comp>

<comp id="565" class="1004" name="mul_ln112_1_fu_565">
<pin_list>
<pin id="566" dir="0" index="0" bw="8" slack="0"/>
<pin id="567" dir="0" index="1" bw="16" slack="0"/>
<pin id="568" dir="1" index="2" bw="24" slack="0"/>
</pin_list>
<bind>
<opcode="mul(12) " fcode="mul"/>
<opset="mul_ln112_1/3 "/>
</bind>
</comp>

<comp id="572" class="1004" name="zext_ln182_cast_fu_572">
<pin_list>
<pin id="573" dir="0" index="0" bw="65" slack="0"/>
<pin id="574" dir="0" index="1" bw="1" slack="0"/>
<pin id="575" dir="0" index="2" bw="32" slack="2"/>
<pin id="576" dir="0" index="3" bw="32" slack="2"/>
<pin id="577" dir="1" index="4" bw="65" slack="0"/>
</pin_list>
<bind>
<opcode="bitconcatenate(1004) " fcode="bitconcatenate"/>
<opset="zext_ln182_cast/4 "/>
</bind>
</comp>

<comp id="580" class="1004" name="zext_ln182_fu_580">
<pin_list>
<pin id="581" dir="0" index="0" bw="65" slack="0"/>
<pin id="582" dir="1" index="1" bw="96" slack="0"/>
</pin_list>
<bind>
<opcode="zext(34) " fcode="zext"/>
<opset="zext_ln182/4 "/>
</bind>
</comp>

<comp id="585" class="1004" name="zext_ln82_2_fu_585">
<pin_list>
<pin id="586" dir="0" index="0" bw="8" slack="2"/>
<pin id="587" dir="1" index="1" bw="22" slack="0"/>
</pin_list>
<bind>
<opcode="zext(34) " fcode="zext"/>
<opset="zext_ln82_2/5 "/>
</bind>
</comp>

<comp id="588" class="1004" name="zext_ln82_3_fu_588">
<pin_list>
<pin id="589" dir="0" index="0" bw="14" slack="1"/>
<pin id="590" dir="1" index="1" bw="22" slack="0"/>
</pin_list>
<bind>
<opcode="zext(34) " fcode="zext"/>
<opset="zext_ln82_3/5 "/>
</bind>
</comp>

<comp id="591" class="1004" name="mul_ln82_1_fu_591">
<pin_list>
<pin id="592" dir="0" index="0" bw="8" slack="0"/>
<pin id="593" dir="0" index="1" bw="14" slack="0"/>
<pin id="594" dir="1" index="2" bw="22" slack="0"/>
</pin_list>
<bind>
<opcode="mul(12) " fcode="mul"/>
<opset="mul_ln82_1/5 "/>
</bind>
</comp>

<comp id="598" class="1005" name="do_pool_read_reg_598">
<pin_list>
<pin id="599" dir="0" index="0" bw="1" slack="1"/>
<pin id="600" dir="1" index="1" bw="1" slack="2147483647"/>
</pin_list>
<bind>
<opset="do_pool_read "/>
</bind>
</comp>

<comp id="602" class="1005" name="do_relu_read_reg_602">
<pin_list>
<pin id="603" dir="0" index="0" bw="1" slack="1"/>
<pin id="604" dir="1" index="1" bw="1" slack="1"/>
</pin_list>
<bind>
<opset="do_relu_read "/>
</bind>
</comp>

<comp id="607" class="1005" name="out_ch_read_reg_607">
<pin_list>
<pin id="608" dir="0" index="0" bw="8" slack="1"/>
<pin id="609" dir="1" index="1" bw="8" slack="1"/>
</pin_list>
<bind>
<opset="out_ch_read "/>
</bind>
</comp>

<comp id="614" class="1005" name="in_ch_read_reg_614">
<pin_list>
<pin id="615" dir="0" index="0" bw="8" slack="1"/>
<pin id="616" dir="1" index="1" bw="8" slack="1"/>
</pin_list>
<bind>
<opset="in_ch_read "/>
</bind>
</comp>

<comp id="619" class="1005" name="in_w_read_reg_619">
<pin_list>
<pin id="620" dir="0" index="0" bw="8" slack="1"/>
<pin id="621" dir="1" index="1" bw="8" slack="1"/>
</pin_list>
<bind>
<opset="in_w_read "/>
</bind>
</comp>

<comp id="628" class="1005" name="in_h_read_reg_628">
<pin_list>
<pin id="629" dir="0" index="0" bw="8" slack="1"/>
<pin id="630" dir="1" index="1" bw="8" slack="1"/>
</pin_list>
<bind>
<opset="in_h_read "/>
</bind>
</comp>

<comp id="635" class="1005" name="ofmap_read_reg_635">
<pin_list>
<pin id="636" dir="0" index="0" bw="64" slack="2"/>
<pin id="637" dir="1" index="1" bw="64" slack="2"/>
</pin_list>
<bind>
<opset="ofmap_read "/>
</bind>
</comp>

<comp id="641" class="1005" name="conv_scratch_read_reg_641">
<pin_list>
<pin id="642" dir="0" index="0" bw="64" slack="1"/>
<pin id="643" dir="1" index="1" bw="64" slack="1"/>
</pin_list>
<bind>
<opset="conv_scratch_read "/>
</bind>
</comp>

<comp id="648" class="1005" name="bias_read_reg_648">
<pin_list>
<pin id="649" dir="0" index="0" bw="64" slack="1"/>
<pin id="650" dir="1" index="1" bw="64" slack="1"/>
</pin_list>
<bind>
<opset="bias_read "/>
</bind>
</comp>

<comp id="653" class="1005" name="weight_7_read_reg_653">
<pin_list>
<pin id="654" dir="0" index="0" bw="64" slack="1"/>
<pin id="655" dir="1" index="1" bw="64" slack="1"/>
</pin_list>
<bind>
<opset="weight_7_read "/>
</bind>
</comp>

<comp id="658" class="1005" name="weight_6_read_reg_658">
<pin_list>
<pin id="659" dir="0" index="0" bw="64" slack="1"/>
<pin id="660" dir="1" index="1" bw="64" slack="1"/>
</pin_list>
<bind>
<opset="weight_6_read "/>
</bind>
</comp>

<comp id="663" class="1005" name="weight_5_read_reg_663">
<pin_list>
<pin id="664" dir="0" index="0" bw="64" slack="1"/>
<pin id="665" dir="1" index="1" bw="64" slack="1"/>
</pin_list>
<bind>
<opset="weight_5_read "/>
</bind>
</comp>

<comp id="668" class="1005" name="weight_4_read_reg_668">
<pin_list>
<pin id="669" dir="0" index="0" bw="64" slack="1"/>
<pin id="670" dir="1" index="1" bw="64" slack="1"/>
</pin_list>
<bind>
<opset="weight_4_read "/>
</bind>
</comp>

<comp id="673" class="1005" name="weight_3_read_reg_673">
<pin_list>
<pin id="674" dir="0" index="0" bw="64" slack="1"/>
<pin id="675" dir="1" index="1" bw="64" slack="1"/>
</pin_list>
<bind>
<opset="weight_3_read "/>
</bind>
</comp>

<comp id="678" class="1005" name="weight_2_read_reg_678">
<pin_list>
<pin id="679" dir="0" index="0" bw="64" slack="1"/>
<pin id="680" dir="1" index="1" bw="64" slack="1"/>
</pin_list>
<bind>
<opset="weight_2_read "/>
</bind>
</comp>

<comp id="683" class="1005" name="weight_1_read_reg_683">
<pin_list>
<pin id="684" dir="0" index="0" bw="64" slack="1"/>
<pin id="685" dir="1" index="1" bw="64" slack="1"/>
</pin_list>
<bind>
<opset="weight_1_read "/>
</bind>
</comp>

<comp id="688" class="1005" name="weight_0_read_reg_688">
<pin_list>
<pin id="689" dir="0" index="0" bw="64" slack="1"/>
<pin id="690" dir="1" index="1" bw="64" slack="1"/>
</pin_list>
<bind>
<opset="weight_0_read "/>
</bind>
</comp>

<comp id="693" class="1005" name="ifmap_7_read_reg_693">
<pin_list>
<pin id="694" dir="0" index="0" bw="64" slack="1"/>
<pin id="695" dir="1" index="1" bw="64" slack="1"/>
</pin_list>
<bind>
<opset="ifmap_7_read "/>
</bind>
</comp>

<comp id="698" class="1005" name="ifmap_6_read_reg_698">
<pin_list>
<pin id="699" dir="0" index="0" bw="64" slack="1"/>
<pin id="700" dir="1" index="1" bw="64" slack="1"/>
</pin_list>
<bind>
<opset="ifmap_6_read "/>
</bind>
</comp>

<comp id="703" class="1005" name="ifmap_5_read_reg_703">
<pin_list>
<pin id="704" dir="0" index="0" bw="64" slack="1"/>
<pin id="705" dir="1" index="1" bw="64" slack="1"/>
</pin_list>
<bind>
<opset="ifmap_5_read "/>
</bind>
</comp>

<comp id="708" class="1005" name="ifmap_4_read_reg_708">
<pin_list>
<pin id="709" dir="0" index="0" bw="64" slack="1"/>
<pin id="710" dir="1" index="1" bw="64" slack="1"/>
</pin_list>
<bind>
<opset="ifmap_4_read "/>
</bind>
</comp>

<comp id="713" class="1005" name="ifmap_3_read_reg_713">
<pin_list>
<pin id="714" dir="0" index="0" bw="64" slack="1"/>
<pin id="715" dir="1" index="1" bw="64" slack="1"/>
</pin_list>
<bind>
<opset="ifmap_3_read "/>
</bind>
</comp>

<comp id="718" class="1005" name="ifmap_2_read_reg_718">
<pin_list>
<pin id="719" dir="0" index="0" bw="64" slack="1"/>
<pin id="720" dir="1" index="1" bw="64" slack="1"/>
</pin_list>
<bind>
<opset="ifmap_2_read "/>
</bind>
</comp>

<comp id="723" class="1005" name="ifmap_1_read_reg_723">
<pin_list>
<pin id="724" dir="0" index="0" bw="64" slack="1"/>
<pin id="725" dir="1" index="1" bw="64" slack="1"/>
</pin_list>
<bind>
<opset="ifmap_1_read "/>
</bind>
</comp>

<comp id="728" class="1005" name="ifmap_0_read_reg_728">
<pin_list>
<pin id="729" dir="0" index="0" bw="64" slack="1"/>
<pin id="730" dir="1" index="1" bw="64" slack="1"/>
</pin_list>
<bind>
<opset="ifmap_0_read "/>
</bind>
</comp>

<comp id="733" class="1005" name="mac_count_reg_733">
<pin_list>
<pin id="734" dir="0" index="0" bw="32" slack="2"/>
<pin id="735" dir="1" index="1" bw="32" slack="2"/>
</pin_list>
<bind>
<opset="mac_count "/>
</bind>
</comp>

<comp id="738" class="1005" name="cycle_count_reg_738">
<pin_list>
<pin id="739" dir="0" index="0" bw="32" slack="2"/>
<pin id="740" dir="1" index="1" bw="32" slack="2"/>
</pin_list>
<bind>
<opset="cycle_count "/>
</bind>
</comp>

<comp id="743" class="1005" name="mul_ln112_reg_743">
<pin_list>
<pin id="744" dir="0" index="0" bw="16" slack="1"/>
<pin id="745" dir="1" index="1" bw="16" slack="1"/>
</pin_list>
<bind>
<opset="mul_ln112 "/>
</bind>
</comp>

<comp id="749" class="1005" name="lshr_ln1_reg_749">
<pin_list>
<pin id="750" dir="0" index="0" bw="7" slack="1"/>
<pin id="751" dir="1" index="1" bw="7" slack="1"/>
</pin_list>
<bind>
<opset="lshr_ln1 "/>
</bind>
</comp>

<comp id="755" class="1005" name="mul_ln82_reg_755">
<pin_list>
<pin id="756" dir="0" index="0" bw="14" slack="1"/>
<pin id="757" dir="1" index="1" bw="14" slack="1"/>
</pin_list>
<bind>
<opset="mul_ln82 "/>
</bind>
</comp>

<comp id="761" class="1005" name="mul_ln112_1_reg_761">
<pin_list>
<pin id="762" dir="0" index="0" bw="24" slack="1"/>
<pin id="763" dir="1" index="1" bw="24" slack="1"/>
</pin_list>
<bind>
<opset="mul_ln112_1 "/>
</bind>
</comp>

<comp id="766" class="1005" name="mul_ln82_1_reg_766">
<pin_list>
<pin id="767" dir="0" index="0" bw="22" slack="1"/>
<pin id="768" dir="1" index="1" bw="22" slack="1"/>
</pin_list>
<bind>
<opset="mul_ln82_1 "/>
</bind>
</comp>

</comp_list>

<net_list>
<net id="240"><net_src comp="90" pin="0"/><net_sink comp="236" pin=0"/></net>

<net id="241"><net_src comp="86" pin="0"/><net_sink comp="236" pin=1"/></net>

<net id="246"><net_src comp="90" pin="0"/><net_sink comp="242" pin=0"/></net>

<net id="247"><net_src comp="84" pin="0"/><net_sink comp="242" pin=1"/></net>

<net id="252"><net_src comp="92" pin="0"/><net_sink comp="248" pin=0"/></net>

<net id="253"><net_src comp="82" pin="0"/><net_sink comp="248" pin=1"/></net>

<net id="258"><net_src comp="92" pin="0"/><net_sink comp="254" pin=0"/></net>

<net id="259"><net_src comp="80" pin="0"/><net_sink comp="254" pin=1"/></net>

<net id="264"><net_src comp="92" pin="0"/><net_sink comp="260" pin=0"/></net>

<net id="265"><net_src comp="78" pin="0"/><net_sink comp="260" pin=1"/></net>

<net id="270"><net_src comp="92" pin="0"/><net_sink comp="266" pin=0"/></net>

<net id="271"><net_src comp="76" pin="0"/><net_sink comp="266" pin=1"/></net>

<net id="276"><net_src comp="94" pin="0"/><net_sink comp="272" pin=0"/></net>

<net id="277"><net_src comp="74" pin="0"/><net_sink comp="272" pin=1"/></net>

<net id="282"><net_src comp="94" pin="0"/><net_sink comp="278" pin=0"/></net>

<net id="283"><net_src comp="72" pin="0"/><net_sink comp="278" pin=1"/></net>

<net id="288"><net_src comp="94" pin="0"/><net_sink comp="284" pin=0"/></net>

<net id="289"><net_src comp="70" pin="0"/><net_sink comp="284" pin=1"/></net>

<net id="294"><net_src comp="94" pin="0"/><net_sink comp="290" pin=0"/></net>

<net id="295"><net_src comp="68" pin="0"/><net_sink comp="290" pin=1"/></net>

<net id="300"><net_src comp="94" pin="0"/><net_sink comp="296" pin=0"/></net>

<net id="301"><net_src comp="66" pin="0"/><net_sink comp="296" pin=1"/></net>

<net id="306"><net_src comp="94" pin="0"/><net_sink comp="302" pin=0"/></net>

<net id="307"><net_src comp="64" pin="0"/><net_sink comp="302" pin=1"/></net>

<net id="312"><net_src comp="94" pin="0"/><net_sink comp="308" pin=0"/></net>

<net id="313"><net_src comp="62" pin="0"/><net_sink comp="308" pin=1"/></net>

<net id="318"><net_src comp="94" pin="0"/><net_sink comp="314" pin=0"/></net>

<net id="319"><net_src comp="60" pin="0"/><net_sink comp="314" pin=1"/></net>

<net id="324"><net_src comp="94" pin="0"/><net_sink comp="320" pin=0"/></net>

<net id="325"><net_src comp="58" pin="0"/><net_sink comp="320" pin=1"/></net>

<net id="330"><net_src comp="94" pin="0"/><net_sink comp="326" pin=0"/></net>

<net id="331"><net_src comp="56" pin="0"/><net_sink comp="326" pin=1"/></net>

<net id="336"><net_src comp="94" pin="0"/><net_sink comp="332" pin=0"/></net>

<net id="337"><net_src comp="54" pin="0"/><net_sink comp="332" pin=1"/></net>

<net id="342"><net_src comp="94" pin="0"/><net_sink comp="338" pin=0"/></net>

<net id="343"><net_src comp="52" pin="0"/><net_sink comp="338" pin=1"/></net>

<net id="348"><net_src comp="94" pin="0"/><net_sink comp="344" pin=0"/></net>

<net id="349"><net_src comp="50" pin="0"/><net_sink comp="344" pin=1"/></net>

<net id="354"><net_src comp="94" pin="0"/><net_sink comp="350" pin=0"/></net>

<net id="355"><net_src comp="48" pin="0"/><net_sink comp="350" pin=1"/></net>

<net id="360"><net_src comp="94" pin="0"/><net_sink comp="356" pin=0"/></net>

<net id="361"><net_src comp="46" pin="0"/><net_sink comp="356" pin=1"/></net>

<net id="366"><net_src comp="94" pin="0"/><net_sink comp="362" pin=0"/></net>

<net id="367"><net_src comp="44" pin="0"/><net_sink comp="362" pin=1"/></net>

<net id="372"><net_src comp="94" pin="0"/><net_sink comp="368" pin=0"/></net>

<net id="373"><net_src comp="42" pin="0"/><net_sink comp="368" pin=1"/></net>

<net id="378"><net_src comp="94" pin="0"/><net_sink comp="374" pin=0"/></net>

<net id="379"><net_src comp="40" pin="0"/><net_sink comp="374" pin=1"/></net>

<net id="384"><net_src comp="94" pin="0"/><net_sink comp="380" pin=0"/></net>

<net id="385"><net_src comp="38" pin="0"/><net_sink comp="380" pin=1"/></net>

<net id="391"><net_src comp="234" pin="0"/><net_sink comp="386" pin=0"/></net>

<net id="392"><net_src comp="88" pin="0"/><net_sink comp="386" pin=1"/></net>

<net id="437"><net_src comp="96" pin="0"/><net_sink comp="393" pin=0"/></net>

<net id="438"><net_src comp="0" pin="0"/><net_sink comp="393" pin=1"/></net>

<net id="439"><net_src comp="380" pin="2"/><net_sink comp="393" pin=2"/></net>

<net id="440"><net_src comp="2" pin="0"/><net_sink comp="393" pin=3"/></net>

<net id="441"><net_src comp="374" pin="2"/><net_sink comp="393" pin=4"/></net>

<net id="442"><net_src comp="4" pin="0"/><net_sink comp="393" pin=5"/></net>

<net id="443"><net_src comp="368" pin="2"/><net_sink comp="393" pin=6"/></net>

<net id="444"><net_src comp="6" pin="0"/><net_sink comp="393" pin=7"/></net>

<net id="445"><net_src comp="362" pin="2"/><net_sink comp="393" pin=8"/></net>

<net id="446"><net_src comp="8" pin="0"/><net_sink comp="393" pin=9"/></net>

<net id="447"><net_src comp="356" pin="2"/><net_sink comp="393" pin=10"/></net>

<net id="448"><net_src comp="10" pin="0"/><net_sink comp="393" pin=11"/></net>

<net id="449"><net_src comp="350" pin="2"/><net_sink comp="393" pin=12"/></net>

<net id="450"><net_src comp="12" pin="0"/><net_sink comp="393" pin=13"/></net>

<net id="451"><net_src comp="344" pin="2"/><net_sink comp="393" pin=14"/></net>

<net id="452"><net_src comp="14" pin="0"/><net_sink comp="393" pin=15"/></net>

<net id="453"><net_src comp="338" pin="2"/><net_sink comp="393" pin=16"/></net>

<net id="454"><net_src comp="16" pin="0"/><net_sink comp="393" pin=17"/></net>

<net id="455"><net_src comp="332" pin="2"/><net_sink comp="393" pin=18"/></net>

<net id="456"><net_src comp="18" pin="0"/><net_sink comp="393" pin=19"/></net>

<net id="457"><net_src comp="326" pin="2"/><net_sink comp="393" pin=20"/></net>

<net id="458"><net_src comp="20" pin="0"/><net_sink comp="393" pin=21"/></net>

<net id="459"><net_src comp="320" pin="2"/><net_sink comp="393" pin=22"/></net>

<net id="460"><net_src comp="22" pin="0"/><net_sink comp="393" pin=23"/></net>

<net id="461"><net_src comp="314" pin="2"/><net_sink comp="393" pin=24"/></net>

<net id="462"><net_src comp="24" pin="0"/><net_sink comp="393" pin=25"/></net>

<net id="463"><net_src comp="308" pin="2"/><net_sink comp="393" pin=26"/></net>

<net id="464"><net_src comp="26" pin="0"/><net_sink comp="393" pin=27"/></net>

<net id="465"><net_src comp="302" pin="2"/><net_sink comp="393" pin=28"/></net>

<net id="466"><net_src comp="28" pin="0"/><net_sink comp="393" pin=29"/></net>

<net id="467"><net_src comp="296" pin="2"/><net_sink comp="393" pin=30"/></net>

<net id="468"><net_src comp="30" pin="0"/><net_sink comp="393" pin=31"/></net>

<net id="469"><net_src comp="290" pin="2"/><net_sink comp="393" pin=32"/></net>

<net id="470"><net_src comp="32" pin="0"/><net_sink comp="393" pin=33"/></net>

<net id="471"><net_src comp="284" pin="2"/><net_sink comp="393" pin=34"/></net>

<net id="472"><net_src comp="34" pin="0"/><net_sink comp="393" pin=35"/></net>

<net id="473"><net_src comp="278" pin="2"/><net_sink comp="393" pin=36"/></net>

<net id="474"><net_src comp="266" pin="2"/><net_sink comp="393" pin=37"/></net>

<net id="475"><net_src comp="260" pin="2"/><net_sink comp="393" pin=38"/></net>

<net id="476"><net_src comp="254" pin="2"/><net_sink comp="393" pin=39"/></net>

<net id="477"><net_src comp="248" pin="2"/><net_sink comp="393" pin=40"/></net>

<net id="478"><net_src comp="242" pin="2"/><net_sink comp="393" pin=41"/></net>

<net id="490"><net_src comp="226" pin="0"/><net_sink comp="479" pin=0"/></net>

<net id="491"><net_src comp="36" pin="0"/><net_sink comp="479" pin=1"/></net>

<net id="492"><net_src comp="34" pin="0"/><net_sink comp="479" pin=2"/></net>

<net id="504"><net_src comp="228" pin="0"/><net_sink comp="493" pin=0"/></net>

<net id="505"><net_src comp="36" pin="0"/><net_sink comp="493" pin=1"/></net>

<net id="506"><net_src comp="34" pin="0"/><net_sink comp="493" pin=2"/></net>

<net id="510"><net_src comp="393" pin="42"/><net_sink comp="507" pin=0"/></net>

<net id="514"><net_src comp="393" pin="42"/><net_sink comp="511" pin=0"/></net>

<net id="525"><net_src comp="515" pin="1"/><net_sink comp="521" pin=0"/></net>

<net id="526"><net_src comp="518" pin="1"/><net_sink comp="521" pin=1"/></net>

<net id="533"><net_src comp="222" pin="0"/><net_sink comp="527" pin=0"/></net>

<net id="534"><net_src comp="120" pin="0"/><net_sink comp="527" pin=2"/></net>

<net id="535"><net_src comp="224" pin="0"/><net_sink comp="527" pin=3"/></net>

<net id="542"><net_src comp="222" pin="0"/><net_sink comp="536" pin=0"/></net>

<net id="543"><net_src comp="120" pin="0"/><net_sink comp="536" pin=2"/></net>

<net id="544"><net_src comp="224" pin="0"/><net_sink comp="536" pin=3"/></net>

<net id="548"><net_src comp="527" pin="4"/><net_sink comp="545" pin=0"/></net>

<net id="552"><net_src comp="536" pin="4"/><net_sink comp="549" pin=0"/></net>

<net id="557"><net_src comp="545" pin="1"/><net_sink comp="553" pin=0"/></net>

<net id="558"><net_src comp="549" pin="1"/><net_sink comp="553" pin=1"/></net>

<net id="569"><net_src comp="559" pin="1"/><net_sink comp="565" pin=0"/></net>

<net id="570"><net_src comp="562" pin="1"/><net_sink comp="565" pin=1"/></net>

<net id="571"><net_src comp="565" pin="2"/><net_sink comp="479" pin=4"/></net>

<net id="578"><net_src comp="230" pin="0"/><net_sink comp="572" pin=0"/></net>

<net id="579"><net_src comp="232" pin="0"/><net_sink comp="572" pin=1"/></net>

<net id="583"><net_src comp="572" pin="4"/><net_sink comp="580" pin=0"/></net>

<net id="584"><net_src comp="580" pin="1"/><net_sink comp="386" pin=2"/></net>

<net id="595"><net_src comp="585" pin="1"/><net_sink comp="591" pin=0"/></net>

<net id="596"><net_src comp="588" pin="1"/><net_sink comp="591" pin=1"/></net>

<net id="597"><net_src comp="591" pin="2"/><net_sink comp="493" pin=4"/></net>

<net id="601"><net_src comp="236" pin="2"/><net_sink comp="598" pin=0"/></net>

<net id="605"><net_src comp="242" pin="2"/><net_sink comp="602" pin=0"/></net>

<net id="606"><net_src comp="602" pin="1"/><net_sink comp="393" pin=41"/></net>

<net id="610"><net_src comp="248" pin="2"/><net_sink comp="607" pin=0"/></net>

<net id="611"><net_src comp="607" pin="1"/><net_sink comp="393" pin=40"/></net>

<net id="612"><net_src comp="607" pin="1"/><net_sink comp="559" pin=0"/></net>

<net id="613"><net_src comp="607" pin="1"/><net_sink comp="585" pin=0"/></net>

<net id="617"><net_src comp="254" pin="2"/><net_sink comp="614" pin=0"/></net>

<net id="618"><net_src comp="614" pin="1"/><net_sink comp="393" pin=39"/></net>

<net id="622"><net_src comp="260" pin="2"/><net_sink comp="619" pin=0"/></net>

<net id="623"><net_src comp="619" pin="1"/><net_sink comp="393" pin=38"/></net>

<net id="624"><net_src comp="619" pin="1"/><net_sink comp="518" pin=0"/></net>

<net id="625"><net_src comp="619" pin="1"/><net_sink comp="536" pin=1"/></net>

<net id="626"><net_src comp="619" pin="1"/><net_sink comp="479" pin=5"/></net>

<net id="627"><net_src comp="619" pin="1"/><net_sink comp="479" pin=6"/></net>

<net id="631"><net_src comp="266" pin="2"/><net_sink comp="628" pin=0"/></net>

<net id="632"><net_src comp="628" pin="1"/><net_sink comp="393" pin=37"/></net>

<net id="633"><net_src comp="628" pin="1"/><net_sink comp="515" pin=0"/></net>

<net id="634"><net_src comp="628" pin="1"/><net_sink comp="527" pin=1"/></net>

<net id="638"><net_src comp="272" pin="2"/><net_sink comp="635" pin=0"/></net>

<net id="639"><net_src comp="635" pin="1"/><net_sink comp="479" pin=3"/></net>

<net id="640"><net_src comp="635" pin="1"/><net_sink comp="493" pin=3"/></net>

<net id="644"><net_src comp="278" pin="2"/><net_sink comp="641" pin=0"/></net>

<net id="645"><net_src comp="641" pin="1"/><net_sink comp="393" pin=36"/></net>

<net id="646"><net_src comp="641" pin="1"/><net_sink comp="479" pin=8"/></net>

<net id="647"><net_src comp="641" pin="1"/><net_sink comp="493" pin=5"/></net>

<net id="651"><net_src comp="284" pin="2"/><net_sink comp="648" pin=0"/></net>

<net id="652"><net_src comp="648" pin="1"/><net_sink comp="393" pin=34"/></net>

<net id="656"><net_src comp="290" pin="2"/><net_sink comp="653" pin=0"/></net>

<net id="657"><net_src comp="653" pin="1"/><net_sink comp="393" pin=32"/></net>

<net id="661"><net_src comp="296" pin="2"/><net_sink comp="658" pin=0"/></net>

<net id="662"><net_src comp="658" pin="1"/><net_sink comp="393" pin=30"/></net>

<net id="666"><net_src comp="302" pin="2"/><net_sink comp="663" pin=0"/></net>

<net id="667"><net_src comp="663" pin="1"/><net_sink comp="393" pin=28"/></net>

<net id="671"><net_src comp="308" pin="2"/><net_sink comp="668" pin=0"/></net>

<net id="672"><net_src comp="668" pin="1"/><net_sink comp="393" pin=26"/></net>

<net id="676"><net_src comp="314" pin="2"/><net_sink comp="673" pin=0"/></net>

<net id="677"><net_src comp="673" pin="1"/><net_sink comp="393" pin=24"/></net>

<net id="681"><net_src comp="320" pin="2"/><net_sink comp="678" pin=0"/></net>

<net id="682"><net_src comp="678" pin="1"/><net_sink comp="393" pin=22"/></net>

<net id="686"><net_src comp="326" pin="2"/><net_sink comp="683" pin=0"/></net>

<net id="687"><net_src comp="683" pin="1"/><net_sink comp="393" pin=20"/></net>

<net id="691"><net_src comp="332" pin="2"/><net_sink comp="688" pin=0"/></net>

<net id="692"><net_src comp="688" pin="1"/><net_sink comp="393" pin=18"/></net>

<net id="696"><net_src comp="338" pin="2"/><net_sink comp="693" pin=0"/></net>

<net id="697"><net_src comp="693" pin="1"/><net_sink comp="393" pin=16"/></net>

<net id="701"><net_src comp="344" pin="2"/><net_sink comp="698" pin=0"/></net>

<net id="702"><net_src comp="698" pin="1"/><net_sink comp="393" pin=14"/></net>

<net id="706"><net_src comp="350" pin="2"/><net_sink comp="703" pin=0"/></net>

<net id="707"><net_src comp="703" pin="1"/><net_sink comp="393" pin=12"/></net>

<net id="711"><net_src comp="356" pin="2"/><net_sink comp="708" pin=0"/></net>

<net id="712"><net_src comp="708" pin="1"/><net_sink comp="393" pin=10"/></net>

<net id="716"><net_src comp="362" pin="2"/><net_sink comp="713" pin=0"/></net>

<net id="717"><net_src comp="713" pin="1"/><net_sink comp="393" pin=8"/></net>

<net id="721"><net_src comp="368" pin="2"/><net_sink comp="718" pin=0"/></net>

<net id="722"><net_src comp="718" pin="1"/><net_sink comp="393" pin=6"/></net>

<net id="726"><net_src comp="374" pin="2"/><net_sink comp="723" pin=0"/></net>

<net id="727"><net_src comp="723" pin="1"/><net_sink comp="393" pin=4"/></net>

<net id="731"><net_src comp="380" pin="2"/><net_sink comp="728" pin=0"/></net>

<net id="732"><net_src comp="728" pin="1"/><net_sink comp="393" pin=2"/></net>

<net id="736"><net_src comp="507" pin="1"/><net_sink comp="733" pin=0"/></net>

<net id="737"><net_src comp="733" pin="1"/><net_sink comp="572" pin=2"/></net>

<net id="741"><net_src comp="511" pin="1"/><net_sink comp="738" pin=0"/></net>

<net id="742"><net_src comp="738" pin="1"/><net_sink comp="572" pin=3"/></net>

<net id="746"><net_src comp="521" pin="2"/><net_sink comp="743" pin=0"/></net>

<net id="747"><net_src comp="743" pin="1"/><net_sink comp="562" pin=0"/></net>

<net id="748"><net_src comp="743" pin="1"/><net_sink comp="479" pin=7"/></net>

<net id="752"><net_src comp="536" pin="4"/><net_sink comp="749" pin=0"/></net>

<net id="753"><net_src comp="749" pin="1"/><net_sink comp="493" pin=6"/></net>

<net id="754"><net_src comp="749" pin="1"/><net_sink comp="493" pin=7"/></net>

<net id="758"><net_src comp="553" pin="2"/><net_sink comp="755" pin=0"/></net>

<net id="759"><net_src comp="755" pin="1"/><net_sink comp="493" pin=8"/></net>

<net id="760"><net_src comp="755" pin="1"/><net_sink comp="588" pin=0"/></net>

<net id="764"><net_src comp="565" pin="2"/><net_sink comp="761" pin=0"/></net>

<net id="765"><net_src comp="761" pin="1"/><net_sink comp="479" pin=4"/></net>

<net id="769"><net_src comp="591" pin="2"/><net_sink comp="766" pin=0"/></net>

<net id="770"><net_src comp="766" pin="1"/><net_sink comp="493" pin=4"/></net>

</net_list>

</model> 
---------------- Datapath Model END ------------------

* FSMD analyzer results:
  - Output states:
	Port: gmem2 | {1 2 }
	Port: gmem0 | {3 4 5 }
	Port: perf | {4 }
 - Input state : 
	Port: dpu_conv_top : gmem0_0 | {1 2 }
	Port: dpu_conv_top : gmem0_1 | {1 2 }
	Port: dpu_conv_top : gmem0_2 | {1 2 }
	Port: dpu_conv_top : gmem0_3 | {1 2 }
	Port: dpu_conv_top : gmem0_4 | {1 2 }
	Port: dpu_conv_top : gmem0_5 | {1 2 }
	Port: dpu_conv_top : gmem0_6 | {1 2 }
	Port: dpu_conv_top : gmem0_7 | {1 2 }
	Port: dpu_conv_top : gmem1_0 | {1 2 }
	Port: dpu_conv_top : gmem1_1 | {1 2 }
	Port: dpu_conv_top : gmem1_2 | {1 2 }
	Port: dpu_conv_top : gmem1_3 | {1 2 }
	Port: dpu_conv_top : gmem1_4 | {1 2 }
	Port: dpu_conv_top : gmem1_5 | {1 2 }
	Port: dpu_conv_top : gmem1_6 | {1 2 }
	Port: dpu_conv_top : gmem1_7 | {1 2 }
	Port: dpu_conv_top : gmem1 | {1 2 }
	Port: dpu_conv_top : gmem2 | {3 4 5 }
	Port: dpu_conv_top : ifmap_0 | {1 }
	Port: dpu_conv_top : ifmap_1 | {1 }
	Port: dpu_conv_top : ifmap_2 | {1 }
	Port: dpu_conv_top : ifmap_3 | {1 }
	Port: dpu_conv_top : ifmap_4 | {1 }
	Port: dpu_conv_top : ifmap_5 | {1 }
	Port: dpu_conv_top : ifmap_6 | {1 }
	Port: dpu_conv_top : ifmap_7 | {1 }
	Port: dpu_conv_top : weight_0 | {1 }
	Port: dpu_conv_top : weight_1 | {1 }
	Port: dpu_conv_top : weight_2 | {1 }
	Port: dpu_conv_top : weight_3 | {1 }
	Port: dpu_conv_top : weight_4 | {1 }
	Port: dpu_conv_top : weight_5 | {1 }
	Port: dpu_conv_top : weight_6 | {1 }
	Port: dpu_conv_top : weight_7 | {1 }
	Port: dpu_conv_top : bias | {1 }
	Port: dpu_conv_top : conv_scratch | {1 }
	Port: dpu_conv_top : ofmap | {1 }
	Port: dpu_conv_top : in_h | {1 }
	Port: dpu_conv_top : in_w | {1 }
	Port: dpu_conv_top : in_ch | {1 }
	Port: dpu_conv_top : out_ch | {1 }
	Port: dpu_conv_top : do_relu | {1 }
	Port: dpu_conv_top : do_pool | {1 }
  - Chain level:
	State 1
	State 2
		mac_count : 1
		cycle_count : 1
		mul_ln112 : 1
		zext_ln82 : 1
		zext_ln82_1 : 1
		mul_ln82 : 2
	State 3
		mul_ln112_1 : 1
		call_ln134 : 2
	State 4
		zext_ln182 : 1
		write_ln182 : 2
	State 5
		mul_ln82_1 : 1
		call_ln134 : 2


============================================================
+ Verbose Summary: Datapath Resource usage 
============================================================

* Functional unit list:
|----------|--------------------------------------------------------|---------|---------|---------|---------|
| Operation|                     Functional Unit                    |   DSP   |  Delay  |    FF   |   LUT   |
|----------|--------------------------------------------------------|---------|---------|---------|---------|
|          |                 grp_conv3x3_relu_fu_393                |    73   | 309.827 |  14361  |  21526  |
|   call   | grp_dpu_conv_top_Pipeline_COPY_OC_COPY_H_COPY_W_fu_479 |    0    |    0    |   374   |   885   |
|          | grp_dpu_conv_top_Pipeline_POOL_OC_POOL_H_POOL_W_fu_493 |    0    |  3.176  |   566   |   1142  |
|----------|--------------------------------------------------------|---------|---------|---------|---------|
|          |                    mul_ln112_fu_521                    |    0    |    0    |    0    |    41   |
|    mul   |                     mul_ln82_fu_553                    |    0    |    0    |    0    |    33   |
|          |                   mul_ln112_1_fu_565                   |    1    |    0    |    0    |    6    |
|          |                    mul_ln82_1_fu_591                   |    1    |    0    |    0    |    6    |
|----------|--------------------------------------------------------|---------|---------|---------|---------|
|          |                do_pool_read_read_fu_236                |    0    |    0    |    0    |    0    |
|          |                do_relu_read_read_fu_242                |    0    |    0    |    0    |    0    |
|          |                 out_ch_read_read_fu_248                |    0    |    0    |    0    |    0    |
|          |                 in_ch_read_read_fu_254                 |    0    |    0    |    0    |    0    |
|          |                  in_w_read_read_fu_260                 |    0    |    0    |    0    |    0    |
|          |                  in_h_read_read_fu_266                 |    0    |    0    |    0    |    0    |
|          |                 ofmap_read_read_fu_272                 |    0    |    0    |    0    |    0    |
|          |              conv_scratch_read_read_fu_278             |    0    |    0    |    0    |    0    |
|          |                  bias_read_read_fu_284                 |    0    |    0    |    0    |    0    |
|          |                weight_7_read_read_fu_290               |    0    |    0    |    0    |    0    |
|          |                weight_6_read_read_fu_296               |    0    |    0    |    0    |    0    |
|          |                weight_5_read_read_fu_302               |    0    |    0    |    0    |    0    |
|   read   |                weight_4_read_read_fu_308               |    0    |    0    |    0    |    0    |
|          |                weight_3_read_read_fu_314               |    0    |    0    |    0    |    0    |
|          |                weight_2_read_read_fu_320               |    0    |    0    |    0    |    0    |
|          |                weight_1_read_read_fu_326               |    0    |    0    |    0    |    0    |
|          |                weight_0_read_read_fu_332               |    0    |    0    |    0    |    0    |
|          |                ifmap_7_read_read_fu_338                |    0    |    0    |    0    |    0    |
|          |                ifmap_6_read_read_fu_344                |    0    |    0    |    0    |    0    |
|          |                ifmap_5_read_read_fu_350                |    0    |    0    |    0    |    0    |
|          |                ifmap_4_read_read_fu_356                |    0    |    0    |    0    |    0    |
|          |                ifmap_3_read_read_fu_362                |    0    |    0    |    0    |    0    |
|          |                ifmap_2_read_read_fu_368                |    0    |    0    |    0    |    0    |
|          |                ifmap_1_read_read_fu_374                |    0    |    0    |    0    |    0    |
|          |                ifmap_0_read_read_fu_380                |    0    |    0    |    0    |    0    |
|----------|--------------------------------------------------------|---------|---------|---------|---------|
|   write  |                write_ln182_write_fu_386                |    0    |    0    |    0    |    0    |
|----------|--------------------------------------------------------|---------|---------|---------|---------|
|extractvalue|                    mac_count_fu_507                    |    0    |    0    |    0    |    0    |
|          |                   cycle_count_fu_511                   |    0    |    0    |    0    |    0    |
|----------|--------------------------------------------------------|---------|---------|---------|---------|
|          |                    zext_ln112_fu_515                   |    0    |    0    |    0    |    0    |
|          |                   zext_ln112_1_fu_518                  |    0    |    0    |    0    |    0    |
|          |                    zext_ln82_fu_545                    |    0    |    0    |    0    |    0    |
|          |                   zext_ln82_1_fu_549                   |    0    |    0    |    0    |    0    |
|   zext   |                   zext_ln112_2_fu_559                  |    0    |    0    |    0    |    0    |
|          |                   zext_ln112_3_fu_562                  |    0    |    0    |    0    |    0    |
|          |                    zext_ln182_fu_580                   |    0    |    0    |    0    |    0    |
|          |                   zext_ln82_2_fu_585                   |    0    |    0    |    0    |    0    |
|          |                   zext_ln82_3_fu_588                   |    0    |    0    |    0    |    0    |
|----------|--------------------------------------------------------|---------|---------|---------|---------|
|partselect|                     lshr_ln_fu_527                     |    0    |    0    |    0    |    0    |
|          |                     lshr_ln1_fu_536                    |    0    |    0    |    0    |    0    |
|----------|--------------------------------------------------------|---------|---------|---------|---------|
|bitconcatenate|                 zext_ln182_cast_fu_572                 |    0    |    0    |    0    |    0    |
|----------|--------------------------------------------------------|---------|---------|---------|---------|
|   Total  |                                                        |    75   | 313.003 |  15301  |  23639  |
|----------|--------------------------------------------------------|---------|---------|---------|---------|

Memories:
N/A

* Register list:
+-------------------------+--------+
|                         |   FF   |
+-------------------------+--------+
|    bias_read_reg_648    |   64   |
|conv_scratch_read_reg_641|   64   |
|   cycle_count_reg_738   |   32   |
|   do_pool_read_reg_598  |    1   |
|   do_relu_read_reg_602  |    1   |
|   ifmap_0_read_reg_728  |   64   |
|   ifmap_1_read_reg_723  |   64   |
|   ifmap_2_read_reg_718  |   64   |
|   ifmap_3_read_reg_713  |   64   |
|   ifmap_4_read_reg_708  |   64   |
|   ifmap_5_read_reg_703  |   64   |
|   ifmap_6_read_reg_698  |   64   |
|   ifmap_7_read_reg_693  |   64   |
|    in_ch_read_reg_614   |    8   |
|    in_h_read_reg_628    |    8   |
|    in_w_read_reg_619    |    8   |
|     lshr_ln1_reg_749    |    7   |
|    mac_count_reg_733    |   32   |
|   mul_ln112_1_reg_761   |   24   |
|    mul_ln112_reg_743    |   16   |
|    mul_ln82_1_reg_766   |   22   |
|     mul_ln82_reg_755    |   14   |
|    ofmap_read_reg_635   |   64   |
|   out_ch_read_reg_607   |    8   |
|  weight_0_read_reg_688  |   64   |
|  weight_1_read_reg_683  |   64   |
|  weight_2_read_reg_678  |   64   |
|  weight_3_read_reg_673  |   64   |
|  weight_4_read_reg_668  |   64   |
|  weight_5_read_reg_663  |   64   |
|  weight_6_read_reg_658  |   64   |
|  weight_7_read_reg_653  |   64   |
+-------------------------+--------+
|          Total          |  1397  |
+-------------------------+--------+

* Multiplexer (MUX) list: 
|--------------------------------------------------------|------|------|------|--------||---------||---------||---------|
|                          Comp                          |  Pin | Size |  BW  | S x BW ||  Delay  ||    FF   ||   LUT   |
|--------------------------------------------------------|------|------|------|--------||---------||---------||---------|
|                 grp_conv3x3_relu_fu_393                |  p2  |   2  |  64  |   128  ||    0    ||    9    |
|                 grp_conv3x3_relu_fu_393                |  p4  |   2  |  64  |   128  ||    0    ||    9    |
|                 grp_conv3x3_relu_fu_393                |  p6  |   2  |  64  |   128  ||    0    ||    9    |
|                 grp_conv3x3_relu_fu_393                |  p8  |   2  |  64  |   128  ||    0    ||    9    |
|                 grp_conv3x3_relu_fu_393                |  p10 |   2  |  64  |   128  ||    0    ||    9    |
|                 grp_conv3x3_relu_fu_393                |  p12 |   2  |  64  |   128  ||    0    ||    9    |
|                 grp_conv3x3_relu_fu_393                |  p14 |   2  |  64  |   128  ||    0    ||    9    |
|                 grp_conv3x3_relu_fu_393                |  p16 |   2  |  64  |   128  ||    0    ||    9    |
|                 grp_conv3x3_relu_fu_393                |  p18 |   2  |  64  |   128  ||    0    ||    9    |
|                 grp_conv3x3_relu_fu_393                |  p20 |   2  |  64  |   128  ||    0    ||    9    |
|                 grp_conv3x3_relu_fu_393                |  p22 |   2  |  64  |   128  ||    0    ||    9    |
|                 grp_conv3x3_relu_fu_393                |  p24 |   2  |  64  |   128  ||    0    ||    9    |
|                 grp_conv3x3_relu_fu_393                |  p26 |   2  |  64  |   128  ||    0    ||    9    |
|                 grp_conv3x3_relu_fu_393                |  p28 |   2  |  64  |   128  ||    0    ||    9    |
|                 grp_conv3x3_relu_fu_393                |  p30 |   2  |  64  |   128  ||    0    ||    9    |
|                 grp_conv3x3_relu_fu_393                |  p32 |   2  |  64  |   128  ||    0    ||    9    |
|                 grp_conv3x3_relu_fu_393                |  p34 |   2  |  64  |   128  ||    0    ||    9    |
|                 grp_conv3x3_relu_fu_393                |  p36 |   2  |  64  |   128  ||    0    ||    9    |
|                 grp_conv3x3_relu_fu_393                |  p37 |   2  |   8  |   16   ||    0    ||    9    |
|                 grp_conv3x3_relu_fu_393                |  p38 |   2  |   8  |   16   ||    0    ||    9    |
|                 grp_conv3x3_relu_fu_393                |  p39 |   2  |   8  |   16   ||    0    ||    9    |
|                 grp_conv3x3_relu_fu_393                |  p40 |   2  |   8  |   16   ||    0    ||    9    |
|                 grp_conv3x3_relu_fu_393                |  p41 |   2  |   1  |    2   ||    0    ||    9    |
| grp_dpu_conv_top_Pipeline_COPY_OC_COPY_H_COPY_W_fu_479 |  p4  |   2  |  24  |   48   ||    0    ||    9    |
| grp_dpu_conv_top_Pipeline_POOL_OC_POOL_H_POOL_W_fu_493 |  p4  |   2  |  22  |   44   ||    0    ||    9    |
|--------------------------------------------------------|------|------|------|--------||---------||---------||---------|
|                          Total                         |      |      |      |  2462  ||   39.7  ||    0    ||   225   |
|--------------------------------------------------------|------|------|------|--------||---------||---------||---------|



* Summary:
+-----------+--------+--------+--------+--------+
|           |   DSP  |  Delay |   FF   |   LUT  |
+-----------+--------+--------+--------+--------+
|  Function |   75   |   313  |  15301 |  23639 |
|   Memory  |    -   |    -   |    -   |    -   |
|Multiplexer|    -   |   39   |    0   |   225  |
|  Register |    -   |    -   |  1397  |    -   |
+-----------+--------+--------+--------+--------+
|   Total   |   75   |   352  |  16698 |  23864 |
+-----------+--------+--------+--------+--------+
