

================================================================
== Vitis HLS Report for 'maxpool2x2_Pipeline_POOL_OC_POOL_H_POOL_W'
================================================================
* Date:           Mon Sep  7 20:13:35 2026

* Version:        2025.2 (Build 6295257 on Nov 14 2025)
* Project:        dpu_conv_top
* Solution:       hls (Vivado IP Flow Target)
* Product family: zynq
* Target device:  xc7z020-clg400-1


================================================================
== Performance Estimates
================================================================
+ Timing: 
    * Summary: 
    +--------+----------+----------+------------+
    |  Clock |  Target  | Estimated| Uncertainty|
    +--------+----------+----------+------------+
    |ap_clk  |  11.00 ns|  8.030 ns|     2.97 ns|
    +--------+----------+----------+------------+

+ Latency: 
    * Summary: 
    +---------+---------+-----------+-----------+-----+-----+-------------------+
    |  Latency (cycles) |   Latency (absolute)  |  Interval |      Pipeline     |
    |   min   |   max   |    min    |    max    | min | max |        Type       |
    +---------+---------+-----------+-----------+-----+-----+-------------------+
    |        4|  4112906|  44.000 ns|  45.242 ms|    0|    0|  loop pipeline stp|
    +---------+---------+-----------+-----------+-----+-----+-------------------+

    + Detail: 
        * Instance: 
        N/A

        * Loop: 
        +-------------------------+---------+---------+----------+-----------+-----------+-------------+----------+
        |                         |  Latency (cycles) | Iteration|  Initiation Interval  |     Trip    |          |
        |        Loop Name        |   min   |   max   |  Latency |  achieved |   target  |    Count    | Pipelined|
        +-------------------------+---------+---------+----------+-----------+-----------+-------------+----------+
        |- POOL_OC_POOL_H_POOL_W  |        2|  4112904|        11|          1|          1|  0 ~ 4112895|       yes|
        +-------------------------+---------+---------+----------+-----------+-----------+-------------+----------+



================================================================
== Utilization Estimates
================================================================
* Summary: 
+-----------------+---------+-----+--------+-------+-----+
|       Name      | BRAM_18K| DSP |   FF   |  LUT  | URAM|
+-----------------+---------+-----+--------+-------+-----+
|DSP              |        -|    -|       -|      -|    -|
|Expression       |        -|    -|       0|    578|    -|
|FIFO             |        -|    -|       -|      -|    -|
|Instance         |        -|    -|       -|      -|    -|
|Memory           |        -|    -|       -|      -|    -|
|Multiplexer      |        -|    -|       0|     99|    -|
|Register         |        -|    -|     360|     64|    -|
+-----------------+---------+-----+--------+-------+-----+
|Total            |        0|    0|     360|    741|    0|
+-----------------+---------+-----+--------+-------+-----+
|Available        |      280|  220|  106400|  53200|    0|
+-----------------+---------+-----+--------+-------+-----+
|Utilization (%)  |        0|    0|      ~0|      1|    0|
+-----------------+---------+-----+--------+-------+-----+

+ Detail: 
    * Instance: 
    N/A

    * DSP: 
    N/A

    * Memory: 
    N/A

    * FIFO: 
    N/A

    * Expression: 
    +-----------------------------------------+----------+----+---+----+------------+------------+
    |              Variable Name              | Operation| DSP| FF| LUT| Bitwidth P0| Bitwidth P1|
    +-----------------------------------------+----------+----+---+----+------------+------------+
    |add_ln85_1_fu_259_p2                     |         +|   0|  0|  29|          22|           1|
    |add_ln85_fu_303_p2                       |         +|   0|  0|  15|           8|           1|
    |add_ln87_1_fu_270_p2                     |         +|   0|  0|  17|          14|           1|
    |add_ln87_fu_344_p2                       |         +|   0|  0|  14|           7|           1|
    |add_ln89_fu_377_p2                       |         +|   0|  0|  14|           7|           1|
    |add_ln91_1_fu_471_p2                     |         +|   0|  0|  28|          21|          21|
    |add_ln91_1_mid2_fu_488_p2                |         +|   0|  0|  71|          64|          64|
    |add_ln91_2_fu_517_p2                     |         +|   0|  0|  12|          12|          12|
    |add_ln91_3_fu_559_p2                     |         +|   0|  0|  24|          17|          17|
    |add_ln91_fu_425_p2                       |         +|   0|  0|  28|          21|          21|
    |add_ln93_1_fu_571_p2                     |         +|   0|  0|  24|          17|          17|
    |add_ln93_fu_542_p2                       |         +|   0|  0|  12|          12|          12|
    |ap_block_pp0_stage0_01001_grp1           |       and|   0|  0|   2|           1|           1|
    |ap_block_state12_pp0_stage0_iter11_grp1  |       and|   0|  0|   2|           1|           1|
    |ap_block_state5_io_grp1                  |       and|   0|  0|   2|           1|           1|
    |first_iter_0_fu_371_p2                   |      icmp|   0|  0|  14|           7|           1|
    |icmp_ln85_fu_254_p2                      |      icmp|   0|  0|  29|          22|          22|
    |icmp_ln87_fu_265_p2                      |      icmp|   0|  0|  17|          14|          14|
    |icmp_ln89_1_fu_321_p2                    |      icmp|   0|  0|  14|           7|           7|
    |icmp_ln89_2_fu_383_p2                    |      icmp|   0|  0|  14|           7|           7|
    |icmp_ln89_fu_316_p2                      |      icmp|   0|  0|  14|           7|           1|
    |icmp_ln96_fu_589_p2                      |      icmp|   0|  0|  15|           8|           8|
    |icmp_ln97_fu_603_p2                      |      icmp|   0|  0|  15|           8|           8|
    |icmp_ln98_fu_617_p2                      |      icmp|   0|  0|  15|           8|           8|
    |ap_block_pp0_stage0_11001                |        or|   0|  0|   2|           1|           1|
    |empty_fu_350_p2                          |        or|   0|  0|   2|           1|           1|
    |add_ln91_1_mid2_v_fu_477_p3              |    select|   0|  0|  21|           1|          21|
    |m0_fu_595_p3                             |    select|   0|  0|   8|           1|           8|
    |m1_fu_609_p3                             |    select|   0|  0|   8|           1|           8|
    |ow_mid2_fu_355_p3                        |    select|   0|  0|   7|           1|           1|
    |select_ln85_1_fu_438_p3                  |    select|   0|  0|  20|           1|          20|
    |select_ln85_2_fu_453_p3                  |    select|   0|  0|  21|           1|          21|
    |select_ln85_3_fu_326_p3                  |    select|   0|  0|   2|           1|           1|
    |select_ln85_4_fu_333_p3                  |    select|   0|  0|   8|           1|           8|
    |select_ln85_fu_309_p3                    |    select|   0|  0|   7|           1|           1|
    |select_ln87_1_fu_276_p3                  |    select|   0|  0|  14|           1|           1|
    |select_ln87_fu_363_p3                    |    select|   0|  0|   7|           1|           7|
    |select_ln98_fu_621_p3                    |    select|   0|  0|   8|           1|           8|
    |ap_enable_pp0                            |       xor|   0|  0|   2|           1|           2|
    +-----------------------------------------+----------+----+---+----+------------+------------+
    |Total                                    |          |   0|  0| 578|         328|         357|
    +-----------------------------------------+----------+----+---+----+------------+------------+

    * Multiplexer: 
    +-------------------------+----+-----------+-----+-----------+
    |           Name          | LUT| Input Size| Bits| Total Bits|
    +-------------------------+----+-----------+-----+-----------+
    |ap_done_int              |   9|          2|    1|          2|
    |ap_enable_reg_pp0_iter1  |   9|          2|    1|          2|
    |ap_enable_reg_pp0_iter4  |   9|          2|    1|          2|
    |gmem0_blk_n_AW           |   9|          2|    1|          2|
    |gmem0_blk_n_B            |   9|          2|    1|          2|
    |gmem0_blk_n_W            |   9|          2|    1|          2|
    |indvar_flatten27_fu_116  |   9|          2|   22|         44|
    |indvar_flatten_fu_108    |   9|          2|   14|         28|
    |oc_fu_112                |   9|          2|    8|         16|
    |oh_fu_104                |   9|          2|    7|         14|
    |ow_fu_100                |   9|          2|    7|         14|
    +-------------------------+----+-----------+-----+-----------+
    |Total                    |  99|         22|   64|        128|
    +-------------------------+----+-----------+-----+-----------+

    * Register: 
    +------------------------------------+----+----+-----+-----------+
    |                Name                | FF | LUT| Bits| Const Bits|
    +------------------------------------+----+----+-----+-----------+
    |add_ln85_reg_713                    |   8|   0|    8|          0|
    |add_ln87_reg_728                    |   7|   0|    7|          0|
    |ap_CS_fsm                           |   1|   0|    1|          0|
    |ap_done_reg                         |   1|   0|    1|          0|
    |ap_enable_reg_pp0_iter1             |   1|   0|    1|          0|
    |ap_enable_reg_pp0_iter10            |   1|   0|    1|          0|
    |ap_enable_reg_pp0_iter11            |   1|   0|    1|          0|
    |ap_enable_reg_pp0_iter2             |   1|   0|    1|          0|
    |ap_enable_reg_pp0_iter3             |   1|   0|    1|          0|
    |ap_enable_reg_pp0_iter4             |   1|   0|    1|          0|
    |ap_enable_reg_pp0_iter5             |   1|   0|    1|          0|
    |ap_enable_reg_pp0_iter6             |   1|   0|    1|          0|
    |ap_enable_reg_pp0_iter7             |   1|   0|    1|          0|
    |ap_enable_reg_pp0_iter8             |   1|   0|    1|          0|
    |ap_enable_reg_pp0_iter9             |   1|   0|    1|          0|
    |ap_loop_exit_ready_pp0_iter10_reg   |   1|   0|    1|          0|
    |ap_loop_exit_ready_pp0_iter2_reg    |   1|   0|    1|          0|
    |ap_loop_exit_ready_pp0_iter3_reg    |   1|   0|    1|          0|
    |ap_loop_exit_ready_pp0_iter4_reg    |   1|   0|    1|          0|
    |ap_loop_exit_ready_pp0_iter5_reg    |   1|   0|    1|          0|
    |ap_loop_exit_ready_pp0_iter6_reg    |   1|   0|    1|          0|
    |ap_loop_exit_ready_pp0_iter7_reg    |   1|   0|    1|          0|
    |ap_loop_exit_ready_pp0_iter8_reg    |   1|   0|    1|          0|
    |ap_loop_exit_ready_pp0_iter9_reg    |   1|   0|    1|          0|
    |first_iter_0_reg_744                |   1|   0|    1|          0|
    |first_iter_0_reg_744_pp0_iter3_reg  |   1|   0|    1|          0|
    |gmem0_addr_reg_752                  |  64|   0|   64|          0|
    |icmp_ln85_reg_689                   |   1|   0|    1|          0|
    |icmp_ln87_reg_693                   |   1|   0|    1|          0|
    |icmp_ln87_reg_693_pp0_iter2_reg     |   1|   0|    1|          0|
    |icmp_ln89_2_reg_748                 |   1|   0|    1|          0|
    |indvar_flatten27_fu_116             |  22|   0|   22|          0|
    |indvar_flatten_fu_108               |  14|   0|   14|          0|
    |m0_reg_783                          |   8|   0|    8|          0|
    |m1_reg_789                          |   8|   0|    8|          0|
    |oc_1_reg_708                        |   8|   0|    8|          0|
    |oc_fu_112                           |   8|   0|    8|          0|
    |oh_1_reg_703                        |   7|   0|    7|          0|
    |oh_fu_104                           |   7|   0|    7|          0|
    |ow_fu_100                           |   7|   0|    7|          0|
    |ow_mid2_reg_733                     |   7|   0|    7|          0|
    |select_ln85_3_reg_718               |   1|   0|    1|          0|
    |select_ln87_reg_738                 |   7|   0|    7|          0|
    |select_ln98_reg_795                 |   8|   0|    8|          0|
    |trunc_ln87_reg_723                  |   6|   0|    6|          0|
    |zext_ln85_cast_reg_684              |   7|   0|   64|         57|
    |icmp_ln85_reg_689                   |  64|  32|    1|          0|
    |icmp_ln89_2_reg_748                 |  64|  32|    1|          0|
    +------------------------------------+----+----+-----+-----------+
    |Total                               | 360|  64|  291|         57|
    +------------------------------------+----+----+-----+-----------+



================================================================
== Interface
================================================================
* Summary: 
+----------------------------------------------------------------------------------------------------------------------------------------------------------------------+-----+-----+------------+-------------------------------------------------------------------------------------------------------------------------------------------------------------+--------------+
|                                                                               RTL Ports                                                                              | Dir | Bits|  Protocol  |                                                                        Source Object                                                                        |    C Type    |
+----------------------------------------------------------------------------------------------------------------------------------------------------------------------+-----+-----+------------+-------------------------------------------------------------------------------------------------------------------------------------------------------------+--------------+
|ap_clk                                                                                                                                                                |   in|    1|  ap_ctrl_hs|                                                                                                                    maxpool2x2_Pipeline_POOL_OC_POOL_H_POOL_W|  return value|
|ap_rst                                                                                                                                                                |   in|    1|  ap_ctrl_hs|                                                                                                                    maxpool2x2_Pipeline_POOL_OC_POOL_H_POOL_W|  return value|
|ap_start                                                                                                                                                              |   in|    1|  ap_ctrl_hs|                                                                                                                    maxpool2x2_Pipeline_POOL_OC_POOL_H_POOL_W|  return value|
|ap_done                                                                                                                                                               |  out|    1|  ap_ctrl_hs|                                                                                                                    maxpool2x2_Pipeline_POOL_OC_POOL_H_POOL_W|  return value|
|ap_idle                                                                                                                                                               |  out|    1|  ap_ctrl_hs|                                                                                                                    maxpool2x2_Pipeline_POOL_OC_POOL_H_POOL_W|  return value|
|ap_ready                                                                                                                                                              |  out|    1|  ap_ctrl_hs|                                                                                                                    maxpool2x2_Pipeline_POOL_OC_POOL_H_POOL_W|  return value|
|m_axi_gmem0_0_AWVALID                                                                                                                                                 |  out|    1|       m_axi|                                                                                                                                                        gmem0|       pointer|
|m_axi_gmem0_0_AWREADY                                                                                                                                                 |   in|    1|       m_axi|                                                                                                                                                        gmem0|       pointer|
|m_axi_gmem0_0_AWADDR                                                                                                                                                  |  out|   64|       m_axi|                                                                                                                                                        gmem0|       pointer|
|m_axi_gmem0_0_AWID                                                                                                                                                    |  out|    1|       m_axi|                                                                                                                                                        gmem0|       pointer|
|m_axi_gmem0_0_AWLEN                                                                                                                                                   |  out|   32|       m_axi|                                                                                                                                                        gmem0|       pointer|
|m_axi_gmem0_0_AWSIZE                                                                                                                                                  |  out|    3|       m_axi|                                                                                                                                                        gmem0|       pointer|
|m_axi_gmem0_0_AWBURST                                                                                                                                                 |  out|    2|       m_axi|                                                                                                                                                        gmem0|       pointer|
|m_axi_gmem0_0_AWLOCK                                                                                                                                                  |  out|    2|       m_axi|                                                                                                                                                        gmem0|       pointer|
|m_axi_gmem0_0_AWCACHE                                                                                                                                                 |  out|    4|       m_axi|                                                                                                                                                        gmem0|       pointer|
|m_axi_gmem0_0_AWPROT                                                                                                                                                  |  out|    3|       m_axi|                                                                                                                                                        gmem0|       pointer|
|m_axi_gmem0_0_AWQOS                                                                                                                                                   |  out|    4|       m_axi|                                                                                                                                                        gmem0|       pointer|
|m_axi_gmem0_0_AWREGION                                                                                                                                                |  out|    4|       m_axi|                                                                                                                                                        gmem0|       pointer|
|m_axi_gmem0_0_AWUSER                                                                                                                                                  |  out|    1|       m_axi|                                                                                                                                                        gmem0|       pointer|
|m_axi_gmem0_0_WVALID                                                                                                                                                  |  out|    1|       m_axi|                                                                                                                                                        gmem0|       pointer|
|m_axi_gmem0_0_WREADY                                                                                                                                                  |   in|    1|       m_axi|                                                                                                                                                        gmem0|       pointer|
|m_axi_gmem0_0_WDATA                                                                                                                                                   |  out|    8|       m_axi|                                                                                                                                                        gmem0|       pointer|
|m_axi_gmem0_0_WSTRB                                                                                                                                                   |  out|    1|       m_axi|                                                                                                                                                        gmem0|       pointer|
|m_axi_gmem0_0_WLAST                                                                                                                                                   |  out|    1|       m_axi|                                                                                                                                                        gmem0|       pointer|
|m_axi_gmem0_0_WID                                                                                                                                                     |  out|    1|       m_axi|                                                                                                                                                        gmem0|       pointer|
|m_axi_gmem0_0_WUSER                                                                                                                                                   |  out|    1|       m_axi|                                                                                                                                                        gmem0|       pointer|
|m_axi_gmem0_0_ARVALID                                                                                                                                                 |  out|    1|       m_axi|                                                                                                                                                        gmem0|       pointer|
|m_axi_gmem0_0_ARREADY                                                                                                                                                 |   in|    1|       m_axi|                                                                                                                                                        gmem0|       pointer|
|m_axi_gmem0_0_ARADDR                                                                                                                                                  |  out|   64|       m_axi|                                                                                                                                                        gmem0|       pointer|
|m_axi_gmem0_0_ARID                                                                                                                                                    |  out|    1|       m_axi|                                                                                                                                                        gmem0|       pointer|
|m_axi_gmem0_0_ARLEN                                                                                                                                                   |  out|   32|       m_axi|                                                                                                                                                        gmem0|       pointer|
|m_axi_gmem0_0_ARSIZE                                                                                                                                                  |  out|    3|       m_axi|                                                                                                                                                        gmem0|       pointer|
|m_axi_gmem0_0_ARBURST                                                                                                                                                 |  out|    2|       m_axi|                                                                                                                                                        gmem0|       pointer|
|m_axi_gmem0_0_ARLOCK                                                                                                                                                  |  out|    2|       m_axi|                                                                                                                                                        gmem0|       pointer|
|m_axi_gmem0_0_ARCACHE                                                                                                                                                 |  out|    4|       m_axi|                                                                                                                                                        gmem0|       pointer|
|m_axi_gmem0_0_ARPROT                                                                                                                                                  |  out|    3|       m_axi|                                                                                                                                                        gmem0|       pointer|
|m_axi_gmem0_0_ARQOS                                                                                                                                                   |  out|    4|       m_axi|                                                                                                                                                        gmem0|       pointer|
|m_axi_gmem0_0_ARREGION                                                                                                                                                |  out|    4|       m_axi|                                                                                                                                                        gmem0|       pointer|
|m_axi_gmem0_0_ARUSER                                                                                                                                                  |  out|    1|       m_axi|                                                                                                                                                        gmem0|       pointer|
|m_axi_gmem0_0_RVALID                                                                                                                                                  |   in|    1|       m_axi|                                                                                                                                                        gmem0|       pointer|
|m_axi_gmem0_0_RREADY                                                                                                                                                  |  out|    1|       m_axi|                                                                                                                                                        gmem0|       pointer|
|m_axi_gmem0_0_RDATA                                                                                                                                                   |   in|    8|       m_axi|                                                                                                                                                        gmem0|       pointer|
|m_axi_gmem0_0_RLAST                                                                                                                                                   |   in|    1|       m_axi|                                                                                                                                                        gmem0|       pointer|
|m_axi_gmem0_0_RID                                                                                                                                                     |   in|    1|       m_axi|                                                                                                                                                        gmem0|       pointer|
|m_axi_gmem0_0_RFIFONUM                                                                                                                                                |   in|   11|       m_axi|                                                                                                                                                        gmem0|       pointer|
|m_axi_gmem0_0_RUSER                                                                                                                                                   |   in|    1|       m_axi|                                                                                                                                                        gmem0|       pointer|
|m_axi_gmem0_0_RRESP                                                                                                                                                   |   in|    2|       m_axi|                                                                                                                                                        gmem0|       pointer|
|m_axi_gmem0_0_BVALID                                                                                                                                                  |   in|    1|       m_axi|                                                                                                                                                        gmem0|       pointer|
|m_axi_gmem0_0_BREADY                                                                                                                                                  |  out|    1|       m_axi|                                                                                                                                                        gmem0|       pointer|
|m_axi_gmem0_0_BRESP                                                                                                                                                   |   in|    2|       m_axi|                                                                                                                                                        gmem0|       pointer|
|m_axi_gmem0_0_BID                                                                                                                                                     |   in|    1|       m_axi|                                                                                                                                                        gmem0|       pointer|
|m_axi_gmem0_0_BUSER                                                                                                                                                   |   in|    1|       m_axi|                                                                                                                                                        gmem0|       pointer|
|bound7                                                                                                                                                                |   in|   22|     ap_none|                                                                                                                                                       bound7|        scalar|
|dpu_conv_top_ap_int_8_64_64_ap_int_8_64_3_3_ap_int_32_ap_int_8_64_64_ap_uint_8_ap_uint_8_ap_uint_8_ap_uint_8_ap_uint_1_ap_uint_1_perf_counters_t_conv_buf_address0    |  out|   17|   ap_memory|    dpu_conv_top_ap_int_8_64_64_ap_int_8_64_3_3_ap_int_32_ap_int_8_64_64_ap_uint_8_ap_uint_8_ap_uint_8_ap_uint_8_ap_uint_1_ap_uint_1_perf_counters_t_conv_buf|         array|
|dpu_conv_top_ap_int_8_64_64_ap_int_8_64_3_3_ap_int_32_ap_int_8_64_64_ap_uint_8_ap_uint_8_ap_uint_8_ap_uint_8_ap_uint_1_ap_uint_1_perf_counters_t_conv_buf_ce0         |  out|    1|   ap_memory|    dpu_conv_top_ap_int_8_64_64_ap_int_8_64_3_3_ap_int_32_ap_int_8_64_64_ap_uint_8_ap_uint_8_ap_uint_8_ap_uint_8_ap_uint_1_ap_uint_1_perf_counters_t_conv_buf|         array|
|dpu_conv_top_ap_int_8_64_64_ap_int_8_64_3_3_ap_int_32_ap_int_8_64_64_ap_uint_8_ap_uint_8_ap_uint_8_ap_uint_8_ap_uint_1_ap_uint_1_perf_counters_t_conv_buf_q0          |   in|    8|   ap_memory|    dpu_conv_top_ap_int_8_64_64_ap_int_8_64_3_3_ap_int_32_ap_int_8_64_64_ap_uint_8_ap_uint_8_ap_uint_8_ap_uint_8_ap_uint_1_ap_uint_1_perf_counters_t_conv_buf|         array|
|dpu_conv_top_ap_int_8_64_64_ap_int_8_64_3_3_ap_int_32_ap_int_8_64_64_ap_uint_8_ap_uint_8_ap_uint_8_ap_uint_8_ap_uint_1_ap_uint_1_perf_counters_t_conv_buf_address1    |  out|   17|   ap_memory|    dpu_conv_top_ap_int_8_64_64_ap_int_8_64_3_3_ap_int_32_ap_int_8_64_64_ap_uint_8_ap_uint_8_ap_uint_8_ap_uint_8_ap_uint_1_ap_uint_1_perf_counters_t_conv_buf|         array|
|dpu_conv_top_ap_int_8_64_64_ap_int_8_64_3_3_ap_int_32_ap_int_8_64_64_ap_uint_8_ap_uint_8_ap_uint_8_ap_uint_8_ap_uint_1_ap_uint_1_perf_counters_t_conv_buf_ce1         |  out|    1|   ap_memory|    dpu_conv_top_ap_int_8_64_64_ap_int_8_64_3_3_ap_int_32_ap_int_8_64_64_ap_uint_8_ap_uint_8_ap_uint_8_ap_uint_8_ap_uint_1_ap_uint_1_perf_counters_t_conv_buf|         array|
|dpu_conv_top_ap_int_8_64_64_ap_int_8_64_3_3_ap_int_32_ap_int_8_64_64_ap_uint_8_ap_uint_8_ap_uint_8_ap_uint_8_ap_uint_1_ap_uint_1_perf_counters_t_conv_buf_q1          |   in|    8|   ap_memory|    dpu_conv_top_ap_int_8_64_64_ap_int_8_64_3_3_ap_int_32_ap_int_8_64_64_ap_uint_8_ap_uint_8_ap_uint_8_ap_uint_8_ap_uint_1_ap_uint_1_perf_counters_t_conv_buf|         array|
|dpu_conv_top_ap_int_8_64_64_ap_int_8_64_3_3_ap_int_32_ap_int_8_64_64_ap_uint_8_ap_uint_8_ap_uint_8_ap_uint_8_ap_uint_1_ap_uint_1_perf_counters_t_conv_buf_1_address0  |  out|   17|   ap_memory|  dpu_conv_top_ap_int_8_64_64_ap_int_8_64_3_3_ap_int_32_ap_int_8_64_64_ap_uint_8_ap_uint_8_ap_uint_8_ap_uint_8_ap_uint_1_ap_uint_1_perf_counters_t_conv_buf_1|         array|
|dpu_conv_top_ap_int_8_64_64_ap_int_8_64_3_3_ap_int_32_ap_int_8_64_64_ap_uint_8_ap_uint_8_ap_uint_8_ap_uint_8_ap_uint_1_ap_uint_1_perf_counters_t_conv_buf_1_ce0       |  out|    1|   ap_memory|  dpu_conv_top_ap_int_8_64_64_ap_int_8_64_3_3_ap_int_32_ap_int_8_64_64_ap_uint_8_ap_uint_8_ap_uint_8_ap_uint_8_ap_uint_1_ap_uint_1_perf_counters_t_conv_buf_1|         array|
|dpu_conv_top_ap_int_8_64_64_ap_int_8_64_3_3_ap_int_32_ap_int_8_64_64_ap_uint_8_ap_uint_8_ap_uint_8_ap_uint_8_ap_uint_1_ap_uint_1_perf_counters_t_conv_buf_1_q0        |   in|    8|   ap_memory|  dpu_conv_top_ap_int_8_64_64_ap_int_8_64_3_3_ap_int_32_ap_int_8_64_64_ap_uint_8_ap_uint_8_ap_uint_8_ap_uint_8_ap_uint_1_ap_uint_1_perf_counters_t_conv_buf_1|         array|
|dpu_conv_top_ap_int_8_64_64_ap_int_8_64_3_3_ap_int_32_ap_int_8_64_64_ap_uint_8_ap_uint_8_ap_uint_8_ap_uint_8_ap_uint_1_ap_uint_1_perf_counters_t_conv_buf_1_address1  |  out|   17|   ap_memory|  dpu_conv_top_ap_int_8_64_64_ap_int_8_64_3_3_ap_int_32_ap_int_8_64_64_ap_uint_8_ap_uint_8_ap_uint_8_ap_uint_8_ap_uint_1_ap_uint_1_perf_counters_t_conv_buf_1|         array|
|dpu_conv_top_ap_int_8_64_64_ap_int_8_64_3_3_ap_int_32_ap_int_8_64_64_ap_uint_8_ap_uint_8_ap_uint_8_ap_uint_8_ap_uint_1_ap_uint_1_perf_counters_t_conv_buf_1_ce1       |  out|    1|   ap_memory|  dpu_conv_top_ap_int_8_64_64_ap_int_8_64_3_3_ap_int_32_ap_int_8_64_64_ap_uint_8_ap_uint_8_ap_uint_8_ap_uint_8_ap_uint_1_ap_uint_1_perf_counters_t_conv_buf_1|         array|
|dpu_conv_top_ap_int_8_64_64_ap_int_8_64_3_3_ap_int_32_ap_int_8_64_64_ap_uint_8_ap_uint_8_ap_uint_8_ap_uint_8_ap_uint_1_ap_uint_1_perf_counters_t_conv_buf_1_q1        |   in|    8|   ap_memory|  dpu_conv_top_ap_int_8_64_64_ap_int_8_64_3_3_ap_int_32_ap_int_8_64_64_ap_uint_8_ap_uint_8_ap_uint_8_ap_uint_8_ap_uint_1_ap_uint_1_perf_counters_t_conv_buf_1|         array|
|lshr_ln1                                                                                                                                                              |   in|    7|     ap_none|                                                                                                                                                     lshr_ln1|        scalar|
|bound                                                                                                                                                                 |   in|   14|     ap_none|                                                                                                                                                        bound|        scalar|
|ofmap                                                                                                                                                                 |   in|   64|     ap_none|                                                                                                                                                        ofmap|        scalar|
|zext_ln85                                                                                                                                                             |   in|    7|     ap_none|                                                                                                                                                    zext_ln85|        scalar|
+----------------------------------------------------------------------------------------------------------------------------------------------------------------------+-----+-----+------------+-------------------------------------------------------------------------------------------------------------------------------------------------------------+--------------+

============================================================
+ Verbose Summary: Synthesis Manager
============================================================
InlineROM: 1
ExposeGlobal: 0
============================================================
+ Verbose Summary: CDFG Model
============================================================
IsTopModel: 0
ResetActiveHigh: 1
IsCombinational: 2
IsDatapathOnly: 2
HasWiredReturn: 1
HasMFsm: 2
HasVarLatency: 1
IsPipeline: 0
IsRtlPipelined: 0
IsInstanceOverlapped: 0
IsDontTouch: 0
HasImplIP: 0
IsGatedGlobalClock: 0

+ Individual pipeline summary: 
  * Pipeline-0: initiation interval (II) = 1, depth = 12


============================================================
+ Verbose Summary: Schedule
============================================================
* Number of FSM states : 12
* Pipeline : 1
  Pipeline-0 : II = 1, D = 12, States = { 1 2 3 4 5 6 7 8 9 10 11 12 }
* Dataflow Pipeline: 0

* FSM state transitions: 
1 --> 2 
2 --> 3 
3 --> 4 
4 --> 5 
5 --> 6 
6 --> 7 
7 --> 8 
8 --> 9 
9 --> 10 
10 --> 11 
11 --> 12 
12 --> 

* FSM state operations: 

State 1 <SV = 0> <Delay = 1.58>
ST_1 : Operation 14 [1/1] (0.00ns)   --->   "%ow = alloca i32 1" [C:/Users/user/Downloads/files/dpu_conv.cpp:89]   --->   Operation 14 'alloca' 'ow' <Predicate = true> <Delay = 0.00>
ST_1 : Operation 15 [1/1] (0.00ns)   --->   "%oh = alloca i32 1" [C:/Users/user/Downloads/files/dpu_conv.cpp:87]   --->   Operation 15 'alloca' 'oh' <Predicate = true> <Delay = 0.00>
ST_1 : Operation 16 [1/1] (0.00ns)   --->   "%indvar_flatten = alloca i32 1"   --->   Operation 16 'alloca' 'indvar_flatten' <Predicate = true> <Delay = 0.00>
ST_1 : Operation 17 [1/1] (0.00ns)   --->   "%oc = alloca i32 1" [C:/Users/user/Downloads/files/dpu_conv.cpp:85]   --->   Operation 17 'alloca' 'oc' <Predicate = true> <Delay = 0.00>
ST_1 : Operation 18 [1/1] (0.00ns)   --->   "%indvar_flatten27 = alloca i32 1"   --->   Operation 18 'alloca' 'indvar_flatten27' <Predicate = true> <Delay = 0.00>
ST_1 : Operation 19 [1/1] (0.00ns)   --->   "%zext_ln85_read = read i7 @_ssdm_op_Read.ap_auto.i7, i7 %zext_ln85"   --->   Operation 19 'read' 'zext_ln85_read' <Predicate = true> <Delay = 0.00>
ST_1 : Operation 20 [1/1] (0.00ns)   --->   "%ofmap_read = read i64 @_ssdm_op_Read.ap_auto.i64, i64 %ofmap"   --->   Operation 20 'read' 'ofmap_read' <Predicate = true> <Delay = 0.00>
ST_1 : Operation 21 [1/1] (0.00ns)   --->   "%bound_read = read i14 @_ssdm_op_Read.ap_auto.i14, i14 %bound"   --->   Operation 21 'read' 'bound_read' <Predicate = true> <Delay = 0.00>
ST_1 : Operation 22 [1/1] (0.00ns)   --->   "%lshr_ln1_read = read i7 @_ssdm_op_Read.ap_auto.i7, i7 %lshr_ln1"   --->   Operation 22 'read' 'lshr_ln1_read' <Predicate = true> <Delay = 0.00>
ST_1 : Operation 23 [1/1] (0.00ns)   --->   "%bound7_read = read i22 @_ssdm_op_Read.ap_auto.i22, i22 %bound7"   --->   Operation 23 'read' 'bound7_read' <Predicate = true> <Delay = 0.00>
ST_1 : Operation 24 [1/1] (0.00ns)   --->   "%zext_ln85_cast = zext i7 %zext_ln85_read"   --->   Operation 24 'zext' 'zext_ln85_cast' <Predicate = true> <Delay = 0.00>
ST_1 : Operation 25 [1/1] (0.00ns)   --->   "%specinterface_ln0 = specinterface void @_ssdm_op_SpecInterface, i8 %gmem0, void @empty_38, i32 0, i32 0, void @empty_39, i32 0, i32 262144, void @empty_6, void @empty_42, void @empty_39, i32 16, i32 16, i32 16, i32 16, void @empty_39, void @empty_39, i32 4294967295, i32 0, i32 0, i32 1"   --->   Operation 25 'specinterface' 'specinterface_ln0' <Predicate = true> <Delay = 0.00>
ST_1 : Operation 26 [1/1] (1.58ns)   --->   "%store_ln0 = store i22 0, i22 %indvar_flatten27"   --->   Operation 26 'store' 'store_ln0' <Predicate = true> <Delay = 1.58>
ST_1 : Operation 27 [1/1] (1.58ns)   --->   "%store_ln85 = store i8 0, i8 %oc" [C:/Users/user/Downloads/files/dpu_conv.cpp:85]   --->   Operation 27 'store' 'store_ln85' <Predicate = true> <Delay = 1.58>
ST_1 : Operation 28 [1/1] (1.58ns)   --->   "%store_ln0 = store i14 0, i14 %indvar_flatten"   --->   Operation 28 'store' 'store_ln0' <Predicate = true> <Delay = 1.58>
ST_1 : Operation 29 [1/1] (1.58ns)   --->   "%store_ln87 = store i7 0, i7 %oh" [C:/Users/user/Downloads/files/dpu_conv.cpp:87]   --->   Operation 29 'store' 'store_ln87' <Predicate = true> <Delay = 1.58>
ST_1 : Operation 30 [1/1] (1.58ns)   --->   "%store_ln89 = store i7 0, i7 %ow" [C:/Users/user/Downloads/files/dpu_conv.cpp:89]   --->   Operation 30 'store' 'store_ln89' <Predicate = true> <Delay = 1.58>
ST_1 : Operation 31 [1/1] (0.00ns)   --->   "%br_ln0 = br void %for.body9.i"   --->   Operation 31 'br' 'br_ln0' <Predicate = true> <Delay = 0.00>

State 2 <SV = 1> <Delay = 4.10>
ST_2 : Operation 32 [1/1] (0.00ns)   --->   "%indvar_flatten_load = load i14 %indvar_flatten" [C:/Users/user/Downloads/files/dpu_conv.cpp:87]   --->   Operation 32 'load' 'indvar_flatten_load' <Predicate = true> <Delay = 0.00>
ST_2 : Operation 33 [1/1] (0.00ns)   --->   "%indvar_flatten27_load = load i22 %indvar_flatten27" [C:/Users/user/Downloads/files/dpu_conv.cpp:85]   --->   Operation 33 'load' 'indvar_flatten27_load' <Predicate = true> <Delay = 0.00>
ST_2 : Operation 34 [1/1] (2.25ns)   --->   "%icmp_ln85 = icmp_eq  i22 %indvar_flatten27_load, i22 %bound7_read" [C:/Users/user/Downloads/files/dpu_conv.cpp:85]   --->   Operation 34 'icmp' 'icmp_ln85' <Predicate = true> <Delay = 2.25> <CoreInst = "Cmp">   --->   Core 9 'Cmp' <Latency = 0> <II = 1> <Delay = 2.25> <FuncUnit> <Opcode : 'seteq' 'setne' 'setle' 'setge' 'setlt' 'setgt'> <InPorts = 2> <OutPorts = 1>
ST_2 : Operation 35 [1/1] (2.25ns)   --->   "%add_ln85_1 = add i22 %indvar_flatten27_load, i22 1" [C:/Users/user/Downloads/files/dpu_conv.cpp:85]   --->   Operation 35 'add' 'add_ln85_1' <Predicate = true> <Delay = 2.25> <CoreInst = "Adder">   --->   Core 1 'Adder' <Latency = 0> <II = 1> <Delay = 2.25> <FuncUnit> <Opcode : 'add' 'sub'> <InPorts = 2> <OutPorts = 1>
ST_2 : Operation 36 [1/1] (0.00ns)   --->   "%br_ln85 = br i1 %icmp_ln85, void %for.inc62.i, void %maxpool2x2.exit.exitStub" [C:/Users/user/Downloads/files/dpu_conv.cpp:85]   --->   Operation 36 'br' 'br_ln85' <Predicate = true> <Delay = 0.00>
ST_2 : Operation 37 [1/1] (1.81ns)   --->   "%icmp_ln87 = icmp_eq  i14 %indvar_flatten_load, i14 %bound_read" [C:/Users/user/Downloads/files/dpu_conv.cpp:87]   --->   Operation 37 'icmp' 'icmp_ln87' <Predicate = (!icmp_ln85)> <Delay = 1.81> <CoreInst = "Cmp">   --->   Core 9 'Cmp' <Latency = 0> <II = 1> <Delay = 1.81> <FuncUnit> <Opcode : 'seteq' 'setne' 'setle' 'setge' 'setlt' 'setgt'> <InPorts = 2> <OutPorts = 1>
ST_2 : Operation 38 [1/1] (1.81ns)   --->   "%add_ln87_1 = add i14 %indvar_flatten_load, i14 1" [C:/Users/user/Downloads/files/dpu_conv.cpp:87]   --->   Operation 38 'add' 'add_ln87_1' <Predicate = (!icmp_ln85)> <Delay = 1.81> <CoreInst = "Adder">   --->   Core 1 'Adder' <Latency = 0> <II = 1> <Delay = 1.81> <FuncUnit> <Opcode : 'add' 'sub'> <InPorts = 2> <OutPorts = 1>
ST_2 : Operation 39 [1/1] (0.70ns)   --->   "%select_ln87_1 = select i1 %icmp_ln87, i14 1, i14 %add_ln87_1" [C:/Users/user/Downloads/files/dpu_conv.cpp:87]   --->   Operation 39 'select' 'select_ln87_1' <Predicate = (!icmp_ln85)> <Delay = 0.70> <CoreInst = "Sel">   --->   Core 73 'Sel' <Latency = 0> <II = 1> <Delay = 0.70> <FuncUnit> <Opcode : 'select'> <InPorts = 3> <OutPorts = 1>
ST_2 : Operation 40 [1/1] (1.58ns)   --->   "%store_ln85 = store i22 %add_ln85_1, i22 %indvar_flatten27" [C:/Users/user/Downloads/files/dpu_conv.cpp:85]   --->   Operation 40 'store' 'store_ln85' <Predicate = (!icmp_ln85)> <Delay = 1.58>
ST_2 : Operation 41 [1/1] (1.58ns)   --->   "%store_ln87 = store i14 %select_ln87_1, i14 %indvar_flatten" [C:/Users/user/Downloads/files/dpu_conv.cpp:87]   --->   Operation 41 'store' 'store_ln87' <Predicate = (!icmp_ln85)> <Delay = 1.58>

State 3 <SV = 2> <Delay = 7.59>
ST_3 : Operation 42 [1/1] (0.00ns)   --->   "%oh_1 = load i7 %oh" [C:/Users/user/Downloads/files/dpu_conv.cpp:91]   --->   Operation 42 'load' 'oh_1' <Predicate = true> <Delay = 0.00>
ST_3 : Operation 43 [1/1] (0.00ns)   --->   "%oc_1 = load i8 %oc" [C:/Users/user/Downloads/files/dpu_conv.cpp:85]   --->   Operation 43 'load' 'oc_1' <Predicate = true> <Delay = 0.00>
ST_3 : Operation 44 [1/1] (0.00ns)   --->   "%ow_load = load i7 %ow" [C:/Users/user/Downloads/files/dpu_conv.cpp:89]   --->   Operation 44 'load' 'ow_load' <Predicate = (!icmp_ln85)> <Delay = 0.00>
ST_3 : Operation 45 [1/1] (1.91ns)   --->   "%add_ln85 = add i8 %oc_1, i8 1" [C:/Users/user/Downloads/files/dpu_conv.cpp:85]   --->   Operation 45 'add' 'add_ln85' <Predicate = (!icmp_ln85)> <Delay = 1.91> <CoreInst = "Adder">   --->   Core 1 'Adder' <Latency = 0> <II = 1> <Delay = 1.91> <FuncUnit> <Opcode : 'add' 'sub'> <InPorts = 2> <OutPorts = 1>
ST_3 : Operation 46 [1/1] (0.99ns)   --->   "%select_ln85 = select i1 %icmp_ln87, i7 0, i7 %oh_1" [C:/Users/user/Downloads/files/dpu_conv.cpp:85]   --->   Operation 46 'select' 'select_ln85' <Predicate = (!icmp_ln85)> <Delay = 0.99> <CoreInst = "Sel">   --->   Core 73 'Sel' <Latency = 0> <II = 1> <Delay = 0.99> <FuncUnit> <Opcode : 'select'> <InPorts = 3> <OutPorts = 1>
ST_3 : Operation 47 [1/1] (1.87ns)   --->   "%icmp_ln89 = icmp_eq  i7 %lshr_ln1_read, i7 0" [C:/Users/user/Downloads/files/dpu_conv.cpp:89]   --->   Operation 47 'icmp' 'icmp_ln89' <Predicate = (!icmp_ln85)> <Delay = 1.87> <CoreInst = "Cmp">   --->   Core 9 'Cmp' <Latency = 0> <II = 1> <Delay = 1.87> <FuncUnit> <Opcode : 'seteq' 'setne' 'setle' 'setge' 'setlt' 'setgt'> <InPorts = 2> <OutPorts = 1>
ST_3 : Operation 48 [1/1] (1.87ns)   --->   "%icmp_ln89_1 = icmp_eq  i7 %ow_load, i7 %lshr_ln1_read" [C:/Users/user/Downloads/files/dpu_conv.cpp:89]   --->   Operation 48 'icmp' 'icmp_ln89_1' <Predicate = (!icmp_ln85)> <Delay = 1.87> <CoreInst = "Cmp">   --->   Core 9 'Cmp' <Latency = 0> <II = 1> <Delay = 1.87> <FuncUnit> <Opcode : 'seteq' 'setne' 'setle' 'setge' 'setlt' 'setgt'> <InPorts = 2> <OutPorts = 1>
ST_3 : Operation 49 [1/1] (0.99ns)   --->   "%select_ln85_3 = select i1 %icmp_ln87, i1 %icmp_ln89, i1 %icmp_ln89_1" [C:/Users/user/Downloads/files/dpu_conv.cpp:85]   --->   Operation 49 'select' 'select_ln85_3' <Predicate = (!icmp_ln85)> <Delay = 0.99> <CoreInst = "Sel">   --->   Core 73 'Sel' <Latency = 0> <II = 1> <Delay = 0.99> <FuncUnit> <Opcode : 'select'> <InPorts = 3> <OutPorts = 1>
ST_3 : Operation 50 [1/1] (1.24ns)   --->   "%select_ln85_4 = select i1 %icmp_ln87, i8 %add_ln85, i8 %oc_1" [C:/Users/user/Downloads/files/dpu_conv.cpp:85]   --->   Operation 50 'select' 'select_ln85_4' <Predicate = (!icmp_ln85)> <Delay = 1.24> <CoreInst = "Sel">   --->   Core 73 'Sel' <Latency = 0> <II = 1> <Delay = 1.24> <FuncUnit> <Opcode : 'select'> <InPorts = 3> <OutPorts = 1>
ST_3 : Operation 51 [1/1] (0.00ns)   --->   "%trunc_ln87 = trunc i8 %select_ln85_4" [C:/Users/user/Downloads/files/dpu_conv.cpp:87]   --->   Operation 51 'trunc' 'trunc_ln87' <Predicate = (!icmp_ln85)> <Delay = 0.00>
ST_3 : Operation 52 [1/1] (1.87ns)   --->   "%add_ln87 = add i7 %select_ln85, i7 1" [C:/Users/user/Downloads/files/dpu_conv.cpp:87]   --->   Operation 52 'add' 'add_ln87' <Predicate = (!icmp_ln85)> <Delay = 1.87> <CoreInst = "Adder">   --->   Core 1 'Adder' <Latency = 0> <II = 1> <Delay = 1.87> <FuncUnit> <Opcode : 'add' 'sub'> <InPorts = 2> <OutPorts = 1>
ST_3 : Operation 53 [1/1] (0.00ns) (grouped into LUT with out node ow_mid2)   --->   "%empty = or i1 %select_ln85_3, i1 %icmp_ln87" [C:/Users/user/Downloads/files/dpu_conv.cpp:85]   --->   Operation 53 'or' 'empty' <Predicate = (!icmp_ln85)> <Delay = 0.00> <CoreInst = "LogicGate">   --->   Core 74 'LogicGate' <Latency = 0> <II = 1> <Delay = 0.97> <FuncUnit> <Opcode : 'and' 'or' 'xor'> <InPorts = 2> <OutPorts = 1>
ST_3 : Operation 54 [1/1] (0.99ns) (out node of the LUT)   --->   "%ow_mid2 = select i1 %empty, i7 0, i7 %ow_load" [C:/Users/user/Downloads/files/dpu_conv.cpp:85]   --->   Operation 54 'select' 'ow_mid2' <Predicate = (!icmp_ln85)> <Delay = 0.99> <CoreInst = "Sel">   --->   Core 73 'Sel' <Latency = 0> <II = 1> <Delay = 0.99> <FuncUnit> <Opcode : 'select'> <InPorts = 3> <OutPorts = 1>
ST_3 : Operation 55 [1/1] (0.99ns)   --->   "%select_ln87 = select i1 %select_ln85_3, i7 %add_ln87, i7 %select_ln85" [C:/Users/user/Downloads/files/dpu_conv.cpp:87]   --->   Operation 55 'select' 'select_ln87' <Predicate = (!icmp_ln85)> <Delay = 0.99> <CoreInst = "Sel">   --->   Core 73 'Sel' <Latency = 0> <II = 1> <Delay = 0.99> <FuncUnit> <Opcode : 'select'> <InPorts = 3> <OutPorts = 1>
ST_3 : Operation 56 [1/1] (1.87ns)   --->   "%first_iter_0 = icmp_eq  i7 %ow_mid2, i7 0" [C:/Users/user/Downloads/files/dpu_conv.cpp:85]   --->   Operation 56 'icmp' 'first_iter_0' <Predicate = (!icmp_ln85)> <Delay = 1.87> <CoreInst = "Cmp">   --->   Core 9 'Cmp' <Latency = 0> <II = 1> <Delay = 1.87> <FuncUnit> <Opcode : 'seteq' 'setne' 'setle' 'setge' 'setlt' 'setgt'> <InPorts = 2> <OutPorts = 1>
ST_3 : Operation 57 [1/1] (0.00ns)   --->   "%br_ln89 = br i1 %first_iter_0, void %for.body9.split.i, void %new.body.POOL_W.i" [C:/Users/user/Downloads/files/dpu_conv.cpp:89]   --->   Operation 57 'br' 'br_ln89' <Predicate = (!icmp_ln85)> <Delay = 0.00>
ST_3 : Operation 58 [1/1] (1.87ns)   --->   "%add_ln89 = add i7 %ow_mid2, i7 1" [C:/Users/user/Downloads/files/dpu_conv.cpp:89]   --->   Operation 58 'add' 'add_ln89' <Predicate = (!icmp_ln85)> <Delay = 1.87> <CoreInst = "Adder">   --->   Core 1 'Adder' <Latency = 0> <II = 1> <Delay = 1.87> <FuncUnit> <Opcode : 'add' 'sub'> <InPorts = 2> <OutPorts = 1>
ST_3 : Operation 59 [1/1] (1.87ns)   --->   "%icmp_ln89_2 = icmp_eq  i7 %add_ln89, i7 %lshr_ln1_read" [C:/Users/user/Downloads/files/dpu_conv.cpp:89]   --->   Operation 59 'icmp' 'icmp_ln89_2' <Predicate = (!icmp_ln85)> <Delay = 1.87> <CoreInst = "Cmp">   --->   Core 9 'Cmp' <Latency = 0> <II = 1> <Delay = 1.87> <FuncUnit> <Opcode : 'seteq' 'setne' 'setle' 'setge' 'setlt' 'setgt'> <InPorts = 2> <OutPorts = 1>
ST_3 : Operation 60 [1/1] (0.00ns)   --->   "%br_ln89 = br i1 %icmp_ln89_2, void %new.latch.for.body9.split.i, void %last.iter.for.body9.split.i" [C:/Users/user/Downloads/files/dpu_conv.cpp:89]   --->   Operation 60 'br' 'br_ln89' <Predicate = (!icmp_ln85)> <Delay = 0.00>
ST_3 : Operation 61 [1/1] (1.58ns)   --->   "%store_ln85 = store i8 %select_ln85_4, i8 %oc" [C:/Users/user/Downloads/files/dpu_conv.cpp:85]   --->   Operation 61 'store' 'store_ln85' <Predicate = (!icmp_ln85)> <Delay = 1.58>
ST_3 : Operation 62 [1/1] (1.58ns)   --->   "%store_ln87 = store i7 %select_ln87, i7 %oh" [C:/Users/user/Downloads/files/dpu_conv.cpp:87]   --->   Operation 62 'store' 'store_ln87' <Predicate = (!icmp_ln85)> <Delay = 1.58>
ST_3 : Operation 63 [1/1] (1.58ns)   --->   "%store_ln89 = store i7 %add_ln89, i7 %ow" [C:/Users/user/Downloads/files/dpu_conv.cpp:89]   --->   Operation 63 'store' 'store_ln89' <Predicate = (!icmp_ln85)> <Delay = 1.58>
ST_3 : Operation 64 [1/1] (0.00ns)   --->   "%br_ln89 = br void %for.body9.i" [C:/Users/user/Downloads/files/dpu_conv.cpp:89]   --->   Operation 64 'br' 'br_ln89' <Predicate = (!icmp_ln85)> <Delay = 0.00>

State 4 <SV = 3> <Delay = 6.90>
ST_4 : Operation 65 [1/1] (0.00ns)   --->   "%shl_ln = bitconcatenate i20 @_ssdm_op_BitConcatenate.i20.i8.i12, i8 %oc_1, i12 0" [C:/Users/user/Downloads/files/dpu_conv.cpp:91]   --->   Operation 65 'bitconcatenate' 'shl_ln' <Predicate = true> <Delay = 0.00>
ST_4 : Operation 66 [1/1] (0.00ns)   --->   "%zext_ln87 = zext i20 %shl_ln" [C:/Users/user/Downloads/files/dpu_conv.cpp:87]   --->   Operation 66 'zext' 'zext_ln87' <Predicate = (!icmp_ln87 & !select_ln85_3)> <Delay = 0.00>
ST_4 : Operation 67 [1/1] (0.00ns)   --->   "%shl_ln91_1 = bitconcatenate i13 @_ssdm_op_BitConcatenate.i13.i7.i6, i7 %oh_1, i6 0" [C:/Users/user/Downloads/files/dpu_conv.cpp:91]   --->   Operation 67 'bitconcatenate' 'shl_ln91_1' <Predicate = (!icmp_ln87 & !select_ln85_3)> <Delay = 0.00>
ST_4 : Operation 68 [1/1] (0.00ns)   --->   "%zext_ln91 = zext i13 %shl_ln91_1" [C:/Users/user/Downloads/files/dpu_conv.cpp:91]   --->   Operation 68 'zext' 'zext_ln91' <Predicate = (!icmp_ln87 & !select_ln85_3)> <Delay = 0.00>
ST_4 : Operation 69 [1/1] (2.19ns)   --->   "%add_ln91 = add i21 %zext_ln87, i21 %zext_ln91" [C:/Users/user/Downloads/files/dpu_conv.cpp:91]   --->   Operation 69 'add' 'add_ln91' <Predicate = (!icmp_ln87 & !select_ln85_3)> <Delay = 2.19> <CoreInst = "Adder">   --->   Core 1 'Adder' <Latency = 0> <II = 1> <Delay = 2.22> <FuncUnit> <Opcode : 'add' 'sub'> <InPorts = 2> <OutPorts = 1>
ST_4 : Operation 70 [1/1] (0.00ns)   --->   "%specloopname_ln0 = specloopname void @_ssdm_op_SpecLoopName, void @POOL_OC_POOL_H_POOL_W_str"   --->   Operation 70 'specloopname' 'specloopname_ln0' <Predicate = (!icmp_ln85)> <Delay = 0.00>
ST_4 : Operation 71 [1/1] (0.00ns)   --->   "%speclooptripcount_ln0 = speclooptripcount void @_ssdm_op_SpecLoopTripCount, i64 0, i64 4112895, i64 504063"   --->   Operation 71 'speclooptripcount' 'speclooptripcount_ln0' <Predicate = (!icmp_ln85)> <Delay = 0.00>
ST_4 : Operation 72 [1/1] (0.00ns)   --->   "%shl_ln91_mid1 = bitconcatenate i20 @_ssdm_op_BitConcatenate.i20.i8.i12, i8 %add_ln85, i12 0" [C:/Users/user/Downloads/files/dpu_conv.cpp:91]   --->   Operation 72 'bitconcatenate' 'shl_ln91_mid1' <Predicate = (!icmp_ln85)> <Delay = 0.00>
ST_4 : Operation 73 [1/1] (0.00ns) (grouped into LUT with out node add_ln91_1)   --->   "%select_ln85_1 = select i1 %icmp_ln87, i20 %shl_ln91_mid1, i20 %shl_ln" [C:/Users/user/Downloads/files/dpu_conv.cpp:85]   --->   Operation 73 'select' 'select_ln85_1' <Predicate = (!icmp_ln85 & select_ln85_3)> <Delay = 0.00> <CoreInst = "Sel">   --->   Core 73 'Sel' <Latency = 0> <II = 1> <Delay = 0.70> <FuncUnit> <Opcode : 'select'> <InPorts = 3> <OutPorts = 1>
ST_4 : Operation 74 [1/1] (0.00ns) (grouped into LUT with out node add_ln91_1)   --->   "%zext_ln85_1 = zext i20 %select_ln85_1" [C:/Users/user/Downloads/files/dpu_conv.cpp:85]   --->   Operation 74 'zext' 'zext_ln85_1' <Predicate = (!icmp_ln85 & select_ln85_3)> <Delay = 0.00>
ST_4 : Operation 75 [1/1] (0.00ns) (grouped into LUT with out node add_ln91_1_mid2)   --->   "%zext_ln85_2 = zext i20 %shl_ln91_mid1" [C:/Users/user/Downloads/files/dpu_conv.cpp:85]   --->   Operation 75 'zext' 'zext_ln85_2' <Predicate = (!icmp_ln85 & icmp_ln87 & !select_ln85_3)> <Delay = 0.00>
ST_4 : Operation 76 [1/1] (0.00ns) (grouped into LUT with out node add_ln91_1_mid2)   --->   "%select_ln85_2 = select i1 %icmp_ln87, i21 %zext_ln85_2, i21 %add_ln91" [C:/Users/user/Downloads/files/dpu_conv.cpp:85]   --->   Operation 76 'select' 'select_ln85_2' <Predicate = (!icmp_ln85 & !select_ln85_3)> <Delay = 0.00> <CoreInst = "Sel">   --->   Core 73 'Sel' <Latency = 0> <II = 1> <Delay = 0.70> <FuncUnit> <Opcode : 'select'> <InPorts = 3> <OutPorts = 1>
ST_4 : Operation 77 [1/1] (0.00ns) (grouped into LUT with out node add_ln91_1)   --->   "%shl_ln91_1_mid1 = bitconcatenate i13 @_ssdm_op_BitConcatenate.i13.i7.i6, i7 %add_ln87, i6 0" [C:/Users/user/Downloads/files/dpu_conv.cpp:91]   --->   Operation 77 'bitconcatenate' 'shl_ln91_1_mid1' <Predicate = (!icmp_ln85 & select_ln85_3)> <Delay = 0.00>
ST_4 : Operation 78 [1/1] (0.00ns) (grouped into LUT with out node add_ln91_1)   --->   "%zext_ln91_1 = zext i13 %shl_ln91_1_mid1" [C:/Users/user/Downloads/files/dpu_conv.cpp:91]   --->   Operation 78 'zext' 'zext_ln91_1' <Predicate = (!icmp_ln85 & select_ln85_3)> <Delay = 0.00>
ST_4 : Operation 79 [1/1] (2.19ns) (out node of the LUT)   --->   "%add_ln91_1 = add i21 %zext_ln85_1, i21 %zext_ln91_1" [C:/Users/user/Downloads/files/dpu_conv.cpp:91]   --->   Operation 79 'add' 'add_ln91_1' <Predicate = (!icmp_ln85 & select_ln85_3)> <Delay = 2.19> <CoreInst = "Adder">   --->   Core 1 'Adder' <Latency = 0> <II = 1> <Delay = 2.22> <FuncUnit> <Opcode : 'add' 'sub'> <InPorts = 2> <OutPorts = 1>
ST_4 : Operation 80 [1/1] (0.00ns) (grouped into LUT with out node add_ln91_1_mid2)   --->   "%add_ln91_1_mid2_v = select i1 %select_ln85_3, i21 %add_ln91_1, i21 %select_ln85_2" [C:/Users/user/Downloads/files/dpu_conv.cpp:85]   --->   Operation 80 'select' 'add_ln91_1_mid2_v' <Predicate = (!icmp_ln85)> <Delay = 0.00> <CoreInst = "Sel">   --->   Core 73 'Sel' <Latency = 0> <II = 1> <Delay = 0.70> <FuncUnit> <Opcode : 'select'> <InPorts = 3> <OutPorts = 1>
ST_4 : Operation 81 [1/1] (0.00ns) (grouped into LUT with out node add_ln91_1_mid2)   --->   "%add_ln91_1_mid2_v_cast = zext i21 %add_ln91_1_mid2_v" [C:/Users/user/Downloads/files/dpu_conv.cpp:85]   --->   Operation 81 'zext' 'add_ln91_1_mid2_v_cast' <Predicate = (!icmp_ln85)> <Delay = 0.00>
ST_4 : Operation 82 [1/1] (3.52ns) (out node of the LUT)   --->   "%add_ln91_1_mid2 = add i64 %add_ln91_1_mid2_v_cast, i64 %ofmap_read" [C:/Users/user/Downloads/files/dpu_conv.cpp:85]   --->   Operation 82 'add' 'add_ln91_1_mid2' <Predicate = (!icmp_ln85)> <Delay = 3.52> <CoreInst = "Adder">   --->   Core 1 'Adder' <Latency = 0> <II = 1> <Delay = 3.52> <FuncUnit> <Opcode : 'add' 'sub'> <InPorts = 2> <OutPorts = 1>
ST_4 : Operation 83 [1/1] (0.00ns)   --->   "%gmem0_addr = getelementptr i8 %gmem0, i64 %add_ln91_1_mid2" [C:/Users/user/Downloads/files/dpu_conv.cpp:89]   --->   Operation 83 'getelementptr' 'gmem0_addr' <Predicate = (!icmp_ln85 & first_iter_0)> <Delay = 0.00>
ST_4 : Operation 84 [1/1] (0.00ns)   --->   "%tmp = bitconcatenate i12 @_ssdm_op_BitConcatenate.i12.i6.i6, i6 %trunc_ln87, i6 0" [C:/Users/user/Downloads/files/dpu_conv.cpp:91]   --->   Operation 84 'bitconcatenate' 'tmp' <Predicate = (!icmp_ln85)> <Delay = 0.00>
ST_4 : Operation 85 [1/1] (0.00ns)   --->   "%shl_ln91_2 = bitconcatenate i8 @_ssdm_op_BitConcatenate.i8.i7.i1, i7 %select_ln87, i1 0" [C:/Users/user/Downloads/files/dpu_conv.cpp:91]   --->   Operation 85 'bitconcatenate' 'shl_ln91_2' <Predicate = (!icmp_ln85)> <Delay = 0.00>
ST_4 : Operation 86 [1/1] (0.00ns)   --->   "%zext_ln91_2 = zext i8 %shl_ln91_2" [C:/Users/user/Downloads/files/dpu_conv.cpp:91]   --->   Operation 86 'zext' 'zext_ln91_2' <Predicate = (!icmp_ln85)> <Delay = 0.00>
ST_4 : Operation 87 [1/1] (1.54ns)   --->   "%add_ln91_2 = add i12 %tmp, i12 %zext_ln91_2" [C:/Users/user/Downloads/files/dpu_conv.cpp:91]   --->   Operation 87 'add' 'add_ln91_2' <Predicate = (!icmp_ln85)> <Delay = 1.54> <CoreInst = "Adder">   --->   Core 1 'Adder' <Latency = 0> <II = 1> <Delay = 1.54> <FuncUnit> <Opcode : 'add' 'sub'> <InPorts = 2> <OutPorts = 1>
ST_4 : Operation 88 [1/1] (0.00ns)   --->   "%tmp_1 = bitconcatenate i17 @_ssdm_op_BitConcatenate.i17.i12.i5, i12 %add_ln91_2, i5 0" [C:/Users/user/Downloads/files/dpu_conv.cpp:91]   --->   Operation 88 'bitconcatenate' 'tmp_1' <Predicate = (!icmp_ln85)> <Delay = 0.00>
ST_4 : Operation 89 [1/1] (0.00ns)   --->   "%or_ln = bitconcatenate i8 @_ssdm_op_BitConcatenate.i8.i7.i1, i7 %select_ln87, i1 1" [C:/Users/user/Downloads/files/dpu_conv.cpp:93]   --->   Operation 89 'bitconcatenate' 'or_ln' <Predicate = (!icmp_ln85)> <Delay = 0.00>
ST_4 : Operation 90 [1/1] (0.00ns)   --->   "%zext_ln93 = zext i8 %or_ln" [C:/Users/user/Downloads/files/dpu_conv.cpp:93]   --->   Operation 90 'zext' 'zext_ln93' <Predicate = (!icmp_ln85)> <Delay = 0.00>
ST_4 : Operation 91 [1/1] (1.54ns)   --->   "%add_ln93 = add i12 %tmp, i12 %zext_ln93" [C:/Users/user/Downloads/files/dpu_conv.cpp:93]   --->   Operation 91 'add' 'add_ln93' <Predicate = (!icmp_ln85)> <Delay = 1.54> <CoreInst = "Adder">   --->   Core 1 'Adder' <Latency = 0> <II = 1> <Delay = 1.54> <FuncUnit> <Opcode : 'add' 'sub'> <InPorts = 2> <OutPorts = 1>
ST_4 : Operation 92 [1/1] (0.00ns)   --->   "%tmp_2 = bitconcatenate i17 @_ssdm_op_BitConcatenate.i17.i12.i5, i12 %add_ln93, i5 0" [C:/Users/user/Downloads/files/dpu_conv.cpp:93]   --->   Operation 92 'bitconcatenate' 'tmp_2' <Predicate = (!icmp_ln85)> <Delay = 0.00>
ST_4 : Operation 93 [1/1] (0.00ns)   --->   "%zext_ln91_3 = zext i7 %ow_mid2" [C:/Users/user/Downloads/files/dpu_conv.cpp:91]   --->   Operation 93 'zext' 'zext_ln91_3' <Predicate = (!icmp_ln85)> <Delay = 0.00>
ST_4 : Operation 94 [1/1] (2.10ns)   --->   "%add_ln91_3 = add i17 %tmp_1, i17 %zext_ln91_3" [C:/Users/user/Downloads/files/dpu_conv.cpp:91]   --->   Operation 94 'add' 'add_ln91_3' <Predicate = (!icmp_ln85)> <Delay = 2.10> <CoreInst = "Adder">   --->   Core 1 'Adder' <Latency = 0> <II = 1> <Delay = 2.10> <FuncUnit> <Opcode : 'add' 'sub'> <InPorts = 2> <OutPorts = 1>
ST_4 : Operation 95 [1/1] (0.00ns)   --->   "%zext_ln91_4 = zext i17 %add_ln91_3" [C:/Users/user/Downloads/files/dpu_conv.cpp:91]   --->   Operation 95 'zext' 'zext_ln91_4' <Predicate = (!icmp_ln85)> <Delay = 0.00>
ST_4 : Operation 96 [1/1] (0.00ns)   --->   "%dpu_conv_top_ap_int_64_64_ap_int_64_3_3_ap_int_ap_int_64_64_2 = getelementptr i8 %dpu_conv_top_ap_int_8_64_64_ap_int_8_64_3_3_ap_int_32_ap_int_8_64_64_ap_uint_8_ap_uint_8_ap_uint_8_ap_uint_8_ap_uint_1_ap_uint_1_perf_counters_t_conv_buf, i64 0, i64 %zext_ln91_4" [C:/Users/user/Downloads/files/dpu_conv.cpp:91]   --->   Operation 96 'getelementptr' 'dpu_conv_top_ap_int_64_64_ap_int_64_3_3_ap_int_ap_int_64_64_2' <Predicate = (!icmp_ln85)> <Delay = 0.00>
ST_4 : Operation 97 [1/1] (2.10ns)   --->   "%add_ln93_1 = add i17 %tmp_2, i17 %zext_ln91_3" [C:/Users/user/Downloads/files/dpu_conv.cpp:93]   --->   Operation 97 'add' 'add_ln93_1' <Predicate = (!icmp_ln85)> <Delay = 2.10> <CoreInst = "Adder">   --->   Core 1 'Adder' <Latency = 0> <II = 1> <Delay = 2.10> <FuncUnit> <Opcode : 'add' 'sub'> <InPorts = 2> <OutPorts = 1>
ST_4 : Operation 98 [1/1] (0.00ns)   --->   "%zext_ln93_1 = zext i17 %add_ln93_1" [C:/Users/user/Downloads/files/dpu_conv.cpp:93]   --->   Operation 98 'zext' 'zext_ln93_1' <Predicate = (!icmp_ln85)> <Delay = 0.00>
ST_4 : Operation 99 [1/1] (0.00ns)   --->   "%dpu_conv_top_ap_int_64_64_ap_int_64_3_3_ap_int_ap_int_64_64_3 = getelementptr i8 %dpu_conv_top_ap_int_8_64_64_ap_int_8_64_3_3_ap_int_32_ap_int_8_64_64_ap_uint_8_ap_uint_8_ap_uint_8_ap_uint_8_ap_uint_1_ap_uint_1_perf_counters_t_conv_buf, i64 0, i64 %zext_ln93_1" [C:/Users/user/Downloads/files/dpu_conv.cpp:93]   --->   Operation 99 'getelementptr' 'dpu_conv_top_ap_int_64_64_ap_int_64_3_3_ap_int_ap_int_64_64_3' <Predicate = (!icmp_ln85)> <Delay = 0.00>
ST_4 : Operation 100 [1/1] (0.00ns)   --->   "%dpu_conv_top_ap_int_64_64_ap_int_64_3_3_ap_int_ap_int_64_64_4 = getelementptr i8 %dpu_conv_top_ap_int_8_64_64_ap_int_8_64_3_3_ap_int_32_ap_int_8_64_64_ap_uint_8_ap_uint_8_ap_uint_8_ap_uint_8_ap_uint_1_ap_uint_1_perf_counters_t_conv_buf_1, i64 0, i64 %zext_ln91_4" [C:/Users/user/Downloads/files/dpu_conv.cpp:92]   --->   Operation 100 'getelementptr' 'dpu_conv_top_ap_int_64_64_ap_int_64_3_3_ap_int_ap_int_64_64_4' <Predicate = (!icmp_ln85)> <Delay = 0.00>
ST_4 : Operation 101 [1/1] (0.00ns)   --->   "%dpu_conv_top_ap_int_64_64_ap_int_64_3_3_ap_int_ap_int_64_64_5 = getelementptr i8 %dpu_conv_top_ap_int_8_64_64_ap_int_8_64_3_3_ap_int_32_ap_int_8_64_64_ap_uint_8_ap_uint_8_ap_uint_8_ap_uint_8_ap_uint_1_ap_uint_1_perf_counters_t_conv_buf_1, i64 0, i64 %zext_ln93_1" [C:/Users/user/Downloads/files/dpu_conv.cpp:94]   --->   Operation 101 'getelementptr' 'dpu_conv_top_ap_int_64_64_ap_int_64_3_3_ap_int_ap_int_64_64_5' <Predicate = (!icmp_ln85)> <Delay = 0.00>
ST_4 : Operation 102 [2/2] (3.25ns)   --->   "%p00 = load i17 %dpu_conv_top_ap_int_64_64_ap_int_64_3_3_ap_int_ap_int_64_64_2" [C:/Users/user/Downloads/files/dpu_conv.cpp:91]   --->   Operation 102 'load' 'p00' <Predicate = (!icmp_ln85)> <Delay = 3.25> <CoreInst = "RAM">   --->   Core 81 'RAM' <Latency = 1> <II = 1> <Delay = 3.25> <Storage> <Opcode : 'load' 'store'> <Ports = 2> <Width = 8> <Depth = 131072> <RAM>
ST_4 : Operation 103 [2/2] (3.25ns)   --->   "%p01 = load i17 %dpu_conv_top_ap_int_64_64_ap_int_64_3_3_ap_int_ap_int_64_64_4" [C:/Users/user/Downloads/files/dpu_conv.cpp:92]   --->   Operation 103 'load' 'p01' <Predicate = (!icmp_ln85)> <Delay = 3.25> <CoreInst = "RAM">   --->   Core 81 'RAM' <Latency = 1> <II = 1> <Delay = 3.25> <Storage> <Opcode : 'load' 'store'> <Ports = 2> <Width = 8> <Depth = 131072> <RAM>
ST_4 : Operation 104 [2/2] (3.25ns)   --->   "%p10 = load i17 %dpu_conv_top_ap_int_64_64_ap_int_64_3_3_ap_int_ap_int_64_64_3" [C:/Users/user/Downloads/files/dpu_conv.cpp:93]   --->   Operation 104 'load' 'p10' <Predicate = (!icmp_ln85)> <Delay = 3.25> <CoreInst = "RAM">   --->   Core 81 'RAM' <Latency = 1> <II = 1> <Delay = 3.25> <Storage> <Opcode : 'load' 'store'> <Ports = 2> <Width = 8> <Depth = 131072> <RAM>
ST_4 : Operation 105 [2/2] (3.25ns)   --->   "%p11 = load i17 %dpu_conv_top_ap_int_64_64_ap_int_64_3_3_ap_int_ap_int_64_64_5" [C:/Users/user/Downloads/files/dpu_conv.cpp:94]   --->   Operation 105 'load' 'p11' <Predicate = (!icmp_ln85)> <Delay = 3.25> <CoreInst = "RAM">   --->   Core 81 'RAM' <Latency = 1> <II = 1> <Delay = 3.25> <Storage> <Opcode : 'load' 'store'> <Ports = 2> <Width = 8> <Depth = 131072> <RAM>
ST_4 : Operation 106 [1/1] (0.00ns)   --->   "%gmem0_addr_1 = getelementptr i8 %gmem0, i64 %add_ln91_1_mid2" [C:/Users/user/Downloads/files/dpu_conv.cpp:89]   --->   Operation 106 'getelementptr' 'gmem0_addr_1' <Predicate = (!icmp_ln85)> <Delay = 0.00>

State 5 <SV = 4> <Delay = 8.03>
ST_5 : Operation 107 [1/1] ( I:8.03ns O:8.03ns )   --->   "%empty_64 = writereq i1 @_ssdm_op_WriteReq.m_axi.p1i8, i64 %gmem0_addr, i64 %zext_ln85_cast" [C:/Users/user/Downloads/files/dpu_conv.cpp:89]   --->   Operation 107 'writereq' 'empty_64' <Predicate = (first_iter_0)> <Delay = 8.03> <CoreInst = "m_axi">   --->   Core 111 'm_axi' <Latency = 9> <II = 1> <Delay = 1.00> <Adapter> <Opcode : 'readrequnaligned' 'writerequnaligned' 'read' 'write' 'readreq' 'writereq' 'writeresp'>
ST_5 : Operation 108 [1/1] (0.00ns)   --->   "%br_ln89 = br void %for.body9.split.i" [C:/Users/user/Downloads/files/dpu_conv.cpp:89]   --->   Operation 108 'br' 'br_ln89' <Predicate = (first_iter_0)> <Delay = 0.00>
ST_5 : Operation 109 [1/2] ( I:3.25ns O:3.25ns )   --->   "%p00 = load i17 %dpu_conv_top_ap_int_64_64_ap_int_64_3_3_ap_int_ap_int_64_64_2" [C:/Users/user/Downloads/files/dpu_conv.cpp:91]   --->   Operation 109 'load' 'p00' <Predicate = true> <Delay = 3.25> <CoreInst = "RAM">   --->   Core 81 'RAM' <Latency = 1> <II = 1> <Delay = 3.25> <Storage> <Opcode : 'load' 'store'> <Ports = 2> <Width = 8> <Depth = 131072> <RAM>
ST_5 : Operation 110 [1/2] ( I:3.25ns O:3.25ns )   --->   "%p01 = load i17 %dpu_conv_top_ap_int_64_64_ap_int_64_3_3_ap_int_ap_int_64_64_4" [C:/Users/user/Downloads/files/dpu_conv.cpp:92]   --->   Operation 110 'load' 'p01' <Predicate = true> <Delay = 3.25> <CoreInst = "RAM">   --->   Core 81 'RAM' <Latency = 1> <II = 1> <Delay = 3.25> <Storage> <Opcode : 'load' 'store'> <Ports = 2> <Width = 8> <Depth = 131072> <RAM>
ST_5 : Operation 111 [1/2] ( I:3.25ns O:3.25ns )   --->   "%p10 = load i17 %dpu_conv_top_ap_int_64_64_ap_int_64_3_3_ap_int_ap_int_64_64_3" [C:/Users/user/Downloads/files/dpu_conv.cpp:93]   --->   Operation 111 'load' 'p10' <Predicate = true> <Delay = 3.25> <CoreInst = "RAM">   --->   Core 81 'RAM' <Latency = 1> <II = 1> <Delay = 3.25> <Storage> <Opcode : 'load' 'store'> <Ports = 2> <Width = 8> <Depth = 131072> <RAM>
ST_5 : Operation 112 [1/2] ( I:3.25ns O:3.25ns )   --->   "%p11 = load i17 %dpu_conv_top_ap_int_64_64_ap_int_64_3_3_ap_int_ap_int_64_64_5" [C:/Users/user/Downloads/files/dpu_conv.cpp:94]   --->   Operation 112 'load' 'p11' <Predicate = true> <Delay = 3.25> <CoreInst = "RAM">   --->   Core 81 'RAM' <Latency = 1> <II = 1> <Delay = 3.25> <Storage> <Opcode : 'load' 'store'> <Ports = 2> <Width = 8> <Depth = 131072> <RAM>
ST_5 : Operation 113 [1/1] (1.91ns)   --->   "%icmp_ln96 = icmp_sgt  i8 %p00, i8 %p01" [C:/Users/user/Downloads/files/dpu_conv.cpp:96]   --->   Operation 113 'icmp' 'icmp_ln96' <Predicate = true> <Delay = 1.91> <CoreInst = "Cmp">   --->   Core 9 'Cmp' <Latency = 0> <II = 1> <Delay = 1.91> <FuncUnit> <Opcode : 'seteq' 'setne' 'setle' 'setge' 'setlt' 'setgt'> <InPorts = 2> <OutPorts = 1>
ST_5 : Operation 114 [1/1] (1.24ns)   --->   "%m0 = select i1 %icmp_ln96, i8 %p00, i8 %p01" [C:/Users/user/Downloads/files/dpu_conv.cpp:96]   --->   Operation 114 'select' 'm0' <Predicate = true> <Delay = 1.24> <CoreInst = "Sel">   --->   Core 73 'Sel' <Latency = 0> <II = 1> <Delay = 1.24> <FuncUnit> <Opcode : 'select'> <InPorts = 3> <OutPorts = 1>
ST_5 : Operation 115 [1/1] (1.91ns)   --->   "%icmp_ln97 = icmp_sgt  i8 %p10, i8 %p11" [C:/Users/user/Downloads/files/dpu_conv.cpp:97]   --->   Operation 115 'icmp' 'icmp_ln97' <Predicate = true> <Delay = 1.91> <CoreInst = "Cmp">   --->   Core 9 'Cmp' <Latency = 0> <II = 1> <Delay = 1.91> <FuncUnit> <Opcode : 'seteq' 'setne' 'setle' 'setge' 'setlt' 'setgt'> <InPorts = 2> <OutPorts = 1>
ST_5 : Operation 116 [1/1] (1.24ns)   --->   "%m1 = select i1 %icmp_ln97, i8 %p10, i8 %p11" [C:/Users/user/Downloads/files/dpu_conv.cpp:97]   --->   Operation 116 'select' 'm1' <Predicate = true> <Delay = 1.24> <CoreInst = "Sel">   --->   Core 73 'Sel' <Latency = 0> <II = 1> <Delay = 1.24> <FuncUnit> <Opcode : 'select'> <InPorts = 3> <OutPorts = 1>

State 6 <SV = 5> <Delay = 3.16>
ST_6 : Operation 117 [1/1] (1.91ns)   --->   "%icmp_ln98 = icmp_sgt  i8 %m0, i8 %m1" [C:/Users/user/Downloads/files/dpu_conv.cpp:98]   --->   Operation 117 'icmp' 'icmp_ln98' <Predicate = true> <Delay = 1.91> <CoreInst = "Cmp">   --->   Core 9 'Cmp' <Latency = 0> <II = 1> <Delay = 1.91> <FuncUnit> <Opcode : 'seteq' 'setne' 'setle' 'setge' 'setlt' 'setgt'> <InPorts = 2> <OutPorts = 1>
ST_6 : Operation 118 [1/1] (1.24ns)   --->   "%select_ln98 = select i1 %icmp_ln98, i8 %m0, i8 %m1" [C:/Users/user/Downloads/files/dpu_conv.cpp:98]   --->   Operation 118 'select' 'select_ln98' <Predicate = true> <Delay = 1.24> <CoreInst = "Sel">   --->   Core 73 'Sel' <Latency = 0> <II = 1> <Delay = 1.24> <FuncUnit> <Opcode : 'select'> <InPorts = 3> <OutPorts = 1>

State 7 <SV = 6> <Delay = 8.03>
ST_7 : Operation 119 [1/1] (0.00ns)   --->   "%specpipeline_ln90 = specpipeline void @_ssdm_op_SpecPipeline, i32 1, i32 0, i32 0, i32 0, i32 4294967295, void @empty_39" [C:/Users/user/Downloads/files/dpu_conv.cpp:90]   --->   Operation 119 'specpipeline' 'specpipeline_ln90' <Predicate = true> <Delay = 0.00>
ST_7 : Operation 120 [1/1] ( I:8.03ns O:8.03ns )   --->   "%write_ln98 = write void @_ssdm_op_Write.m_axi.p1i8.i8, i64 %gmem0_addr_1, i8 %select_ln98, i1 1" [C:/Users/user/Downloads/files/dpu_conv.cpp:98]   --->   Operation 120 'write' 'write_ln98' <Predicate = true> <Delay = 8.03> <CoreInst = "m_axi">   --->   Core 111 'm_axi' <Latency = 5> <II = 1> <Delay = 1.00> <Adapter> <Opcode : 'readrequnaligned' 'writerequnaligned' 'read' 'write' 'readreq' 'writereq' 'writeresp'>

State 8 <SV = 7> <Delay = 0.00>
ST_8 : Operation 121 [5/5] (8.03ns)   --->   "%empty_65 = writeresp i1 @_ssdm_op_WriteResp.m_axi.p1i8, i64 %gmem0_addr_1" [C:/Users/user/Downloads/files/dpu_conv.cpp:87]   --->   Operation 121 'writeresp' 'empty_65' <Predicate = (icmp_ln89_2)> <Delay = 8.03> <CoreInst = "m_axi">   --->   Core 111 'm_axi' <Latency = 3> <II = 1> <Delay = 1.00> <Adapter> <Opcode : 'readrequnaligned' 'writerequnaligned' 'read' 'write' 'readreq' 'writereq' 'writeresp'>

State 9 <SV = 8> <Delay = 0.00>
ST_9 : Operation 122 [4/5] (8.03ns)   --->   "%empty_65 = writeresp i1 @_ssdm_op_WriteResp.m_axi.p1i8, i64 %gmem0_addr_1" [C:/Users/user/Downloads/files/dpu_conv.cpp:87]   --->   Operation 122 'writeresp' 'empty_65' <Predicate = (icmp_ln89_2)> <Delay = 8.03> <CoreInst = "m_axi">   --->   Core 111 'm_axi' <Latency = 3> <II = 1> <Delay = 1.00> <Adapter> <Opcode : 'readrequnaligned' 'writerequnaligned' 'read' 'write' 'readreq' 'writereq' 'writeresp'>

State 10 <SV = 9> <Delay = 0.00>
ST_10 : Operation 123 [3/5] (8.03ns)   --->   "%empty_65 = writeresp i1 @_ssdm_op_WriteResp.m_axi.p1i8, i64 %gmem0_addr_1" [C:/Users/user/Downloads/files/dpu_conv.cpp:87]   --->   Operation 123 'writeresp' 'empty_65' <Predicate = (icmp_ln89_2)> <Delay = 8.03> <CoreInst = "m_axi">   --->   Core 111 'm_axi' <Latency = 3> <II = 1> <Delay = 1.00> <Adapter> <Opcode : 'readrequnaligned' 'writerequnaligned' 'read' 'write' 'readreq' 'writereq' 'writeresp'>

State 11 <SV = 10> <Delay = 1.58>
ST_11 : Operation 124 [2/5] (8.03ns)   --->   "%empty_65 = writeresp i1 @_ssdm_op_WriteResp.m_axi.p1i8, i64 %gmem0_addr_1" [C:/Users/user/Downloads/files/dpu_conv.cpp:87]   --->   Operation 124 'writeresp' 'empty_65' <Predicate = (icmp_ln89_2)> <Delay = 8.03> <CoreInst = "m_axi">   --->   Core 111 'm_axi' <Latency = 3> <II = 1> <Delay = 1.00> <Adapter> <Opcode : 'readrequnaligned' 'writerequnaligned' 'read' 'write' 'readreq' 'writereq' 'writeresp'>
ST_11 : Operation 127 [1/1] (1.58ns)   --->   "%ret_ln0 = ret"   --->   Operation 127 'ret' 'ret_ln0' <Predicate = (icmp_ln85)> <Delay = 1.58>

State 12 <SV = 11> <Delay = 8.03>
ST_12 : Operation 125 [1/5] ( I:8.03ns O:8.03ns )   --->   "%empty_65 = writeresp i1 @_ssdm_op_WriteResp.m_axi.p1i8, i64 %gmem0_addr_1" [C:/Users/user/Downloads/files/dpu_conv.cpp:87]   --->   Operation 125 'writeresp' 'empty_65' <Predicate = (icmp_ln89_2)> <Delay = 8.03> <CoreInst = "m_axi">   --->   Core 111 'm_axi' <Latency = 3> <II = 1> <Delay = 1.00> <Adapter> <Opcode : 'readrequnaligned' 'writerequnaligned' 'read' 'write' 'readreq' 'writereq' 'writeresp'>
ST_12 : Operation 126 [1/1] (0.00ns)   --->   "%br_ln89 = br void %new.latch.for.body9.split.i" [C:/Users/user/Downloads/files/dpu_conv.cpp:89]   --->   Operation 126 'br' 'br_ln89' <Predicate = (icmp_ln89_2)> <Delay = 0.00>


============================================================
+ Verbose Summary: Binding
============================================================
STG Binding: 
---------------- STG Properties BEGIN ----------------
- Is combinational: 0
- Is one-state seq: 0
- Is datapath-only: 0
- Is pipelined: 0
- Is top level: 0
Port [ Return ] is wired: 1; IO mode=ap_ctrl_hs:ce=0
Port [ bound7]:  wired=1; compound=0; hidden=0; nouse=0; global=0; static=0; extern=0; dir=0; type=0; pingpong=0; private_global=0; IO mode=ap_none:ce=0
Port [ dpu_conv_top_ap_int_8_64_64_ap_int_8_64_3_3_ap_int_32_ap_int_8_64_64_ap_uint_8_ap_uint_8_ap_uint_8_ap_uint_8_ap_uint_1_ap_uint_1_perf_counters_t_conv_buf]:  wired=1; compound=1; hidden=0; nouse=0; global=0; static=0; extern=0; dir=0; type=1; pingpong=1; private_global=0; MemPort=[11]; IO mode=ap_memory:ce=0
Port [ dpu_conv_top_ap_int_8_64_64_ap_int_8_64_3_3_ap_int_32_ap_int_8_64_64_ap_uint_8_ap_uint_8_ap_uint_8_ap_uint_8_ap_uint_1_ap_uint_1_perf_counters_t_conv_buf_1]:  wired=1; compound=1; hidden=0; nouse=0; global=0; static=0; extern=0; dir=0; type=1; pingpong=1; private_global=0; MemPort=[11]; IO mode=ap_memory:ce=0
Port [ gmem0]:  wired=1; compound=1; hidden=0; nouse=0; global=0; static=0; extern=0; dir=1; type=4; pingpong=0; private_global=0; IO mode=m_axi:ce=0
Port [ lshr_ln1]:  wired=1; compound=0; hidden=0; nouse=0; global=0; static=0; extern=0; dir=0; type=0; pingpong=0; private_global=0; IO mode=ap_none:ce=0
Port [ bound]:  wired=1; compound=0; hidden=0; nouse=0; global=0; static=0; extern=0; dir=0; type=0; pingpong=0; private_global=0; IO mode=ap_none:ce=0
Port [ ofmap]:  wired=1; compound=0; hidden=0; nouse=0; global=0; static=0; extern=0; dir=0; type=0; pingpong=0; private_global=0; IO mode=ap_none:ce=0
Port [ zext_ln85]:  wired=1; compound=0; hidden=0; nouse=0; global=0; static=0; extern=0; dir=0; type=0; pingpong=0; private_global=0; IO mode=ap_none:ce=0
---------------- STG Properties END ------------------

---------------- Datapath Model BEGIN ----------------

<LifeTime>
<method=bitvector/>
ow                                                            (alloca           ) [ 0111000000000]
oh                                                            (alloca           ) [ 0111000000000]
indvar_flatten                                                (alloca           ) [ 0110000000000]
oc                                                            (alloca           ) [ 0111000000000]
indvar_flatten27                                              (alloca           ) [ 0110000000000]
zext_ln85_read                                                (read             ) [ 0000000000000]
ofmap_read                                                    (read             ) [ 0111100000000]
bound_read                                                    (read             ) [ 0110000000000]
lshr_ln1_read                                                 (read             ) [ 0111000000000]
bound7_read                                                   (read             ) [ 0110000000000]
zext_ln85_cast                                                (zext             ) [ 0111110000000]
specinterface_ln0                                             (specinterface    ) [ 0000000000000]
store_ln0                                                     (store            ) [ 0000000000000]
store_ln85                                                    (store            ) [ 0000000000000]
store_ln0                                                     (store            ) [ 0000000000000]
store_ln87                                                    (store            ) [ 0000000000000]
store_ln89                                                    (store            ) [ 0000000000000]
br_ln0                                                        (br               ) [ 0000000000000]
indvar_flatten_load                                           (load             ) [ 0000000000000]
indvar_flatten27_load                                         (load             ) [ 0000000000000]
icmp_ln85                                                     (icmp             ) [ 0111111111110]
add_ln85_1                                                    (add              ) [ 0000000000000]
br_ln85                                                       (br               ) [ 0000000000000]
icmp_ln87                                                     (icmp             ) [ 0101100000000]
add_ln87_1                                                    (add              ) [ 0000000000000]
select_ln87_1                                                 (select           ) [ 0000000000000]
store_ln85                                                    (store            ) [ 0000000000000]
store_ln87                                                    (store            ) [ 0000000000000]
oh_1                                                          (load             ) [ 0100100000000]
oc_1                                                          (load             ) [ 0100100000000]
ow_load                                                       (load             ) [ 0000000000000]
add_ln85                                                      (add              ) [ 0100100000000]
select_ln85                                                   (select           ) [ 0000000000000]
icmp_ln89                                                     (icmp             ) [ 0000000000000]
icmp_ln89_1                                                   (icmp             ) [ 0000000000000]
select_ln85_3                                                 (select           ) [ 0100100000000]
select_ln85_4                                                 (select           ) [ 0000000000000]
trunc_ln87                                                    (trunc            ) [ 0100100000000]
add_ln87                                                      (add              ) [ 0100100000000]
empty                                                         (or               ) [ 0000000000000]
ow_mid2                                                       (select           ) [ 0100100000000]
select_ln87                                                   (select           ) [ 0100100000000]
first_iter_0                                                  (icmp             ) [ 0100110000000]
br_ln89                                                       (br               ) [ 0000000000000]
add_ln89                                                      (add              ) [ 0000000000000]
icmp_ln89_2                                                   (icmp             ) [ 0100111111111]
br_ln89                                                       (br               ) [ 0000000000000]
store_ln85                                                    (store            ) [ 0000000000000]
store_ln87                                                    (store            ) [ 0000000000000]
store_ln89                                                    (store            ) [ 0000000000000]
br_ln89                                                       (br               ) [ 0000000000000]
shl_ln                                                        (bitconcatenate   ) [ 0000000000000]
zext_ln87                                                     (zext             ) [ 0000000000000]
shl_ln91_1                                                    (bitconcatenate   ) [ 0000000000000]
zext_ln91                                                     (zext             ) [ 0000000000000]
add_ln91                                                      (add              ) [ 0000000000000]
specloopname_ln0                                              (specloopname     ) [ 0000000000000]
speclooptripcount_ln0                                         (speclooptripcount) [ 0000000000000]
shl_ln91_mid1                                                 (bitconcatenate   ) [ 0000000000000]
select_ln85_1                                                 (select           ) [ 0000000000000]
zext_ln85_1                                                   (zext             ) [ 0000000000000]
zext_ln85_2                                                   (zext             ) [ 0000000000000]
select_ln85_2                                                 (select           ) [ 0000000000000]
shl_ln91_1_mid1                                               (bitconcatenate   ) [ 0000000000000]
zext_ln91_1                                                   (zext             ) [ 0000000000000]
add_ln91_1                                                    (add              ) [ 0000000000000]
add_ln91_1_mid2_v                                             (select           ) [ 0000000000000]
add_ln91_1_mid2_v_cast                                        (zext             ) [ 0000000000000]
add_ln91_1_mid2                                               (add              ) [ 0000000000000]
gmem0_addr                                                    (getelementptr    ) [ 0100010000000]
tmp                                                           (bitconcatenate   ) [ 0000000000000]
shl_ln91_2                                                    (bitconcatenate   ) [ 0000000000000]
zext_ln91_2                                                   (zext             ) [ 0000000000000]
add_ln91_2                                                    (add              ) [ 0000000000000]
tmp_1                                                         (bitconcatenate   ) [ 0000000000000]
or_ln                                                         (bitconcatenate   ) [ 0000000000000]
zext_ln93                                                     (zext             ) [ 0000000000000]
add_ln93                                                      (add              ) [ 0000000000000]
tmp_2                                                         (bitconcatenate   ) [ 0000000000000]
zext_ln91_3                                                   (zext             ) [ 0000000000000]
add_ln91_3                                                    (add              ) [ 0000000000000]
zext_ln91_4                                                   (zext             ) [ 0000000000000]
dpu_conv_top_ap_int_64_64_ap_int_64_3_3_ap_int_ap_int_64_64_2 (getelementptr    ) [ 0100010000000]
add_ln93_1                                                    (add              ) [ 0000000000000]
zext_ln93_1                                                   (zext             ) [ 0000000000000]
dpu_conv_top_ap_int_64_64_ap_int_64_3_3_ap_int_ap_int_64_64_3 (getelementptr    ) [ 0100010000000]
dpu_conv_top_ap_int_64_64_ap_int_64_3_3_ap_int_ap_int_64_64_4 (getelementptr    ) [ 0100010000000]
dpu_conv_top_ap_int_64_64_ap_int_64_3_3_ap_int_ap_int_64_64_5 (getelementptr    ) [ 0100010000000]
gmem0_addr_1                                                  (getelementptr    ) [ 0100011111111]
empty_64                                                      (writereq         ) [ 0000000000000]
br_ln89                                                       (br               ) [ 0000000000000]
p00                                                           (load             ) [ 0000000000000]
p01                                                           (load             ) [ 0000000000000]
p10                                                           (load             ) [ 0000000000000]
p11                                                           (load             ) [ 0000000000000]
icmp_ln96                                                     (icmp             ) [ 0000000000000]
m0                                                            (select           ) [ 0100001000000]
icmp_ln97                                                     (icmp             ) [ 0000000000000]
m1                                                            (select           ) [ 0100001000000]
icmp_ln98                                                     (icmp             ) [ 0000000000000]
select_ln98                                                   (select           ) [ 0100000100000]
specpipeline_ln90                                             (specpipeline     ) [ 0000000000000]
write_ln98                                                    (write            ) [ 0000000000000]
empty_65                                                      (writeresp        ) [ 0000000000000]
br_ln89                                                       (br               ) [ 0000000000000]
ret_ln0                                                       (ret              ) [ 0000000000000]
</LifeTime>

<model>

<comp_list>
<comp id="0" class="1000" name="bound7">
<pin_list>
<pin id="1" dir="1" index="0" bw="1" slack="0"/>
</pin_list>
<bind>
<StgValue><ssdm name="bound7"/></StgValue>
</bind>
</comp>

<comp id="2" class="1000" name="dpu_conv_top_ap_int_8_64_64_ap_int_8_64_3_3_ap_int_32_ap_int_8_64_64_ap_uint_8_ap_uint_8_ap_uint_8_ap_uint_8_ap_uint_1_ap_uint_1_perf_counters_t_conv_buf">
<pin_list>
<pin id="3" dir="1" index="0" bw="1" slack="0"/>
</pin_list>
<bind>
<StgValue><ssdm name="dpu_conv_top_ap_int_8_64_64_ap_int_8_64_3_3_ap_int_32_ap_int_8_64_64_ap_uint_8_ap_uint_8_ap_uint_8_ap_uint_8_ap_uint_1_ap_uint_1_perf_counters_t_conv_buf"/><MemPortTyVec>1 1 </MemPortTyVec>
</StgValue>
</bind>
</comp>

<comp id="4" class="1000" name="dpu_conv_top_ap_int_8_64_64_ap_int_8_64_3_3_ap_int_32_ap_int_8_64_64_ap_uint_8_ap_uint_8_ap_uint_8_ap_uint_8_ap_uint_1_ap_uint_1_perf_counters_t_conv_buf_1">
<pin_list>
<pin id="5" dir="1" index="0" bw="1" slack="0"/>
</pin_list>
<bind>
<StgValue><ssdm name="dpu_conv_top_ap_int_8_64_64_ap_int_8_64_3_3_ap_int_32_ap_int_8_64_64_ap_uint_8_ap_uint_8_ap_uint_8_ap_uint_8_ap_uint_1_ap_uint_1_perf_counters_t_conv_buf_1"/><MemPortTyVec>1 1 </MemPortTyVec>
</StgValue>
</bind>
</comp>

<comp id="6" class="1000" name="gmem0">
<pin_list>
<pin id="7" dir="1" index="0" bw="1" slack="0"/>
</pin_list>
<bind>
<StgValue><ssdm name="gmem0"/><MemPortTyVec>1 </MemPortTyVec>
</StgValue>
</bind>
</comp>

<comp id="8" class="1000" name="lshr_ln1">
<pin_list>
<pin id="9" dir="1" index="0" bw="1" slack="0"/>
</pin_list>
<bind>
<StgValue><ssdm name="lshr_ln1"/></StgValue>
</bind>
</comp>

<comp id="10" class="1000" name="bound">
<pin_list>
<pin id="11" dir="1" index="0" bw="1" slack="0"/>
</pin_list>
<bind>
<StgValue><ssdm name="bound"/></StgValue>
</bind>
</comp>

<comp id="12" class="1000" name="ofmap">
<pin_list>
<pin id="13" dir="1" index="0" bw="1" slack="0"/>
</pin_list>
<bind>
<StgValue><ssdm name="ofmap"/></StgValue>
</bind>
</comp>

<comp id="14" class="1000" name="zext_ln85">
<pin_list>
<pin id="15" dir="1" index="0" bw="1" slack="0"/>
</pin_list>
<bind>
<StgValue><ssdm name="zext_ln85"/></StgValue>
</bind>
</comp>

<comp id="16" class="1001" name="const_16">
<pin_list>
<pin id="17" dir="1" index="0" bw="1" slack="0"/>
</pin_list>
<bind>
<StgValue><ssdm name=""/></StgValue>
</bind>
</comp>

<comp id="18" class="1001" name="const_18">
<pin_list>
<pin id="19" dir="1" index="0" bw="1" slack="0"/>
</pin_list>
<bind>
<StgValue><ssdm name="_ssdm_op_Read.ap_auto.i7"/></StgValue>
</bind>
</comp>

<comp id="20" class="1001" name="const_20">
<pin_list>
<pin id="21" dir="1" index="0" bw="1" slack="0"/>
</pin_list>
<bind>
<StgValue><ssdm name="_ssdm_op_Read.ap_auto.i64"/></StgValue>
</bind>
</comp>

<comp id="22" class="1001" name="const_22">
<pin_list>
<pin id="23" dir="1" index="0" bw="1" slack="0"/>
</pin_list>
<bind>
<StgValue><ssdm name="_ssdm_op_Read.ap_auto.i14"/></StgValue>
</bind>
</comp>

<comp id="24" class="1001" name="const_24">
<pin_list>
<pin id="25" dir="1" index="0" bw="1" slack="0"/>
</pin_list>
<bind>
<StgValue><ssdm name="_ssdm_op_Read.ap_auto.i22"/></StgValue>
</bind>
</comp>

<comp id="26" class="1001" name="const_26">
<pin_list>
<pin id="27" dir="1" index="0" bw="1" slack="2147483647"/>
</pin_list>
<bind>
<StgValue><ssdm name="_ssdm_op_SpecInterface"/></StgValue>
</bind>
</comp>

<comp id="28" class="1001" name="const_28">
<pin_list>
<pin id="29" dir="1" index="0" bw="1" slack="2147483647"/>
</pin_list>
<bind>
<StgValue><ssdm name="empty_38"/></StgValue>
</bind>
</comp>

<comp id="30" class="1001" name="const_30">
<pin_list>
<pin id="31" dir="1" index="0" bw="1" slack="2147483647"/>
</pin_list>
<bind>
<StgValue><ssdm name=""/></StgValue>
</bind>
</comp>

<comp id="32" class="1001" name="const_32">
<pin_list>
<pin id="33" dir="1" index="0" bw="1" slack="2147483647"/>
</pin_list>
<bind>
<StgValue><ssdm name="empty_39"/></StgValue>
</bind>
</comp>

<comp id="34" class="1001" name="const_34">
<pin_list>
<pin id="35" dir="1" index="0" bw="1" slack="2147483647"/>
</pin_list>
<bind>
<StgValue><ssdm name=""/></StgValue>
</bind>
</comp>

<comp id="36" class="1001" name="const_36">
<pin_list>
<pin id="37" dir="1" index="0" bw="1" slack="2147483647"/>
</pin_list>
<bind>
<StgValue><ssdm name="empty_6"/></StgValue>
</bind>
</comp>

<comp id="38" class="1001" name="const_38">
<pin_list>
<pin id="39" dir="1" index="0" bw="1" slack="2147483647"/>
</pin_list>
<bind>
<StgValue><ssdm name="empty_42"/></StgValue>
</bind>
</comp>

<comp id="40" class="1001" name="const_40">
<pin_list>
<pin id="41" dir="1" index="0" bw="1" slack="2147483647"/>
</pin_list>
<bind>
<StgValue><ssdm name=""/></StgValue>
</bind>
</comp>

<comp id="42" class="1001" name="const_42">
<pin_list>
<pin id="43" dir="1" index="0" bw="1" slack="2147483647"/>
</pin_list>
<bind>
<StgValue><ssdm name=""/></StgValue>
</bind>
</comp>

<comp id="44" class="1001" name="const_44">
<pin_list>
<pin id="45" dir="1" index="0" bw="1" slack="0"/>
</pin_list>
<bind>
<StgValue><ssdm name=""/></StgValue>
</bind>
</comp>

<comp id="46" class="1001" name="const_46">
<pin_list>
<pin id="47" dir="1" index="0" bw="1" slack="0"/>
</pin_list>
<bind>
<StgValue><ssdm name=""/></StgValue>
</bind>
</comp>

<comp id="48" class="1001" name="const_48">
<pin_list>
<pin id="49" dir="1" index="0" bw="1" slack="0"/>
</pin_list>
<bind>
<StgValue><ssdm name=""/></StgValue>
</bind>
</comp>

<comp id="50" class="1001" name="const_50">
<pin_list>
<pin id="51" dir="1" index="0" bw="1" slack="0"/>
</pin_list>
<bind>
<StgValue><ssdm name=""/></StgValue>
</bind>
</comp>

<comp id="52" class="1001" name="const_52">
<pin_list>
<pin id="53" dir="1" index="0" bw="1" slack="0"/>
</pin_list>
<bind>
<StgValue><ssdm name=""/></StgValue>
</bind>
</comp>

<comp id="54" class="1001" name="const_54">
<pin_list>
<pin id="55" dir="1" index="0" bw="1" slack="0"/>
</pin_list>
<bind>
<StgValue><ssdm name=""/></StgValue>
</bind>
</comp>

<comp id="56" class="1001" name="const_56">
<pin_list>
<pin id="57" dir="1" index="0" bw="1" slack="0"/>
</pin_list>
<bind>
<StgValue><ssdm name=""/></StgValue>
</bind>
</comp>

<comp id="58" class="1001" name="const_58">
<pin_list>
<pin id="59" dir="1" index="0" bw="1" slack="0"/>
</pin_list>
<bind>
<StgValue><ssdm name=""/></StgValue>
</bind>
</comp>

<comp id="60" class="1001" name="const_60">
<pin_list>
<pin id="61" dir="1" index="0" bw="1" slack="0"/>
</pin_list>
<bind>
<StgValue><ssdm name="_ssdm_op_BitConcatenate.i20.i8.i12"/></StgValue>
</bind>
</comp>

<comp id="62" class="1001" name="const_62">
<pin_list>
<pin id="63" dir="1" index="0" bw="1" slack="0"/>
</pin_list>
<bind>
<StgValue><ssdm name=""/></StgValue>
</bind>
</comp>

<comp id="64" class="1001" name="const_64">
<pin_list>
<pin id="65" dir="1" index="0" bw="1" slack="0"/>
</pin_list>
<bind>
<StgValue><ssdm name="_ssdm_op_BitConcatenate.i13.i7.i6"/></StgValue>
</bind>
</comp>

<comp id="66" class="1001" name="const_66">
<pin_list>
<pin id="67" dir="1" index="0" bw="1" slack="0"/>
</pin_list>
<bind>
<StgValue><ssdm name=""/></StgValue>
</bind>
</comp>

<comp id="68" class="1001" name="const_68">
<pin_list>
<pin id="69" dir="1" index="0" bw="1" slack="2147483647"/>
</pin_list>
<bind>
<StgValue><ssdm name="_ssdm_op_SpecLoopName"/></StgValue>
</bind>
</comp>

<comp id="70" class="1001" name="const_70">
<pin_list>
<pin id="71" dir="1" index="0" bw="1" slack="2147483647"/>
</pin_list>
<bind>
<StgValue><ssdm name="POOL_OC_POOL_H_POOL_W_str"/></StgValue>
</bind>
</comp>

<comp id="72" class="1001" name="const_72">
<pin_list>
<pin id="73" dir="1" index="0" bw="1" slack="2147483647"/>
</pin_list>
<bind>
<StgValue><ssdm name="_ssdm_op_SpecLoopTripCount"/></StgValue>
</bind>
</comp>

<comp id="74" class="1001" name="const_74">
<pin_list>
<pin id="75" dir="1" index="0" bw="1" slack="0"/>
</pin_list>
<bind>
<StgValue><ssdm name=""/></StgValue>
</bind>
</comp>

<comp id="76" class="1001" name="const_76">
<pin_list>
<pin id="77" dir="1" index="0" bw="1" slack="2147483647"/>
</pin_list>
<bind>
<StgValue><ssdm name=""/></StgValue>
</bind>
</comp>

<comp id="78" class="1001" name="const_78">
<pin_list>
<pin id="79" dir="1" index="0" bw="1" slack="2147483647"/>
</pin_list>
<bind>
<StgValue><ssdm name=""/></StgValue>
</bind>
</comp>

<comp id="80" class="1001" name="const_80">
<pin_list>
<pin id="81" dir="1" index="0" bw="1" slack="0"/>
</pin_list>
<bind>
<StgValue><ssdm name="_ssdm_op_BitConcatenate.i12.i6.i6"/></StgValue>
</bind>
</comp>

<comp id="82" class="1001" name="const_82">
<pin_list>
<pin id="83" dir="1" index="0" bw="1" slack="0"/>
</pin_list>
<bind>
<StgValue><ssdm name="_ssdm_op_BitConcatenate.i8.i7.i1"/></StgValue>
</bind>
</comp>

<comp id="84" class="1001" name="const_84">
<pin_list>
<pin id="85" dir="1" index="0" bw="1" slack="0"/>
</pin_list>
<bind>
<StgValue><ssdm name=""/></StgValue>
</bind>
</comp>

<comp id="86" class="1001" name="const_86">
<pin_list>
<pin id="87" dir="1" index="0" bw="1" slack="0"/>
</pin_list>
<bind>
<StgValue><ssdm name="_ssdm_op_BitConcatenate.i17.i12.i5"/></StgValue>
</bind>
</comp>

<comp id="88" class="1001" name="const_88">
<pin_list>
<pin id="89" dir="1" index="0" bw="1" slack="0"/>
</pin_list>
<bind>
<StgValue><ssdm name=""/></StgValue>
</bind>
</comp>

<comp id="90" class="1001" name="const_90">
<pin_list>
<pin id="91" dir="1" index="0" bw="1" slack="0"/>
</pin_list>
<bind>
<StgValue><ssdm name=""/></StgValue>
</bind>
</comp>

<comp id="92" class="1001" name="const_92">
<pin_list>
<pin id="93" dir="1" index="0" bw="1" slack="0"/>
</pin_list>
<bind>
<StgValue><ssdm name="_ssdm_op_WriteReq.m_axi.p1i8"/></StgValue>
</bind>
</comp>

<comp id="94" class="1001" name="const_94">
<pin_list>
<pin id="95" dir="1" index="0" bw="1" slack="2147483647"/>
</pin_list>
<bind>
<StgValue><ssdm name="_ssdm_op_SpecPipeline"/></StgValue>
</bind>
</comp>

<comp id="96" class="1001" name="const_96">
<pin_list>
<pin id="97" dir="1" index="0" bw="1" slack="0"/>
</pin_list>
<bind>
<StgValue><ssdm name="_ssdm_op_Write.m_axi.p1i8.i8"/></StgValue>
</bind>
</comp>

<comp id="98" class="1001" name="const_98">
<pin_list>
<pin id="99" dir="1" index="0" bw="1" slack="0"/>
</pin_list>
<bind>
<StgValue><ssdm name="_ssdm_op_WriteResp.m_axi.p1i8"/></StgValue>
</bind>
</comp>

<comp id="100" class="1004" name="ow_fu_100">
<pin_list>
<pin id="101" dir="0" index="0" bw="1" slack="0"/>
<pin id="102" dir="1" index="1" bw="7" slack="0"/>
</pin_list>
<bind>
<opcode="alloca(26) " fcode="alloca"/>
<opset="ow/1 "/>
</bind>
</comp>

<comp id="104" class="1004" name="oh_fu_104">
<pin_list>
<pin id="105" dir="0" index="0" bw="1" slack="0"/>
<pin id="106" dir="1" index="1" bw="7" slack="0"/>
</pin_list>
<bind>
<opcode="alloca(26) " fcode="alloca"/>
<opset="oh/1 "/>
</bind>
</comp>

<comp id="108" class="1004" name="indvar_flatten_fu_108">
<pin_list>
<pin id="109" dir="0" index="0" bw="1" slack="0"/>
<pin id="110" dir="1" index="1" bw="14" slack="0"/>
</pin_list>
<bind>
<opcode="alloca(26) " fcode="alloca"/>
<opset="indvar_flatten/1 "/>
</bind>
</comp>

<comp id="112" class="1004" name="oc_fu_112">
<pin_list>
<pin id="113" dir="0" index="0" bw="1" slack="0"/>
<pin id="114" dir="1" index="1" bw="8" slack="0"/>
</pin_list>
<bind>
<opcode="alloca(26) " fcode="alloca"/>
<opset="oc/1 "/>
</bind>
</comp>

<comp id="116" class="1004" name="indvar_flatten27_fu_116">
<pin_list>
<pin id="117" dir="0" index="0" bw="1" slack="0"/>
<pin id="118" dir="1" index="1" bw="22" slack="0"/>
</pin_list>
<bind>
<opcode="alloca(26) " fcode="alloca"/>
<opset="indvar_flatten27/1 "/>
</bind>
</comp>

<comp id="120" class="1004" name="zext_ln85_read_read_fu_120">
<pin_list>
<pin id="121" dir="0" index="0" bw="7" slack="0"/>
<pin id="122" dir="0" index="1" bw="7" slack="0"/>
<pin id="123" dir="1" index="2" bw="7" slack="0"/>
</pin_list>
<bind>
<opcode="read(1150) " fcode="read"/>
<opset="zext_ln85_read/1 "/>
</bind>
</comp>

<comp id="126" class="1004" name="ofmap_read_read_fu_126">
<pin_list>
<pin id="127" dir="0" index="0" bw="64" slack="0"/>
<pin id="128" dir="0" index="1" bw="64" slack="0"/>
<pin id="129" dir="1" index="2" bw="64" slack="3"/>
</pin_list>
<bind>
<opcode="read(1150) " fcode="read"/>
<opset="ofmap_read/1 "/>
</bind>
</comp>

<comp id="132" class="1004" name="bound_read_read_fu_132">
<pin_list>
<pin id="133" dir="0" index="0" bw="14" slack="0"/>
<pin id="134" dir="0" index="1" bw="14" slack="0"/>
<pin id="135" dir="1" index="2" bw="14" slack="1"/>
</pin_list>
<bind>
<opcode="read(1150) " fcode="read"/>
<opset="bound_read/1 "/>
</bind>
</comp>

<comp id="138" class="1004" name="lshr_ln1_read_read_fu_138">
<pin_list>
<pin id="139" dir="0" index="0" bw="7" slack="0"/>
<pin id="140" dir="0" index="1" bw="7" slack="0"/>
<pin id="141" dir="1" index="2" bw="7" slack="2"/>
</pin_list>
<bind>
<opcode="read(1150) " fcode="read"/>
<opset="lshr_ln1_read/1 "/>
</bind>
</comp>

<comp id="144" class="1004" name="bound7_read_read_fu_144">
<pin_list>
<pin id="145" dir="0" index="0" bw="22" slack="0"/>
<pin id="146" dir="0" index="1" bw="22" slack="0"/>
<pin id="147" dir="1" index="2" bw="22" slack="1"/>
</pin_list>
<bind>
<opcode="read(1150) " fcode="read"/>
<opset="bound7_read/1 "/>
</bind>
</comp>

<comp id="150" class="1004" name="dpu_conv_top_ap_int_64_64_ap_int_64_3_3_ap_int_ap_int_64_64_2_gep_fu_150">
<pin_list>
<pin id="151" dir="0" index="0" bw="8" slack="0"/>
<pin id="152" dir="0" index="1" bw="1" slack="0"/>
<pin id="153" dir="0" index="2" bw="17" slack="0"/>
<pin id="154" dir="1" index="3" bw="17" slack="0"/>
</pin_list>
<bind>
<opcode="getelementptr(29) " fcode="getelementptr"/>
<opset="dpu_conv_top_ap_int_64_64_ap_int_64_3_3_ap_int_ap_int_64_64_2/4 "/>
</bind>
</comp>

<comp id="157" class="1004" name="dpu_conv_top_ap_int_64_64_ap_int_64_3_3_ap_int_ap_int_64_64_3_gep_fu_157">
<pin_list>
<pin id="158" dir="0" index="0" bw="8" slack="0"/>
<pin id="159" dir="0" index="1" bw="1" slack="0"/>
<pin id="160" dir="0" index="2" bw="17" slack="0"/>
<pin id="161" dir="1" index="3" bw="17" slack="0"/>
</pin_list>
<bind>
<opcode="getelementptr(29) " fcode="getelementptr"/>
<opset="dpu_conv_top_ap_int_64_64_ap_int_64_3_3_ap_int_ap_int_64_64_3/4 "/>
</bind>
</comp>

<comp id="164" class="1004" name="dpu_conv_top_ap_int_64_64_ap_int_64_3_3_ap_int_ap_int_64_64_4_gep_fu_164">
<pin_list>
<pin id="165" dir="0" index="0" bw="8" slack="0"/>
<pin id="166" dir="0" index="1" bw="1" slack="0"/>
<pin id="167" dir="0" index="2" bw="17" slack="0"/>
<pin id="168" dir="1" index="3" bw="17" slack="0"/>
</pin_list>
<bind>
<opcode="getelementptr(29) " fcode="getelementptr"/>
<opset="dpu_conv_top_ap_int_64_64_ap_int_64_3_3_ap_int_ap_int_64_64_4/4 "/>
</bind>
</comp>

<comp id="171" class="1004" name="dpu_conv_top_ap_int_64_64_ap_int_64_3_3_ap_int_ap_int_64_64_5_gep_fu_171">
<pin_list>
<pin id="172" dir="0" index="0" bw="8" slack="0"/>
<pin id="173" dir="0" index="1" bw="1" slack="0"/>
<pin id="174" dir="0" index="2" bw="17" slack="0"/>
<pin id="175" dir="1" index="3" bw="17" slack="0"/>
</pin_list>
<bind>
<opcode="getelementptr(29) " fcode="getelementptr"/>
<opset="dpu_conv_top_ap_int_64_64_ap_int_64_3_3_ap_int_ap_int_64_64_5/4 "/>
</bind>
</comp>

<comp id="178" class="1004" name="grp_access_fu_178">
<pin_list>
<pin id="179" dir="0" index="0" bw="17" slack="0"/>
<pin id="180" dir="0" index="1" bw="8" slack="2147483647"/>
<pin id="181" dir="0" index="2" bw="0" slack="0"/>
<pin id="183" dir="0" index="4" bw="17" slack="2147483647"/>
<pin id="184" dir="0" index="5" bw="8" slack="2147483647"/>
<pin id="185" dir="0" index="6" bw="0" slack="2147483647"/>
<pin id="182" dir="1" index="3" bw="8" slack="0"/>
<pin id="186" dir="1" index="7" bw="8" slack="0"/>
</pin_list>
<bind>
<opcode="load(27) " fcode="load"/>
<opset="p00/4 p10/4 "/>
</bind>
</comp>

<comp id="188" class="1004" name="grp_access_fu_188">
<pin_list>
<pin id="189" dir="0" index="0" bw="17" slack="0"/>
<pin id="190" dir="0" index="1" bw="8" slack="2147483647"/>
<pin id="191" dir="0" index="2" bw="0" slack="0"/>
<pin id="193" dir="0" index="4" bw="17" slack="2147483647"/>
<pin id="194" dir="0" index="5" bw="8" slack="2147483647"/>
<pin id="195" dir="0" index="6" bw="0" slack="2147483647"/>
<pin id="192" dir="1" index="3" bw="8" slack="0"/>
<pin id="196" dir="1" index="7" bw="8" slack="0"/>
</pin_list>
<bind>
<opcode="load(27) " fcode="load"/>
<opset="p01/4 p11/4 "/>
</bind>
</comp>

<comp id="200" class="1004" name="empty_64_writereq_fu_200">
<pin_list>
<pin id="201" dir="0" index="0" bw="1" slack="0"/>
<pin id="202" dir="0" index="1" bw="8" slack="1"/>
<pin id="203" dir="0" index="2" bw="7" slack="4"/>
<pin id="204" dir="1" index="3" bw="1" slack="2147483647"/>
</pin_list>
<bind>
<opcode="writereq(1155) " fcode="writereq"/>
<opset="empty_64/5 "/>
</bind>
</comp>

<comp id="206" class="1004" name="write_ln98_write_fu_206">
<pin_list>
<pin id="207" dir="0" index="0" bw="0" slack="0"/>
<pin id="208" dir="0" index="1" bw="8" slack="3"/>
<pin id="209" dir="0" index="2" bw="8" slack="1"/>
<pin id="210" dir="0" index="3" bw="1" slack="0"/>
<pin id="211" dir="1" index="4" bw="0" slack="2147483647"/>
</pin_list>
<bind>
<opcode="write(1151) " fcode="write"/>
<opset="write_ln98/7 "/>
</bind>
</comp>

<comp id="214" class="1004" name="grp_writeresp_fu_214">
<pin_list>
<pin id="215" dir="0" index="0" bw="1" slack="0"/>
<pin id="216" dir="0" index="1" bw="8" slack="4"/>
<pin id="217" dir="1" index="2" bw="1" slack="2147483647"/>
</pin_list>
<bind>
<opcode="writeresp(1158) " fcode="writeresp"/>
<opset="empty_65/8 "/>
</bind>
</comp>

<comp id="219" class="1004" name="zext_ln85_cast_fu_219">
<pin_list>
<pin id="220" dir="0" index="0" bw="7" slack="0"/>
<pin id="221" dir="1" index="1" bw="64" slack="4"/>
</pin_list>
<bind>
<opcode="zext(34) " fcode="zext"/>
<opset="zext_ln85_cast/1 "/>
</bind>
</comp>

<comp id="223" class="1004" name="store_ln0_store_fu_223">
<pin_list>
<pin id="224" dir="0" index="0" bw="1" slack="0"/>
<pin id="225" dir="0" index="1" bw="22" slack="0"/>
<pin id="226" dir="1" index="2" bw="0" slack="2147483647"/>
</pin_list>
<bind>
<opcode="store(28) " fcode="store"/>
<opset="store_ln0/1 "/>
</bind>
</comp>

<comp id="228" class="1004" name="store_ln85_store_fu_228">
<pin_list>
<pin id="229" dir="0" index="0" bw="1" slack="0"/>
<pin id="230" dir="0" index="1" bw="8" slack="0"/>
<pin id="231" dir="1" index="2" bw="0" slack="2147483647"/>
</pin_list>
<bind>
<opcode="store(28) " fcode="store"/>
<opset="store_ln85/1 "/>
</bind>
</comp>

<comp id="233" class="1004" name="store_ln0_store_fu_233">
<pin_list>
<pin id="234" dir="0" index="0" bw="1" slack="0"/>
<pin id="235" dir="0" index="1" bw="14" slack="0"/>
<pin id="236" dir="1" index="2" bw="0" slack="2147483647"/>
</pin_list>
<bind>
<opcode="store(28) " fcode="store"/>
<opset="store_ln0/1 "/>
</bind>
</comp>

<comp id="238" class="1004" name="store_ln87_store_fu_238">
<pin_list>
<pin id="239" dir="0" index="0" bw="1" slack="0"/>
<pin id="240" dir="0" index="1" bw="7" slack="0"/>
<pin id="241" dir="1" index="2" bw="0" slack="2147483647"/>
</pin_list>
<bind>
<opcode="store(28) " fcode="store"/>
<opset="store_ln87/1 "/>
</bind>
</comp>

<comp id="243" class="1004" name="store_ln89_store_fu_243">
<pin_list>
<pin id="244" dir="0" index="0" bw="1" slack="0"/>
<pin id="245" dir="0" index="1" bw="7" slack="0"/>
<pin id="246" dir="1" index="2" bw="0" slack="2147483647"/>
</pin_list>
<bind>
<opcode="store(28) " fcode="store"/>
<opset="store_ln89/1 "/>
</bind>
</comp>

<comp id="248" class="1004" name="indvar_flatten_load_load_fu_248">
<pin_list>
<pin id="249" dir="0" index="0" bw="14" slack="1"/>
<pin id="250" dir="1" index="1" bw="14" slack="0"/>
</pin_list>
<bind>
<opcode="load(27) " fcode="load"/>
<opset="indvar_flatten_load/2 "/>
</bind>
</comp>

<comp id="251" class="1004" name="indvar_flatten27_load_load_fu_251">
<pin_list>
<pin id="252" dir="0" index="0" bw="22" slack="1"/>
<pin id="253" dir="1" index="1" bw="22" slack="0"/>
</pin_list>
<bind>
<opcode="load(27) " fcode="load"/>
<opset="indvar_flatten27_load/2 "/>
</bind>
</comp>

<comp id="254" class="1004" name="icmp_ln85_fu_254">
<pin_list>
<pin id="255" dir="0" index="0" bw="22" slack="0"/>
<pin id="256" dir="0" index="1" bw="22" slack="1"/>
<pin id="257" dir="1" index="2" bw="1" slack="1"/>
</pin_list>
<bind>
<opcode="icmp(45) " fcode="icmp"/>
<opset="icmp_ln85/2 "/>
</bind>
</comp>

<comp id="259" class="1004" name="add_ln85_1_fu_259">
<pin_list>
<pin id="260" dir="0" index="0" bw="22" slack="0"/>
<pin id="261" dir="0" index="1" bw="1" slack="0"/>
<pin id="262" dir="1" index="2" bw="22" slack="0"/>
</pin_list>
<bind>
<opcode="add(8) " fcode="add"/>
<opset="add_ln85_1/2 "/>
</bind>
</comp>

<comp id="265" class="1004" name="icmp_ln87_fu_265">
<pin_list>
<pin id="266" dir="0" index="0" bw="14" slack="0"/>
<pin id="267" dir="0" index="1" bw="14" slack="1"/>
<pin id="268" dir="1" index="2" bw="1" slack="0"/>
</pin_list>
<bind>
<opcode="icmp(45) " fcode="icmp"/>
<opset="icmp_ln87/2 "/>
</bind>
</comp>

<comp id="270" class="1004" name="add_ln87_1_fu_270">
<pin_list>
<pin id="271" dir="0" index="0" bw="14" slack="0"/>
<pin id="272" dir="0" index="1" bw="1" slack="0"/>
<pin id="273" dir="1" index="2" bw="14" slack="0"/>
</pin_list>
<bind>
<opcode="add(8) " fcode="add"/>
<opset="add_ln87_1/2 "/>
</bind>
</comp>

<comp id="276" class="1004" name="select_ln87_1_fu_276">
<pin_list>
<pin id="277" dir="0" index="0" bw="1" slack="0"/>
<pin id="278" dir="0" index="1" bw="14" slack="0"/>
<pin id="279" dir="0" index="2" bw="14" slack="0"/>
<pin id="280" dir="1" index="3" bw="14" slack="0"/>
</pin_list>
<bind>
<opcode="select(49) " fcode="select"/>
<opset="select_ln87_1/2 "/>
</bind>
</comp>

<comp id="284" class="1004" name="store_ln85_store_fu_284">
<pin_list>
<pin id="285" dir="0" index="0" bw="22" slack="0"/>
<pin id="286" dir="0" index="1" bw="22" slack="1"/>
<pin id="287" dir="1" index="2" bw="0" slack="2147483647"/>
</pin_list>
<bind>
<opcode="store(28) " fcode="store"/>
<opset="store_ln85/2 "/>
</bind>
</comp>

<comp id="289" class="1004" name="store_ln87_store_fu_289">
<pin_list>
<pin id="290" dir="0" index="0" bw="14" slack="0"/>
<pin id="291" dir="0" index="1" bw="14" slack="1"/>
<pin id="292" dir="1" index="2" bw="0" slack="2147483647"/>
</pin_list>
<bind>
<opcode="store(28) " fcode="store"/>
<opset="store_ln87/2 "/>
</bind>
</comp>

<comp id="294" class="1004" name="oh_1_load_fu_294">
<pin_list>
<pin id="295" dir="0" index="0" bw="7" slack="2"/>
<pin id="296" dir="1" index="1" bw="7" slack="0"/>
</pin_list>
<bind>
<opcode="load(27) " fcode="load"/>
<opset="oh_1/3 "/>
</bind>
</comp>

<comp id="297" class="1004" name="oc_1_load_fu_297">
<pin_list>
<pin id="298" dir="0" index="0" bw="8" slack="2"/>
<pin id="299" dir="1" index="1" bw="8" slack="0"/>
</pin_list>
<bind>
<opcode="load(27) " fcode="load"/>
<opset="oc_1/3 "/>
</bind>
</comp>

<comp id="300" class="1004" name="ow_load_load_fu_300">
<pin_list>
<pin id="301" dir="0" index="0" bw="7" slack="2"/>
<pin id="302" dir="1" index="1" bw="7" slack="0"/>
</pin_list>
<bind>
<opcode="load(27) " fcode="load"/>
<opset="ow_load/3 "/>
</bind>
</comp>

<comp id="303" class="1004" name="add_ln85_fu_303">
<pin_list>
<pin id="304" dir="0" index="0" bw="8" slack="0"/>
<pin id="305" dir="0" index="1" bw="1" slack="0"/>
<pin id="306" dir="1" index="2" bw="8" slack="0"/>
</pin_list>
<bind>
<opcode="add(8) " fcode="add"/>
<opset="add_ln85/3 "/>
</bind>
</comp>

<comp id="309" class="1004" name="select_ln85_fu_309">
<pin_list>
<pin id="310" dir="0" index="0" bw="1" slack="1"/>
<pin id="311" dir="0" index="1" bw="7" slack="0"/>
<pin id="312" dir="0" index="2" bw="7" slack="0"/>
<pin id="313" dir="1" index="3" bw="7" slack="0"/>
</pin_list>
<bind>
<opcode="select(49) " fcode="select"/>
<opset="select_ln85/3 "/>
</bind>
</comp>

<comp id="316" class="1004" name="icmp_ln89_fu_316">
<pin_list>
<pin id="317" dir="0" index="0" bw="7" slack="2"/>
<pin id="318" dir="0" index="1" bw="7" slack="0"/>
<pin id="319" dir="1" index="2" bw="1" slack="0"/>
</pin_list>
<bind>
<opcode="icmp(45) " fcode="icmp"/>
<opset="icmp_ln89/3 "/>
</bind>
</comp>

<comp id="321" class="1004" name="icmp_ln89_1_fu_321">
<pin_list>
<pin id="322" dir="0" index="0" bw="7" slack="0"/>
<pin id="323" dir="0" index="1" bw="7" slack="2"/>
<pin id="324" dir="1" index="2" bw="1" slack="0"/>
</pin_list>
<bind>
<opcode="icmp(45) " fcode="icmp"/>
<opset="icmp_ln89_1/3 "/>
</bind>
</comp>

<comp id="326" class="1004" name="select_ln85_3_fu_326">
<pin_list>
<pin id="327" dir="0" index="0" bw="1" slack="1"/>
<pin id="328" dir="0" index="1" bw="1" slack="0"/>
<pin id="329" dir="0" index="2" bw="1" slack="0"/>
<pin id="330" dir="1" index="3" bw="1" slack="0"/>
</pin_list>
<bind>
<opcode="select(49) " fcode="select"/>
<opset="select_ln85_3/3 "/>
</bind>
</comp>

<comp id="333" class="1004" name="select_ln85_4_fu_333">
<pin_list>
<pin id="334" dir="0" index="0" bw="1" slack="1"/>
<pin id="335" dir="0" index="1" bw="8" slack="0"/>
<pin id="336" dir="0" index="2" bw="8" slack="0"/>
<pin id="337" dir="1" index="3" bw="8" slack="0"/>
</pin_list>
<bind>
<opcode="select(49) " fcode="select"/>
<opset="select_ln85_4/3 "/>
</bind>
</comp>

<comp id="340" class="1004" name="trunc_ln87_fu_340">
<pin_list>
<pin id="341" dir="0" index="0" bw="8" slack="0"/>
<pin id="342" dir="1" index="1" bw="6" slack="1"/>
</pin_list>
<bind>
<opcode="trunc(33) " fcode="trunc"/>
<opset="trunc_ln87/3 "/>
</bind>
</comp>

<comp id="344" class="1004" name="add_ln87_fu_344">
<pin_list>
<pin id="345" dir="0" index="0" bw="7" slack="0"/>
<pin id="346" dir="0" index="1" bw="1" slack="0"/>
<pin id="347" dir="1" index="2" bw="7" slack="0"/>
</pin_list>
<bind>
<opcode="add(8) " fcode="add"/>
<opset="add_ln87/3 "/>
</bind>
</comp>

<comp id="350" class="1004" name="empty_fu_350">
<pin_list>
<pin id="351" dir="0" index="0" bw="1" slack="0"/>
<pin id="352" dir="0" index="1" bw="1" slack="1"/>
<pin id="353" dir="1" index="2" bw="1" slack="0"/>
</pin_list>
<bind>
<opcode="or(24) " fcode="or"/>
<opset="empty/3 "/>
</bind>
</comp>

<comp id="355" class="1004" name="ow_mid2_fu_355">
<pin_list>
<pin id="356" dir="0" index="0" bw="1" slack="0"/>
<pin id="357" dir="0" index="1" bw="7" slack="0"/>
<pin id="358" dir="0" index="2" bw="7" slack="0"/>
<pin id="359" dir="1" index="3" bw="7" slack="0"/>
</pin_list>
<bind>
<opcode="select(49) " fcode="select"/>
<opset="ow_mid2/3 "/>
</bind>
</comp>

<comp id="363" class="1004" name="select_ln87_fu_363">
<pin_list>
<pin id="364" dir="0" index="0" bw="1" slack="0"/>
<pin id="365" dir="0" index="1" bw="7" slack="0"/>
<pin id="366" dir="0" index="2" bw="7" slack="0"/>
<pin id="367" dir="1" index="3" bw="7" slack="0"/>
</pin_list>
<bind>
<opcode="select(49) " fcode="select"/>
<opset="select_ln87/3 "/>
</bind>
</comp>

<comp id="371" class="1004" name="first_iter_0_fu_371">
<pin_list>
<pin id="372" dir="0" index="0" bw="7" slack="0"/>
<pin id="373" dir="0" index="1" bw="7" slack="0"/>
<pin id="374" dir="1" index="2" bw="1" slack="1"/>
</pin_list>
<bind>
<opcode="icmp(45) " fcode="icmp"/>
<opset="first_iter_0/3 "/>
</bind>
</comp>

<comp id="377" class="1004" name="add_ln89_fu_377">
<pin_list>
<pin id="378" dir="0" index="0" bw="7" slack="0"/>
<pin id="379" dir="0" index="1" bw="1" slack="0"/>
<pin id="380" dir="1" index="2" bw="7" slack="0"/>
</pin_list>
<bind>
<opcode="add(8) " fcode="add"/>
<opset="add_ln89/3 "/>
</bind>
</comp>

<comp id="383" class="1004" name="icmp_ln89_2_fu_383">
<pin_list>
<pin id="384" dir="0" index="0" bw="7" slack="0"/>
<pin id="385" dir="0" index="1" bw="7" slack="2"/>
<pin id="386" dir="1" index="2" bw="1" slack="5"/>
</pin_list>
<bind>
<opcode="icmp(45) " fcode="icmp"/>
<opset="icmp_ln89_2/3 "/>
</bind>
</comp>

<comp id="388" class="1004" name="store_ln85_store_fu_388">
<pin_list>
<pin id="389" dir="0" index="0" bw="8" slack="0"/>
<pin id="390" dir="0" index="1" bw="8" slack="2"/>
<pin id="391" dir="1" index="2" bw="0" slack="2147483647"/>
</pin_list>
<bind>
<opcode="store(28) " fcode="store"/>
<opset="store_ln85/3 "/>
</bind>
</comp>

<comp id="393" class="1004" name="store_ln87_store_fu_393">
<pin_list>
<pin id="394" dir="0" index="0" bw="7" slack="0"/>
<pin id="395" dir="0" index="1" bw="7" slack="2"/>
<pin id="396" dir="1" index="2" bw="0" slack="2147483647"/>
</pin_list>
<bind>
<opcode="store(28) " fcode="store"/>
<opset="store_ln87/3 "/>
</bind>
</comp>

<comp id="398" class="1004" name="store_ln89_store_fu_398">
<pin_list>
<pin id="399" dir="0" index="0" bw="7" slack="0"/>
<pin id="400" dir="0" index="1" bw="7" slack="2"/>
<pin id="401" dir="1" index="2" bw="0" slack="2147483647"/>
</pin_list>
<bind>
<opcode="store(28) " fcode="store"/>
<opset="store_ln89/3 "/>
</bind>
</comp>

<comp id="403" class="1004" name="shl_ln_fu_403">
<pin_list>
<pin id="404" dir="0" index="0" bw="20" slack="0"/>
<pin id="405" dir="0" index="1" bw="8" slack="1"/>
<pin id="406" dir="0" index="2" bw="1" slack="0"/>
<pin id="407" dir="1" index="3" bw="20" slack="0"/>
</pin_list>
<bind>
<opcode="bitconcatenate(1004) " fcode="bitconcatenate"/>
<opset="shl_ln/4 "/>
</bind>
</comp>

<comp id="410" class="1004" name="zext_ln87_fu_410">
<pin_list>
<pin id="411" dir="0" index="0" bw="20" slack="0"/>
<pin id="412" dir="1" index="1" bw="21" slack="0"/>
</pin_list>
<bind>
<opcode="zext(34) " fcode="zext"/>
<opset="zext_ln87/4 "/>
</bind>
</comp>

<comp id="414" class="1004" name="shl_ln91_1_fu_414">
<pin_list>
<pin id="415" dir="0" index="0" bw="13" slack="0"/>
<pin id="416" dir="0" index="1" bw="7" slack="1"/>
<pin id="417" dir="0" index="2" bw="1" slack="0"/>
<pin id="418" dir="1" index="3" bw="13" slack="0"/>
</pin_list>
<bind>
<opcode="bitconcatenate(1004) " fcode="bitconcatenate"/>
<opset="shl_ln91_1/4 "/>
</bind>
</comp>

<comp id="421" class="1004" name="zext_ln91_fu_421">
<pin_list>
<pin id="422" dir="0" index="0" bw="13" slack="0"/>
<pin id="423" dir="1" index="1" bw="21" slack="0"/>
</pin_list>
<bind>
<opcode="zext(34) " fcode="zext"/>
<opset="zext_ln91/4 "/>
</bind>
</comp>

<comp id="425" class="1004" name="add_ln91_fu_425">
<pin_list>
<pin id="426" dir="0" index="0" bw="20" slack="0"/>
<pin id="427" dir="0" index="1" bw="13" slack="0"/>
<pin id="428" dir="1" index="2" bw="21" slack="0"/>
</pin_list>
<bind>
<opcode="add(8) " fcode="add"/>
<opset="add_ln91/4 "/>
</bind>
</comp>

<comp id="431" class="1004" name="shl_ln91_mid1_fu_431">
<pin_list>
<pin id="432" dir="0" index="0" bw="20" slack="0"/>
<pin id="433" dir="0" index="1" bw="8" slack="1"/>
<pin id="434" dir="0" index="2" bw="1" slack="0"/>
<pin id="435" dir="1" index="3" bw="20" slack="0"/>
</pin_list>
<bind>
<opcode="bitconcatenate(1004) " fcode="bitconcatenate"/>
<opset="shl_ln91_mid1/4 "/>
</bind>
</comp>

<comp id="438" class="1004" name="select_ln85_1_fu_438">
<pin_list>
<pin id="439" dir="0" index="0" bw="1" slack="2"/>
<pin id="440" dir="0" index="1" bw="20" slack="0"/>
<pin id="441" dir="0" index="2" bw="20" slack="0"/>
<pin id="442" dir="1" index="3" bw="20" slack="0"/>
</pin_list>
<bind>
<opcode="select(49) " fcode="select"/>
<opset="select_ln85_1/4 "/>
</bind>
</comp>

<comp id="445" class="1004" name="zext_ln85_1_fu_445">
<pin_list>
<pin id="446" dir="0" index="0" bw="20" slack="0"/>
<pin id="447" dir="1" index="1" bw="21" slack="0"/>
</pin_list>
<bind>
<opcode="zext(34) " fcode="zext"/>
<opset="zext_ln85_1/4 "/>
</bind>
</comp>

<comp id="449" class="1004" name="zext_ln85_2_fu_449">
<pin_list>
<pin id="450" dir="0" index="0" bw="20" slack="0"/>
<pin id="451" dir="1" index="1" bw="21" slack="0"/>
</pin_list>
<bind>
<opcode="zext(34) " fcode="zext"/>
<opset="zext_ln85_2/4 "/>
</bind>
</comp>

<comp id="453" class="1004" name="select_ln85_2_fu_453">
<pin_list>
<pin id="454" dir="0" index="0" bw="1" slack="2"/>
<pin id="455" dir="0" index="1" bw="21" slack="0"/>
<pin id="456" dir="0" index="2" bw="21" slack="0"/>
<pin id="457" dir="1" index="3" bw="21" slack="0"/>
</pin_list>
<bind>
<opcode="select(49) " fcode="select"/>
<opset="select_ln85_2/4 "/>
</bind>
</comp>

<comp id="460" class="1004" name="shl_ln91_1_mid1_fu_460">
<pin_list>
<pin id="461" dir="0" index="0" bw="13" slack="0"/>
<pin id="462" dir="0" index="1" bw="7" slack="1"/>
<pin id="463" dir="0" index="2" bw="1" slack="0"/>
<pin id="464" dir="1" index="3" bw="13" slack="0"/>
</pin_list>
<bind>
<opcode="bitconcatenate(1004) " fcode="bitconcatenate"/>
<opset="shl_ln91_1_mid1/4 "/>
</bind>
</comp>

<comp id="467" class="1004" name="zext_ln91_1_fu_467">
<pin_list>
<pin id="468" dir="0" index="0" bw="13" slack="0"/>
<pin id="469" dir="1" index="1" bw="21" slack="0"/>
</pin_list>
<bind>
<opcode="zext(34) " fcode="zext"/>
<opset="zext_ln91_1/4 "/>
</bind>
</comp>

<comp id="471" class="1004" name="add_ln91_1_fu_471">
<pin_list>
<pin id="472" dir="0" index="0" bw="20" slack="0"/>
<pin id="473" dir="0" index="1" bw="13" slack="0"/>
<pin id="474" dir="1" index="2" bw="21" slack="0"/>
</pin_list>
<bind>
<opcode="add(8) " fcode="add"/>
<opset="add_ln91_1/4 "/>
</bind>
</comp>

<comp id="477" class="1004" name="add_ln91_1_mid2_v_fu_477">
<pin_list>
<pin id="478" dir="0" index="0" bw="1" slack="1"/>
<pin id="479" dir="0" index="1" bw="21" slack="0"/>
<pin id="480" dir="0" index="2" bw="21" slack="0"/>
<pin id="481" dir="1" index="3" bw="21" slack="0"/>
</pin_list>
<bind>
<opcode="select(49) " fcode="select"/>
<opset="add_ln91_1_mid2_v/4 "/>
</bind>
</comp>

<comp id="484" class="1004" name="add_ln91_1_mid2_v_cast_fu_484">
<pin_list>
<pin id="485" dir="0" index="0" bw="21" slack="0"/>
<pin id="486" dir="1" index="1" bw="64" slack="0"/>
</pin_list>
<bind>
<opcode="zext(34) " fcode="zext"/>
<opset="add_ln91_1_mid2_v_cast/4 "/>
</bind>
</comp>

<comp id="488" class="1004" name="add_ln91_1_mid2_fu_488">
<pin_list>
<pin id="489" dir="0" index="0" bw="21" slack="0"/>
<pin id="490" dir="0" index="1" bw="64" slack="3"/>
<pin id="491" dir="1" index="2" bw="64" slack="0"/>
</pin_list>
<bind>
<opcode="add(8) " fcode="add"/>
<opset="add_ln91_1_mid2/4 "/>
</bind>
</comp>

<comp id="493" class="1004" name="gmem0_addr_fu_493">
<pin_list>
<pin id="494" dir="0" index="0" bw="64" slack="0"/>
<pin id="495" dir="0" index="1" bw="64" slack="0"/>
<pin id="496" dir="1" index="2" bw="64" slack="1"/>
</pin_list>
<bind>
<opcode="getelementptr(29) " fcode="getelementptr"/>
<opset="gmem0_addr/4 "/>
</bind>
</comp>

<comp id="499" class="1004" name="tmp_fu_499">
<pin_list>
<pin id="500" dir="0" index="0" bw="12" slack="0"/>
<pin id="501" dir="0" index="1" bw="6" slack="1"/>
<pin id="502" dir="0" index="2" bw="1" slack="0"/>
<pin id="503" dir="1" index="3" bw="12" slack="0"/>
</pin_list>
<bind>
<opcode="bitconcatenate(1004) " fcode="bitconcatenate"/>
<opset="tmp/4 "/>
</bind>
</comp>

<comp id="506" class="1004" name="shl_ln91_2_fu_506">
<pin_list>
<pin id="507" dir="0" index="0" bw="8" slack="0"/>
<pin id="508" dir="0" index="1" bw="7" slack="1"/>
<pin id="509" dir="0" index="2" bw="1" slack="0"/>
<pin id="510" dir="1" index="3" bw="8" slack="0"/>
</pin_list>
<bind>
<opcode="bitconcatenate(1004) " fcode="bitconcatenate"/>
<opset="shl_ln91_2/4 "/>
</bind>
</comp>

<comp id="513" class="1004" name="zext_ln91_2_fu_513">
<pin_list>
<pin id="514" dir="0" index="0" bw="8" slack="0"/>
<pin id="515" dir="1" index="1" bw="12" slack="0"/>
</pin_list>
<bind>
<opcode="zext(34) " fcode="zext"/>
<opset="zext_ln91_2/4 "/>
</bind>
</comp>

<comp id="517" class="1004" name="add_ln91_2_fu_517">
<pin_list>
<pin id="518" dir="0" index="0" bw="12" slack="0"/>
<pin id="519" dir="0" index="1" bw="8" slack="0"/>
<pin id="520" dir="1" index="2" bw="12" slack="0"/>
</pin_list>
<bind>
<opcode="add(8) " fcode="add"/>
<opset="add_ln91_2/4 "/>
</bind>
</comp>

<comp id="523" class="1004" name="tmp_1_fu_523">
<pin_list>
<pin id="524" dir="0" index="0" bw="17" slack="0"/>
<pin id="525" dir="0" index="1" bw="12" slack="0"/>
<pin id="526" dir="0" index="2" bw="1" slack="0"/>
<pin id="527" dir="1" index="3" bw="17" slack="0"/>
</pin_list>
<bind>
<opcode="bitconcatenate(1004) " fcode="bitconcatenate"/>
<opset="tmp_1/4 "/>
</bind>
</comp>

<comp id="531" class="1004" name="or_ln_fu_531">
<pin_list>
<pin id="532" dir="0" index="0" bw="8" slack="0"/>
<pin id="533" dir="0" index="1" bw="7" slack="1"/>
<pin id="534" dir="0" index="2" bw="1" slack="0"/>
<pin id="535" dir="1" index="3" bw="8" slack="0"/>
</pin_list>
<bind>
<opcode="bitconcatenate(1004) " fcode="bitconcatenate"/>
<opset="or_ln/4 "/>
</bind>
</comp>

<comp id="538" class="1004" name="zext_ln93_fu_538">
<pin_list>
<pin id="539" dir="0" index="0" bw="8" slack="0"/>
<pin id="540" dir="1" index="1" bw="12" slack="0"/>
</pin_list>
<bind>
<opcode="zext(34) " fcode="zext"/>
<opset="zext_ln93/4 "/>
</bind>
</comp>

<comp id="542" class="1004" name="add_ln93_fu_542">
<pin_list>
<pin id="543" dir="0" index="0" bw="12" slack="0"/>
<pin id="544" dir="0" index="1" bw="8" slack="0"/>
<pin id="545" dir="1" index="2" bw="12" slack="0"/>
</pin_list>
<bind>
<opcode="add(8) " fcode="add"/>
<opset="add_ln93/4 "/>
</bind>
</comp>

<comp id="548" class="1004" name="tmp_2_fu_548">
<pin_list>
<pin id="549" dir="0" index="0" bw="17" slack="0"/>
<pin id="550" dir="0" index="1" bw="12" slack="0"/>
<pin id="551" dir="0" index="2" bw="1" slack="0"/>
<pin id="552" dir="1" index="3" bw="17" slack="0"/>
</pin_list>
<bind>
<opcode="bitconcatenate(1004) " fcode="bitconcatenate"/>
<opset="tmp_2/4 "/>
</bind>
</comp>

<comp id="556" class="1004" name="zext_ln91_3_fu_556">
<pin_list>
<pin id="557" dir="0" index="0" bw="7" slack="1"/>
<pin id="558" dir="1" index="1" bw="17" slack="0"/>
</pin_list>
<bind>
<opcode="zext(34) " fcode="zext"/>
<opset="zext_ln91_3/4 "/>
</bind>
</comp>

<comp id="559" class="1004" name="add_ln91_3_fu_559">
<pin_list>
<pin id="560" dir="0" index="0" bw="17" slack="0"/>
<pin id="561" dir="0" index="1" bw="7" slack="0"/>
<pin id="562" dir="1" index="2" bw="17" slack="0"/>
</pin_list>
<bind>
<opcode="add(8) " fcode="add"/>
<opset="add_ln91_3/4 "/>
</bind>
</comp>

<comp id="565" class="1004" name="zext_ln91_4_fu_565">
<pin_list>
<pin id="566" dir="0" index="0" bw="17" slack="0"/>
<pin id="567" dir="1" index="1" bw="64" slack="0"/>
</pin_list>
<bind>
<opcode="zext(34) " fcode="zext"/>
<opset="zext_ln91_4/4 "/>
</bind>
</comp>

<comp id="571" class="1004" name="add_ln93_1_fu_571">
<pin_list>
<pin id="572" dir="0" index="0" bw="17" slack="0"/>
<pin id="573" dir="0" index="1" bw="7" slack="0"/>
<pin id="574" dir="1" index="2" bw="17" slack="0"/>
</pin_list>
<bind>
<opcode="add(8) " fcode="add"/>
<opset="add_ln93_1/4 "/>
</bind>
</comp>

<comp id="577" class="1004" name="zext_ln93_1_fu_577">
<pin_list>
<pin id="578" dir="0" index="0" bw="17" slack="0"/>
<pin id="579" dir="1" index="1" bw="64" slack="0"/>
</pin_list>
<bind>
<opcode="zext(34) " fcode="zext"/>
<opset="zext_ln93_1/4 "/>
</bind>
</comp>

<comp id="583" class="1004" name="gmem0_addr_1_fu_583">
<pin_list>
<pin id="584" dir="0" index="0" bw="64" slack="0"/>
<pin id="585" dir="0" index="1" bw="64" slack="0"/>
<pin id="586" dir="1" index="2" bw="64" slack="3"/>
</pin_list>
<bind>
<opcode="getelementptr(29) " fcode="getelementptr"/>
<opset="gmem0_addr_1/4 "/>
</bind>
</comp>

<comp id="589" class="1004" name="icmp_ln96_fu_589">
<pin_list>
<pin id="590" dir="0" index="0" bw="8" slack="0"/>
<pin id="591" dir="0" index="1" bw="8" slack="0"/>
<pin id="592" dir="1" index="2" bw="1" slack="0"/>
</pin_list>
<bind>
<opcode="icmp(45) " fcode="icmp"/>
<opset="icmp_ln96/5 "/>
</bind>
</comp>

<comp id="595" class="1004" name="m0_fu_595">
<pin_list>
<pin id="596" dir="0" index="0" bw="1" slack="0"/>
<pin id="597" dir="0" index="1" bw="8" slack="0"/>
<pin id="598" dir="0" index="2" bw="8" slack="0"/>
<pin id="599" dir="1" index="3" bw="8" slack="1"/>
</pin_list>
<bind>
<opcode="select(49) " fcode="select"/>
<opset="m0/5 "/>
</bind>
</comp>

<comp id="603" class="1004" name="icmp_ln97_fu_603">
<pin_list>
<pin id="604" dir="0" index="0" bw="8" slack="0"/>
<pin id="605" dir="0" index="1" bw="8" slack="0"/>
<pin id="606" dir="1" index="2" bw="1" slack="0"/>
</pin_list>
<bind>
<opcode="icmp(45) " fcode="icmp"/>
<opset="icmp_ln97/5 "/>
</bind>
</comp>

<comp id="609" class="1004" name="m1_fu_609">
<pin_list>
<pin id="610" dir="0" index="0" bw="1" slack="0"/>
<pin id="611" dir="0" index="1" bw="8" slack="0"/>
<pin id="612" dir="0" index="2" bw="8" slack="0"/>
<pin id="613" dir="1" index="3" bw="8" slack="1"/>
</pin_list>
<bind>
<opcode="select(49) " fcode="select"/>
<opset="m1/5 "/>
</bind>
</comp>

<comp id="617" class="1004" name="icmp_ln98_fu_617">
<pin_list>
<pin id="618" dir="0" index="0" bw="8" slack="1"/>
<pin id="619" dir="0" index="1" bw="8" slack="1"/>
<pin id="620" dir="1" index="2" bw="1" slack="0"/>
</pin_list>
<bind>
<opcode="icmp(45) " fcode="icmp"/>
<opset="icmp_ln98/6 "/>
</bind>
</comp>

<comp id="621" class="1004" name="select_ln98_fu_621">
<pin_list>
<pin id="622" dir="0" index="0" bw="1" slack="0"/>
<pin id="623" dir="0" index="1" bw="8" slack="1"/>
<pin id="624" dir="0" index="2" bw="8" slack="1"/>
<pin id="625" dir="1" index="3" bw="8" slack="1"/>
</pin_list>
<bind>
<opcode="select(49) " fcode="select"/>
<opset="select_ln98/6 "/>
</bind>
</comp>

<comp id="627" class="1005" name="ow_reg_627">
<pin_list>
<pin id="628" dir="0" index="0" bw="7" slack="0"/>
<pin id="629" dir="1" index="1" bw="7" slack="0"/>
</pin_list>
<bind>
<opset="ow "/>
</bind>
</comp>

<comp id="634" class="1005" name="oh_reg_634">
<pin_list>
<pin id="635" dir="0" index="0" bw="7" slack="0"/>
<pin id="636" dir="1" index="1" bw="7" slack="0"/>
</pin_list>
<bind>
<opset="oh "/>
</bind>
</comp>

<comp id="641" class="1005" name="indvar_flatten_reg_641">
<pin_list>
<pin id="642" dir="0" index="0" bw="14" slack="0"/>
<pin id="643" dir="1" index="1" bw="14" slack="0"/>
</pin_list>
<bind>
<opset="indvar_flatten "/>
</bind>
</comp>

<comp id="648" class="1005" name="oc_reg_648">
<pin_list>
<pin id="649" dir="0" index="0" bw="8" slack="0"/>
<pin id="650" dir="1" index="1" bw="8" slack="0"/>
</pin_list>
<bind>
<opset="oc "/>
</bind>
</comp>

<comp id="655" class="1005" name="indvar_flatten27_reg_655">
<pin_list>
<pin id="656" dir="0" index="0" bw="22" slack="0"/>
<pin id="657" dir="1" index="1" bw="22" slack="0"/>
</pin_list>
<bind>
<opset="indvar_flatten27 "/>
</bind>
</comp>

<comp id="662" class="1005" name="ofmap_read_reg_662">
<pin_list>
<pin id="663" dir="0" index="0" bw="64" slack="3"/>
<pin id="664" dir="1" index="1" bw="64" slack="3"/>
</pin_list>
<bind>
<opset="ofmap_read "/>
</bind>
</comp>

<comp id="667" class="1005" name="bound_read_reg_667">
<pin_list>
<pin id="668" dir="0" index="0" bw="14" slack="1"/>
<pin id="669" dir="1" index="1" bw="14" slack="1"/>
</pin_list>
<bind>
<opset="bound_read "/>
</bind>
</comp>

<comp id="672" class="1005" name="lshr_ln1_read_reg_672">
<pin_list>
<pin id="673" dir="0" index="0" bw="7" slack="2"/>
<pin id="674" dir="1" index="1" bw="7" slack="2"/>
</pin_list>
<bind>
<opset="lshr_ln1_read "/>
</bind>
</comp>

<comp id="679" class="1005" name="bound7_read_reg_679">
<pin_list>
<pin id="680" dir="0" index="0" bw="22" slack="1"/>
<pin id="681" dir="1" index="1" bw="22" slack="1"/>
</pin_list>
<bind>
<opset="bound7_read "/>
</bind>
</comp>

<comp id="684" class="1005" name="zext_ln85_cast_reg_684">
<pin_list>
<pin id="685" dir="0" index="0" bw="64" slack="4"/>
<pin id="686" dir="1" index="1" bw="64" slack="4"/>
</pin_list>
<bind>
<opset="zext_ln85_cast "/>
</bind>
</comp>

<comp id="689" class="1005" name="icmp_ln85_reg_689">
<pin_list>
<pin id="690" dir="0" index="0" bw="1" slack="1"/>
<pin id="691" dir="1" index="1" bw="1" slack="2147483647"/>
</pin_list>
<bind>
<opset="icmp_ln85 "/>
</bind>
</comp>

<comp id="693" class="1005" name="icmp_ln87_reg_693">
<pin_list>
<pin id="694" dir="0" index="0" bw="1" slack="1"/>
<pin id="695" dir="1" index="1" bw="1" slack="1"/>
</pin_list>
<bind>
<opset="icmp_ln87 "/>
</bind>
</comp>

<comp id="703" class="1005" name="oh_1_reg_703">
<pin_list>
<pin id="704" dir="0" index="0" bw="7" slack="1"/>
<pin id="705" dir="1" index="1" bw="7" slack="1"/>
</pin_list>
<bind>
<opset="oh_1 "/>
</bind>
</comp>

<comp id="708" class="1005" name="oc_1_reg_708">
<pin_list>
<pin id="709" dir="0" index="0" bw="8" slack="1"/>
<pin id="710" dir="1" index="1" bw="8" slack="1"/>
</pin_list>
<bind>
<opset="oc_1 "/>
</bind>
</comp>

<comp id="713" class="1005" name="add_ln85_reg_713">
<pin_list>
<pin id="714" dir="0" index="0" bw="8" slack="1"/>
<pin id="715" dir="1" index="1" bw="8" slack="1"/>
</pin_list>
<bind>
<opset="add_ln85 "/>
</bind>
</comp>

<comp id="718" class="1005" name="select_ln85_3_reg_718">
<pin_list>
<pin id="719" dir="0" index="0" bw="1" slack="1"/>
<pin id="720" dir="1" index="1" bw="1" slack="1"/>
</pin_list>
<bind>
<opset="select_ln85_3 "/>
</bind>
</comp>

<comp id="723" class="1005" name="trunc_ln87_reg_723">
<pin_list>
<pin id="724" dir="0" index="0" bw="6" slack="1"/>
<pin id="725" dir="1" index="1" bw="6" slack="1"/>
</pin_list>
<bind>
<opset="trunc_ln87 "/>
</bind>
</comp>

<comp id="728" class="1005" name="add_ln87_reg_728">
<pin_list>
<pin id="729" dir="0" index="0" bw="7" slack="1"/>
<pin id="730" dir="1" index="1" bw="7" slack="1"/>
</pin_list>
<bind>
<opset="add_ln87 "/>
</bind>
</comp>

<comp id="733" class="1005" name="ow_mid2_reg_733">
<pin_list>
<pin id="734" dir="0" index="0" bw="7" slack="1"/>
<pin id="735" dir="1" index="1" bw="7" slack="1"/>
</pin_list>
<bind>
<opset="ow_mid2 "/>
</bind>
</comp>

<comp id="738" class="1005" name="select_ln87_reg_738">
<pin_list>
<pin id="739" dir="0" index="0" bw="7" slack="1"/>
<pin id="740" dir="1" index="1" bw="7" slack="1"/>
</pin_list>
<bind>
<opset="select_ln87 "/>
</bind>
</comp>

<comp id="744" class="1005" name="first_iter_0_reg_744">
<pin_list>
<pin id="745" dir="0" index="0" bw="1" slack="1"/>
<pin id="746" dir="1" index="1" bw="1" slack="2147483647"/>
</pin_list>
<bind>
<opset="first_iter_0 "/>
</bind>
</comp>

<comp id="748" class="1005" name="icmp_ln89_2_reg_748">
<pin_list>
<pin id="749" dir="0" index="0" bw="1" slack="5"/>
<pin id="750" dir="1" index="1" bw="1" slack="2147483647"/>
</pin_list>
<bind>
<opset="icmp_ln89_2 "/>
</bind>
</comp>

<comp id="752" class="1005" name="gmem0_addr_reg_752">
<pin_list>
<pin id="753" dir="0" index="0" bw="8" slack="1"/>
<pin id="754" dir="1" index="1" bw="8" slack="1"/>
</pin_list>
<bind>
<opset="gmem0_addr "/>
</bind>
</comp>

<comp id="757" class="1005" name="dpu_conv_top_ap_int_64_64_ap_int_64_3_3_ap_int_ap_int_64_64_2_reg_757">
<pin_list>
<pin id="758" dir="0" index="0" bw="17" slack="1"/>
<pin id="759" dir="1" index="1" bw="17" slack="1"/>
</pin_list>
<bind>
<opset="dpu_conv_top_ap_int_64_64_ap_int_64_3_3_ap_int_ap_int_64_64_2 "/>
</bind>
</comp>

<comp id="762" class="1005" name="dpu_conv_top_ap_int_64_64_ap_int_64_3_3_ap_int_ap_int_64_64_3_reg_762">
<pin_list>
<pin id="763" dir="0" index="0" bw="17" slack="1"/>
<pin id="764" dir="1" index="1" bw="17" slack="1"/>
</pin_list>
<bind>
<opset="dpu_conv_top_ap_int_64_64_ap_int_64_3_3_ap_int_ap_int_64_64_3 "/>
</bind>
</comp>

<comp id="767" class="1005" name="dpu_conv_top_ap_int_64_64_ap_int_64_3_3_ap_int_ap_int_64_64_4_reg_767">
<pin_list>
<pin id="768" dir="0" index="0" bw="17" slack="1"/>
<pin id="769" dir="1" index="1" bw="17" slack="1"/>
</pin_list>
<bind>
<opset="dpu_conv_top_ap_int_64_64_ap_int_64_3_3_ap_int_ap_int_64_64_4 "/>
</bind>
</comp>

<comp id="772" class="1005" name="dpu_conv_top_ap_int_64_64_ap_int_64_3_3_ap_int_ap_int_64_64_5_reg_772">
<pin_list>
<pin id="773" dir="0" index="0" bw="17" slack="1"/>
<pin id="774" dir="1" index="1" bw="17" slack="1"/>
</pin_list>
<bind>
<opset="dpu_conv_top_ap_int_64_64_ap_int_64_3_3_ap_int_ap_int_64_64_5 "/>
</bind>
</comp>

<comp id="777" class="1005" name="gmem0_addr_1_reg_777">
<pin_list>
<pin id="778" dir="0" index="0" bw="8" slack="3"/>
<pin id="779" dir="1" index="1" bw="8" slack="3"/>
</pin_list>
<bind>
<opset="gmem0_addr_1 "/>
</bind>
</comp>

<comp id="783" class="1005" name="m0_reg_783">
<pin_list>
<pin id="784" dir="0" index="0" bw="8" slack="1"/>
<pin id="785" dir="1" index="1" bw="8" slack="1"/>
</pin_list>
<bind>
<opset="m0 "/>
</bind>
</comp>

<comp id="789" class="1005" name="m1_reg_789">
<pin_list>
<pin id="790" dir="0" index="0" bw="8" slack="1"/>
<pin id="791" dir="1" index="1" bw="8" slack="1"/>
</pin_list>
<bind>
<opset="m1 "/>
</bind>
</comp>

<comp id="795" class="1005" name="select_ln98_reg_795">
<pin_list>
<pin id="796" dir="0" index="0" bw="8" slack="1"/>
<pin id="797" dir="1" index="1" bw="8" slack="1"/>
</pin_list>
<bind>
<opset="select_ln98 "/>
</bind>
</comp>

</comp_list>

<net_list>
<net id="103"><net_src comp="16" pin="0"/><net_sink comp="100" pin=0"/></net>

<net id="107"><net_src comp="16" pin="0"/><net_sink comp="104" pin=0"/></net>

<net id="111"><net_src comp="16" pin="0"/><net_sink comp="108" pin=0"/></net>

<net id="115"><net_src comp="16" pin="0"/><net_sink comp="112" pin=0"/></net>

<net id="119"><net_src comp="16" pin="0"/><net_sink comp="116" pin=0"/></net>

<net id="124"><net_src comp="18" pin="0"/><net_sink comp="120" pin=0"/></net>

<net id="125"><net_src comp="14" pin="0"/><net_sink comp="120" pin=1"/></net>

<net id="130"><net_src comp="20" pin="0"/><net_sink comp="126" pin=0"/></net>

<net id="131"><net_src comp="12" pin="0"/><net_sink comp="126" pin=1"/></net>

<net id="136"><net_src comp="22" pin="0"/><net_sink comp="132" pin=0"/></net>

<net id="137"><net_src comp="10" pin="0"/><net_sink comp="132" pin=1"/></net>

<net id="142"><net_src comp="18" pin="0"/><net_sink comp="138" pin=0"/></net>

<net id="143"><net_src comp="8" pin="0"/><net_sink comp="138" pin=1"/></net>

<net id="148"><net_src comp="24" pin="0"/><net_sink comp="144" pin=0"/></net>

<net id="149"><net_src comp="0" pin="0"/><net_sink comp="144" pin=1"/></net>

<net id="155"><net_src comp="2" pin="0"/><net_sink comp="150" pin=0"/></net>

<net id="156"><net_src comp="74" pin="0"/><net_sink comp="150" pin=1"/></net>

<net id="162"><net_src comp="2" pin="0"/><net_sink comp="157" pin=0"/></net>

<net id="163"><net_src comp="74" pin="0"/><net_sink comp="157" pin=1"/></net>

<net id="169"><net_src comp="4" pin="0"/><net_sink comp="164" pin=0"/></net>

<net id="170"><net_src comp="74" pin="0"/><net_sink comp="164" pin=1"/></net>

<net id="176"><net_src comp="4" pin="0"/><net_sink comp="171" pin=0"/></net>

<net id="177"><net_src comp="74" pin="0"/><net_sink comp="171" pin=1"/></net>

<net id="187"><net_src comp="150" pin="3"/><net_sink comp="178" pin=2"/></net>

<net id="197"><net_src comp="164" pin="3"/><net_sink comp="188" pin=2"/></net>

<net id="198"><net_src comp="157" pin="3"/><net_sink comp="178" pin=0"/></net>

<net id="199"><net_src comp="171" pin="3"/><net_sink comp="188" pin=0"/></net>

<net id="205"><net_src comp="92" pin="0"/><net_sink comp="200" pin=0"/></net>

<net id="212"><net_src comp="96" pin="0"/><net_sink comp="206" pin=0"/></net>

<net id="213"><net_src comp="90" pin="0"/><net_sink comp="206" pin=3"/></net>

<net id="218"><net_src comp="98" pin="0"/><net_sink comp="214" pin=0"/></net>

<net id="222"><net_src comp="120" pin="2"/><net_sink comp="219" pin=0"/></net>

<net id="227"><net_src comp="44" pin="0"/><net_sink comp="223" pin=0"/></net>

<net id="232"><net_src comp="46" pin="0"/><net_sink comp="228" pin=0"/></net>

<net id="237"><net_src comp="48" pin="0"/><net_sink comp="233" pin=0"/></net>

<net id="242"><net_src comp="50" pin="0"/><net_sink comp="238" pin=0"/></net>

<net id="247"><net_src comp="50" pin="0"/><net_sink comp="243" pin=0"/></net>

<net id="258"><net_src comp="251" pin="1"/><net_sink comp="254" pin=0"/></net>

<net id="263"><net_src comp="251" pin="1"/><net_sink comp="259" pin=0"/></net>

<net id="264"><net_src comp="52" pin="0"/><net_sink comp="259" pin=1"/></net>

<net id="269"><net_src comp="248" pin="1"/><net_sink comp="265" pin=0"/></net>

<net id="274"><net_src comp="248" pin="1"/><net_sink comp="270" pin=0"/></net>

<net id="275"><net_src comp="54" pin="0"/><net_sink comp="270" pin=1"/></net>

<net id="281"><net_src comp="265" pin="2"/><net_sink comp="276" pin=0"/></net>

<net id="282"><net_src comp="54" pin="0"/><net_sink comp="276" pin=1"/></net>

<net id="283"><net_src comp="270" pin="2"/><net_sink comp="276" pin=2"/></net>

<net id="288"><net_src comp="259" pin="2"/><net_sink comp="284" pin=0"/></net>

<net id="293"><net_src comp="276" pin="3"/><net_sink comp="289" pin=0"/></net>

<net id="307"><net_src comp="297" pin="1"/><net_sink comp="303" pin=0"/></net>

<net id="308"><net_src comp="56" pin="0"/><net_sink comp="303" pin=1"/></net>

<net id="314"><net_src comp="50" pin="0"/><net_sink comp="309" pin=1"/></net>

<net id="315"><net_src comp="294" pin="1"/><net_sink comp="309" pin=2"/></net>

<net id="320"><net_src comp="50" pin="0"/><net_sink comp="316" pin=1"/></net>

<net id="325"><net_src comp="300" pin="1"/><net_sink comp="321" pin=0"/></net>

<net id="331"><net_src comp="316" pin="2"/><net_sink comp="326" pin=1"/></net>

<net id="332"><net_src comp="321" pin="2"/><net_sink comp="326" pin=2"/></net>

<net id="338"><net_src comp="303" pin="2"/><net_sink comp="333" pin=1"/></net>

<net id="339"><net_src comp="297" pin="1"/><net_sink comp="333" pin=2"/></net>

<net id="343"><net_src comp="333" pin="3"/><net_sink comp="340" pin=0"/></net>

<net id="348"><net_src comp="309" pin="3"/><net_sink comp="344" pin=0"/></net>

<net id="349"><net_src comp="58" pin="0"/><net_sink comp="344" pin=1"/></net>

<net id="354"><net_src comp="326" pin="3"/><net_sink comp="350" pin=0"/></net>

<net id="360"><net_src comp="350" pin="2"/><net_sink comp="355" pin=0"/></net>

<net id="361"><net_src comp="50" pin="0"/><net_sink comp="355" pin=1"/></net>

<net id="362"><net_src comp="300" pin="1"/><net_sink comp="355" pin=2"/></net>

<net id="368"><net_src comp="326" pin="3"/><net_sink comp="363" pin=0"/></net>

<net id="369"><net_src comp="344" pin="2"/><net_sink comp="363" pin=1"/></net>

<net id="370"><net_src comp="309" pin="3"/><net_sink comp="363" pin=2"/></net>

<net id="375"><net_src comp="355" pin="3"/><net_sink comp="371" pin=0"/></net>

<net id="376"><net_src comp="50" pin="0"/><net_sink comp="371" pin=1"/></net>

<net id="381"><net_src comp="355" pin="3"/><net_sink comp="377" pin=0"/></net>

<net id="382"><net_src comp="58" pin="0"/><net_sink comp="377" pin=1"/></net>

<net id="387"><net_src comp="377" pin="2"/><net_sink comp="383" pin=0"/></net>

<net id="392"><net_src comp="333" pin="3"/><net_sink comp="388" pin=0"/></net>

<net id="397"><net_src comp="363" pin="3"/><net_sink comp="393" pin=0"/></net>

<net id="402"><net_src comp="377" pin="2"/><net_sink comp="398" pin=0"/></net>

<net id="408"><net_src comp="60" pin="0"/><net_sink comp="403" pin=0"/></net>

<net id="409"><net_src comp="62" pin="0"/><net_sink comp="403" pin=2"/></net>

<net id="413"><net_src comp="403" pin="3"/><net_sink comp="410" pin=0"/></net>

<net id="419"><net_src comp="64" pin="0"/><net_sink comp="414" pin=0"/></net>

<net id="420"><net_src comp="66" pin="0"/><net_sink comp="414" pin=2"/></net>

<net id="424"><net_src comp="414" pin="3"/><net_sink comp="421" pin=0"/></net>

<net id="429"><net_src comp="410" pin="1"/><net_sink comp="425" pin=0"/></net>

<net id="430"><net_src comp="421" pin="1"/><net_sink comp="425" pin=1"/></net>

<net id="436"><net_src comp="60" pin="0"/><net_sink comp="431" pin=0"/></net>

<net id="437"><net_src comp="62" pin="0"/><net_sink comp="431" pin=2"/></net>

<net id="443"><net_src comp="431" pin="3"/><net_sink comp="438" pin=1"/></net>

<net id="444"><net_src comp="403" pin="3"/><net_sink comp="438" pin=2"/></net>

<net id="448"><net_src comp="438" pin="3"/><net_sink comp="445" pin=0"/></net>

<net id="452"><net_src comp="431" pin="3"/><net_sink comp="449" pin=0"/></net>

<net id="458"><net_src comp="449" pin="1"/><net_sink comp="453" pin=1"/></net>

<net id="459"><net_src comp="425" pin="2"/><net_sink comp="453" pin=2"/></net>

<net id="465"><net_src comp="64" pin="0"/><net_sink comp="460" pin=0"/></net>

<net id="466"><net_src comp="66" pin="0"/><net_sink comp="460" pin=2"/></net>

<net id="470"><net_src comp="460" pin="3"/><net_sink comp="467" pin=0"/></net>

<net id="475"><net_src comp="445" pin="1"/><net_sink comp="471" pin=0"/></net>

<net id="476"><net_src comp="467" pin="1"/><net_sink comp="471" pin=1"/></net>

<net id="482"><net_src comp="471" pin="2"/><net_sink comp="477" pin=1"/></net>

<net id="483"><net_src comp="453" pin="3"/><net_sink comp="477" pin=2"/></net>

<net id="487"><net_src comp="477" pin="3"/><net_sink comp="484" pin=0"/></net>

<net id="492"><net_src comp="484" pin="1"/><net_sink comp="488" pin=0"/></net>

<net id="497"><net_src comp="6" pin="0"/><net_sink comp="493" pin=0"/></net>

<net id="498"><net_src comp="488" pin="2"/><net_sink comp="493" pin=1"/></net>

<net id="504"><net_src comp="80" pin="0"/><net_sink comp="499" pin=0"/></net>

<net id="505"><net_src comp="66" pin="0"/><net_sink comp="499" pin=2"/></net>

<net id="511"><net_src comp="82" pin="0"/><net_sink comp="506" pin=0"/></net>

<net id="512"><net_src comp="84" pin="0"/><net_sink comp="506" pin=2"/></net>

<net id="516"><net_src comp="506" pin="3"/><net_sink comp="513" pin=0"/></net>

<net id="521"><net_src comp="499" pin="3"/><net_sink comp="517" pin=0"/></net>

<net id="522"><net_src comp="513" pin="1"/><net_sink comp="517" pin=1"/></net>

<net id="528"><net_src comp="86" pin="0"/><net_sink comp="523" pin=0"/></net>

<net id="529"><net_src comp="517" pin="2"/><net_sink comp="523" pin=1"/></net>

<net id="530"><net_src comp="88" pin="0"/><net_sink comp="523" pin=2"/></net>

<net id="536"><net_src comp="82" pin="0"/><net_sink comp="531" pin=0"/></net>

<net id="537"><net_src comp="90" pin="0"/><net_sink comp="531" pin=2"/></net>

<net id="541"><net_src comp="531" pin="3"/><net_sink comp="538" pin=0"/></net>

<net id="546"><net_src comp="499" pin="3"/><net_sink comp="542" pin=0"/></net>

<net id="547"><net_src comp="538" pin="1"/><net_sink comp="542" pin=1"/></net>

<net id="553"><net_src comp="86" pin="0"/><net_sink comp="548" pin=0"/></net>

<net id="554"><net_src comp="542" pin="2"/><net_sink comp="548" pin=1"/></net>

<net id="555"><net_src comp="88" pin="0"/><net_sink comp="548" pin=2"/></net>

<net id="563"><net_src comp="523" pin="3"/><net_sink comp="559" pin=0"/></net>

<net id="564"><net_src comp="556" pin="1"/><net_sink comp="559" pin=1"/></net>

<net id="568"><net_src comp="559" pin="2"/><net_sink comp="565" pin=0"/></net>

<net id="569"><net_src comp="565" pin="1"/><net_sink comp="150" pin=2"/></net>

<net id="570"><net_src comp="565" pin="1"/><net_sink comp="164" pin=2"/></net>

<net id="575"><net_src comp="548" pin="3"/><net_sink comp="571" pin=0"/></net>

<net id="576"><net_src comp="556" pin="1"/><net_sink comp="571" pin=1"/></net>

<net id="580"><net_src comp="571" pin="2"/><net_sink comp="577" pin=0"/></net>

<net id="581"><net_src comp="577" pin="1"/><net_sink comp="157" pin=2"/></net>

<net id="582"><net_src comp="577" pin="1"/><net_sink comp="171" pin=2"/></net>

<net id="587"><net_src comp="6" pin="0"/><net_sink comp="583" pin=0"/></net>

<net id="588"><net_src comp="488" pin="2"/><net_sink comp="583" pin=1"/></net>

<net id="593"><net_src comp="178" pin="7"/><net_sink comp="589" pin=0"/></net>

<net id="594"><net_src comp="188" pin="7"/><net_sink comp="589" pin=1"/></net>

<net id="600"><net_src comp="589" pin="2"/><net_sink comp="595" pin=0"/></net>

<net id="601"><net_src comp="178" pin="7"/><net_sink comp="595" pin=1"/></net>

<net id="602"><net_src comp="188" pin="7"/><net_sink comp="595" pin=2"/></net>

<net id="607"><net_src comp="178" pin="3"/><net_sink comp="603" pin=0"/></net>

<net id="608"><net_src comp="188" pin="3"/><net_sink comp="603" pin=1"/></net>

<net id="614"><net_src comp="603" pin="2"/><net_sink comp="609" pin=0"/></net>

<net id="615"><net_src comp="178" pin="3"/><net_sink comp="609" pin=1"/></net>

<net id="616"><net_src comp="188" pin="3"/><net_sink comp="609" pin=2"/></net>

<net id="626"><net_src comp="617" pin="2"/><net_sink comp="621" pin=0"/></net>

<net id="630"><net_src comp="100" pin="1"/><net_sink comp="627" pin=0"/></net>

<net id="631"><net_src comp="627" pin="1"/><net_sink comp="243" pin=1"/></net>

<net id="632"><net_src comp="627" pin="1"/><net_sink comp="300" pin=0"/></net>

<net id="633"><net_src comp="627" pin="1"/><net_sink comp="398" pin=1"/></net>

<net id="637"><net_src comp="104" pin="1"/><net_sink comp="634" pin=0"/></net>

<net id="638"><net_src comp="634" pin="1"/><net_sink comp="238" pin=1"/></net>

<net id="639"><net_src comp="634" pin="1"/><net_sink comp="294" pin=0"/></net>

<net id="640"><net_src comp="634" pin="1"/><net_sink comp="393" pin=1"/></net>

<net id="644"><net_src comp="108" pin="1"/><net_sink comp="641" pin=0"/></net>

<net id="645"><net_src comp="641" pin="1"/><net_sink comp="233" pin=1"/></net>

<net id="646"><net_src comp="641" pin="1"/><net_sink comp="248" pin=0"/></net>

<net id="647"><net_src comp="641" pin="1"/><net_sink comp="289" pin=1"/></net>

<net id="651"><net_src comp="112" pin="1"/><net_sink comp="648" pin=0"/></net>

<net id="652"><net_src comp="648" pin="1"/><net_sink comp="228" pin=1"/></net>

<net id="653"><net_src comp="648" pin="1"/><net_sink comp="297" pin=0"/></net>

<net id="654"><net_src comp="648" pin="1"/><net_sink comp="388" pin=1"/></net>

<net id="658"><net_src comp="116" pin="1"/><net_sink comp="655" pin=0"/></net>

<net id="659"><net_src comp="655" pin="1"/><net_sink comp="223" pin=1"/></net>

<net id="660"><net_src comp="655" pin="1"/><net_sink comp="251" pin=0"/></net>

<net id="661"><net_src comp="655" pin="1"/><net_sink comp="284" pin=1"/></net>

<net id="665"><net_src comp="126" pin="2"/><net_sink comp="662" pin=0"/></net>

<net id="666"><net_src comp="662" pin="1"/><net_sink comp="488" pin=1"/></net>

<net id="670"><net_src comp="132" pin="2"/><net_sink comp="667" pin=0"/></net>

<net id="671"><net_src comp="667" pin="1"/><net_sink comp="265" pin=1"/></net>

<net id="675"><net_src comp="138" pin="2"/><net_sink comp="672" pin=0"/></net>

<net id="676"><net_src comp="672" pin="1"/><net_sink comp="316" pin=0"/></net>

<net id="677"><net_src comp="672" pin="1"/><net_sink comp="321" pin=1"/></net>

<net id="678"><net_src comp="672" pin="1"/><net_sink comp="383" pin=1"/></net>

<net id="682"><net_src comp="144" pin="2"/><net_sink comp="679" pin=0"/></net>

<net id="683"><net_src comp="679" pin="1"/><net_sink comp="254" pin=1"/></net>

<net id="687"><net_src comp="219" pin="1"/><net_sink comp="684" pin=0"/></net>

<net id="688"><net_src comp="684" pin="1"/><net_sink comp="200" pin=2"/></net>

<net id="692"><net_src comp="254" pin="2"/><net_sink comp="689" pin=0"/></net>

<net id="696"><net_src comp="265" pin="2"/><net_sink comp="693" pin=0"/></net>

<net id="697"><net_src comp="693" pin="1"/><net_sink comp="309" pin=0"/></net>

<net id="698"><net_src comp="693" pin="1"/><net_sink comp="326" pin=0"/></net>

<net id="699"><net_src comp="693" pin="1"/><net_sink comp="333" pin=0"/></net>

<net id="700"><net_src comp="693" pin="1"/><net_sink comp="350" pin=1"/></net>

<net id="701"><net_src comp="693" pin="1"/><net_sink comp="438" pin=0"/></net>

<net id="702"><net_src comp="693" pin="1"/><net_sink comp="453" pin=0"/></net>

<net id="706"><net_src comp="294" pin="1"/><net_sink comp="703" pin=0"/></net>

<net id="707"><net_src comp="703" pin="1"/><net_sink comp="414" pin=1"/></net>

<net id="711"><net_src comp="297" pin="1"/><net_sink comp="708" pin=0"/></net>

<net id="712"><net_src comp="708" pin="1"/><net_sink comp="403" pin=1"/></net>

<net id="716"><net_src comp="303" pin="2"/><net_sink comp="713" pin=0"/></net>

<net id="717"><net_src comp="713" pin="1"/><net_sink comp="431" pin=1"/></net>

<net id="721"><net_src comp="326" pin="3"/><net_sink comp="718" pin=0"/></net>

<net id="722"><net_src comp="718" pin="1"/><net_sink comp="477" pin=0"/></net>

<net id="726"><net_src comp="340" pin="1"/><net_sink comp="723" pin=0"/></net>

<net id="727"><net_src comp="723" pin="1"/><net_sink comp="499" pin=1"/></net>

<net id="731"><net_src comp="344" pin="2"/><net_sink comp="728" pin=0"/></net>

<net id="732"><net_src comp="728" pin="1"/><net_sink comp="460" pin=1"/></net>

<net id="736"><net_src comp="355" pin="3"/><net_sink comp="733" pin=0"/></net>

<net id="737"><net_src comp="733" pin="1"/><net_sink comp="556" pin=0"/></net>

<net id="741"><net_src comp="363" pin="3"/><net_sink comp="738" pin=0"/></net>

<net id="742"><net_src comp="738" pin="1"/><net_sink comp="506" pin=1"/></net>

<net id="743"><net_src comp="738" pin="1"/><net_sink comp="531" pin=1"/></net>

<net id="747"><net_src comp="371" pin="2"/><net_sink comp="744" pin=0"/></net>

<net id="751"><net_src comp="383" pin="2"/><net_sink comp="748" pin=0"/></net>

<net id="755"><net_src comp="493" pin="2"/><net_sink comp="752" pin=0"/></net>

<net id="756"><net_src comp="752" pin="1"/><net_sink comp="200" pin=1"/></net>

<net id="760"><net_src comp="150" pin="3"/><net_sink comp="757" pin=0"/></net>

<net id="761"><net_src comp="757" pin="1"/><net_sink comp="178" pin=2"/></net>

<net id="765"><net_src comp="157" pin="3"/><net_sink comp="762" pin=0"/></net>

<net id="766"><net_src comp="762" pin="1"/><net_sink comp="178" pin=0"/></net>

<net id="770"><net_src comp="164" pin="3"/><net_sink comp="767" pin=0"/></net>

<net id="771"><net_src comp="767" pin="1"/><net_sink comp="188" pin=2"/></net>

<net id="775"><net_src comp="171" pin="3"/><net_sink comp="772" pin=0"/></net>

<net id="776"><net_src comp="772" pin="1"/><net_sink comp="188" pin=0"/></net>

<net id="780"><net_src comp="583" pin="2"/><net_sink comp="777" pin=0"/></net>

<net id="781"><net_src comp="777" pin="1"/><net_sink comp="206" pin=1"/></net>

<net id="782"><net_src comp="777" pin="1"/><net_sink comp="214" pin=1"/></net>

<net id="786"><net_src comp="595" pin="3"/><net_sink comp="783" pin=0"/></net>

<net id="787"><net_src comp="783" pin="1"/><net_sink comp="617" pin=0"/></net>

<net id="788"><net_src comp="783" pin="1"/><net_sink comp="621" pin=1"/></net>

<net id="792"><net_src comp="609" pin="3"/><net_sink comp="789" pin=0"/></net>

<net id="793"><net_src comp="789" pin="1"/><net_sink comp="617" pin=1"/></net>

<net id="794"><net_src comp="789" pin="1"/><net_sink comp="621" pin=2"/></net>

<net id="798"><net_src comp="621" pin="3"/><net_sink comp="795" pin=0"/></net>

<net id="799"><net_src comp="795" pin="1"/><net_sink comp="206" pin=2"/></net>

</net_list>

</model> 
---------------- Datapath Model END ------------------

* FSMD analyzer results:
  - Output states:
	Port: dpu_conv_top_ap_int_8_64_64_ap_int_8_64_3_3_ap_int_32_ap_int_8_64_64_ap_uint_8_ap_uint_8_ap_uint_8_ap_uint_8_ap_uint_1_ap_uint_1_perf_counters_t_conv_buf | {}
	Port: dpu_conv_top_ap_int_8_64_64_ap_int_8_64_3_3_ap_int_32_ap_int_8_64_64_ap_uint_8_ap_uint_8_ap_uint_8_ap_uint_8_ap_uint_1_ap_uint_1_perf_counters_t_conv_buf_1 | {}
	Port: gmem0 | {5 7 8 9 10 11 12 }
 - Input state : 
	Port: maxpool2x2_Pipeline_POOL_OC_POOL_H_POOL_W : bound7 | {1 }
	Port: maxpool2x2_Pipeline_POOL_OC_POOL_H_POOL_W : dpu_conv_top_ap_int_8_64_64_ap_int_8_64_3_3_ap_int_32_ap_int_8_64_64_ap_uint_8_ap_uint_8_ap_uint_8_ap_uint_8_ap_uint_1_ap_uint_1_perf_counters_t_conv_buf | {4 5 }
	Port: maxpool2x2_Pipeline_POOL_OC_POOL_H_POOL_W : dpu_conv_top_ap_int_8_64_64_ap_int_8_64_3_3_ap_int_32_ap_int_8_64_64_ap_uint_8_ap_uint_8_ap_uint_8_ap_uint_8_ap_uint_1_ap_uint_1_perf_counters_t_conv_buf_1 | {4 5 }
	Port: maxpool2x2_Pipeline_POOL_OC_POOL_H_POOL_W : gmem0 | {}
	Port: maxpool2x2_Pipeline_POOL_OC_POOL_H_POOL_W : lshr_ln1 | {1 }
	Port: maxpool2x2_Pipeline_POOL_OC_POOL_H_POOL_W : bound | {1 }
	Port: maxpool2x2_Pipeline_POOL_OC_POOL_H_POOL_W : ofmap | {1 }
	Port: maxpool2x2_Pipeline_POOL_OC_POOL_H_POOL_W : zext_ln85 | {1 }
  - Chain level:
	State 1
		store_ln0 : 1
		store_ln85 : 1
		store_ln0 : 1
		store_ln87 : 1
		store_ln89 : 1
	State 2
		icmp_ln85 : 1
		add_ln85_1 : 1
		br_ln85 : 2
		icmp_ln87 : 1
		add_ln87_1 : 1
		select_ln87_1 : 2
		store_ln85 : 2
		store_ln87 : 3
	State 3
		add_ln85 : 1
		select_ln85 : 1
		icmp_ln89_1 : 1
		select_ln85_3 : 2
		select_ln85_4 : 2
		trunc_ln87 : 3
		add_ln87 : 2
		empty : 3
		ow_mid2 : 3
		select_ln87 : 3
		first_iter_0 : 4
		br_ln89 : 5
		add_ln89 : 4
		icmp_ln89_2 : 5
		br_ln89 : 6
		store_ln85 : 3
		store_ln87 : 4
		store_ln89 : 5
	State 4
		zext_ln87 : 1
		zext_ln91 : 1
		add_ln91 : 2
		select_ln85_1 : 1
		zext_ln85_1 : 2
		zext_ln85_2 : 1
		select_ln85_2 : 3
		zext_ln91_1 : 1
		add_ln91_1 : 3
		add_ln91_1_mid2_v : 4
		add_ln91_1_mid2_v_cast : 5
		add_ln91_1_mid2 : 6
		gmem0_addr : 7
		zext_ln91_2 : 1
		add_ln91_2 : 2
		tmp_1 : 3
		zext_ln93 : 1
		add_ln93 : 2
		tmp_2 : 3
		add_ln91_3 : 4
		zext_ln91_4 : 5
		dpu_conv_top_ap_int_64_64_ap_int_64_3_3_ap_int_ap_int_64_64_2 : 6
		add_ln93_1 : 4
		zext_ln93_1 : 5
		dpu_conv_top_ap_int_64_64_ap_int_64_3_3_ap_int_ap_int_64_64_3 : 6
		dpu_conv_top_ap_int_64_64_ap_int_64_3_3_ap_int_ap_int_64_64_4 : 6
		dpu_conv_top_ap_int_64_64_ap_int_64_3_3_ap_int_ap_int_64_64_5 : 6
		p00 : 7
		p01 : 7
		p10 : 7
		p11 : 7
		gmem0_addr_1 : 7
	State 5
		icmp_ln96 : 1
		m0 : 2
		icmp_ln97 : 1
		m1 : 2
	State 6
		select_ln98 : 1
	State 7
	State 8
	State 9
	State 10
	State 11
	State 12


============================================================
+ Verbose Summary: Datapath Resource usage 
============================================================

* Functional unit list:
|----------|-------------------------------|---------|---------|
| Operation|        Functional Unit        |    FF   |   LUT   |
|----------|-------------------------------|---------|---------|
|          |       add_ln85_1_fu_259       |    0    |    29   |
|          |       add_ln87_1_fu_270       |    0    |    17   |
|          |        add_ln85_fu_303        |    0    |    15   |
|          |        add_ln87_fu_344        |    0    |    14   |
|          |        add_ln89_fu_377        |    0    |    14   |
|    add   |        add_ln91_fu_425        |    0    |    27   |
|          |       add_ln91_1_fu_471       |    0    |    27   |
|          |     add_ln91_1_mid2_fu_488    |    0    |    71   |
|          |       add_ln91_2_fu_517       |    0    |    12   |
|          |        add_ln93_fu_542        |    0    |    12   |
|          |       add_ln91_3_fu_559       |    0    |    24   |
|          |       add_ln93_1_fu_571       |    0    |    24   |
|----------|-------------------------------|---------|---------|
|          |        icmp_ln85_fu_254       |    0    |    29   |
|          |        icmp_ln87_fu_265       |    0    |    17   |
|          |        icmp_ln89_fu_316       |    0    |    14   |
|          |       icmp_ln89_1_fu_321      |    0    |    14   |
|   icmp   |      first_iter_0_fu_371      |    0    |    14   |
|          |       icmp_ln89_2_fu_383      |    0    |    14   |
|          |        icmp_ln96_fu_589       |    0    |    15   |
|          |        icmp_ln97_fu_603       |    0    |    15   |
|          |        icmp_ln98_fu_617       |    0    |    15   |
|----------|-------------------------------|---------|---------|
|          |      select_ln87_1_fu_276     |    0    |    14   |
|          |       select_ln85_fu_309      |    0    |    7    |
|          |      select_ln85_3_fu_326     |    0    |    2    |
|          |      select_ln85_4_fu_333     |    0    |    8    |
|          |         ow_mid2_fu_355        |    0    |    7    |
|  select  |       select_ln87_fu_363      |    0    |    7    |
|          |      select_ln85_1_fu_438     |    0    |    20   |
|          |      select_ln85_2_fu_453     |    0    |    21   |
|          |    add_ln91_1_mid2_v_fu_477   |    0    |    21   |
|          |           m0_fu_595           |    0    |    8    |
|          |           m1_fu_609           |    0    |    8    |
|          |       select_ln98_fu_621      |    0    |    8    |
|----------|-------------------------------|---------|---------|
|    or    |          empty_fu_350         |    0    |    2    |
|----------|-------------------------------|---------|---------|
|          |   zext_ln85_read_read_fu_120  |    0    |    0    |
|          |     ofmap_read_read_fu_126    |    0    |    0    |
|   read   |     bound_read_read_fu_132    |    0    |    0    |
|          |   lshr_ln1_read_read_fu_138   |    0    |    0    |
|          |    bound7_read_read_fu_144    |    0    |    0    |
|----------|-------------------------------|---------|---------|
| writereq |    empty_64_writereq_fu_200   |    0    |    0    |
|----------|-------------------------------|---------|---------|
|   write  |    write_ln98_write_fu_206    |    0    |    0    |
|----------|-------------------------------|---------|---------|
| writeresp|      grp_writeresp_fu_214     |    0    |    0    |
|----------|-------------------------------|---------|---------|
|          |     zext_ln85_cast_fu_219     |    0    |    0    |
|          |        zext_ln87_fu_410       |    0    |    0    |
|          |        zext_ln91_fu_421       |    0    |    0    |
|          |       zext_ln85_1_fu_445      |    0    |    0    |
|          |       zext_ln85_2_fu_449      |    0    |    0    |
|   zext   |       zext_ln91_1_fu_467      |    0    |    0    |
|          | add_ln91_1_mid2_v_cast_fu_484 |    0    |    0    |
|          |       zext_ln91_2_fu_513      |    0    |    0    |
|          |        zext_ln93_fu_538       |    0    |    0    |
|          |       zext_ln91_3_fu_556      |    0    |    0    |
|          |       zext_ln91_4_fu_565      |    0    |    0    |
|          |       zext_ln93_1_fu_577      |    0    |    0    |
|----------|-------------------------------|---------|---------|
|   trunc  |       trunc_ln87_fu_340       |    0    |    0    |
|----------|-------------------------------|---------|---------|
|          |         shl_ln_fu_403         |    0    |    0    |
|          |       shl_ln91_1_fu_414       |    0    |    0    |
|          |      shl_ln91_mid1_fu_431     |    0    |    0    |
|          |     shl_ln91_1_mid1_fu_460    |    0    |    0    |
|bitconcatenate|           tmp_fu_499          |    0    |    0    |
|          |       shl_ln91_2_fu_506       |    0    |    0    |
|          |          tmp_1_fu_523         |    0    |    0    |
|          |          or_ln_fu_531         |    0    |    0    |
|          |          tmp_2_fu_548         |    0    |    0    |
|----------|-------------------------------|---------|---------|
|   Total  |                               |    0    |   566   |
|----------|-------------------------------|---------|---------|

Memories:
N/A

* Register list:
+---------------------------------------------------------------------+--------+
|                                                                     |   FF   |
+---------------------------------------------------------------------+--------+
|                           add_ln85_reg_713                          |    8   |
|                           add_ln87_reg_728                          |    7   |
|                         bound7_read_reg_679                         |   22   |
|                          bound_read_reg_667                         |   14   |
|dpu_conv_top_ap_int_64_64_ap_int_64_3_3_ap_int_ap_int_64_64_2_reg_757|   17   |
|dpu_conv_top_ap_int_64_64_ap_int_64_3_3_ap_int_ap_int_64_64_3_reg_762|   17   |
|dpu_conv_top_ap_int_64_64_ap_int_64_3_3_ap_int_ap_int_64_64_4_reg_767|   17   |
|dpu_conv_top_ap_int_64_64_ap_int_64_3_3_ap_int_ap_int_64_64_5_reg_772|   17   |
|                         first_iter_0_reg_744                        |    1   |
|                         gmem0_addr_1_reg_777                        |    8   |
|                          gmem0_addr_reg_752                         |    8   |
|                          icmp_ln85_reg_689                          |    1   |
|                          icmp_ln87_reg_693                          |    1   |
|                         icmp_ln89_2_reg_748                         |    1   |
|                       indvar_flatten27_reg_655                      |   22   |
|                        indvar_flatten_reg_641                       |   14   |
|                        lshr_ln1_read_reg_672                        |    7   |
|                              m0_reg_783                             |    8   |
|                              m1_reg_789                             |    8   |
|                             oc_1_reg_708                            |    8   |
|                              oc_reg_648                             |    8   |
|                          ofmap_read_reg_662                         |   64   |
|                             oh_1_reg_703                            |    7   |
|                              oh_reg_634                             |    7   |
|                           ow_mid2_reg_733                           |    7   |
|                              ow_reg_627                             |    7   |
|                        select_ln85_3_reg_718                        |    1   |
|                         select_ln87_reg_738                         |    7   |
|                         select_ln98_reg_795                         |    8   |
|                          trunc_ln87_reg_723                         |    6   |
|                        zext_ln85_cast_reg_684                       |   64   |
+---------------------------------------------------------------------+--------+
|                                Total                                |   392  |
+---------------------------------------------------------------------+--------+

* Multiplexer (MUX) list: 
|-------------------|------|------|------|--------||---------||---------||---------|
|        Comp       |  Pin | Size |  BW  | S x BW ||  Delay  ||    FF   ||   LUT   |
|-------------------|------|------|------|--------||---------||---------||---------|
| grp_access_fu_178 |  p0  |   2  |  17  |   34   ||    0    ||    9    |
| grp_access_fu_178 |  p2  |   2  |   0  |    0   ||    0    ||    9    |
| grp_access_fu_188 |  p0  |   2  |  17  |   34   ||    0    ||    9    |
| grp_access_fu_188 |  p2  |   2  |   0  |    0   ||    0    ||    9    |
|-------------------|------|------|------|--------||---------||---------||---------|
|       Total       |      |      |      |   68   ||  6.352  ||    0    ||    36   |
|-------------------|------|------|------|--------||---------||---------||---------|



* Summary:
+-----------+--------+--------+--------+
|           |  Delay |   FF   |   LUT  |
+-----------+--------+--------+--------+
|  Function |    -   |    0   |   566  |
|   Memory  |    -   |    -   |    -   |
|Multiplexer|    6   |    0   |   36   |
|  Register |    -   |   392  |    -   |
+-----------+--------+--------+--------+
|   Total   |    6   |   392  |   602  |
+-----------+--------+--------+--------+
