

================================================================
== Vitis HLS Report for 'conv3x3_relu'
================================================================
* Date:           Mon Sep  7 20:13:30 2026

* Version:        2025.2 (Build 6295257 on Nov 14 2025)
* Project:        dpu_conv_top
* Solution:       hls (Vivado IP Flow Target)
* Product family: zynq
* Target device:  xc7z020-clg400-1


================================================================
== Performance Estimates
================================================================
+ Timing: 
    * Summary: 
    +--------+----------+----------+------------+
    |  Clock |  Target  | Estimated| Uncertainty|
    +--------+----------+----------+------------+
    |ap_clk  |  11.00 ns|  8.030 ns|     2.97 ns|
    +--------+----------+----------+------------+

+ Latency: 
    * Summary: 
    +---------+-----------+----------+-----------+-----+-----------+---------+
    |   Latency (cycles)  |  Latency (absolute)  |     Interval    | Pipeline|
    |   min   |    max    |    min   |    max    | min |    max    |   Type  |
    +---------+-----------+----------+-----------+-----+-----------+---------+
    |      606|  150996801|  6.666 us|  1.661 sec|  606|  150996801|       no|
    +---------+-----------+----------+-----------+-----+-----------+---------+

    + Detail: 
        * Instance: 
        +----------------------------------------------------------+-----------------------------------------------+---------+---------+----------+-----------+-----+-----+-------------------+
        |                                                          |                                               |  Latency (cycles) |  Latency (absolute)  |  Interval |      Pipeline     |
        |                         Instance                         |                     Module                    |   min   |   max   |    min   |    max    | min | max |        Type       |
        +----------------------------------------------------------+-----------------------------------------------+---------+---------+----------+-----------+-----+-----+-------------------+
        |grp_conv3x3_relu_Pipeline_OH_LOOP_OW_LOOP_IC_LOOP_fu_378  |conv3x3_relu_Pipeline_OH_LOOP_OW_LOOP_IC_LOOP  |      592|  2359312|  6.512 us|  25.952 ms|    0|    0|  loop pipeline stp|
        +----------------------------------------------------------+-----------------------------------------------+---------+---------+----------+-----------+-----+-----+-------------------+

        * Loop: 
        +-----------+---------+-----------+---------------+-----------+-----------+--------+----------+
        |           |   Latency (cycles)  |   Iteration   |  Initiation Interval  |  Trip  |          |
        | Loop Name |   min   |    max    |    Latency    |  achieved |   target  |  Count | Pipelined|
        +-----------+---------+-----------+---------------+-----------+-----------+--------+----------+
        |- OC_LOOP  |      605|  150996800|  605 ~ 2359325|          -|          -|  1 ~ 64|        no|
        +-----------+---------+-----------+---------------+-----------+-----------+--------+----------+



================================================================
== Utilization Estimates
================================================================
* Summary: 
+-----------------+---------+-----+--------+-------+-----+
|       Name      | BRAM_18K| DSP |   FF   |  LUT  | URAM|
+-----------------+---------+-----+--------+-------+-----+
|DSP              |        -|    -|       -|      -|    -|
|Expression       |        -|    -|       0|    135|    -|
|FIFO             |        -|    -|       -|      -|    -|
|Instance         |        -|   73|   16631|  21353|    -|
|Memory           |        -|    -|       -|      -|    -|
|Multiplexer      |        -|    -|       0|    128|    -|
|Register         |        -|    -|    1476|      -|    -|
+-----------------+---------+-----+--------+-------+-----+
|Total            |        0|   73|   18107|  21616|    0|
+-----------------+---------+-----+--------+-------+-----+
|Available        |      280|  220|  106400|  53200|    0|
+-----------------+---------+-----+--------+-------+-----+
|Utilization (%)  |        0|   33|      17|     40|    0|
+-----------------+---------+-----+--------+-------+-----+

+ Detail: 
    * Instance: 
    +----------------------------------------------------------+-----------------------------------------------+---------+----+-------+-------+-----+
    |                         Instance                         |                     Module                    | BRAM_18K| DSP|   FF  |  LUT  | URAM|
    +----------------------------------------------------------+-----------------------------------------------+---------+----+-------+-------+-----+
    |grp_conv3x3_relu_Pipeline_OH_LOOP_OW_LOOP_IC_LOOP_fu_378  |conv3x3_relu_Pipeline_OH_LOOP_OW_LOOP_IC_LOOP  |        0|  72|  16631|  21347|    0|
    |mul_8ns_11ns_19_1_1_U130                                  |mul_8ns_11ns_19_1_1                            |        0|   1|      0|      6|    0|
    +----------------------------------------------------------+-----------------------------------------------+---------+----+-------+-------+-----+
    |Total                                                     |                                               |        0|  73|  16631|  21353|    0|
    +----------------------------------------------------------+-----------------------------------------------+---------+----+-------+-------+-----+

    * DSP: 
    N/A

    * Memory: 
    N/A

    * FIFO: 
    N/A

    * Expression: 
    +---------------------------+----------+----+---+----+------------+------------+
    |       Variable Name       | Operation| DSP| FF| LUT| Bitwidth P0| Bitwidth P1|
    +---------------------------+----------+----+---+----+------------+------------+
    |add_ln23_fu_512_p2         |         +|   0|  0|  15|           8|           1|
    |add_ln33_fu_530_p2         |         +|   0|  0|  71|          64|          64|
    |icmp_ln23_fu_507_p2        |      icmp|   0|  0|  15|           8|           8|
    |ap_block_state1            |        or|   0|  0|   2|           1|           1|
    |mac_count_out_0_fu_560_p3  |    select|   0|  0|  32|           1|          32|
    +---------------------------+----------+----+---+----+------------+------------+
    |Total                      |          |   0|  0| 135|          82|         106|
    +---------------------------+----------+----+---+----+------------+------------+

    * Multiplexer: 
    +----------------------------+----+-----------+-----+-----------+
    |            Name            | LUT| Input Size| Bits| Total Bits|
    +----------------------------+----+-----------+-----+-----------+
    |ap_NS_fsm                   |  65|         15|    1|         15|
    |ap_done                     |   9|          2|    1|          2|
    |cycle_count_out_0_fu_202    |   9|          2|   32|         64|
    |gmem1_blk_n_AR              |   9|          2|    1|          2|
    |gmem1_blk_n_R               |   9|          2|    1|          2|
    |mac_count_flag_0_i_reg_366  |   9|          2|    1|          2|
    |mac_count_loc_0_i_fu_194    |   9|          2|   32|         64|
    |oc_fu_190                   |   9|          2|    8|         16|
    +----------------------------+----+-----------+-----+-----------+
    |Total                       | 128|         29|   77|        167|
    +----------------------------+----+-----------+-----+-----------+

    * Register: 
    +-----------------------------------------------------------------------+----+----+-----+-----------+
    |                                  Name                                 | FF | LUT| Bits| Const Bits|
    +-----------------------------------------------------------------------+----+----+-----+-----------+
    |ap_CS_fsm                                                              |  14|   0|   14|          0|
    |ap_done_reg                                                            |   1|   0|    1|          0|
    |bias_read_reg_659                                                      |  64|   0|   64|          0|
    |bound4_reg_761                                                         |  19|   0|   19|          0|
    |cycle_count_out_0_fu_202                                               |  32|   0|   32|          0|
    |cycle_count_out_0_load_reg_791                                         |  32|   0|   32|          0|
    |do_relu_read_reg_631                                                   |   1|   0|    1|          0|
    |gmem1_addr_read_reg_796                                                |  32|   0|   32|          0|
    |gmem1_addr_reg_775                                                     |  64|   0|   64|          0|
    |grp_conv3x3_relu_Pipeline_OH_LOOP_OW_LOOP_IC_LOOP_fu_378_ap_start_reg  |   1|   0|    1|          0|
    |ifmap_0_read_reg_739                                                   |  64|   0|   64|          0|
    |ifmap_1_read_reg_734                                                   |  64|   0|   64|          0|
    |ifmap_2_read_reg_729                                                   |  64|   0|   64|          0|
    |ifmap_3_read_reg_724                                                   |  64|   0|   64|          0|
    |ifmap_4_read_reg_719                                                   |  64|   0|   64|          0|
    |ifmap_5_read_reg_714                                                   |  64|   0|   64|          0|
    |ifmap_6_read_reg_709                                                   |  64|   0|   64|          0|
    |ifmap_7_read_reg_704                                                   |  64|   0|   64|          0|
    |in_ch_read_reg_642                                                     |   8|   0|    8|          0|
    |in_h_read_reg_653                                                      |   8|   0|    8|          0|
    |in_w_read_reg_647                                                      |   8|   0|    8|          0|
    |mac_count_flag_0_i_reg_366                                             |   1|   0|    1|          0|
    |mac_count_loc_0_i_fu_194                                               |  32|   0|   32|          0|
    |mac_count_loc_0_i_load_reg_781                                         |  32|   0|   32|          0|
    |mac_count_new_0_i_fu_198                                               |  32|   0|   32|          0|
    |mac_count_new_0_i_load_reg_786                                         |  32|   0|   32|          0|
    |oc_3_reg_766                                                           |   8|   0|    8|          0|
    |oc_fu_190                                                              |   8|   0|    8|          0|
    |out_ch_read_reg_636                                                    |   8|   0|    8|          0|
    |p_read_cast_reg_744                                                    |   1|   0|   32|         31|
    |shl_ln_reg_755                                                         |   8|   0|   11|          3|
    |trunc_ln23_reg_801                                                     |   6|   0|    6|          0|
    |weight_0_read_reg_699                                                  |  64|   0|   64|          0|
    |weight_1_read_reg_694                                                  |  64|   0|   64|          0|
    |weight_2_read_reg_689                                                  |  64|   0|   64|          0|
    |weight_3_read_reg_684                                                  |  64|   0|   64|          0|
    |weight_4_read_reg_679                                                  |  64|   0|   64|          0|
    |weight_5_read_reg_674                                                  |  64|   0|   64|          0|
    |weight_6_read_reg_669                                                  |  64|   0|   64|          0|
    |weight_7_read_reg_664                                                  |  64|   0|   64|          0|
    +-----------------------------------------------------------------------+----+----+-----+-----------+
    |Total                                                                  |1476|   0| 1510|         34|
    +-----------------------------------------------------------------------+----+----+-----+-----------+



================================================================
== Interface
================================================================
* Summary: 
+----------------------------------------------------------------------------------+-----+-----+------------+-------------------------------------------------------------------------+--------------+
|                                     RTL Ports                                    | Dir | Bits|  Protocol  |                              Source Object                              |    C Type    |
+----------------------------------------------------------------------------------+-----+-----+------------+-------------------------------------------------------------------------+--------------+
|ap_clk                                                                            |   in|    1|  ap_ctrl_hs|                                                             conv3x3_relu|  return value|
|ap_rst                                                                            |   in|    1|  ap_ctrl_hs|                                                             conv3x3_relu|  return value|
|ap_start                                                                          |   in|    1|  ap_ctrl_hs|                                                             conv3x3_relu|  return value|
|ap_done                                                                           |  out|    1|  ap_ctrl_hs|                                                             conv3x3_relu|  return value|
|ap_continue                                                                       |   in|    1|  ap_ctrl_hs|                                                             conv3x3_relu|  return value|
|ap_idle                                                                           |  out|    1|  ap_ctrl_hs|                                                             conv3x3_relu|  return value|
|ap_ready                                                                          |  out|    1|  ap_ctrl_hs|                                                             conv3x3_relu|  return value|
|ap_return_0                                                                       |  out|   32|  ap_ctrl_hs|                                                             conv3x3_relu|  return value|
|ap_return_1                                                                       |  out|   32|  ap_ctrl_hs|                                                             conv3x3_relu|  return value|
|ap_return_2                                                                       |  out|    8|  ap_ctrl_hs|                                                             conv3x3_relu|  return value|
|ap_return_3                                                                       |  out|    8|  ap_ctrl_hs|                                                             conv3x3_relu|  return value|
|ap_return_4                                                                       |  out|    8|  ap_ctrl_hs|                                                             conv3x3_relu|  return value|
|m_axi_gmem0_0_0_AWVALID                                                           |  out|    1|       m_axi|                                                                  gmem0_0|       pointer|
|m_axi_gmem0_0_0_AWREADY                                                           |   in|    1|       m_axi|                                                                  gmem0_0|       pointer|
|m_axi_gmem0_0_0_AWADDR                                                            |  out|   64|       m_axi|                                                                  gmem0_0|       pointer|
|m_axi_gmem0_0_0_AWID                                                              |  out|    1|       m_axi|                                                                  gmem0_0|       pointer|
|m_axi_gmem0_0_0_AWLEN                                                             |  out|   32|       m_axi|                                                                  gmem0_0|       pointer|
|m_axi_gmem0_0_0_AWSIZE                                                            |  out|    3|       m_axi|                                                                  gmem0_0|       pointer|
|m_axi_gmem0_0_0_AWBURST                                                           |  out|    2|       m_axi|                                                                  gmem0_0|       pointer|
|m_axi_gmem0_0_0_AWLOCK                                                            |  out|    2|       m_axi|                                                                  gmem0_0|       pointer|
|m_axi_gmem0_0_0_AWCACHE                                                           |  out|    4|       m_axi|                                                                  gmem0_0|       pointer|
|m_axi_gmem0_0_0_AWPROT                                                            |  out|    3|       m_axi|                                                                  gmem0_0|       pointer|
|m_axi_gmem0_0_0_AWQOS                                                             |  out|    4|       m_axi|                                                                  gmem0_0|       pointer|
|m_axi_gmem0_0_0_AWREGION                                                          |  out|    4|       m_axi|                                                                  gmem0_0|       pointer|
|m_axi_gmem0_0_0_AWUSER                                                            |  out|    1|       m_axi|                                                                  gmem0_0|       pointer|
|m_axi_gmem0_0_0_WVALID                                                            |  out|    1|       m_axi|                                                                  gmem0_0|       pointer|
|m_axi_gmem0_0_0_WREADY                                                            |   in|    1|       m_axi|                                                                  gmem0_0|       pointer|
|m_axi_gmem0_0_0_WDATA                                                             |  out|    8|       m_axi|                                                                  gmem0_0|       pointer|
|m_axi_gmem0_0_0_WSTRB                                                             |  out|    1|       m_axi|                                                                  gmem0_0|       pointer|
|m_axi_gmem0_0_0_WLAST                                                             |  out|    1|       m_axi|                                                                  gmem0_0|       pointer|
|m_axi_gmem0_0_0_WID                                                               |  out|    1|       m_axi|                                                                  gmem0_0|       pointer|
|m_axi_gmem0_0_0_WUSER                                                             |  out|    1|       m_axi|                                                                  gmem0_0|       pointer|
|m_axi_gmem0_0_0_ARVALID                                                           |  out|    1|       m_axi|                                                                  gmem0_0|       pointer|
|m_axi_gmem0_0_0_ARREADY                                                           |   in|    1|       m_axi|                                                                  gmem0_0|       pointer|
|m_axi_gmem0_0_0_ARADDR                                                            |  out|   64|       m_axi|                                                                  gmem0_0|       pointer|
|m_axi_gmem0_0_0_ARID                                                              |  out|    1|       m_axi|                                                                  gmem0_0|       pointer|
|m_axi_gmem0_0_0_ARLEN                                                             |  out|   32|       m_axi|                                                                  gmem0_0|       pointer|
|m_axi_gmem0_0_0_ARSIZE                                                            |  out|    3|       m_axi|                                                                  gmem0_0|       pointer|
|m_axi_gmem0_0_0_ARBURST                                                           |  out|    2|       m_axi|                                                                  gmem0_0|       pointer|
|m_axi_gmem0_0_0_ARLOCK                                                            |  out|    2|       m_axi|                                                                  gmem0_0|       pointer|
|m_axi_gmem0_0_0_ARCACHE                                                           |  out|    4|       m_axi|                                                                  gmem0_0|       pointer|
|m_axi_gmem0_0_0_ARPROT                                                            |  out|    3|       m_axi|                                                                  gmem0_0|       pointer|
|m_axi_gmem0_0_0_ARQOS                                                             |  out|    4|       m_axi|                                                                  gmem0_0|       pointer|
|m_axi_gmem0_0_0_ARREGION                                                          |  out|    4|       m_axi|                                                                  gmem0_0|       pointer|
|m_axi_gmem0_0_0_ARUSER                                                            |  out|    1|       m_axi|                                                                  gmem0_0|       pointer|
|m_axi_gmem0_0_0_RVALID                                                            |   in|    1|       m_axi|                                                                  gmem0_0|       pointer|
|m_axi_gmem0_0_0_RREADY                                                            |  out|    1|       m_axi|                                                                  gmem0_0|       pointer|
|m_axi_gmem0_0_0_RDATA                                                             |   in|    8|       m_axi|                                                                  gmem0_0|       pointer|
|m_axi_gmem0_0_0_RLAST                                                             |   in|    1|       m_axi|                                                                  gmem0_0|       pointer|
|m_axi_gmem0_0_0_RID                                                               |   in|    1|       m_axi|                                                                  gmem0_0|       pointer|
|m_axi_gmem0_0_0_RFIFONUM                                                          |   in|   11|       m_axi|                                                                  gmem0_0|       pointer|
|m_axi_gmem0_0_0_RUSER                                                             |   in|    1|       m_axi|                                                                  gmem0_0|       pointer|
|m_axi_gmem0_0_0_RRESP                                                             |   in|    2|       m_axi|                                                                  gmem0_0|       pointer|
|m_axi_gmem0_0_0_BVALID                                                            |   in|    1|       m_axi|                                                                  gmem0_0|       pointer|
|m_axi_gmem0_0_0_BREADY                                                            |  out|    1|       m_axi|                                                                  gmem0_0|       pointer|
|m_axi_gmem0_0_0_BRESP                                                             |   in|    2|       m_axi|                                                                  gmem0_0|       pointer|
|m_axi_gmem0_0_0_BID                                                               |   in|    1|       m_axi|                                                                  gmem0_0|       pointer|
|m_axi_gmem0_0_0_BUSER                                                             |   in|    1|       m_axi|                                                                  gmem0_0|       pointer|
|ifmap_0                                                                           |   in|   64|     ap_none|                                                                  ifmap_0|        scalar|
|m_axi_gmem0_1_0_AWVALID                                                           |  out|    1|       m_axi|                                                                  gmem0_1|       pointer|
|m_axi_gmem0_1_0_AWREADY                                                           |   in|    1|       m_axi|                                                                  gmem0_1|       pointer|
|m_axi_gmem0_1_0_AWADDR                                                            |  out|   64|       m_axi|                                                                  gmem0_1|       pointer|
|m_axi_gmem0_1_0_AWID                                                              |  out|    1|       m_axi|                                                                  gmem0_1|       pointer|
|m_axi_gmem0_1_0_AWLEN                                                             |  out|   32|       m_axi|                                                                  gmem0_1|       pointer|
|m_axi_gmem0_1_0_AWSIZE                                                            |  out|    3|       m_axi|                                                                  gmem0_1|       pointer|
|m_axi_gmem0_1_0_AWBURST                                                           |  out|    2|       m_axi|                                                                  gmem0_1|       pointer|
|m_axi_gmem0_1_0_AWLOCK                                                            |  out|    2|       m_axi|                                                                  gmem0_1|       pointer|
|m_axi_gmem0_1_0_AWCACHE                                                           |  out|    4|       m_axi|                                                                  gmem0_1|       pointer|
|m_axi_gmem0_1_0_AWPROT                                                            |  out|    3|       m_axi|                                                                  gmem0_1|       pointer|
|m_axi_gmem0_1_0_AWQOS                                                             |  out|    4|       m_axi|                                                                  gmem0_1|       pointer|
|m_axi_gmem0_1_0_AWREGION                                                          |  out|    4|       m_axi|                                                                  gmem0_1|       pointer|
|m_axi_gmem0_1_0_AWUSER                                                            |  out|    1|       m_axi|                                                                  gmem0_1|       pointer|
|m_axi_gmem0_1_0_WVALID                                                            |  out|    1|       m_axi|                                                                  gmem0_1|       pointer|
|m_axi_gmem0_1_0_WREADY                                                            |   in|    1|       m_axi|                                                                  gmem0_1|       pointer|
|m_axi_gmem0_1_0_WDATA                                                             |  out|    8|       m_axi|                                                                  gmem0_1|       pointer|
|m_axi_gmem0_1_0_WSTRB                                                             |  out|    1|       m_axi|                                                                  gmem0_1|       pointer|
|m_axi_gmem0_1_0_WLAST                                                             |  out|    1|       m_axi|                                                                  gmem0_1|       pointer|
|m_axi_gmem0_1_0_WID                                                               |  out|    1|       m_axi|                                                                  gmem0_1|       pointer|
|m_axi_gmem0_1_0_WUSER                                                             |  out|    1|       m_axi|                                                                  gmem0_1|       pointer|
|m_axi_gmem0_1_0_ARVALID                                                           |  out|    1|       m_axi|                                                                  gmem0_1|       pointer|
|m_axi_gmem0_1_0_ARREADY                                                           |   in|    1|       m_axi|                                                                  gmem0_1|       pointer|
|m_axi_gmem0_1_0_ARADDR                                                            |  out|   64|       m_axi|                                                                  gmem0_1|       pointer|
|m_axi_gmem0_1_0_ARID                                                              |  out|    1|       m_axi|                                                                  gmem0_1|       pointer|
|m_axi_gmem0_1_0_ARLEN                                                             |  out|   32|       m_axi|                                                                  gmem0_1|       pointer|
|m_axi_gmem0_1_0_ARSIZE                                                            |  out|    3|       m_axi|                                                                  gmem0_1|       pointer|
|m_axi_gmem0_1_0_ARBURST                                                           |  out|    2|       m_axi|                                                                  gmem0_1|       pointer|
|m_axi_gmem0_1_0_ARLOCK                                                            |  out|    2|       m_axi|                                                                  gmem0_1|       pointer|
|m_axi_gmem0_1_0_ARCACHE                                                           |  out|    4|       m_axi|                                                                  gmem0_1|       pointer|
|m_axi_gmem0_1_0_ARPROT                                                            |  out|    3|       m_axi|                                                                  gmem0_1|       pointer|
|m_axi_gmem0_1_0_ARQOS                                                             |  out|    4|       m_axi|                                                                  gmem0_1|       pointer|
|m_axi_gmem0_1_0_ARREGION                                                          |  out|    4|       m_axi|                                                                  gmem0_1|       pointer|
|m_axi_gmem0_1_0_ARUSER                                                            |  out|    1|       m_axi|                                                                  gmem0_1|       pointer|
|m_axi_gmem0_1_0_RVALID                                                            |   in|    1|       m_axi|                                                                  gmem0_1|       pointer|
|m_axi_gmem0_1_0_RREADY                                                            |  out|    1|       m_axi|                                                                  gmem0_1|       pointer|
|m_axi_gmem0_1_0_RDATA                                                             |   in|    8|       m_axi|                                                                  gmem0_1|       pointer|
|m_axi_gmem0_1_0_RLAST                                                             |   in|    1|       m_axi|                                                                  gmem0_1|       pointer|
|m_axi_gmem0_1_0_RID                                                               |   in|    1|       m_axi|                                                                  gmem0_1|       pointer|
|m_axi_gmem0_1_0_RFIFONUM                                                          |   in|   11|       m_axi|                                                                  gmem0_1|       pointer|
|m_axi_gmem0_1_0_RUSER                                                             |   in|    1|       m_axi|                                                                  gmem0_1|       pointer|
|m_axi_gmem0_1_0_RRESP                                                             |   in|    2|       m_axi|                                                                  gmem0_1|       pointer|
|m_axi_gmem0_1_0_BVALID                                                            |   in|    1|       m_axi|                                                                  gmem0_1|       pointer|
|m_axi_gmem0_1_0_BREADY                                                            |  out|    1|       m_axi|                                                                  gmem0_1|       pointer|
|m_axi_gmem0_1_0_BRESP                                                             |   in|    2|       m_axi|                                                                  gmem0_1|       pointer|
|m_axi_gmem0_1_0_BID                                                               |   in|    1|       m_axi|                                                                  gmem0_1|       pointer|
|m_axi_gmem0_1_0_BUSER                                                             |   in|    1|       m_axi|                                                                  gmem0_1|       pointer|
|ifmap_1                                                                           |   in|   64|     ap_none|                                                                  ifmap_1|        scalar|
|m_axi_gmem0_2_0_AWVALID                                                           |  out|    1|       m_axi|                                                                  gmem0_2|       pointer|
|m_axi_gmem0_2_0_AWREADY                                                           |   in|    1|       m_axi|                                                                  gmem0_2|       pointer|
|m_axi_gmem0_2_0_AWADDR                                                            |  out|   64|       m_axi|                                                                  gmem0_2|       pointer|
|m_axi_gmem0_2_0_AWID                                                              |  out|    1|       m_axi|                                                                  gmem0_2|       pointer|
|m_axi_gmem0_2_0_AWLEN                                                             |  out|   32|       m_axi|                                                                  gmem0_2|       pointer|
|m_axi_gmem0_2_0_AWSIZE                                                            |  out|    3|       m_axi|                                                                  gmem0_2|       pointer|
|m_axi_gmem0_2_0_AWBURST                                                           |  out|    2|       m_axi|                                                                  gmem0_2|       pointer|
|m_axi_gmem0_2_0_AWLOCK                                                            |  out|    2|       m_axi|                                                                  gmem0_2|       pointer|
|m_axi_gmem0_2_0_AWCACHE                                                           |  out|    4|       m_axi|                                                                  gmem0_2|       pointer|
|m_axi_gmem0_2_0_AWPROT                                                            |  out|    3|       m_axi|                                                                  gmem0_2|       pointer|
|m_axi_gmem0_2_0_AWQOS                                                             |  out|    4|       m_axi|                                                                  gmem0_2|       pointer|
|m_axi_gmem0_2_0_AWREGION                                                          |  out|    4|       m_axi|                                                                  gmem0_2|       pointer|
|m_axi_gmem0_2_0_AWUSER                                                            |  out|    1|       m_axi|                                                                  gmem0_2|       pointer|
|m_axi_gmem0_2_0_WVALID                                                            |  out|    1|       m_axi|                                                                  gmem0_2|       pointer|
|m_axi_gmem0_2_0_WREADY                                                            |   in|    1|       m_axi|                                                                  gmem0_2|       pointer|
|m_axi_gmem0_2_0_WDATA                                                             |  out|    8|       m_axi|                                                                  gmem0_2|       pointer|
|m_axi_gmem0_2_0_WSTRB                                                             |  out|    1|       m_axi|                                                                  gmem0_2|       pointer|
|m_axi_gmem0_2_0_WLAST                                                             |  out|    1|       m_axi|                                                                  gmem0_2|       pointer|
|m_axi_gmem0_2_0_WID                                                               |  out|    1|       m_axi|                                                                  gmem0_2|       pointer|
|m_axi_gmem0_2_0_WUSER                                                             |  out|    1|       m_axi|                                                                  gmem0_2|       pointer|
|m_axi_gmem0_2_0_ARVALID                                                           |  out|    1|       m_axi|                                                                  gmem0_2|       pointer|
|m_axi_gmem0_2_0_ARREADY                                                           |   in|    1|       m_axi|                                                                  gmem0_2|       pointer|
|m_axi_gmem0_2_0_ARADDR                                                            |  out|   64|       m_axi|                                                                  gmem0_2|       pointer|
|m_axi_gmem0_2_0_ARID                                                              |  out|    1|       m_axi|                                                                  gmem0_2|       pointer|
|m_axi_gmem0_2_0_ARLEN                                                             |  out|   32|       m_axi|                                                                  gmem0_2|       pointer|
|m_axi_gmem0_2_0_ARSIZE                                                            |  out|    3|       m_axi|                                                                  gmem0_2|       pointer|
|m_axi_gmem0_2_0_ARBURST                                                           |  out|    2|       m_axi|                                                                  gmem0_2|       pointer|
|m_axi_gmem0_2_0_ARLOCK                                                            |  out|    2|       m_axi|                                                                  gmem0_2|       pointer|
|m_axi_gmem0_2_0_ARCACHE                                                           |  out|    4|       m_axi|                                                                  gmem0_2|       pointer|
|m_axi_gmem0_2_0_ARPROT                                                            |  out|    3|       m_axi|                                                                  gmem0_2|       pointer|
|m_axi_gmem0_2_0_ARQOS                                                             |  out|    4|       m_axi|                                                                  gmem0_2|       pointer|
|m_axi_gmem0_2_0_ARREGION                                                          |  out|    4|       m_axi|                                                                  gmem0_2|       pointer|
|m_axi_gmem0_2_0_ARUSER                                                            |  out|    1|       m_axi|                                                                  gmem0_2|       pointer|
|m_axi_gmem0_2_0_RVALID                                                            |   in|    1|       m_axi|                                                                  gmem0_2|       pointer|
|m_axi_gmem0_2_0_RREADY                                                            |  out|    1|       m_axi|                                                                  gmem0_2|       pointer|
|m_axi_gmem0_2_0_RDATA                                                             |   in|    8|       m_axi|                                                                  gmem0_2|       pointer|
|m_axi_gmem0_2_0_RLAST                                                             |   in|    1|       m_axi|                                                                  gmem0_2|       pointer|
|m_axi_gmem0_2_0_RID                                                               |   in|    1|       m_axi|                                                                  gmem0_2|       pointer|
|m_axi_gmem0_2_0_RFIFONUM                                                          |   in|   11|       m_axi|                                                                  gmem0_2|       pointer|
|m_axi_gmem0_2_0_RUSER                                                             |   in|    1|       m_axi|                                                                  gmem0_2|       pointer|
|m_axi_gmem0_2_0_RRESP                                                             |   in|    2|       m_axi|                                                                  gmem0_2|       pointer|
|m_axi_gmem0_2_0_BVALID                                                            |   in|    1|       m_axi|                                                                  gmem0_2|       pointer|
|m_axi_gmem0_2_0_BREADY                                                            |  out|    1|       m_axi|                                                                  gmem0_2|       pointer|
|m_axi_gmem0_2_0_BRESP                                                             |   in|    2|       m_axi|                                                                  gmem0_2|       pointer|
|m_axi_gmem0_2_0_BID                                                               |   in|    1|       m_axi|                                                                  gmem0_2|       pointer|
|m_axi_gmem0_2_0_BUSER                                                             |   in|    1|       m_axi|                                                                  gmem0_2|       pointer|
|ifmap_2                                                                           |   in|   64|     ap_none|                                                                  ifmap_2|        scalar|
|m_axi_gmem0_3_0_AWVALID                                                           |  out|    1|       m_axi|                                                                  gmem0_3|       pointer|
|m_axi_gmem0_3_0_AWREADY                                                           |   in|    1|       m_axi|                                                                  gmem0_3|       pointer|
|m_axi_gmem0_3_0_AWADDR                                                            |  out|   64|       m_axi|                                                                  gmem0_3|       pointer|
|m_axi_gmem0_3_0_AWID                                                              |  out|    1|       m_axi|                                                                  gmem0_3|       pointer|
|m_axi_gmem0_3_0_AWLEN                                                             |  out|   32|       m_axi|                                                                  gmem0_3|       pointer|
|m_axi_gmem0_3_0_AWSIZE                                                            |  out|    3|       m_axi|                                                                  gmem0_3|       pointer|
|m_axi_gmem0_3_0_AWBURST                                                           |  out|    2|       m_axi|                                                                  gmem0_3|       pointer|
|m_axi_gmem0_3_0_AWLOCK                                                            |  out|    2|       m_axi|                                                                  gmem0_3|       pointer|
|m_axi_gmem0_3_0_AWCACHE                                                           |  out|    4|       m_axi|                                                                  gmem0_3|       pointer|
|m_axi_gmem0_3_0_AWPROT                                                            |  out|    3|       m_axi|                                                                  gmem0_3|       pointer|
|m_axi_gmem0_3_0_AWQOS                                                             |  out|    4|       m_axi|                                                                  gmem0_3|       pointer|
|m_axi_gmem0_3_0_AWREGION                                                          |  out|    4|       m_axi|                                                                  gmem0_3|       pointer|
|m_axi_gmem0_3_0_AWUSER                                                            |  out|    1|       m_axi|                                                                  gmem0_3|       pointer|
|m_axi_gmem0_3_0_WVALID                                                            |  out|    1|       m_axi|                                                                  gmem0_3|       pointer|
|m_axi_gmem0_3_0_WREADY                                                            |   in|    1|       m_axi|                                                                  gmem0_3|       pointer|
|m_axi_gmem0_3_0_WDATA                                                             |  out|    8|       m_axi|                                                                  gmem0_3|       pointer|
|m_axi_gmem0_3_0_WSTRB                                                             |  out|    1|       m_axi|                                                                  gmem0_3|       pointer|
|m_axi_gmem0_3_0_WLAST                                                             |  out|    1|       m_axi|                                                                  gmem0_3|       pointer|
|m_axi_gmem0_3_0_WID                                                               |  out|    1|       m_axi|                                                                  gmem0_3|       pointer|
|m_axi_gmem0_3_0_WUSER                                                             |  out|    1|       m_axi|                                                                  gmem0_3|       pointer|
|m_axi_gmem0_3_0_ARVALID                                                           |  out|    1|       m_axi|                                                                  gmem0_3|       pointer|
|m_axi_gmem0_3_0_ARREADY                                                           |   in|    1|       m_axi|                                                                  gmem0_3|       pointer|
|m_axi_gmem0_3_0_ARADDR                                                            |  out|   64|       m_axi|                                                                  gmem0_3|       pointer|
|m_axi_gmem0_3_0_ARID                                                              |  out|    1|       m_axi|                                                                  gmem0_3|       pointer|
|m_axi_gmem0_3_0_ARLEN                                                             |  out|   32|       m_axi|                                                                  gmem0_3|       pointer|
|m_axi_gmem0_3_0_ARSIZE                                                            |  out|    3|       m_axi|                                                                  gmem0_3|       pointer|
|m_axi_gmem0_3_0_ARBURST                                                           |  out|    2|       m_axi|                                                                  gmem0_3|       pointer|
|m_axi_gmem0_3_0_ARLOCK                                                            |  out|    2|       m_axi|                                                                  gmem0_3|       pointer|
|m_axi_gmem0_3_0_ARCACHE                                                           |  out|    4|       m_axi|                                                                  gmem0_3|       pointer|
|m_axi_gmem0_3_0_ARPROT                                                            |  out|    3|       m_axi|                                                                  gmem0_3|       pointer|
|m_axi_gmem0_3_0_ARQOS                                                             |  out|    4|       m_axi|                                                                  gmem0_3|       pointer|
|m_axi_gmem0_3_0_ARREGION                                                          |  out|    4|       m_axi|                                                                  gmem0_3|       pointer|
|m_axi_gmem0_3_0_ARUSER                                                            |  out|    1|       m_axi|                                                                  gmem0_3|       pointer|
|m_axi_gmem0_3_0_RVALID                                                            |   in|    1|       m_axi|                                                                  gmem0_3|       pointer|
|m_axi_gmem0_3_0_RREADY                                                            |  out|    1|       m_axi|                                                                  gmem0_3|       pointer|
|m_axi_gmem0_3_0_RDATA                                                             |   in|    8|       m_axi|                                                                  gmem0_3|       pointer|
|m_axi_gmem0_3_0_RLAST                                                             |   in|    1|       m_axi|                                                                  gmem0_3|       pointer|
|m_axi_gmem0_3_0_RID                                                               |   in|    1|       m_axi|                                                                  gmem0_3|       pointer|
|m_axi_gmem0_3_0_RFIFONUM                                                          |   in|   11|       m_axi|                                                                  gmem0_3|       pointer|
|m_axi_gmem0_3_0_RUSER                                                             |   in|    1|       m_axi|                                                                  gmem0_3|       pointer|
|m_axi_gmem0_3_0_RRESP                                                             |   in|    2|       m_axi|                                                                  gmem0_3|       pointer|
|m_axi_gmem0_3_0_BVALID                                                            |   in|    1|       m_axi|                                                                  gmem0_3|       pointer|
|m_axi_gmem0_3_0_BREADY                                                            |  out|    1|       m_axi|                                                                  gmem0_3|       pointer|
|m_axi_gmem0_3_0_BRESP                                                             |   in|    2|       m_axi|                                                                  gmem0_3|       pointer|
|m_axi_gmem0_3_0_BID                                                               |   in|    1|       m_axi|                                                                  gmem0_3|       pointer|
|m_axi_gmem0_3_0_BUSER                                                             |   in|    1|       m_axi|                                                                  gmem0_3|       pointer|
|ifmap_3                                                                           |   in|   64|     ap_none|                                                                  ifmap_3|        scalar|
|m_axi_gmem0_4_0_AWVALID                                                           |  out|    1|       m_axi|                                                                  gmem0_4|       pointer|
|m_axi_gmem0_4_0_AWREADY                                                           |   in|    1|       m_axi|                                                                  gmem0_4|       pointer|
|m_axi_gmem0_4_0_AWADDR                                                            |  out|   64|       m_axi|                                                                  gmem0_4|       pointer|
|m_axi_gmem0_4_0_AWID                                                              |  out|    1|       m_axi|                                                                  gmem0_4|       pointer|
|m_axi_gmem0_4_0_AWLEN                                                             |  out|   32|       m_axi|                                                                  gmem0_4|       pointer|
|m_axi_gmem0_4_0_AWSIZE                                                            |  out|    3|       m_axi|                                                                  gmem0_4|       pointer|
|m_axi_gmem0_4_0_AWBURST                                                           |  out|    2|       m_axi|                                                                  gmem0_4|       pointer|
|m_axi_gmem0_4_0_AWLOCK                                                            |  out|    2|       m_axi|                                                                  gmem0_4|       pointer|
|m_axi_gmem0_4_0_AWCACHE                                                           |  out|    4|       m_axi|                                                                  gmem0_4|       pointer|
|m_axi_gmem0_4_0_AWPROT                                                            |  out|    3|       m_axi|                                                                  gmem0_4|       pointer|
|m_axi_gmem0_4_0_AWQOS                                                             |  out|    4|       m_axi|                                                                  gmem0_4|       pointer|
|m_axi_gmem0_4_0_AWREGION                                                          |  out|    4|       m_axi|                                                                  gmem0_4|       pointer|
|m_axi_gmem0_4_0_AWUSER                                                            |  out|    1|       m_axi|                                                                  gmem0_4|       pointer|
|m_axi_gmem0_4_0_WVALID                                                            |  out|    1|       m_axi|                                                                  gmem0_4|       pointer|
|m_axi_gmem0_4_0_WREADY                                                            |   in|    1|       m_axi|                                                                  gmem0_4|       pointer|
|m_axi_gmem0_4_0_WDATA                                                             |  out|    8|       m_axi|                                                                  gmem0_4|       pointer|
|m_axi_gmem0_4_0_WSTRB                                                             |  out|    1|       m_axi|                                                                  gmem0_4|       pointer|
|m_axi_gmem0_4_0_WLAST                                                             |  out|    1|       m_axi|                                                                  gmem0_4|       pointer|
|m_axi_gmem0_4_0_WID                                                               |  out|    1|       m_axi|                                                                  gmem0_4|       pointer|
|m_axi_gmem0_4_0_WUSER                                                             |  out|    1|       m_axi|                                                                  gmem0_4|       pointer|
|m_axi_gmem0_4_0_ARVALID                                                           |  out|    1|       m_axi|                                                                  gmem0_4|       pointer|
|m_axi_gmem0_4_0_ARREADY                                                           |   in|    1|       m_axi|                                                                  gmem0_4|       pointer|
|m_axi_gmem0_4_0_ARADDR                                                            |  out|   64|       m_axi|                                                                  gmem0_4|       pointer|
|m_axi_gmem0_4_0_ARID                                                              |  out|    1|       m_axi|                                                                  gmem0_4|       pointer|
|m_axi_gmem0_4_0_ARLEN                                                             |  out|   32|       m_axi|                                                                  gmem0_4|       pointer|
|m_axi_gmem0_4_0_ARSIZE                                                            |  out|    3|       m_axi|                                                                  gmem0_4|       pointer|
|m_axi_gmem0_4_0_ARBURST                                                           |  out|    2|       m_axi|                                                                  gmem0_4|       pointer|
|m_axi_gmem0_4_0_ARLOCK                                                            |  out|    2|       m_axi|                                                                  gmem0_4|       pointer|
|m_axi_gmem0_4_0_ARCACHE                                                           |  out|    4|       m_axi|                                                                  gmem0_4|       pointer|
|m_axi_gmem0_4_0_ARPROT                                                            |  out|    3|       m_axi|                                                                  gmem0_4|       pointer|
|m_axi_gmem0_4_0_ARQOS                                                             |  out|    4|       m_axi|                                                                  gmem0_4|       pointer|
|m_axi_gmem0_4_0_ARREGION                                                          |  out|    4|       m_axi|                                                                  gmem0_4|       pointer|
|m_axi_gmem0_4_0_ARUSER                                                            |  out|    1|       m_axi|                                                                  gmem0_4|       pointer|
|m_axi_gmem0_4_0_RVALID                                                            |   in|    1|       m_axi|                                                                  gmem0_4|       pointer|
|m_axi_gmem0_4_0_RREADY                                                            |  out|    1|       m_axi|                                                                  gmem0_4|       pointer|
|m_axi_gmem0_4_0_RDATA                                                             |   in|    8|       m_axi|                                                                  gmem0_4|       pointer|
|m_axi_gmem0_4_0_RLAST                                                             |   in|    1|       m_axi|                                                                  gmem0_4|       pointer|
|m_axi_gmem0_4_0_RID                                                               |   in|    1|       m_axi|                                                                  gmem0_4|       pointer|
|m_axi_gmem0_4_0_RFIFONUM                                                          |   in|   11|       m_axi|                                                                  gmem0_4|       pointer|
|m_axi_gmem0_4_0_RUSER                                                             |   in|    1|       m_axi|                                                                  gmem0_4|       pointer|
|m_axi_gmem0_4_0_RRESP                                                             |   in|    2|       m_axi|                                                                  gmem0_4|       pointer|
|m_axi_gmem0_4_0_BVALID                                                            |   in|    1|       m_axi|                                                                  gmem0_4|       pointer|
|m_axi_gmem0_4_0_BREADY                                                            |  out|    1|       m_axi|                                                                  gmem0_4|       pointer|
|m_axi_gmem0_4_0_BRESP                                                             |   in|    2|       m_axi|                                                                  gmem0_4|       pointer|
|m_axi_gmem0_4_0_BID                                                               |   in|    1|       m_axi|                                                                  gmem0_4|       pointer|
|m_axi_gmem0_4_0_BUSER                                                             |   in|    1|       m_axi|                                                                  gmem0_4|       pointer|
|ifmap_4                                                                           |   in|   64|     ap_none|                                                                  ifmap_4|        scalar|
|m_axi_gmem0_5_0_AWVALID                                                           |  out|    1|       m_axi|                                                                  gmem0_5|       pointer|
|m_axi_gmem0_5_0_AWREADY                                                           |   in|    1|       m_axi|                                                                  gmem0_5|       pointer|
|m_axi_gmem0_5_0_AWADDR                                                            |  out|   64|       m_axi|                                                                  gmem0_5|       pointer|
|m_axi_gmem0_5_0_AWID                                                              |  out|    1|       m_axi|                                                                  gmem0_5|       pointer|
|m_axi_gmem0_5_0_AWLEN                                                             |  out|   32|       m_axi|                                                                  gmem0_5|       pointer|
|m_axi_gmem0_5_0_AWSIZE                                                            |  out|    3|       m_axi|                                                                  gmem0_5|       pointer|
|m_axi_gmem0_5_0_AWBURST                                                           |  out|    2|       m_axi|                                                                  gmem0_5|       pointer|
|m_axi_gmem0_5_0_AWLOCK                                                            |  out|    2|       m_axi|                                                                  gmem0_5|       pointer|
|m_axi_gmem0_5_0_AWCACHE                                                           |  out|    4|       m_axi|                                                                  gmem0_5|       pointer|
|m_axi_gmem0_5_0_AWPROT                                                            |  out|    3|       m_axi|                                                                  gmem0_5|       pointer|
|m_axi_gmem0_5_0_AWQOS                                                             |  out|    4|       m_axi|                                                                  gmem0_5|       pointer|
|m_axi_gmem0_5_0_AWREGION                                                          |  out|    4|       m_axi|                                                                  gmem0_5|       pointer|
|m_axi_gmem0_5_0_AWUSER                                                            |  out|    1|       m_axi|                                                                  gmem0_5|       pointer|
|m_axi_gmem0_5_0_WVALID                                                            |  out|    1|       m_axi|                                                                  gmem0_5|       pointer|
|m_axi_gmem0_5_0_WREADY                                                            |   in|    1|       m_axi|                                                                  gmem0_5|       pointer|
|m_axi_gmem0_5_0_WDATA                                                             |  out|    8|       m_axi|                                                                  gmem0_5|       pointer|
|m_axi_gmem0_5_0_WSTRB                                                             |  out|    1|       m_axi|                                                                  gmem0_5|       pointer|
|m_axi_gmem0_5_0_WLAST                                                             |  out|    1|       m_axi|                                                                  gmem0_5|       pointer|
|m_axi_gmem0_5_0_WID                                                               |  out|    1|       m_axi|                                                                  gmem0_5|       pointer|
|m_axi_gmem0_5_0_WUSER                                                             |  out|    1|       m_axi|                                                                  gmem0_5|       pointer|
|m_axi_gmem0_5_0_ARVALID                                                           |  out|    1|       m_axi|                                                                  gmem0_5|       pointer|
|m_axi_gmem0_5_0_ARREADY                                                           |   in|    1|       m_axi|                                                                  gmem0_5|       pointer|
|m_axi_gmem0_5_0_ARADDR                                                            |  out|   64|       m_axi|                                                                  gmem0_5|       pointer|
|m_axi_gmem0_5_0_ARID                                                              |  out|    1|       m_axi|                                                                  gmem0_5|       pointer|
|m_axi_gmem0_5_0_ARLEN                                                             |  out|   32|       m_axi|                                                                  gmem0_5|       pointer|
|m_axi_gmem0_5_0_ARSIZE                                                            |  out|    3|       m_axi|                                                                  gmem0_5|       pointer|
|m_axi_gmem0_5_0_ARBURST                                                           |  out|    2|       m_axi|                                                                  gmem0_5|       pointer|
|m_axi_gmem0_5_0_ARLOCK                                                            |  out|    2|       m_axi|                                                                  gmem0_5|       pointer|
|m_axi_gmem0_5_0_ARCACHE                                                           |  out|    4|       m_axi|                                                                  gmem0_5|       pointer|
|m_axi_gmem0_5_0_ARPROT                                                            |  out|    3|       m_axi|                                                                  gmem0_5|       pointer|
|m_axi_gmem0_5_0_ARQOS                                                             |  out|    4|       m_axi|                                                                  gmem0_5|       pointer|
|m_axi_gmem0_5_0_ARREGION                                                          |  out|    4|       m_axi|                                                                  gmem0_5|       pointer|
|m_axi_gmem0_5_0_ARUSER                                                            |  out|    1|       m_axi|                                                                  gmem0_5|       pointer|
|m_axi_gmem0_5_0_RVALID                                                            |   in|    1|       m_axi|                                                                  gmem0_5|       pointer|
|m_axi_gmem0_5_0_RREADY                                                            |  out|    1|       m_axi|                                                                  gmem0_5|       pointer|
|m_axi_gmem0_5_0_RDATA                                                             |   in|    8|       m_axi|                                                                  gmem0_5|       pointer|
|m_axi_gmem0_5_0_RLAST                                                             |   in|    1|       m_axi|                                                                  gmem0_5|       pointer|
|m_axi_gmem0_5_0_RID                                                               |   in|    1|       m_axi|                                                                  gmem0_5|       pointer|
|m_axi_gmem0_5_0_RFIFONUM                                                          |   in|   11|       m_axi|                                                                  gmem0_5|       pointer|
|m_axi_gmem0_5_0_RUSER                                                             |   in|    1|       m_axi|                                                                  gmem0_5|       pointer|
|m_axi_gmem0_5_0_RRESP                                                             |   in|    2|       m_axi|                                                                  gmem0_5|       pointer|
|m_axi_gmem0_5_0_BVALID                                                            |   in|    1|       m_axi|                                                                  gmem0_5|       pointer|
|m_axi_gmem0_5_0_BREADY                                                            |  out|    1|       m_axi|                                                                  gmem0_5|       pointer|
|m_axi_gmem0_5_0_BRESP                                                             |   in|    2|       m_axi|                                                                  gmem0_5|       pointer|
|m_axi_gmem0_5_0_BID                                                               |   in|    1|       m_axi|                                                                  gmem0_5|       pointer|
|m_axi_gmem0_5_0_BUSER                                                             |   in|    1|       m_axi|                                                                  gmem0_5|       pointer|
|ifmap_5                                                                           |   in|   64|     ap_none|                                                                  ifmap_5|        scalar|
|m_axi_gmem0_6_0_AWVALID                                                           |  out|    1|       m_axi|                                                                  gmem0_6|       pointer|
|m_axi_gmem0_6_0_AWREADY                                                           |   in|    1|       m_axi|                                                                  gmem0_6|       pointer|
|m_axi_gmem0_6_0_AWADDR                                                            |  out|   64|       m_axi|                                                                  gmem0_6|       pointer|
|m_axi_gmem0_6_0_AWID                                                              |  out|    1|       m_axi|                                                                  gmem0_6|       pointer|
|m_axi_gmem0_6_0_AWLEN                                                             |  out|   32|       m_axi|                                                                  gmem0_6|       pointer|
|m_axi_gmem0_6_0_AWSIZE                                                            |  out|    3|       m_axi|                                                                  gmem0_6|       pointer|
|m_axi_gmem0_6_0_AWBURST                                                           |  out|    2|       m_axi|                                                                  gmem0_6|       pointer|
|m_axi_gmem0_6_0_AWLOCK                                                            |  out|    2|       m_axi|                                                                  gmem0_6|       pointer|
|m_axi_gmem0_6_0_AWCACHE                                                           |  out|    4|       m_axi|                                                                  gmem0_6|       pointer|
|m_axi_gmem0_6_0_AWPROT                                                            |  out|    3|       m_axi|                                                                  gmem0_6|       pointer|
|m_axi_gmem0_6_0_AWQOS                                                             |  out|    4|       m_axi|                                                                  gmem0_6|       pointer|
|m_axi_gmem0_6_0_AWREGION                                                          |  out|    4|       m_axi|                                                                  gmem0_6|       pointer|
|m_axi_gmem0_6_0_AWUSER                                                            |  out|    1|       m_axi|                                                                  gmem0_6|       pointer|
|m_axi_gmem0_6_0_WVALID                                                            |  out|    1|       m_axi|                                                                  gmem0_6|       pointer|
|m_axi_gmem0_6_0_WREADY                                                            |   in|    1|       m_axi|                                                                  gmem0_6|       pointer|
|m_axi_gmem0_6_0_WDATA                                                             |  out|    8|       m_axi|                                                                  gmem0_6|       pointer|
|m_axi_gmem0_6_0_WSTRB                                                             |  out|    1|       m_axi|                                                                  gmem0_6|       pointer|
|m_axi_gmem0_6_0_WLAST                                                             |  out|    1|       m_axi|                                                                  gmem0_6|       pointer|
|m_axi_gmem0_6_0_WID                                                               |  out|    1|       m_axi|                                                                  gmem0_6|       pointer|
|m_axi_gmem0_6_0_WUSER                                                             |  out|    1|       m_axi|                                                                  gmem0_6|       pointer|
|m_axi_gmem0_6_0_ARVALID                                                           |  out|    1|       m_axi|                                                                  gmem0_6|       pointer|
|m_axi_gmem0_6_0_ARREADY                                                           |   in|    1|       m_axi|                                                                  gmem0_6|       pointer|
|m_axi_gmem0_6_0_ARADDR                                                            |  out|   64|       m_axi|                                                                  gmem0_6|       pointer|
|m_axi_gmem0_6_0_ARID                                                              |  out|    1|       m_axi|                                                                  gmem0_6|       pointer|
|m_axi_gmem0_6_0_ARLEN                                                             |  out|   32|       m_axi|                                                                  gmem0_6|       pointer|
|m_axi_gmem0_6_0_ARSIZE                                                            |  out|    3|       m_axi|                                                                  gmem0_6|       pointer|
|m_axi_gmem0_6_0_ARBURST                                                           |  out|    2|       m_axi|                                                                  gmem0_6|       pointer|
|m_axi_gmem0_6_0_ARLOCK                                                            |  out|    2|       m_axi|                                                                  gmem0_6|       pointer|
|m_axi_gmem0_6_0_ARCACHE                                                           |  out|    4|       m_axi|                                                                  gmem0_6|       pointer|
|m_axi_gmem0_6_0_ARPROT                                                            |  out|    3|       m_axi|                                                                  gmem0_6|       pointer|
|m_axi_gmem0_6_0_ARQOS                                                             |  out|    4|       m_axi|                                                                  gmem0_6|       pointer|
|m_axi_gmem0_6_0_ARREGION                                                          |  out|    4|       m_axi|                                                                  gmem0_6|       pointer|
|m_axi_gmem0_6_0_ARUSER                                                            |  out|    1|       m_axi|                                                                  gmem0_6|       pointer|
|m_axi_gmem0_6_0_RVALID                                                            |   in|    1|       m_axi|                                                                  gmem0_6|       pointer|
|m_axi_gmem0_6_0_RREADY                                                            |  out|    1|       m_axi|                                                                  gmem0_6|       pointer|
|m_axi_gmem0_6_0_RDATA                                                             |   in|    8|       m_axi|                                                                  gmem0_6|       pointer|
|m_axi_gmem0_6_0_RLAST                                                             |   in|    1|       m_axi|                                                                  gmem0_6|       pointer|
|m_axi_gmem0_6_0_RID                                                               |   in|    1|       m_axi|                                                                  gmem0_6|       pointer|
|m_axi_gmem0_6_0_RFIFONUM                                                          |   in|   11|       m_axi|                                                                  gmem0_6|       pointer|
|m_axi_gmem0_6_0_RUSER                                                             |   in|    1|       m_axi|                                                                  gmem0_6|       pointer|
|m_axi_gmem0_6_0_RRESP                                                             |   in|    2|       m_axi|                                                                  gmem0_6|       pointer|
|m_axi_gmem0_6_0_BVALID                                                            |   in|    1|       m_axi|                                                                  gmem0_6|       pointer|
|m_axi_gmem0_6_0_BREADY                                                            |  out|    1|       m_axi|                                                                  gmem0_6|       pointer|
|m_axi_gmem0_6_0_BRESP                                                             |   in|    2|       m_axi|                                                                  gmem0_6|       pointer|
|m_axi_gmem0_6_0_BID                                                               |   in|    1|       m_axi|                                                                  gmem0_6|       pointer|
|m_axi_gmem0_6_0_BUSER                                                             |   in|    1|       m_axi|                                                                  gmem0_6|       pointer|
|ifmap_6                                                                           |   in|   64|     ap_none|                                                                  ifmap_6|        scalar|
|m_axi_gmem0_7_0_AWVALID                                                           |  out|    1|       m_axi|                                                                  gmem0_7|       pointer|
|m_axi_gmem0_7_0_AWREADY                                                           |   in|    1|       m_axi|                                                                  gmem0_7|       pointer|
|m_axi_gmem0_7_0_AWADDR                                                            |  out|   64|       m_axi|                                                                  gmem0_7|       pointer|
|m_axi_gmem0_7_0_AWID                                                              |  out|    1|       m_axi|                                                                  gmem0_7|       pointer|
|m_axi_gmem0_7_0_AWLEN                                                             |  out|   32|       m_axi|                                                                  gmem0_7|       pointer|
|m_axi_gmem0_7_0_AWSIZE                                                            |  out|    3|       m_axi|                                                                  gmem0_7|       pointer|
|m_axi_gmem0_7_0_AWBURST                                                           |  out|    2|       m_axi|                                                                  gmem0_7|       pointer|
|m_axi_gmem0_7_0_AWLOCK                                                            |  out|    2|       m_axi|                                                                  gmem0_7|       pointer|
|m_axi_gmem0_7_0_AWCACHE                                                           |  out|    4|       m_axi|                                                                  gmem0_7|       pointer|
|m_axi_gmem0_7_0_AWPROT                                                            |  out|    3|       m_axi|                                                                  gmem0_7|       pointer|
|m_axi_gmem0_7_0_AWQOS                                                             |  out|    4|       m_axi|                                                                  gmem0_7|       pointer|
|m_axi_gmem0_7_0_AWREGION                                                          |  out|    4|       m_axi|                                                                  gmem0_7|       pointer|
|m_axi_gmem0_7_0_AWUSER                                                            |  out|    1|       m_axi|                                                                  gmem0_7|       pointer|
|m_axi_gmem0_7_0_WVALID                                                            |  out|    1|       m_axi|                                                                  gmem0_7|       pointer|
|m_axi_gmem0_7_0_WREADY                                                            |   in|    1|       m_axi|                                                                  gmem0_7|       pointer|
|m_axi_gmem0_7_0_WDATA                                                             |  out|    8|       m_axi|                                                                  gmem0_7|       pointer|
|m_axi_gmem0_7_0_WSTRB                                                             |  out|    1|       m_axi|                                                                  gmem0_7|       pointer|
|m_axi_gmem0_7_0_WLAST                                                             |  out|    1|       m_axi|                                                                  gmem0_7|       pointer|
|m_axi_gmem0_7_0_WID                                                               |  out|    1|       m_axi|                                                                  gmem0_7|       pointer|
|m_axi_gmem0_7_0_WUSER                                                             |  out|    1|       m_axi|                                                                  gmem0_7|       pointer|
|m_axi_gmem0_7_0_ARVALID                                                           |  out|    1|       m_axi|                                                                  gmem0_7|       pointer|
|m_axi_gmem0_7_0_ARREADY                                                           |   in|    1|       m_axi|                                                                  gmem0_7|       pointer|
|m_axi_gmem0_7_0_ARADDR                                                            |  out|   64|       m_axi|                                                                  gmem0_7|       pointer|
|m_axi_gmem0_7_0_ARID                                                              |  out|    1|       m_axi|                                                                  gmem0_7|       pointer|
|m_axi_gmem0_7_0_ARLEN                                                             |  out|   32|       m_axi|                                                                  gmem0_7|       pointer|
|m_axi_gmem0_7_0_ARSIZE                                                            |  out|    3|       m_axi|                                                                  gmem0_7|       pointer|
|m_axi_gmem0_7_0_ARBURST                                                           |  out|    2|       m_axi|                                                                  gmem0_7|       pointer|
|m_axi_gmem0_7_0_ARLOCK                                                            |  out|    2|       m_axi|                                                                  gmem0_7|       pointer|
|m_axi_gmem0_7_0_ARCACHE                                                           |  out|    4|       m_axi|                                                                  gmem0_7|       pointer|
|m_axi_gmem0_7_0_ARPROT                                                            |  out|    3|       m_axi|                                                                  gmem0_7|       pointer|
|m_axi_gmem0_7_0_ARQOS                                                             |  out|    4|       m_axi|                                                                  gmem0_7|       pointer|
|m_axi_gmem0_7_0_ARREGION                                                          |  out|    4|       m_axi|                                                                  gmem0_7|       pointer|
|m_axi_gmem0_7_0_ARUSER                                                            |  out|    1|       m_axi|                                                                  gmem0_7|       pointer|
|m_axi_gmem0_7_0_RVALID                                                            |   in|    1|       m_axi|                                                                  gmem0_7|       pointer|
|m_axi_gmem0_7_0_RREADY                                                            |  out|    1|       m_axi|                                                                  gmem0_7|       pointer|
|m_axi_gmem0_7_0_RDATA                                                             |   in|    8|       m_axi|                                                                  gmem0_7|       pointer|
|m_axi_gmem0_7_0_RLAST                                                             |   in|    1|       m_axi|                                                                  gmem0_7|       pointer|
|m_axi_gmem0_7_0_RID                                                               |   in|    1|       m_axi|                                                                  gmem0_7|       pointer|
|m_axi_gmem0_7_0_RFIFONUM                                                          |   in|   11|       m_axi|                                                                  gmem0_7|       pointer|
|m_axi_gmem0_7_0_RUSER                                                             |   in|    1|       m_axi|                                                                  gmem0_7|       pointer|
|m_axi_gmem0_7_0_RRESP                                                             |   in|    2|       m_axi|                                                                  gmem0_7|       pointer|
|m_axi_gmem0_7_0_BVALID                                                            |   in|    1|       m_axi|                                                                  gmem0_7|       pointer|
|m_axi_gmem0_7_0_BREADY                                                            |  out|    1|       m_axi|                                                                  gmem0_7|       pointer|
|m_axi_gmem0_7_0_BRESP                                                             |   in|    2|       m_axi|                                                                  gmem0_7|       pointer|
|m_axi_gmem0_7_0_BID                                                               |   in|    1|       m_axi|                                                                  gmem0_7|       pointer|
|m_axi_gmem0_7_0_BUSER                                                             |   in|    1|       m_axi|                                                                  gmem0_7|       pointer|
|ifmap_7                                                                           |   in|   64|     ap_none|                                                                  ifmap_7|        scalar|
|m_axi_gmem1_0_0_AWVALID                                                           |  out|    1|       m_axi|                                                                  gmem1_0|       pointer|
|m_axi_gmem1_0_0_AWREADY                                                           |   in|    1|       m_axi|                                                                  gmem1_0|       pointer|
|m_axi_gmem1_0_0_AWADDR                                                            |  out|   64|       m_axi|                                                                  gmem1_0|       pointer|
|m_axi_gmem1_0_0_AWID                                                              |  out|    1|       m_axi|                                                                  gmem1_0|       pointer|
|m_axi_gmem1_0_0_AWLEN                                                             |  out|   32|       m_axi|                                                                  gmem1_0|       pointer|
|m_axi_gmem1_0_0_AWSIZE                                                            |  out|    3|       m_axi|                                                                  gmem1_0|       pointer|
|m_axi_gmem1_0_0_AWBURST                                                           |  out|    2|       m_axi|                                                                  gmem1_0|       pointer|
|m_axi_gmem1_0_0_AWLOCK                                                            |  out|    2|       m_axi|                                                                  gmem1_0|       pointer|
|m_axi_gmem1_0_0_AWCACHE                                                           |  out|    4|       m_axi|                                                                  gmem1_0|       pointer|
|m_axi_gmem1_0_0_AWPROT                                                            |  out|    3|       m_axi|                                                                  gmem1_0|       pointer|
|m_axi_gmem1_0_0_AWQOS                                                             |  out|    4|       m_axi|                                                                  gmem1_0|       pointer|
|m_axi_gmem1_0_0_AWREGION                                                          |  out|    4|       m_axi|                                                                  gmem1_0|       pointer|
|m_axi_gmem1_0_0_AWUSER                                                            |  out|    1|       m_axi|                                                                  gmem1_0|       pointer|
|m_axi_gmem1_0_0_WVALID                                                            |  out|    1|       m_axi|                                                                  gmem1_0|       pointer|
|m_axi_gmem1_0_0_WREADY                                                            |   in|    1|       m_axi|                                                                  gmem1_0|       pointer|
|m_axi_gmem1_0_0_WDATA                                                             |  out|    8|       m_axi|                                                                  gmem1_0|       pointer|
|m_axi_gmem1_0_0_WSTRB                                                             |  out|    1|       m_axi|                                                                  gmem1_0|       pointer|
|m_axi_gmem1_0_0_WLAST                                                             |  out|    1|       m_axi|                                                                  gmem1_0|       pointer|
|m_axi_gmem1_0_0_WID                                                               |  out|    1|       m_axi|                                                                  gmem1_0|       pointer|
|m_axi_gmem1_0_0_WUSER                                                             |  out|    1|       m_axi|                                                                  gmem1_0|       pointer|
|m_axi_gmem1_0_0_ARVALID                                                           |  out|    1|       m_axi|                                                                  gmem1_0|       pointer|
|m_axi_gmem1_0_0_ARREADY                                                           |   in|    1|       m_axi|                                                                  gmem1_0|       pointer|
|m_axi_gmem1_0_0_ARADDR                                                            |  out|   64|       m_axi|                                                                  gmem1_0|       pointer|
|m_axi_gmem1_0_0_ARID                                                              |  out|    1|       m_axi|                                                                  gmem1_0|       pointer|
|m_axi_gmem1_0_0_ARLEN                                                             |  out|   32|       m_axi|                                                                  gmem1_0|       pointer|
|m_axi_gmem1_0_0_ARSIZE                                                            |  out|    3|       m_axi|                                                                  gmem1_0|       pointer|
|m_axi_gmem1_0_0_ARBURST                                                           |  out|    2|       m_axi|                                                                  gmem1_0|       pointer|
|m_axi_gmem1_0_0_ARLOCK                                                            |  out|    2|       m_axi|                                                                  gmem1_0|       pointer|
|m_axi_gmem1_0_0_ARCACHE                                                           |  out|    4|       m_axi|                                                                  gmem1_0|       pointer|
|m_axi_gmem1_0_0_ARPROT                                                            |  out|    3|       m_axi|                                                                  gmem1_0|       pointer|
|m_axi_gmem1_0_0_ARQOS                                                             |  out|    4|       m_axi|                                                                  gmem1_0|       pointer|
|m_axi_gmem1_0_0_ARREGION                                                          |  out|    4|       m_axi|                                                                  gmem1_0|       pointer|
|m_axi_gmem1_0_0_ARUSER                                                            |  out|    1|       m_axi|                                                                  gmem1_0|       pointer|
|m_axi_gmem1_0_0_RVALID                                                            |   in|    1|       m_axi|                                                                  gmem1_0|       pointer|
|m_axi_gmem1_0_0_RREADY                                                            |  out|    1|       m_axi|                                                                  gmem1_0|       pointer|
|m_axi_gmem1_0_0_RDATA                                                             |   in|    8|       m_axi|                                                                  gmem1_0|       pointer|
|m_axi_gmem1_0_0_RLAST                                                             |   in|    1|       m_axi|                                                                  gmem1_0|       pointer|
|m_axi_gmem1_0_0_RID                                                               |   in|    1|       m_axi|                                                                  gmem1_0|       pointer|
|m_axi_gmem1_0_0_RFIFONUM                                                          |   in|   11|       m_axi|                                                                  gmem1_0|       pointer|
|m_axi_gmem1_0_0_RUSER                                                             |   in|    1|       m_axi|                                                                  gmem1_0|       pointer|
|m_axi_gmem1_0_0_RRESP                                                             |   in|    2|       m_axi|                                                                  gmem1_0|       pointer|
|m_axi_gmem1_0_0_BVALID                                                            |   in|    1|       m_axi|                                                                  gmem1_0|       pointer|
|m_axi_gmem1_0_0_BREADY                                                            |  out|    1|       m_axi|                                                                  gmem1_0|       pointer|
|m_axi_gmem1_0_0_BRESP                                                             |   in|    2|       m_axi|                                                                  gmem1_0|       pointer|
|m_axi_gmem1_0_0_BID                                                               |   in|    1|       m_axi|                                                                  gmem1_0|       pointer|
|m_axi_gmem1_0_0_BUSER                                                             |   in|    1|       m_axi|                                                                  gmem1_0|       pointer|
|weight_0                                                                          |   in|   64|     ap_none|                                                                 weight_0|        scalar|
|m_axi_gmem1_1_0_AWVALID                                                           |  out|    1|       m_axi|                                                                  gmem1_1|       pointer|
|m_axi_gmem1_1_0_AWREADY                                                           |   in|    1|       m_axi|                                                                  gmem1_1|       pointer|
|m_axi_gmem1_1_0_AWADDR                                                            |  out|   64|       m_axi|                                                                  gmem1_1|       pointer|
|m_axi_gmem1_1_0_AWID                                                              |  out|    1|       m_axi|                                                                  gmem1_1|       pointer|
|m_axi_gmem1_1_0_AWLEN                                                             |  out|   32|       m_axi|                                                                  gmem1_1|       pointer|
|m_axi_gmem1_1_0_AWSIZE                                                            |  out|    3|       m_axi|                                                                  gmem1_1|       pointer|
|m_axi_gmem1_1_0_AWBURST                                                           |  out|    2|       m_axi|                                                                  gmem1_1|       pointer|
|m_axi_gmem1_1_0_AWLOCK                                                            |  out|    2|       m_axi|                                                                  gmem1_1|       pointer|
|m_axi_gmem1_1_0_AWCACHE                                                           |  out|    4|       m_axi|                                                                  gmem1_1|       pointer|
|m_axi_gmem1_1_0_AWPROT                                                            |  out|    3|       m_axi|                                                                  gmem1_1|       pointer|
|m_axi_gmem1_1_0_AWQOS                                                             |  out|    4|       m_axi|                                                                  gmem1_1|       pointer|
|m_axi_gmem1_1_0_AWREGION                                                          |  out|    4|       m_axi|                                                                  gmem1_1|       pointer|
|m_axi_gmem1_1_0_AWUSER                                                            |  out|    1|       m_axi|                                                                  gmem1_1|       pointer|
|m_axi_gmem1_1_0_WVALID                                                            |  out|    1|       m_axi|                                                                  gmem1_1|       pointer|
|m_axi_gmem1_1_0_WREADY                                                            |   in|    1|       m_axi|                                                                  gmem1_1|       pointer|
|m_axi_gmem1_1_0_WDATA                                                             |  out|    8|       m_axi|                                                                  gmem1_1|       pointer|
|m_axi_gmem1_1_0_WSTRB                                                             |  out|    1|       m_axi|                                                                  gmem1_1|       pointer|
|m_axi_gmem1_1_0_WLAST                                                             |  out|    1|       m_axi|                                                                  gmem1_1|       pointer|
|m_axi_gmem1_1_0_WID                                                               |  out|    1|       m_axi|                                                                  gmem1_1|       pointer|
|m_axi_gmem1_1_0_WUSER                                                             |  out|    1|       m_axi|                                                                  gmem1_1|       pointer|
|m_axi_gmem1_1_0_ARVALID                                                           |  out|    1|       m_axi|                                                                  gmem1_1|       pointer|
|m_axi_gmem1_1_0_ARREADY                                                           |   in|    1|       m_axi|                                                                  gmem1_1|       pointer|
|m_axi_gmem1_1_0_ARADDR                                                            |  out|   64|       m_axi|                                                                  gmem1_1|       pointer|
|m_axi_gmem1_1_0_ARID                                                              |  out|    1|       m_axi|                                                                  gmem1_1|       pointer|
|m_axi_gmem1_1_0_ARLEN                                                             |  out|   32|       m_axi|                                                                  gmem1_1|       pointer|
|m_axi_gmem1_1_0_ARSIZE                                                            |  out|    3|       m_axi|                                                                  gmem1_1|       pointer|
|m_axi_gmem1_1_0_ARBURST                                                           |  out|    2|       m_axi|                                                                  gmem1_1|       pointer|
|m_axi_gmem1_1_0_ARLOCK                                                            |  out|    2|       m_axi|                                                                  gmem1_1|       pointer|
|m_axi_gmem1_1_0_ARCACHE                                                           |  out|    4|       m_axi|                                                                  gmem1_1|       pointer|
|m_axi_gmem1_1_0_ARPROT                                                            |  out|    3|       m_axi|                                                                  gmem1_1|       pointer|
|m_axi_gmem1_1_0_ARQOS                                                             |  out|    4|       m_axi|                                                                  gmem1_1|       pointer|
|m_axi_gmem1_1_0_ARREGION                                                          |  out|    4|       m_axi|                                                                  gmem1_1|       pointer|
|m_axi_gmem1_1_0_ARUSER                                                            |  out|    1|       m_axi|                                                                  gmem1_1|       pointer|
|m_axi_gmem1_1_0_RVALID                                                            |   in|    1|       m_axi|                                                                  gmem1_1|       pointer|
|m_axi_gmem1_1_0_RREADY                                                            |  out|    1|       m_axi|                                                                  gmem1_1|       pointer|
|m_axi_gmem1_1_0_RDATA                                                             |   in|    8|       m_axi|                                                                  gmem1_1|       pointer|
|m_axi_gmem1_1_0_RLAST                                                             |   in|    1|       m_axi|                                                                  gmem1_1|       pointer|
|m_axi_gmem1_1_0_RID                                                               |   in|    1|       m_axi|                                                                  gmem1_1|       pointer|
|m_axi_gmem1_1_0_RFIFONUM                                                          |   in|   11|       m_axi|                                                                  gmem1_1|       pointer|
|m_axi_gmem1_1_0_RUSER                                                             |   in|    1|       m_axi|                                                                  gmem1_1|       pointer|
|m_axi_gmem1_1_0_RRESP                                                             |   in|    2|       m_axi|                                                                  gmem1_1|       pointer|
|m_axi_gmem1_1_0_BVALID                                                            |   in|    1|       m_axi|                                                                  gmem1_1|       pointer|
|m_axi_gmem1_1_0_BREADY                                                            |  out|    1|       m_axi|                                                                  gmem1_1|       pointer|
|m_axi_gmem1_1_0_BRESP                                                             |   in|    2|       m_axi|                                                                  gmem1_1|       pointer|
|m_axi_gmem1_1_0_BID                                                               |   in|    1|       m_axi|                                                                  gmem1_1|       pointer|
|m_axi_gmem1_1_0_BUSER                                                             |   in|    1|       m_axi|                                                                  gmem1_1|       pointer|
|weight_1                                                                          |   in|   64|     ap_none|                                                                 weight_1|        scalar|
|m_axi_gmem1_2_0_AWVALID                                                           |  out|    1|       m_axi|                                                                  gmem1_2|       pointer|
|m_axi_gmem1_2_0_AWREADY                                                           |   in|    1|       m_axi|                                                                  gmem1_2|       pointer|
|m_axi_gmem1_2_0_AWADDR                                                            |  out|   64|       m_axi|                                                                  gmem1_2|       pointer|
|m_axi_gmem1_2_0_AWID                                                              |  out|    1|       m_axi|                                                                  gmem1_2|       pointer|
|m_axi_gmem1_2_0_AWLEN                                                             |  out|   32|       m_axi|                                                                  gmem1_2|       pointer|
|m_axi_gmem1_2_0_AWSIZE                                                            |  out|    3|       m_axi|                                                                  gmem1_2|       pointer|
|m_axi_gmem1_2_0_AWBURST                                                           |  out|    2|       m_axi|                                                                  gmem1_2|       pointer|
|m_axi_gmem1_2_0_AWLOCK                                                            |  out|    2|       m_axi|                                                                  gmem1_2|       pointer|
|m_axi_gmem1_2_0_AWCACHE                                                           |  out|    4|       m_axi|                                                                  gmem1_2|       pointer|
|m_axi_gmem1_2_0_AWPROT                                                            |  out|    3|       m_axi|                                                                  gmem1_2|       pointer|
|m_axi_gmem1_2_0_AWQOS                                                             |  out|    4|       m_axi|                                                                  gmem1_2|       pointer|
|m_axi_gmem1_2_0_AWREGION                                                          |  out|    4|       m_axi|                                                                  gmem1_2|       pointer|
|m_axi_gmem1_2_0_AWUSER                                                            |  out|    1|       m_axi|                                                                  gmem1_2|       pointer|
|m_axi_gmem1_2_0_WVALID                                                            |  out|    1|       m_axi|                                                                  gmem1_2|       pointer|
|m_axi_gmem1_2_0_WREADY                                                            |   in|    1|       m_axi|                                                                  gmem1_2|       pointer|
|m_axi_gmem1_2_0_WDATA                                                             |  out|    8|       m_axi|                                                                  gmem1_2|       pointer|
|m_axi_gmem1_2_0_WSTRB                                                             |  out|    1|       m_axi|                                                                  gmem1_2|       pointer|
|m_axi_gmem1_2_0_WLAST                                                             |  out|    1|       m_axi|                                                                  gmem1_2|       pointer|
|m_axi_gmem1_2_0_WID                                                               |  out|    1|       m_axi|                                                                  gmem1_2|       pointer|
|m_axi_gmem1_2_0_WUSER                                                             |  out|    1|       m_axi|                                                                  gmem1_2|       pointer|
|m_axi_gmem1_2_0_ARVALID                                                           |  out|    1|       m_axi|                                                                  gmem1_2|       pointer|
|m_axi_gmem1_2_0_ARREADY                                                           |   in|    1|       m_axi|                                                                  gmem1_2|       pointer|
|m_axi_gmem1_2_0_ARADDR                                                            |  out|   64|       m_axi|                                                                  gmem1_2|       pointer|
|m_axi_gmem1_2_0_ARID                                                              |  out|    1|       m_axi|                                                                  gmem1_2|       pointer|
|m_axi_gmem1_2_0_ARLEN                                                             |  out|   32|       m_axi|                                                                  gmem1_2|       pointer|
|m_axi_gmem1_2_0_ARSIZE                                                            |  out|    3|       m_axi|                                                                  gmem1_2|       pointer|
|m_axi_gmem1_2_0_ARBURST                                                           |  out|    2|       m_axi|                                                                  gmem1_2|       pointer|
|m_axi_gmem1_2_0_ARLOCK                                                            |  out|    2|       m_axi|                                                                  gmem1_2|       pointer|
|m_axi_gmem1_2_0_ARCACHE                                                           |  out|    4|       m_axi|                                                                  gmem1_2|       pointer|
|m_axi_gmem1_2_0_ARPROT                                                            |  out|    3|       m_axi|                                                                  gmem1_2|       pointer|
|m_axi_gmem1_2_0_ARQOS                                                             |  out|    4|       m_axi|                                                                  gmem1_2|       pointer|
|m_axi_gmem1_2_0_ARREGION                                                          |  out|    4|       m_axi|                                                                  gmem1_2|       pointer|
|m_axi_gmem1_2_0_ARUSER                                                            |  out|    1|       m_axi|                                                                  gmem1_2|       pointer|
|m_axi_gmem1_2_0_RVALID                                                            |   in|    1|       m_axi|                                                                  gmem1_2|       pointer|
|m_axi_gmem1_2_0_RREADY                                                            |  out|    1|       m_axi|                                                                  gmem1_2|       pointer|
|m_axi_gmem1_2_0_RDATA                                                             |   in|    8|       m_axi|                                                                  gmem1_2|       pointer|
|m_axi_gmem1_2_0_RLAST                                                             |   in|    1|       m_axi|                                                                  gmem1_2|       pointer|
|m_axi_gmem1_2_0_RID                                                               |   in|    1|       m_axi|                                                                  gmem1_2|       pointer|
|m_axi_gmem1_2_0_RFIFONUM                                                          |   in|   11|       m_axi|                                                                  gmem1_2|       pointer|
|m_axi_gmem1_2_0_RUSER                                                             |   in|    1|       m_axi|                                                                  gmem1_2|       pointer|
|m_axi_gmem1_2_0_RRESP                                                             |   in|    2|       m_axi|                                                                  gmem1_2|       pointer|
|m_axi_gmem1_2_0_BVALID                                                            |   in|    1|       m_axi|                                                                  gmem1_2|       pointer|
|m_axi_gmem1_2_0_BREADY                                                            |  out|    1|       m_axi|                                                                  gmem1_2|       pointer|
|m_axi_gmem1_2_0_BRESP                                                             |   in|    2|       m_axi|                                                                  gmem1_2|       pointer|
|m_axi_gmem1_2_0_BID                                                               |   in|    1|       m_axi|                                                                  gmem1_2|       pointer|
|m_axi_gmem1_2_0_BUSER                                                             |   in|    1|       m_axi|                                                                  gmem1_2|       pointer|
|weight_2                                                                          |   in|   64|     ap_none|                                                                 weight_2|        scalar|
|m_axi_gmem1_3_0_AWVALID                                                           |  out|    1|       m_axi|                                                                  gmem1_3|       pointer|
|m_axi_gmem1_3_0_AWREADY                                                           |   in|    1|       m_axi|                                                                  gmem1_3|       pointer|
|m_axi_gmem1_3_0_AWADDR                                                            |  out|   64|       m_axi|                                                                  gmem1_3|       pointer|
|m_axi_gmem1_3_0_AWID                                                              |  out|    1|       m_axi|                                                                  gmem1_3|       pointer|
|m_axi_gmem1_3_0_AWLEN                                                             |  out|   32|       m_axi|                                                                  gmem1_3|       pointer|
|m_axi_gmem1_3_0_AWSIZE                                                            |  out|    3|       m_axi|                                                                  gmem1_3|       pointer|
|m_axi_gmem1_3_0_AWBURST                                                           |  out|    2|       m_axi|                                                                  gmem1_3|       pointer|
|m_axi_gmem1_3_0_AWLOCK                                                            |  out|    2|       m_axi|                                                                  gmem1_3|       pointer|
|m_axi_gmem1_3_0_AWCACHE                                                           |  out|    4|       m_axi|                                                                  gmem1_3|       pointer|
|m_axi_gmem1_3_0_AWPROT                                                            |  out|    3|       m_axi|                                                                  gmem1_3|       pointer|
|m_axi_gmem1_3_0_AWQOS                                                             |  out|    4|       m_axi|                                                                  gmem1_3|       pointer|
|m_axi_gmem1_3_0_AWREGION                                                          |  out|    4|       m_axi|                                                                  gmem1_3|       pointer|
|m_axi_gmem1_3_0_AWUSER                                                            |  out|    1|       m_axi|                                                                  gmem1_3|       pointer|
|m_axi_gmem1_3_0_WVALID                                                            |  out|    1|       m_axi|                                                                  gmem1_3|       pointer|
|m_axi_gmem1_3_0_WREADY                                                            |   in|    1|       m_axi|                                                                  gmem1_3|       pointer|
|m_axi_gmem1_3_0_WDATA                                                             |  out|    8|       m_axi|                                                                  gmem1_3|       pointer|
|m_axi_gmem1_3_0_WSTRB                                                             |  out|    1|       m_axi|                                                                  gmem1_3|       pointer|
|m_axi_gmem1_3_0_WLAST                                                             |  out|    1|       m_axi|                                                                  gmem1_3|       pointer|
|m_axi_gmem1_3_0_WID                                                               |  out|    1|       m_axi|                                                                  gmem1_3|       pointer|
|m_axi_gmem1_3_0_WUSER                                                             |  out|    1|       m_axi|                                                                  gmem1_3|       pointer|
|m_axi_gmem1_3_0_ARVALID                                                           |  out|    1|       m_axi|                                                                  gmem1_3|       pointer|
|m_axi_gmem1_3_0_ARREADY                                                           |   in|    1|       m_axi|                                                                  gmem1_3|       pointer|
|m_axi_gmem1_3_0_ARADDR                                                            |  out|   64|       m_axi|                                                                  gmem1_3|       pointer|
|m_axi_gmem1_3_0_ARID                                                              |  out|    1|       m_axi|                                                                  gmem1_3|       pointer|
|m_axi_gmem1_3_0_ARLEN                                                             |  out|   32|       m_axi|                                                                  gmem1_3|       pointer|
|m_axi_gmem1_3_0_ARSIZE                                                            |  out|    3|       m_axi|                                                                  gmem1_3|       pointer|
|m_axi_gmem1_3_0_ARBURST                                                           |  out|    2|       m_axi|                                                                  gmem1_3|       pointer|
|m_axi_gmem1_3_0_ARLOCK                                                            |  out|    2|       m_axi|                                                                  gmem1_3|       pointer|
|m_axi_gmem1_3_0_ARCACHE                                                           |  out|    4|       m_axi|                                                                  gmem1_3|       pointer|
|m_axi_gmem1_3_0_ARPROT                                                            |  out|    3|       m_axi|                                                                  gmem1_3|       pointer|
|m_axi_gmem1_3_0_ARQOS                                                             |  out|    4|       m_axi|                                                                  gmem1_3|       pointer|
|m_axi_gmem1_3_0_ARREGION                                                          |  out|    4|       m_axi|                                                                  gmem1_3|       pointer|
|m_axi_gmem1_3_0_ARUSER                                                            |  out|    1|       m_axi|                                                                  gmem1_3|       pointer|
|m_axi_gmem1_3_0_RVALID                                                            |   in|    1|       m_axi|                                                                  gmem1_3|       pointer|
|m_axi_gmem1_3_0_RREADY                                                            |  out|    1|       m_axi|                                                                  gmem1_3|       pointer|
|m_axi_gmem1_3_0_RDATA                                                             |   in|    8|       m_axi|                                                                  gmem1_3|       pointer|
|m_axi_gmem1_3_0_RLAST                                                             |   in|    1|       m_axi|                                                                  gmem1_3|       pointer|
|m_axi_gmem1_3_0_RID                                                               |   in|    1|       m_axi|                                                                  gmem1_3|       pointer|
|m_axi_gmem1_3_0_RFIFONUM                                                          |   in|   11|       m_axi|                                                                  gmem1_3|       pointer|
|m_axi_gmem1_3_0_RUSER                                                             |   in|    1|       m_axi|                                                                  gmem1_3|       pointer|
|m_axi_gmem1_3_0_RRESP                                                             |   in|    2|       m_axi|                                                                  gmem1_3|       pointer|
|m_axi_gmem1_3_0_BVALID                                                            |   in|    1|       m_axi|                                                                  gmem1_3|       pointer|
|m_axi_gmem1_3_0_BREADY                                                            |  out|    1|       m_axi|                                                                  gmem1_3|       pointer|
|m_axi_gmem1_3_0_BRESP                                                             |   in|    2|       m_axi|                                                                  gmem1_3|       pointer|
|m_axi_gmem1_3_0_BID                                                               |   in|    1|       m_axi|                                                                  gmem1_3|       pointer|
|m_axi_gmem1_3_0_BUSER                                                             |   in|    1|       m_axi|                                                                  gmem1_3|       pointer|
|weight_3                                                                          |   in|   64|     ap_none|                                                                 weight_3|        scalar|
|m_axi_gmem1_4_0_AWVALID                                                           |  out|    1|       m_axi|                                                                  gmem1_4|       pointer|
|m_axi_gmem1_4_0_AWREADY                                                           |   in|    1|       m_axi|                                                                  gmem1_4|       pointer|
|m_axi_gmem1_4_0_AWADDR                                                            |  out|   64|       m_axi|                                                                  gmem1_4|       pointer|
|m_axi_gmem1_4_0_AWID                                                              |  out|    1|       m_axi|                                                                  gmem1_4|       pointer|
|m_axi_gmem1_4_0_AWLEN                                                             |  out|   32|       m_axi|                                                                  gmem1_4|       pointer|
|m_axi_gmem1_4_0_AWSIZE                                                            |  out|    3|       m_axi|                                                                  gmem1_4|       pointer|
|m_axi_gmem1_4_0_AWBURST                                                           |  out|    2|       m_axi|                                                                  gmem1_4|       pointer|
|m_axi_gmem1_4_0_AWLOCK                                                            |  out|    2|       m_axi|                                                                  gmem1_4|       pointer|
|m_axi_gmem1_4_0_AWCACHE                                                           |  out|    4|       m_axi|                                                                  gmem1_4|       pointer|
|m_axi_gmem1_4_0_AWPROT                                                            |  out|    3|       m_axi|                                                                  gmem1_4|       pointer|
|m_axi_gmem1_4_0_AWQOS                                                             |  out|    4|       m_axi|                                                                  gmem1_4|       pointer|
|m_axi_gmem1_4_0_AWREGION                                                          |  out|    4|       m_axi|                                                                  gmem1_4|       pointer|
|m_axi_gmem1_4_0_AWUSER                                                            |  out|    1|       m_axi|                                                                  gmem1_4|       pointer|
|m_axi_gmem1_4_0_WVALID                                                            |  out|    1|       m_axi|                                                                  gmem1_4|       pointer|
|m_axi_gmem1_4_0_WREADY                                                            |   in|    1|       m_axi|                                                                  gmem1_4|       pointer|
|m_axi_gmem1_4_0_WDATA                                                             |  out|    8|       m_axi|                                                                  gmem1_4|       pointer|
|m_axi_gmem1_4_0_WSTRB                                                             |  out|    1|       m_axi|                                                                  gmem1_4|       pointer|
|m_axi_gmem1_4_0_WLAST                                                             |  out|    1|       m_axi|                                                                  gmem1_4|       pointer|
|m_axi_gmem1_4_0_WID                                                               |  out|    1|       m_axi|                                                                  gmem1_4|       pointer|
|m_axi_gmem1_4_0_WUSER                                                             |  out|    1|       m_axi|                                                                  gmem1_4|       pointer|
|m_axi_gmem1_4_0_ARVALID                                                           |  out|    1|       m_axi|                                                                  gmem1_4|       pointer|
|m_axi_gmem1_4_0_ARREADY                                                           |   in|    1|       m_axi|                                                                  gmem1_4|       pointer|
|m_axi_gmem1_4_0_ARADDR                                                            |  out|   64|       m_axi|                                                                  gmem1_4|       pointer|
|m_axi_gmem1_4_0_ARID                                                              |  out|    1|       m_axi|                                                                  gmem1_4|       pointer|
|m_axi_gmem1_4_0_ARLEN                                                             |  out|   32|       m_axi|                                                                  gmem1_4|       pointer|
|m_axi_gmem1_4_0_ARSIZE                                                            |  out|    3|       m_axi|                                                                  gmem1_4|       pointer|
|m_axi_gmem1_4_0_ARBURST                                                           |  out|    2|       m_axi|                                                                  gmem1_4|       pointer|
|m_axi_gmem1_4_0_ARLOCK                                                            |  out|    2|       m_axi|                                                                  gmem1_4|       pointer|
|m_axi_gmem1_4_0_ARCACHE                                                           |  out|    4|       m_axi|                                                                  gmem1_4|       pointer|
|m_axi_gmem1_4_0_ARPROT                                                            |  out|    3|       m_axi|                                                                  gmem1_4|       pointer|
|m_axi_gmem1_4_0_ARQOS                                                             |  out|    4|       m_axi|                                                                  gmem1_4|       pointer|
|m_axi_gmem1_4_0_ARREGION                                                          |  out|    4|       m_axi|                                                                  gmem1_4|       pointer|
|m_axi_gmem1_4_0_ARUSER                                                            |  out|    1|       m_axi|                                                                  gmem1_4|       pointer|
|m_axi_gmem1_4_0_RVALID                                                            |   in|    1|       m_axi|                                                                  gmem1_4|       pointer|
|m_axi_gmem1_4_0_RREADY                                                            |  out|    1|       m_axi|                                                                  gmem1_4|       pointer|
|m_axi_gmem1_4_0_RDATA                                                             |   in|    8|       m_axi|                                                                  gmem1_4|       pointer|
|m_axi_gmem1_4_0_RLAST                                                             |   in|    1|       m_axi|                                                                  gmem1_4|       pointer|
|m_axi_gmem1_4_0_RID                                                               |   in|    1|       m_axi|                                                                  gmem1_4|       pointer|
|m_axi_gmem1_4_0_RFIFONUM                                                          |   in|   11|       m_axi|                                                                  gmem1_4|       pointer|
|m_axi_gmem1_4_0_RUSER                                                             |   in|    1|       m_axi|                                                                  gmem1_4|       pointer|
|m_axi_gmem1_4_0_RRESP                                                             |   in|    2|       m_axi|                                                                  gmem1_4|       pointer|
|m_axi_gmem1_4_0_BVALID                                                            |   in|    1|       m_axi|                                                                  gmem1_4|       pointer|
|m_axi_gmem1_4_0_BREADY                                                            |  out|    1|       m_axi|                                                                  gmem1_4|       pointer|
|m_axi_gmem1_4_0_BRESP                                                             |   in|    2|       m_axi|                                                                  gmem1_4|       pointer|
|m_axi_gmem1_4_0_BID                                                               |   in|    1|       m_axi|                                                                  gmem1_4|       pointer|
|m_axi_gmem1_4_0_BUSER                                                             |   in|    1|       m_axi|                                                                  gmem1_4|       pointer|
|weight_4                                                                          |   in|   64|     ap_none|                                                                 weight_4|        scalar|
|m_axi_gmem1_5_0_AWVALID                                                           |  out|    1|       m_axi|                                                                  gmem1_5|       pointer|
|m_axi_gmem1_5_0_AWREADY                                                           |   in|    1|       m_axi|                                                                  gmem1_5|       pointer|
|m_axi_gmem1_5_0_AWADDR                                                            |  out|   64|       m_axi|                                                                  gmem1_5|       pointer|
|m_axi_gmem1_5_0_AWID                                                              |  out|    1|       m_axi|                                                                  gmem1_5|       pointer|
|m_axi_gmem1_5_0_AWLEN                                                             |  out|   32|       m_axi|                                                                  gmem1_5|       pointer|
|m_axi_gmem1_5_0_AWSIZE                                                            |  out|    3|       m_axi|                                                                  gmem1_5|       pointer|
|m_axi_gmem1_5_0_AWBURST                                                           |  out|    2|       m_axi|                                                                  gmem1_5|       pointer|
|m_axi_gmem1_5_0_AWLOCK                                                            |  out|    2|       m_axi|                                                                  gmem1_5|       pointer|
|m_axi_gmem1_5_0_AWCACHE                                                           |  out|    4|       m_axi|                                                                  gmem1_5|       pointer|
|m_axi_gmem1_5_0_AWPROT                                                            |  out|    3|       m_axi|                                                                  gmem1_5|       pointer|
|m_axi_gmem1_5_0_AWQOS                                                             |  out|    4|       m_axi|                                                                  gmem1_5|       pointer|
|m_axi_gmem1_5_0_AWREGION                                                          |  out|    4|       m_axi|                                                                  gmem1_5|       pointer|
|m_axi_gmem1_5_0_AWUSER                                                            |  out|    1|       m_axi|                                                                  gmem1_5|       pointer|
|m_axi_gmem1_5_0_WVALID                                                            |  out|    1|       m_axi|                                                                  gmem1_5|       pointer|
|m_axi_gmem1_5_0_WREADY                                                            |   in|    1|       m_axi|                                                                  gmem1_5|       pointer|
|m_axi_gmem1_5_0_WDATA                                                             |  out|    8|       m_axi|                                                                  gmem1_5|       pointer|
|m_axi_gmem1_5_0_WSTRB                                                             |  out|    1|       m_axi|                                                                  gmem1_5|       pointer|
|m_axi_gmem1_5_0_WLAST                                                             |  out|    1|       m_axi|                                                                  gmem1_5|       pointer|
|m_axi_gmem1_5_0_WID                                                               |  out|    1|       m_axi|                                                                  gmem1_5|       pointer|
|m_axi_gmem1_5_0_WUSER                                                             |  out|    1|       m_axi|                                                                  gmem1_5|       pointer|
|m_axi_gmem1_5_0_ARVALID                                                           |  out|    1|       m_axi|                                                                  gmem1_5|       pointer|
|m_axi_gmem1_5_0_ARREADY                                                           |   in|    1|       m_axi|                                                                  gmem1_5|       pointer|
|m_axi_gmem1_5_0_ARADDR                                                            |  out|   64|       m_axi|                                                                  gmem1_5|       pointer|
|m_axi_gmem1_5_0_ARID                                                              |  out|    1|       m_axi|                                                                  gmem1_5|       pointer|
|m_axi_gmem1_5_0_ARLEN                                                             |  out|   32|       m_axi|                                                                  gmem1_5|       pointer|
|m_axi_gmem1_5_0_ARSIZE                                                            |  out|    3|       m_axi|                                                                  gmem1_5|       pointer|
|m_axi_gmem1_5_0_ARBURST                                                           |  out|    2|       m_axi|                                                                  gmem1_5|       pointer|
|m_axi_gmem1_5_0_ARLOCK                                                            |  out|    2|       m_axi|                                                                  gmem1_5|       pointer|
|m_axi_gmem1_5_0_ARCACHE                                                           |  out|    4|       m_axi|                                                                  gmem1_5|       pointer|
|m_axi_gmem1_5_0_ARPROT                                                            |  out|    3|       m_axi|                                                                  gmem1_5|       pointer|
|m_axi_gmem1_5_0_ARQOS                                                             |  out|    4|       m_axi|                                                                  gmem1_5|       pointer|
|m_axi_gmem1_5_0_ARREGION                                                          |  out|    4|       m_axi|                                                                  gmem1_5|       pointer|
|m_axi_gmem1_5_0_ARUSER                                                            |  out|    1|       m_axi|                                                                  gmem1_5|       pointer|
|m_axi_gmem1_5_0_RVALID                                                            |   in|    1|       m_axi|                                                                  gmem1_5|       pointer|
|m_axi_gmem1_5_0_RREADY                                                            |  out|    1|       m_axi|                                                                  gmem1_5|       pointer|
|m_axi_gmem1_5_0_RDATA                                                             |   in|    8|       m_axi|                                                                  gmem1_5|       pointer|
|m_axi_gmem1_5_0_RLAST                                                             |   in|    1|       m_axi|                                                                  gmem1_5|       pointer|
|m_axi_gmem1_5_0_RID                                                               |   in|    1|       m_axi|                                                                  gmem1_5|       pointer|
|m_axi_gmem1_5_0_RFIFONUM                                                          |   in|   11|       m_axi|                                                                  gmem1_5|       pointer|
|m_axi_gmem1_5_0_RUSER                                                             |   in|    1|       m_axi|                                                                  gmem1_5|       pointer|
|m_axi_gmem1_5_0_RRESP                                                             |   in|    2|       m_axi|                                                                  gmem1_5|       pointer|
|m_axi_gmem1_5_0_BVALID                                                            |   in|    1|       m_axi|                                                                  gmem1_5|       pointer|
|m_axi_gmem1_5_0_BREADY                                                            |  out|    1|       m_axi|                                                                  gmem1_5|       pointer|
|m_axi_gmem1_5_0_BRESP                                                             |   in|    2|       m_axi|                                                                  gmem1_5|       pointer|
|m_axi_gmem1_5_0_BID                                                               |   in|    1|       m_axi|                                                                  gmem1_5|       pointer|
|m_axi_gmem1_5_0_BUSER                                                             |   in|    1|       m_axi|                                                                  gmem1_5|       pointer|
|weight_5                                                                          |   in|   64|     ap_none|                                                                 weight_5|        scalar|
|m_axi_gmem1_6_0_AWVALID                                                           |  out|    1|       m_axi|                                                                  gmem1_6|       pointer|
|m_axi_gmem1_6_0_AWREADY                                                           |   in|    1|       m_axi|                                                                  gmem1_6|       pointer|
|m_axi_gmem1_6_0_AWADDR                                                            |  out|   64|       m_axi|                                                                  gmem1_6|       pointer|
|m_axi_gmem1_6_0_AWID                                                              |  out|    1|       m_axi|                                                                  gmem1_6|       pointer|
|m_axi_gmem1_6_0_AWLEN                                                             |  out|   32|       m_axi|                                                                  gmem1_6|       pointer|
|m_axi_gmem1_6_0_AWSIZE                                                            |  out|    3|       m_axi|                                                                  gmem1_6|       pointer|
|m_axi_gmem1_6_0_AWBURST                                                           |  out|    2|       m_axi|                                                                  gmem1_6|       pointer|
|m_axi_gmem1_6_0_AWLOCK                                                            |  out|    2|       m_axi|                                                                  gmem1_6|       pointer|
|m_axi_gmem1_6_0_AWCACHE                                                           |  out|    4|       m_axi|                                                                  gmem1_6|       pointer|
|m_axi_gmem1_6_0_AWPROT                                                            |  out|    3|       m_axi|                                                                  gmem1_6|       pointer|
|m_axi_gmem1_6_0_AWQOS                                                             |  out|    4|       m_axi|                                                                  gmem1_6|       pointer|
|m_axi_gmem1_6_0_AWREGION                                                          |  out|    4|       m_axi|                                                                  gmem1_6|       pointer|
|m_axi_gmem1_6_0_AWUSER                                                            |  out|    1|       m_axi|                                                                  gmem1_6|       pointer|
|m_axi_gmem1_6_0_WVALID                                                            |  out|    1|       m_axi|                                                                  gmem1_6|       pointer|
|m_axi_gmem1_6_0_WREADY                                                            |   in|    1|       m_axi|                                                                  gmem1_6|       pointer|
|m_axi_gmem1_6_0_WDATA                                                             |  out|    8|       m_axi|                                                                  gmem1_6|       pointer|
|m_axi_gmem1_6_0_WSTRB                                                             |  out|    1|       m_axi|                                                                  gmem1_6|       pointer|
|m_axi_gmem1_6_0_WLAST                                                             |  out|    1|       m_axi|                                                                  gmem1_6|       pointer|
|m_axi_gmem1_6_0_WID                                                               |  out|    1|       m_axi|                                                                  gmem1_6|       pointer|
|m_axi_gmem1_6_0_WUSER                                                             |  out|    1|       m_axi|                                                                  gmem1_6|       pointer|
|m_axi_gmem1_6_0_ARVALID                                                           |  out|    1|       m_axi|                                                                  gmem1_6|       pointer|
|m_axi_gmem1_6_0_ARREADY                                                           |   in|    1|       m_axi|                                                                  gmem1_6|       pointer|
|m_axi_gmem1_6_0_ARADDR                                                            |  out|   64|       m_axi|                                                                  gmem1_6|       pointer|
|m_axi_gmem1_6_0_ARID                                                              |  out|    1|       m_axi|                                                                  gmem1_6|       pointer|
|m_axi_gmem1_6_0_ARLEN                                                             |  out|   32|       m_axi|                                                                  gmem1_6|       pointer|
|m_axi_gmem1_6_0_ARSIZE                                                            |  out|    3|       m_axi|                                                                  gmem1_6|       pointer|
|m_axi_gmem1_6_0_ARBURST                                                           |  out|    2|       m_axi|                                                                  gmem1_6|       pointer|
|m_axi_gmem1_6_0_ARLOCK                                                            |  out|    2|       m_axi|                                                                  gmem1_6|       pointer|
|m_axi_gmem1_6_0_ARCACHE                                                           |  out|    4|       m_axi|                                                                  gmem1_6|       pointer|
|m_axi_gmem1_6_0_ARPROT                                                            |  out|    3|       m_axi|                                                                  gmem1_6|       pointer|
|m_axi_gmem1_6_0_ARQOS                                                             |  out|    4|       m_axi|                                                                  gmem1_6|       pointer|
|m_axi_gmem1_6_0_ARREGION                                                          |  out|    4|       m_axi|                                                                  gmem1_6|       pointer|
|m_axi_gmem1_6_0_ARUSER                                                            |  out|    1|       m_axi|                                                                  gmem1_6|       pointer|
|m_axi_gmem1_6_0_RVALID                                                            |   in|    1|       m_axi|                                                                  gmem1_6|       pointer|
|m_axi_gmem1_6_0_RREADY                                                            |  out|    1|       m_axi|                                                                  gmem1_6|       pointer|
|m_axi_gmem1_6_0_RDATA                                                             |   in|    8|       m_axi|                                                                  gmem1_6|       pointer|
|m_axi_gmem1_6_0_RLAST                                                             |   in|    1|       m_axi|                                                                  gmem1_6|       pointer|
|m_axi_gmem1_6_0_RID                                                               |   in|    1|       m_axi|                                                                  gmem1_6|       pointer|
|m_axi_gmem1_6_0_RFIFONUM                                                          |   in|   11|       m_axi|                                                                  gmem1_6|       pointer|
|m_axi_gmem1_6_0_RUSER                                                             |   in|    1|       m_axi|                                                                  gmem1_6|       pointer|
|m_axi_gmem1_6_0_RRESP                                                             |   in|    2|       m_axi|                                                                  gmem1_6|       pointer|
|m_axi_gmem1_6_0_BVALID                                                            |   in|    1|       m_axi|                                                                  gmem1_6|       pointer|
|m_axi_gmem1_6_0_BREADY                                                            |  out|    1|       m_axi|                                                                  gmem1_6|       pointer|
|m_axi_gmem1_6_0_BRESP                                                             |   in|    2|       m_axi|                                                                  gmem1_6|       pointer|
|m_axi_gmem1_6_0_BID                                                               |   in|    1|       m_axi|                                                                  gmem1_6|       pointer|
|m_axi_gmem1_6_0_BUSER                                                             |   in|    1|       m_axi|                                                                  gmem1_6|       pointer|
|weight_6                                                                          |   in|   64|     ap_none|                                                                 weight_6|        scalar|
|m_axi_gmem1_7_0_AWVALID                                                           |  out|    1|       m_axi|                                                                  gmem1_7|       pointer|
|m_axi_gmem1_7_0_AWREADY                                                           |   in|    1|       m_axi|                                                                  gmem1_7|       pointer|
|m_axi_gmem1_7_0_AWADDR                                                            |  out|   64|       m_axi|                                                                  gmem1_7|       pointer|
|m_axi_gmem1_7_0_AWID                                                              |  out|    1|       m_axi|                                                                  gmem1_7|       pointer|
|m_axi_gmem1_7_0_AWLEN                                                             |  out|   32|       m_axi|                                                                  gmem1_7|       pointer|
|m_axi_gmem1_7_0_AWSIZE                                                            |  out|    3|       m_axi|                                                                  gmem1_7|       pointer|
|m_axi_gmem1_7_0_AWBURST                                                           |  out|    2|       m_axi|                                                                  gmem1_7|       pointer|
|m_axi_gmem1_7_0_AWLOCK                                                            |  out|    2|       m_axi|                                                                  gmem1_7|       pointer|
|m_axi_gmem1_7_0_AWCACHE                                                           |  out|    4|       m_axi|                                                                  gmem1_7|       pointer|
|m_axi_gmem1_7_0_AWPROT                                                            |  out|    3|       m_axi|                                                                  gmem1_7|       pointer|
|m_axi_gmem1_7_0_AWQOS                                                             |  out|    4|       m_axi|                                                                  gmem1_7|       pointer|
|m_axi_gmem1_7_0_AWREGION                                                          |  out|    4|       m_axi|                                                                  gmem1_7|       pointer|
|m_axi_gmem1_7_0_AWUSER                                                            |  out|    1|       m_axi|                                                                  gmem1_7|       pointer|
|m_axi_gmem1_7_0_WVALID                                                            |  out|    1|       m_axi|                                                                  gmem1_7|       pointer|
|m_axi_gmem1_7_0_WREADY                                                            |   in|    1|       m_axi|                                                                  gmem1_7|       pointer|
|m_axi_gmem1_7_0_WDATA                                                             |  out|    8|       m_axi|                                                                  gmem1_7|       pointer|
|m_axi_gmem1_7_0_WSTRB                                                             |  out|    1|       m_axi|                                                                  gmem1_7|       pointer|
|m_axi_gmem1_7_0_WLAST                                                             |  out|    1|       m_axi|                                                                  gmem1_7|       pointer|
|m_axi_gmem1_7_0_WID                                                               |  out|    1|       m_axi|                                                                  gmem1_7|       pointer|
|m_axi_gmem1_7_0_WUSER                                                             |  out|    1|       m_axi|                                                                  gmem1_7|       pointer|
|m_axi_gmem1_7_0_ARVALID                                                           |  out|    1|       m_axi|                                                                  gmem1_7|       pointer|
|m_axi_gmem1_7_0_ARREADY                                                           |   in|    1|       m_axi|                                                                  gmem1_7|       pointer|
|m_axi_gmem1_7_0_ARADDR                                                            |  out|   64|       m_axi|                                                                  gmem1_7|       pointer|
|m_axi_gmem1_7_0_ARID                                                              |  out|    1|       m_axi|                                                                  gmem1_7|       pointer|
|m_axi_gmem1_7_0_ARLEN                                                             |  out|   32|       m_axi|                                                                  gmem1_7|       pointer|
|m_axi_gmem1_7_0_ARSIZE                                                            |  out|    3|       m_axi|                                                                  gmem1_7|       pointer|
|m_axi_gmem1_7_0_ARBURST                                                           |  out|    2|       m_axi|                                                                  gmem1_7|       pointer|
|m_axi_gmem1_7_0_ARLOCK                                                            |  out|    2|       m_axi|                                                                  gmem1_7|       pointer|
|m_axi_gmem1_7_0_ARCACHE                                                           |  out|    4|       m_axi|                                                                  gmem1_7|       pointer|
|m_axi_gmem1_7_0_ARPROT                                                            |  out|    3|       m_axi|                                                                  gmem1_7|       pointer|
|m_axi_gmem1_7_0_ARQOS                                                             |  out|    4|       m_axi|                                                                  gmem1_7|       pointer|
|m_axi_gmem1_7_0_ARREGION                                                          |  out|    4|       m_axi|                                                                  gmem1_7|       pointer|
|m_axi_gmem1_7_0_ARUSER                                                            |  out|    1|       m_axi|                                                                  gmem1_7|       pointer|
|m_axi_gmem1_7_0_RVALID                                                            |   in|    1|       m_axi|                                                                  gmem1_7|       pointer|
|m_axi_gmem1_7_0_RREADY                                                            |  out|    1|       m_axi|                                                                  gmem1_7|       pointer|
|m_axi_gmem1_7_0_RDATA                                                             |   in|    8|       m_axi|                                                                  gmem1_7|       pointer|
|m_axi_gmem1_7_0_RLAST                                                             |   in|    1|       m_axi|                                                                  gmem1_7|       pointer|
|m_axi_gmem1_7_0_RID                                                               |   in|    1|       m_axi|                                                                  gmem1_7|       pointer|
|m_axi_gmem1_7_0_RFIFONUM                                                          |   in|   11|       m_axi|                                                                  gmem1_7|       pointer|
|m_axi_gmem1_7_0_RUSER                                                             |   in|    1|       m_axi|                                                                  gmem1_7|       pointer|
|m_axi_gmem1_7_0_RRESP                                                             |   in|    2|       m_axi|                                                                  gmem1_7|       pointer|
|m_axi_gmem1_7_0_BVALID                                                            |   in|    1|       m_axi|                                                                  gmem1_7|       pointer|
|m_axi_gmem1_7_0_BREADY                                                            |  out|    1|       m_axi|                                                                  gmem1_7|       pointer|
|m_axi_gmem1_7_0_BRESP                                                             |   in|    2|       m_axi|                                                                  gmem1_7|       pointer|
|m_axi_gmem1_7_0_BID                                                               |   in|    1|       m_axi|                                                                  gmem1_7|       pointer|
|m_axi_gmem1_7_0_BUSER                                                             |   in|    1|       m_axi|                                                                  gmem1_7|       pointer|
|weight_7                                                                          |   in|   64|     ap_none|                                                                 weight_7|        scalar|
|m_axi_gmem1_0_AWVALID                                                             |  out|    1|       m_axi|                                                                    gmem1|       pointer|
|m_axi_gmem1_0_AWREADY                                                             |   in|    1|       m_axi|                                                                    gmem1|       pointer|
|m_axi_gmem1_0_AWADDR                                                              |  out|   64|       m_axi|                                                                    gmem1|       pointer|
|m_axi_gmem1_0_AWID                                                                |  out|    1|       m_axi|                                                                    gmem1|       pointer|
|m_axi_gmem1_0_AWLEN                                                               |  out|   32|       m_axi|                                                                    gmem1|       pointer|
|m_axi_gmem1_0_AWSIZE                                                              |  out|    3|       m_axi|                                                                    gmem1|       pointer|
|m_axi_gmem1_0_AWBURST                                                             |  out|    2|       m_axi|                                                                    gmem1|       pointer|
|m_axi_gmem1_0_AWLOCK                                                              |  out|    2|       m_axi|                                                                    gmem1|       pointer|
|m_axi_gmem1_0_AWCACHE                                                             |  out|    4|       m_axi|                                                                    gmem1|       pointer|
|m_axi_gmem1_0_AWPROT                                                              |  out|    3|       m_axi|                                                                    gmem1|       pointer|
|m_axi_gmem1_0_AWQOS                                                               |  out|    4|       m_axi|                                                                    gmem1|       pointer|
|m_axi_gmem1_0_AWREGION                                                            |  out|    4|       m_axi|                                                                    gmem1|       pointer|
|m_axi_gmem1_0_AWUSER                                                              |  out|    1|       m_axi|                                                                    gmem1|       pointer|
|m_axi_gmem1_0_WVALID                                                              |  out|    1|       m_axi|                                                                    gmem1|       pointer|
|m_axi_gmem1_0_WREADY                                                              |   in|    1|       m_axi|                                                                    gmem1|       pointer|
|m_axi_gmem1_0_WDATA                                                               |  out|   32|       m_axi|                                                                    gmem1|       pointer|
|m_axi_gmem1_0_WSTRB                                                               |  out|    4|       m_axi|                                                                    gmem1|       pointer|
|m_axi_gmem1_0_WLAST                                                               |  out|    1|       m_axi|                                                                    gmem1|       pointer|
|m_axi_gmem1_0_WID                                                                 |  out|    1|       m_axi|                                                                    gmem1|       pointer|
|m_axi_gmem1_0_WUSER                                                               |  out|    1|       m_axi|                                                                    gmem1|       pointer|
|m_axi_gmem1_0_ARVALID                                                             |  out|    1|       m_axi|                                                                    gmem1|       pointer|
|m_axi_gmem1_0_ARREADY                                                             |   in|    1|       m_axi|                                                                    gmem1|       pointer|
|m_axi_gmem1_0_ARADDR                                                              |  out|   64|       m_axi|                                                                    gmem1|       pointer|
|m_axi_gmem1_0_ARID                                                                |  out|    1|       m_axi|                                                                    gmem1|       pointer|
|m_axi_gmem1_0_ARLEN                                                               |  out|   32|       m_axi|                                                                    gmem1|       pointer|
|m_axi_gmem1_0_ARSIZE                                                              |  out|    3|       m_axi|                                                                    gmem1|       pointer|
|m_axi_gmem1_0_ARBURST                                                             |  out|    2|       m_axi|                                                                    gmem1|       pointer|
|m_axi_gmem1_0_ARLOCK                                                              |  out|    2|       m_axi|                                                                    gmem1|       pointer|
|m_axi_gmem1_0_ARCACHE                                                             |  out|    4|       m_axi|                                                                    gmem1|       pointer|
|m_axi_gmem1_0_ARPROT                                                              |  out|    3|       m_axi|                                                                    gmem1|       pointer|
|m_axi_gmem1_0_ARQOS                                                               |  out|    4|       m_axi|                                                                    gmem1|       pointer|
|m_axi_gmem1_0_ARREGION                                                            |  out|    4|       m_axi|                                                                    gmem1|       pointer|
|m_axi_gmem1_0_ARUSER                                                              |  out|    1|       m_axi|                                                                    gmem1|       pointer|
|m_axi_gmem1_0_RVALID                                                              |   in|    1|       m_axi|                                                                    gmem1|       pointer|
|m_axi_gmem1_0_RREADY                                                              |  out|    1|       m_axi|                                                                    gmem1|       pointer|
|m_axi_gmem1_0_RDATA                                                               |   in|   32|       m_axi|                                                                    gmem1|       pointer|
|m_axi_gmem1_0_RLAST                                                               |   in|    1|       m_axi|                                                                    gmem1|       pointer|
|m_axi_gmem1_0_RID                                                                 |   in|    1|       m_axi|                                                                    gmem1|       pointer|
|m_axi_gmem1_0_RFIFONUM                                                            |   in|    9|       m_axi|                                                                    gmem1|       pointer|
|m_axi_gmem1_0_RUSER                                                               |   in|    1|       m_axi|                                                                    gmem1|       pointer|
|m_axi_gmem1_0_RRESP                                                               |   in|    2|       m_axi|                                                                    gmem1|       pointer|
|m_axi_gmem1_0_BVALID                                                              |   in|    1|       m_axi|                                                                    gmem1|       pointer|
|m_axi_gmem1_0_BREADY                                                              |  out|    1|       m_axi|                                                                    gmem1|       pointer|
|m_axi_gmem1_0_BRESP                                                               |   in|    2|       m_axi|                                                                    gmem1|       pointer|
|m_axi_gmem1_0_BID                                                                 |   in|    1|       m_axi|                                                                    gmem1|       pointer|
|m_axi_gmem1_0_BUSER                                                               |   in|    1|       m_axi|                                                                    gmem1|       pointer|
|bias                                                                              |   in|   64|     ap_none|                                                                     bias|        scalar|
|in_h                                                                              |   in|    8|     ap_none|                                                                     in_h|        scalar|
|in_w                                                                              |   in|    8|     ap_none|                                                                     in_w|        scalar|
|in_ch                                                                             |   in|    8|     ap_none|                                                                    in_ch|        scalar|
|out_ch                                                                            |   in|    8|     ap_none|                                                                   out_ch|        scalar|
|do_relu                                                                           |   in|    1|     ap_none|                                                                  do_relu|        scalar|
|p_read                                                                            |   in|    1|     ap_none|                                                                   p_read|        scalar|
|p_read2                                                                           |   in|    1|     ap_none|                                                                  p_read2|        scalar|
|dpu_conv_top_ap_int_64_64_ap_int_64_3_3_ap_int_ap_int_64_64_1_address0            |  out|   17|   ap_memory|            dpu_conv_top_ap_int_64_64_ap_int_64_3_3_ap_int_ap_int_64_64_1|         array|
|dpu_conv_top_ap_int_64_64_ap_int_64_3_3_ap_int_ap_int_64_64_1_ce0                 |  out|    1|   ap_memory|            dpu_conv_top_ap_int_64_64_ap_int_64_3_3_ap_int_ap_int_64_64_1|         array|
|dpu_conv_top_ap_int_64_64_ap_int_64_3_3_ap_int_ap_int_64_64_1_we0                 |  out|    1|   ap_memory|            dpu_conv_top_ap_int_64_64_ap_int_64_3_3_ap_int_ap_int_64_64_1|         array|
|dpu_conv_top_ap_int_64_64_ap_int_64_3_3_ap_int_ap_int_64_64_1_d0                  |  out|    8|   ap_memory|            dpu_conv_top_ap_int_64_64_ap_int_64_3_3_ap_int_ap_int_64_64_1|         array|
|dpu_mulmulmulmulconv_top_ap_int_64_64_ap_int_64_3_3_ap_int_ap_int_64_64_address0  |  out|   17|   ap_memory|  dpu_mulmulmulmulconv_top_ap_int_64_64_ap_int_64_3_3_ap_int_ap_int_64_64|         array|
|dpu_mulmulmulmulconv_top_ap_int_64_64_ap_int_64_3_3_ap_int_ap_int_64_64_ce0       |  out|    1|   ap_memory|  dpu_mulmulmulmulconv_top_ap_int_64_64_ap_int_64_3_3_ap_int_ap_int_64_64|         array|
|dpu_mulmulmulmulconv_top_ap_int_64_64_ap_int_64_3_3_ap_int_ap_int_64_64_we0       |  out|    1|   ap_memory|  dpu_mulmulmulmulconv_top_ap_int_64_64_ap_int_64_3_3_ap_int_ap_int_64_64|         array|
|dpu_mulmulmulmulconv_top_ap_int_64_64_ap_int_64_3_3_ap_int_ap_int_64_64_d0        |  out|    8|   ap_memory|  dpu_mulmulmulmulconv_top_ap_int_64_64_ap_int_64_3_3_ap_int_ap_int_64_64|         array|
+----------------------------------------------------------------------------------+-----+-----+------------+-------------------------------------------------------------------------+--------------+

