

================================================================
== Synthesis Summary Report of 'dpu_conv_top'
================================================================
+ General Information: 
    * Date:           Mon Sep  7 20:13:52 2026
    * Version:        2025.2 (Build 6295257 on Nov 14 2025)
    * Project:        dpu_conv_top
    * Solution:       hls (Vivado IP Flow Target)
    * Product family: zynq
    * Target device:  xc7z020-clg400-1
    

* Performance & Resource Estimates: 
+------------------------------------------------------+------+-------------------+----------+-----------+----------+----------+-----------+-----------+------+------------+----------+-------------+-------------+-----+
|                        Modules                       | Issue|                   | Iteration|           |   Trip   |          |        Latency        |      |            |          |             |             |     |
|                        & Loops                       | Type |   Violation Type  |  Latency |  Interval |   Count  | Pipelined|  (cycles) |    (ns)   | Slack|    BRAM    |    DSP   |      FF     |     LUT     | URAM|
+------------------------------------------------------+------+-------------------+----------+-----------+----------+----------+-----------+-----------+------+------------+----------+-------------+-------------+-----+
|+ dpu_conv_top*                                       |     -|                  -|         -|  150996802|         -|  dataflow|  167578191|  1.843e+09|  0.00|  290 (103%)|  75 (34%)|  33901 (31%)|  40651 (76%)|    -|
| + entry_proc                                         |     -|                  -|         -|          0|         -|        no|          0|      0.000|  4.40|           -|         -|      2 (~0%)|     29 (~0%)|    -|
| + conv3x3_relu                                       |     -|                  -|         -|  150996801|         -|        no|  150996801|  1.661e+09|  0.00|           -|  73 (33%)|  18107 (17%)|  21614 (40%)|    -|
|  o OC_LOOP                                           |     -|                  -|   2359325|          -|        64|        no|  150996800|  1.661e+09|  8.03|           -|         -|            -|            -|    -|
|   + conv3x3_relu_Pipeline_OH_LOOP_OW_LOOP_IC_LOOP    |     -|                  -|         -|          -|         -|       yes|    2359312|  2.595e+07|  0.00|           -|  72 (32%)|  16631 (15%)|  21345 (40%)|    -|
|    o OH_LOOP_OW_LOOP_IC_LOOP                         |    II|  Memory Dependency|        87|         72|     32768|       yes|    2359310|  2.595e+07|  8.03|           -|         -|            -|            -|    -|
| + Block_entry_proc_2                                 |     -|                  -|         -|          0|         -|        no|          0|      0.000|  4.40|           -|         -|     67 (~0%)|     20 (~0%)|    -|
| + Block_entry_proc                                   |     -|                  -|         -|   16581389|         -|        no|   16581389|  1.824e+08|  0.00|           -|   2 (~0%)|    899 (~0%)|    1938 (3%)|    -|
|  + copy_passthrough                                  |     -|                  -|         -|   16581387|         -|        no|   16581387|  1.824e+08|  0.00|           -|   1 (~0%)|    396 (~0%)|     740 (1%)|    -|
|   + copy_passthrough_Pipeline_COPY_OC_COPY_H_COPY_W  |     -|                  -|         -|          -|         -|       yes|   16581385|  1.824e+08|  0.00|           -|         -|    352 (~0%)|     673 (1%)|    -|
|    o COPY_OC_COPY_H_COPY_W                           |     -|                  -|        10|          1|  16581375|       yes|   16581383|  1.824e+08|  8.03|           -|         -|            -|            -|    -|
|  + maxpool2x2                                        |     -|                  -|         -|    4112908|         -|        no|    4112908|  4.524e+07|  0.00|           -|   1 (~0%)|    407 (~0%)|     802 (1%)|    -|
|   + maxpool2x2_Pipeline_POOL_OC_POOL_H_POOL_W        |     -|                  -|         -|          -|         -|       yes|    4112906|  4.524e+07|  0.00|           -|         -|    360 (~0%)|     743 (1%)|    -|
|    o POOL_OC_POOL_H_POOL_W                           |     -|                  -|        11|          1|   4112895|       yes|    4112904|  4.524e+07|  8.03|           -|         -|            -|            -|    -|
+------------------------------------------------------+------+-------------------+----------+-----------+----------+----------+-----------+-----------+------+------------+----------+-------------+-------------+-----+
    II Violation Information: docs.amd.com/access/sources/dita/topic?Doc_Version=2025.2%20English&url=ug1448-hls-guidance&resourceid=200-880.html
    Name Prefix: '+' for module, 'o' for loop, '*' for dataflow


================================================================
== HW Interfaces
================================================================
* M_AXI
+---------------+------------+------------+---------------+---------+--------+----------+-----------+--------------+--------------+-------------+-------------+-------------------+
| Interface     | Read/Write | Data Width | Address Width | Latency | Offset | Register | Max Widen | Max Read     | Max Write    | Num Read    | Num Write   | Resource Estimate |
|               |            | (SW->HW)   |               |         |        |          | Bitwidth  | Burst Length | Burst Length | Outstanding | Outstanding |                   |
+---------------+------------+------------+---------------+---------+--------+----------+-----------+--------------+--------------+-------------+-------------+-------------------+
| m_axi_gmem0   | WRITE_ONLY | 8 -> 8     | 64            | 0       | slave  | 0        | 0         | 16           | 16           | 16          | 16          |                   |
| m_axi_gmem0_0 | READ_ONLY  | 8 -> 8     | 64            | 0       | slave  | 0        | 0         | 16           | 16           | 16          | 16          | BRAM=2            |
| m_axi_gmem0_1 | READ_ONLY  | 8 -> 8     | 64            | 0       | slave  | 0        | 0         | 16           | 16           | 16          | 16          | BRAM=2            |
| m_axi_gmem0_2 | READ_ONLY  | 8 -> 8     | 64            | 0       | slave  | 0        | 0         | 16           | 16           | 16          | 16          | BRAM=2            |
| m_axi_gmem0_3 | READ_ONLY  | 8 -> 8     | 64            | 0       | slave  | 0        | 0         | 16           | 16           | 16          | 16          | BRAM=2            |
| m_axi_gmem0_4 | READ_ONLY  | 8 -> 8     | 64            | 0       | slave  | 0        | 0         | 16           | 16           | 16          | 16          | BRAM=2            |
| m_axi_gmem0_5 | READ_ONLY  | 8 -> 8     | 64            | 0       | slave  | 0        | 0         | 16           | 16           | 16          | 16          | BRAM=2            |
| m_axi_gmem0_6 | READ_ONLY  | 8 -> 8     | 64            | 0       | slave  | 0        | 0         | 16           | 16           | 16          | 16          | BRAM=2            |
| m_axi_gmem0_7 | READ_ONLY  | 8 -> 8     | 64            | 0       | slave  | 0        | 0         | 16           | 16           | 16          | 16          | BRAM=2            |
| m_axi_gmem1   | READ_ONLY  | 32 -> 32   | 64            | 0       | slave  | 0        | 0         | 16           | 16           | 16          | 16          | BRAM=2            |
| m_axi_gmem1_0 | READ_ONLY  | 8 -> 8     | 64            | 0       | slave  | 0        | 0         | 16           | 16           | 16          | 16          | BRAM=2            |
| m_axi_gmem1_1 | READ_ONLY  | 8 -> 8     | 64            | 0       | slave  | 0        | 0         | 16           | 16           | 16          | 16          | BRAM=2            |
| m_axi_gmem1_2 | READ_ONLY  | 8 -> 8     | 64            | 0       | slave  | 0        | 0         | 16           | 16           | 16          | 16          | BRAM=2            |
| m_axi_gmem1_3 | READ_ONLY  | 8 -> 8     | 64            | 0       | slave  | 0        | 0         | 16           | 16           | 16          | 16          | BRAM=2            |
| m_axi_gmem1_4 | READ_ONLY  | 8 -> 8     | 64            | 0       | slave  | 0        | 0         | 16           | 16           | 16          | 16          | BRAM=2            |
| m_axi_gmem1_5 | READ_ONLY  | 8 -> 8     | 64            | 0       | slave  | 0        | 0         | 16           | 16           | 16          | 16          | BRAM=2            |
| m_axi_gmem1_6 | READ_ONLY  | 8 -> 8     | 64            | 0       | slave  | 0        | 0         | 16           | 16           | 16          | 16          | BRAM=2            |
| m_axi_gmem1_7 | READ_ONLY  | 8 -> 8     | 64            | 0       | slave  | 0        | 0         | 16           | 16           | 16          | 16          | BRAM=2            |
+---------------+------------+------------+---------------+---------+--------+----------+-----------+--------------+--------------+-------------+-------------+-------------------+

* S_AXILITE Interfaces
+---------------+------------+---------------+--------+----------+
| Interface     | Data Width | Address Width | Offset | Register |
+---------------+------------+---------------+--------+----------+
| s_axi_CTRL    | 32         | 7             | 16     | 0        |
| s_axi_control | 32         | 8             | 16     | 0        |
+---------------+------------+---------------+--------+----------+

* S_AXILITE Registers
+---------------+------------+--------+-------+--------+----------------------------------+----------------------------------------------------------------------+
| Interface     | Register   | Offset | Width | Access | Description                      | Bit Fields                                                           |
+---------------+------------+--------+-------+--------+----------------------------------+----------------------------------------------------------------------+
| s_axi_CTRL    | CTRL       | 0x00   | 32    | RW     | Control signals                  | 0=AP_START 1=AP_DONE 2=AP_IDLE 3=AP_READY 7=AUTO_RESTART 9=INTERRUPT |
| s_axi_CTRL    | GIER       | 0x04   | 32    | RW     | Global Interrupt Enable Register | 0=Enable                                                             |
| s_axi_CTRL    | IP_IER     | 0x08   | 32    | RW     | IP Interrupt Enable Register     | 0=CHAN0_INT_EN 1=CHAN1_INT_EN                                        |
| s_axi_CTRL    | IP_ISR     | 0x0c   | 32    | RW     | IP Interrupt Status Register     | 0=CHAN0_INT_ST 1=CHAN1_INT_ST                                        |
| s_axi_CTRL    | in_h       | 0x10   | 32    | W      | Data signal of in_h              |                                                                      |
| s_axi_CTRL    | in_w       | 0x18   | 32    | W      | Data signal of in_w              |                                                                      |
| s_axi_CTRL    | in_ch      | 0x20   | 32    | W      | Data signal of in_ch             |                                                                      |
| s_axi_CTRL    | out_ch     | 0x28   | 32    | W      | Data signal of out_ch            |                                                                      |
| s_axi_CTRL    | do_relu    | 0x30   | 32    | W      | Data signal of do_relu           |                                                                      |
| s_axi_CTRL    | do_pool    | 0x38   | 32    | W      | Data signal of do_pool           |                                                                      |
| s_axi_CTRL    | perf_1     | 0x40   | 32    | R      | Data signal of perf              |                                                                      |
| s_axi_CTRL    | perf_2     | 0x44   | 32    | R      | Data signal of perf              |                                                                      |
| s_axi_CTRL    | perf_3     | 0x48   | 32    | R      | Data signal of perf              |                                                                      |
| s_axi_CTRL    | perf_ctrl  | 0x4c   | 32    | R      | Control signal of perf           | 0=perf_ap_vld                                                        |
| s_axi_control | ifmap_0_1  | 0x10   | 32    | W      | Data signal of ifmap_0           |                                                                      |
| s_axi_control | ifmap_0_2  | 0x14   | 32    | W      | Data signal of ifmap_0           |                                                                      |
| s_axi_control | ifmap_1_1  | 0x1c   | 32    | W      | Data signal of ifmap_1           |                                                                      |
| s_axi_control | ifmap_1_2  | 0x20   | 32    | W      | Data signal of ifmap_1           |                                                                      |
| s_axi_control | ifmap_2_1  | 0x28   | 32    | W      | Data signal of ifmap_2           |                                                                      |
| s_axi_control | ifmap_2_2  | 0x2c   | 32    | W      | Data signal of ifmap_2           |                                                                      |
| s_axi_control | ifmap_3_1  | 0x34   | 32    | W      | Data signal of ifmap_3           |                                                                      |
| s_axi_control | ifmap_3_2  | 0x38   | 32    | W      | Data signal of ifmap_3           |                                                                      |
| s_axi_control | ifmap_4_1  | 0x40   | 32    | W      | Data signal of ifmap_4           |                                                                      |
| s_axi_control | ifmap_4_2  | 0x44   | 32    | W      | Data signal of ifmap_4           |                                                                      |
| s_axi_control | ifmap_5_1  | 0x4c   | 32    | W      | Data signal of ifmap_5           |                                                                      |
| s_axi_control | ifmap_5_2  | 0x50   | 32    | W      | Data signal of ifmap_5           |                                                                      |
| s_axi_control | ifmap_6_1  | 0x58   | 32    | W      | Data signal of ifmap_6           |                                                                      |
| s_axi_control | ifmap_6_2  | 0x5c   | 32    | W      | Data signal of ifmap_6           |                                                                      |
| s_axi_control | ifmap_7_1  | 0x64   | 32    | W      | Data signal of ifmap_7           |                                                                      |
| s_axi_control | ifmap_7_2  | 0x68   | 32    | W      | Data signal of ifmap_7           |                                                                      |
| s_axi_control | weight_0_1 | 0x70   | 32    | W      | Data signal of weight_0          |                                                                      |
| s_axi_control | weight_0_2 | 0x74   | 32    | W      | Data signal of weight_0          |                                                                      |
| s_axi_control | weight_1_1 | 0x7c   | 32    | W      | Data signal of weight_1          |                                                                      |
| s_axi_control | weight_1_2 | 0x80   | 32    | W      | Data signal of weight_1          |                                                                      |
| s_axi_control | weight_2_1 | 0x88   | 32    | W      | Data signal of weight_2          |                                                                      |
| s_axi_control | weight_2_2 | 0x8c   | 32    | W      | Data signal of weight_2          |                                                                      |
| s_axi_control | weight_3_1 | 0x94   | 32    | W      | Data signal of weight_3          |                                                                      |
| s_axi_control | weight_3_2 | 0x98   | 32    | W      | Data signal of weight_3          |                                                                      |
| s_axi_control | weight_4_1 | 0xa0   | 32    | W      | Data signal of weight_4          |                                                                      |
| s_axi_control | weight_4_2 | 0xa4   | 32    | W      | Data signal of weight_4          |                                                                      |
| s_axi_control | weight_5_1 | 0xac   | 32    | W      | Data signal of weight_5          |                                                                      |
| s_axi_control | weight_5_2 | 0xb0   | 32    | W      | Data signal of weight_5          |                                                                      |
| s_axi_control | weight_6_1 | 0xb8   | 32    | W      | Data signal of weight_6          |                                                                      |
| s_axi_control | weight_6_2 | 0xbc   | 32    | W      | Data signal of weight_6          |                                                                      |
| s_axi_control | weight_7_1 | 0xc4   | 32    | W      | Data signal of weight_7          |                                                                      |
| s_axi_control | weight_7_2 | 0xc8   | 32    | W      | Data signal of weight_7          |                                                                      |
| s_axi_control | bias_1     | 0xd0   | 32    | W      | Data signal of bias              |                                                                      |
| s_axi_control | bias_2     | 0xd4   | 32    | W      | Data signal of bias              |                                                                      |
| s_axi_control | ofmap_1    | 0xdc   | 32    | W      | Data signal of ofmap             |                                                                      |
| s_axi_control | ofmap_2    | 0xe0   | 32    | W      | Data signal of ofmap             |                                                                      |
+---------------+------------+--------+-------+--------+----------------------------------+----------------------------------------------------------------------+

* TOP LEVEL CONTROL
+-----------+------------+-----------+
| Interface | Type       | Ports     |
+-----------+------------+-----------+
| ap_clk    | clock      | ap_clk    |
| ap_rst_n  | reset      | ap_rst_n  |
| interrupt | interrupt  | interrupt |
| ap_ctrl   | ap_ctrl_hs |           |
+-----------+------------+-----------+


================================================================
== SW I/O Information
================================================================
* Top Function Arguments
+----------+-----------+------------------+
| Argument | Direction | Datatype         |
+----------+-----------+------------------+
| ifmap    | in        | ap_int<8>*       |
| weight   | in        | ap_int<8>*       |
| bias     | in        | ap_int<32>*      |
| ofmap    | out       | ap_int<8>*       |
| in_h     | in        | ap_uint<8>       |
| in_w     | in        | ap_uint<8>       |
| in_ch    | in        | ap_uint<8>       |
| out_ch   | in        | ap_uint<8>       |
| do_relu  | in        | ap_uint<1>       |
| do_pool  | in        | ap_uint<1>       |
| perf     | out       | perf_counters_t& |
+----------+-----------+------------------+

* SW-to-HW Mapping
+----------+---------------+-----------+----------+-------------------------------------+
| Argument | HW Interface  | HW Type   | HW Usage | HW Info                             |
+----------+---------------+-----------+----------+-------------------------------------+
| ifmap    | m_axi_gmem0_0 | interface |          | channel=0                           |
| ifmap    | s_axi_control | interface | offset   |                                     |
| ifmap    | m_axi_gmem0_1 | interface |          | channel=0                           |
| ifmap    | s_axi_control | interface | offset   |                                     |
| ifmap    | m_axi_gmem0_2 | interface |          | channel=0                           |
| ifmap    | s_axi_control | interface | offset   |                                     |
| ifmap    | m_axi_gmem0_3 | interface |          | channel=0                           |
| ifmap    | s_axi_control | interface | offset   |                                     |
| ifmap    | m_axi_gmem0_4 | interface |          | channel=0                           |
| ifmap    | s_axi_control | interface | offset   |                                     |
| ifmap    | m_axi_gmem0_5 | interface |          | channel=0                           |
| ifmap    | s_axi_control | interface | offset   |                                     |
| ifmap    | m_axi_gmem0_6 | interface |          | channel=0                           |
| ifmap    | s_axi_control | interface | offset   |                                     |
| ifmap    | m_axi_gmem0_7 | interface |          | channel=0                           |
| ifmap    | s_axi_control | interface | offset   |                                     |
| weight   | m_axi_gmem1_0 | interface |          | channel=0                           |
| weight   | s_axi_control | interface | offset   |                                     |
| weight   | m_axi_gmem1_1 | interface |          | channel=0                           |
| weight   | s_axi_control | interface | offset   |                                     |
| weight   | m_axi_gmem1_2 | interface |          | channel=0                           |
| weight   | s_axi_control | interface | offset   |                                     |
| weight   | m_axi_gmem1_3 | interface |          | channel=0                           |
| weight   | s_axi_control | interface | offset   |                                     |
| weight   | m_axi_gmem1_4 | interface |          | channel=0                           |
| weight   | s_axi_control | interface | offset   |                                     |
| weight   | m_axi_gmem1_5 | interface |          | channel=0                           |
| weight   | s_axi_control | interface | offset   |                                     |
| weight   | m_axi_gmem1_6 | interface |          | channel=0                           |
| weight   | s_axi_control | interface | offset   |                                     |
| weight   | m_axi_gmem1_7 | interface |          | channel=0                           |
| weight   | s_axi_control | interface | offset   |                                     |
| bias     | m_axi_gmem1   | interface |          | channel=0                           |
| bias     | s_axi_control | register  | offset   | name=bias_1 offset=0xd0 range=32    |
| bias     | s_axi_control | register  | offset   | name=bias_2 offset=0xd4 range=32    |
| ofmap    | m_axi_gmem0   | interface |          | channel=0                           |
| ofmap    | s_axi_control | register  | offset   | name=ofmap_1 offset=0xdc range=32   |
| ofmap    | s_axi_control | register  | offset   | name=ofmap_2 offset=0xe0 range=32   |
| in_h     | s_axi_CTRL    | register  |          | name=in_h offset=0x10 range=32      |
| in_w     | s_axi_CTRL    | register  |          | name=in_w offset=0x18 range=32      |
| in_ch    | s_axi_CTRL    | register  |          | name=in_ch offset=0x20 range=32     |
| out_ch   | s_axi_CTRL    | register  |          | name=out_ch offset=0x28 range=32    |
| do_relu  | s_axi_CTRL    | register  |          | name=do_relu offset=0x30 range=32   |
| do_pool  | s_axi_CTRL    | register  |          | name=do_pool offset=0x38 range=32   |
| perf     | s_axi_CTRL    | register  |          | name=perf_1 offset=0x40 range=32    |
| perf     | s_axi_CTRL    | register  |          | name=perf_2 offset=0x44 range=32    |
| perf     | s_axi_CTRL    | register  |          | name=perf_3 offset=0x48 range=32    |
| perf     | s_axi_CTRL    | register  |          | name=perf_ctrl offset=0x4c range=32 |
+----------+---------------+-----------+----------+-------------------------------------+


================================================================
== M_AXI Burst Information
================================================================
 Note: All burst requests might be further partitioned into multiple requests during RTL generation based on max_read_burst_length or max_write_burst_length settings.

* Inferred Burst Summary
+--------------+-----------+----------+-------+--------+---------------------------------------------------+
| HW Interface | Direction | Length   | Width | Loop   | Loop Location                                     |
+--------------+-----------+----------+-------+--------+---------------------------------------------------+
| m_axi_gmem0  | write     | variable | 8     | POOL_W | C:/Users/user/Downloads/files/dpu_conv.cpp:89:13  |
| m_axi_gmem0  | write     | variable | 8     | COPY_W | C:/Users/user/Downloads/files/dpu_conv.cpp:119:13 |
+--------------+-----------+----------+-------+--------+---------------------------------------------------+

* All M_AXI Variable Accesses
+--------------+----------+---------------------------------------------------+-----------+--------------+----------+---------+---------------------------------------------------+------------+------------------------------------------------------------------------------------------------------+
| HW Interface | Variable | Access Location                                   | Direction | Burst Status | Length   | Loop    | Loop Location                                     | Resolution | Problem                                                                                              |
+--------------+----------+---------------------------------------------------+-----------+--------------+----------+---------+---------------------------------------------------+------------+------------------------------------------------------------------------------------------------------+
| m_axi_gmem0  | ifmap_7  | C:/Users/user/Downloads/files/dpu_conv.cpp:55:66  | read      | Fail         |          | IC_LOOP | C:/Users/user/Downloads/files/dpu_conv.cpp:36:17  | 214-232    | Access load is in the conditional branch                                                             |
| m_axi_gmem0  | ifmap_6  | C:/Users/user/Downloads/files/dpu_conv.cpp:55:66  | read      | Fail         |          | IC_LOOP | C:/Users/user/Downloads/files/dpu_conv.cpp:36:17  | 214-232    | Access load is in the conditional branch                                                             |
| m_axi_gmem0  | ifmap_5  | C:/Users/user/Downloads/files/dpu_conv.cpp:55:66  | read      | Fail         |          | IC_LOOP | C:/Users/user/Downloads/files/dpu_conv.cpp:36:17  | 214-232    | Access load is in the conditional branch                                                             |
| m_axi_gmem0  | ifmap_4  | C:/Users/user/Downloads/files/dpu_conv.cpp:55:66  | read      | Fail         |          | IC_LOOP | C:/Users/user/Downloads/files/dpu_conv.cpp:36:17  | 214-232    | Access load is in the conditional branch                                                             |
| m_axi_gmem0  | ifmap_3  | C:/Users/user/Downloads/files/dpu_conv.cpp:55:66  | read      | Fail         |          | IC_LOOP | C:/Users/user/Downloads/files/dpu_conv.cpp:36:17  | 214-232    | Access load is in the conditional branch                                                             |
| m_axi_gmem0  | ifmap_2  | C:/Users/user/Downloads/files/dpu_conv.cpp:55:66  | read      | Fail         |          | IC_LOOP | C:/Users/user/Downloads/files/dpu_conv.cpp:36:17  | 214-232    | Access load is in the conditional branch                                                             |
| m_axi_gmem0  | ifmap_1  | C:/Users/user/Downloads/files/dpu_conv.cpp:55:66  | read      | Fail         |          | IC_LOOP | C:/Users/user/Downloads/files/dpu_conv.cpp:36:17  | 214-232    | Access load is in the conditional branch                                                             |
| m_axi_gmem0  | ifmap_0  | C:/Users/user/Downloads/files/dpu_conv.cpp:55:66  | read      | Fail         |          | IC_LOOP | C:/Users/user/Downloads/files/dpu_conv.cpp:36:17  | 214-230    | Stride is incompatible                                                                               |
| m_axi_gmem0  | ofmap    | C:/Users/user/Downloads/files/dpu_conv.cpp:98:35  | write     | Widen Fail   |          | COPY_W  | C:/Users/user/Downloads/files/dpu_conv.cpp:119:13 | 214-353    | Could not widen since type i8 size is greater than or equal to the max_widen_bitwidth threshold of 0 |
| m_axi_gmem0  | ofmap    | C:/Users/user/Downloads/files/dpu_conv.cpp:98:35  | write     | Widen Fail   |          | POOL_W  | C:/Users/user/Downloads/files/dpu_conv.cpp:89:13  | 214-353    | Could not widen since type i8 size is greater than or equal to the max_widen_bitwidth threshold of 0 |
| m_axi_gmem0  | ofmap    | C:/Users/user/Downloads/files/dpu_conv.cpp:98:35  | write     | Fail         |          | COPY_H  | C:/Users/user/Downloads/files/dpu_conv.cpp:117:9  | 214-230    | Stride is incompatible                                                                               |
| m_axi_gmem0  | ofmap    | C:/Users/user/Downloads/files/dpu_conv.cpp:98:35  | write     | Fail         |          | POOL_H  | C:/Users/user/Downloads/files/dpu_conv.cpp:87:9   | 214-230    | Stride is incompatible                                                                               |
| m_axi_gmem0  | ofmap    | C:/Users/user/Downloads/files/dpu_conv.cpp:98:35  | write     | Inferred     | variable | POOL_W  | C:/Users/user/Downloads/files/dpu_conv.cpp:89:13  |            |                                                                                                      |
| m_axi_gmem0  | ofmap    | C:/Users/user/Downloads/files/dpu_conv.cpp:121:35 | write     | Inferred     | variable | COPY_W  | C:/Users/user/Downloads/files/dpu_conv.cpp:119:13 |            |                                                                                                      |
| m_axi_gmem1  | bias     | C:/Users/user/Downloads/files/dpu_conv.cpp:33:29  | read      | Fail         |          | OH_LOOP | C:/Users/user/Downloads/files/dpu_conv.cpp:28:9   | 214-230    | Stride is incompatible                                                                               |
| m_axi_gmem1  | weight_7 | C:/Users/user/Downloads/files/dpu_conv.cpp:55:66  | read      | Fail         |          | IC_LOOP | C:/Users/user/Downloads/files/dpu_conv.cpp:36:17  | 214-232    | Access load is in the conditional branch                                                             |
| m_axi_gmem1  | weight_6 | C:/Users/user/Downloads/files/dpu_conv.cpp:55:66  | read      | Fail         |          | IC_LOOP | C:/Users/user/Downloads/files/dpu_conv.cpp:36:17  | 214-232    | Access load is in the conditional branch                                                             |
| m_axi_gmem1  | weight_5 | C:/Users/user/Downloads/files/dpu_conv.cpp:55:66  | read      | Fail         |          | IC_LOOP | C:/Users/user/Downloads/files/dpu_conv.cpp:36:17  | 214-232    | Access load is in the conditional branch                                                             |
| m_axi_gmem1  | weight_4 | C:/Users/user/Downloads/files/dpu_conv.cpp:55:66  | read      | Fail         |          | IC_LOOP | C:/Users/user/Downloads/files/dpu_conv.cpp:36:17  | 214-232    | Access load is in the conditional branch                                                             |
| m_axi_gmem1  | weight_3 | C:/Users/user/Downloads/files/dpu_conv.cpp:55:66  | read      | Fail         |          | IC_LOOP | C:/Users/user/Downloads/files/dpu_conv.cpp:36:17  | 214-232    | Access load is in the conditional branch                                                             |
| m_axi_gmem1  | weight_2 | C:/Users/user/Downloads/files/dpu_conv.cpp:55:66  | read      | Fail         |          | IC_LOOP | C:/Users/user/Downloads/files/dpu_conv.cpp:36:17  | 214-232    | Access load is in the conditional branch                                                             |
| m_axi_gmem1  | weight_1 | C:/Users/user/Downloads/files/dpu_conv.cpp:55:66  | read      | Fail         |          | IC_LOOP | C:/Users/user/Downloads/files/dpu_conv.cpp:36:17  | 214-232    | Access load is in the conditional branch                                                             |
| m_axi_gmem1  | weight_0 | C:/Users/user/Downloads/files/dpu_conv.cpp:55:66  | read      | Fail         |          | IC_LOOP | C:/Users/user/Downloads/files/dpu_conv.cpp:36:17  | 214-230    | Stride is incompatible                                                                               |
+--------------+----------+---------------------------------------------------+-----------+--------------+----------+---------+---------------------------------------------------+------------+------------------------------------------------------------------------------------------------------+

    * Resolution URL: docs.amd.com/access/sources/dita/topic?Doc_Version=2025.2%20English&url=ug1448-hls-guidance&resourceid=XXX-YYY.html (replace XXX-YYY with column value)

================================================================
== Bind Op Report
================================================================
+------------------------------------------------------+-----+--------+--------------------+--------+-----------+---------+
| Name                                                 | DSP | Pragma | Variable           | Op     | Impl      | Latency |
+------------------------------------------------------+-----+--------+--------------------+--------+-----------+---------+
| + dpu_conv_top                                       | 75  |        |                    |        |           |         |
|  + conv3x3_relu                                      | 73  |        |                    |        |           |         |
|    mul_8ns_11ns_19_1_1_U130                          | 1   |        | bound4             | mul    | auto      | 0       |
|    icmp_ln23_fu_507_p2                               |     |        | icmp_ln23          | seteq  | auto      | 0       |
|    add_ln23_fu_512_p2                                |     |        | add_ln23           | add    | fabric    | 0       |
|    add_ln33_fu_530_p2                                |     |        | add_ln33           | add    | fabric    | 0       |
|    mac_count_out_0_fu_560_p3                         |     |        | mac_count_out_0    | select | auto_sel  | 0       |
|   + conv3x3_relu_Pipeline_OH_LOOP_OW_LOOP_IC_LOOP    | 72  |        |                    |        |           |         |
|     icmp_ln31_fu_2425_p2                             |     |        | icmp_ln31          | seteq  | auto      | 0       |
|     add_ln31_fu_5595_p2                              |     |        | add_ln31           | add    | fabric    | 0       |
|     select_ln31_fu_5600_p3                           |     |        | select_ln31        | select | auto_sel  | 0       |
|     icmp_ln28_fu_2482_p2                             |     |        | icmp_ln28          | seteq  | auto      | 0       |
|     add_ln28_1_fu_2487_p2                            |     |        | add_ln28_1         | add    | fabric    | 0       |
|     add_ln28_fu_2502_p2                              |     |        | add_ln28           | add    | fabric    | 0       |
|     icmp_ln31_1_fu_2508_p2                           |     |        | icmp_ln31_1        | seteq  | auto      | 0       |
|     ow_mid29_fu_2513_p3                              |     |        | ow_mid29           | select | auto_sel  | 0       |
|     ic_mid213_fu_2521_p3                             |     |        | ic_mid213          | select | auto_sel  | 0       |
|     acc_1_mid214_fu_5665_p3                          |     |        | acc_1_mid214       | select | auto_sel  | 0       |
|     add_ln31_1_fu_2529_p2                            |     |        | add_ln31_1         | add    | fabric    | 0       |
|     add_ln31_1_mid218_fu_2535_p3                     |     |        | add_ln31_1_mid218  | select | auto_sel  | 0       |
|     xor_ln36_fu_2551_p2                              |     |        | xor_ln36           | xor    | auto      | 0       |
|     icmp_ln36_mid220_fu_2557_p2                      |     |        | icmp_ln36_mid220   | or     | auto      | 0       |
|     select_ln28_fu_5607_p3                           |     |        | select_ln28        | select | auto_sel  | 0       |
|     select_ln28_1_fu_2563_p3                         |     |        | select_ln28_1      | select | auto_sel  | 0       |
|     add_ln31_2_fu_2571_p2                            |     |        | add_ln31_2         | add    | fabric    | 0       |
|     ic_mid2_fu_2577_p3                               |     |        | ic_mid2            | select | auto_sel  | 0       |
|     grp_fu_6613_p2                                   |     |        | acc_1_mid2         | select | auto_sel  | 0       |
|     add_ln31_3_fu_2585_p2                            |     |        | add_ln31_3         | add    | fabric    | 0       |
|     add_ln31_1_mid2_fu_2591_p3                       |     |        | add_ln31_1_mid2    | select | auto_sel  | 0       |
|     select_ln31_1_fu_2599_p3                         |     |        | select_ln31_1      | select | auto_sel  | 0       |
|     add_ln55_7_fu_2682_p2                            |     |        | add_ln55_7         | add    | fabric    | 0       |
|     add_ln70_fu_2691_p2                              |     |        | add_ln70           | add    | fabric    | 0       |
|     icmp_ln54_fu_2700_p2                             |     |        | icmp_ln54          | setne  | auto      | 0       |
|     add_ln51_fu_2705_p2                              |     |        | add_ln51           | add    | fabric    | 0       |
|     icmp_ln54_1_fu_2711_p2                           |     |        | icmp_ln54_1        | setlt  | auto      | 0       |
|     xor_ln54_fu_2716_p2                              |     |        | xor_ln54           | xor    | auto      | 0       |
|     add_ln55_fu_2733_p2                              |     |        | add_ln55           | add    | fabric    | 0       |
|     add_ln55_1_fu_3608_p2                            |     |        | add_ln55_1         | add    | fabric    | 0       |
|     add_ln52_fu_2742_p2                              |     |        | add_ln52           | add    | fabric    | 0       |
|     icmp_ln54_2_fu_2752_p2                           |     |        | icmp_ln54_2        | setne  | auto      | 0       |
|     and_ln54_fu_2757_p2                              |     |        | and_ln54           | and    | auto      | 0       |
|     add_ln52_1_fu_2763_p2                            |     |        | add_ln52_1         | add    | fabric    | 0       |
|     icmp_ln54_3_fu_2769_p2                           |     |        | icmp_ln54_3        | setlt  | auto      | 0       |
|     xor_ln54_1_fu_2774_p2                            |     |        | xor_ln54_1         | xor    | auto      | 0       |
|     and_ln54_1_fu_2780_p2                            |     |        | and_ln54_1         | and    | auto      | 0       |
|     and_ln54_2_fu_2786_p2                            |     |        | and_ln54_2         | and    | auto      | 0       |
|     and_ln54_3_fu_2792_p2                            |     |        | and_ln54_3         | and    | auto      | 0       |
|     icmp_ln46_fu_2804_p2                             |     |        | icmp_ln46          | setlt  | auto      | 0       |
|     add_ln55_11_fu_2831_p2                           |     |        | add_ln55_11        | add    | fabric    | 0       |
|     add_ln55_2_fu_2841_p2                            |     |        | add_ln55_2         | add    | fabric    | 0       |
|     add_ln55_3_fu_2846_p2                            |     |        | add_ln55_3         | add    | fabric    | 0       |
|     add_ln55_4_fu_2856_p2                            |     |        | add_ln55_4         | add    | fabric    | 0       |
|     add_ln55_5_fu_2861_p2                            |     |        | add_ln55_5         | add    | fabric    | 0       |
|     add_ln55_6_fu_2871_p2                            |     |        | add_ln55_6         | add    | fabric    | 0       |
|     mac_muladd_8s_8s_32s_32_4_1_U5                   | 1   |        | mul_ln55           | mul    | dsp_slice | 3       |
|     mac_muladd_8s_8s_32s_32_4_1_U5                   | 1   |        | sext_ln55_2        | sext   | dsp_slice | 3       |
|     mac_muladd_8s_8s_32s_32_4_1_U5                   | 1   |        | acc_2              | add    | dsp_slice | 3       |
|     add_ln56_fu_2883_p2                              |     |        | add_ln56           | add    | fabric    | 0       |
|     add_ln55_8_fu_3638_p2                            |     |        | add_ln55_8         | add    | fabric    | 0       |
|     add_ln55_9_fu_3647_p2                            |     |        | add_ln55_9         | add    | fabric    | 0       |
|     add_ln55_10_fu_3658_p2                           |     |        | add_ln55_10        | add    | fabric    | 0       |
|     mac_muladd_8s_8s_32s_32_4_1_U6                   | 1   |        | mul_ln55_1         | mul    | dsp_slice | 3       |
|     mac_muladd_8s_8s_32s_32_4_1_U6                   | 1   |        | sext_ln55_5        | sext   | dsp_slice | 3       |
|     mac_muladd_8s_8s_32s_32_4_1_U6                   | 1   |        | acc_4              | add    | dsp_slice | 3       |
|     add_ln56_1_fu_3669_p2                            |     |        | add_ln56_1         | add    | fabric    | 0       |
|     add_ln55_12_fu_3675_p2                           |     |        | add_ln55_12        | add    | fabric    | 0       |
|     add_ln55_13_fu_3684_p2                           |     |        | add_ln55_13        | add    | fabric    | 0       |
|     add_ln55_14_fu_3695_p2                           |     |        | add_ln55_14        | add    | fabric    | 0       |
|     mac_muladd_8s_8s_32s_32_4_1_U7                   | 1   |        | mul_ln55_2         | mul    | dsp_slice | 3       |
|     mac_muladd_8s_8s_32s_32_4_1_U7                   | 1   |        | sext_ln55_8        | sext   | dsp_slice | 3       |
|     mac_muladd_8s_8s_32s_32_4_1_U7                   | 1   |        | acc_6              | add    | dsp_slice | 3       |
|     add_ln56_2_fu_5553_p2                            |     |        | add_ln56_2         | add    | fabric    | 0       |
|     add_ln55_16_fu_3706_p2                           |     |        | add_ln55_16        | add    | fabric    | 0       |
|     add_ln55_17_fu_3711_p2                           |     |        | add_ln55_17        | add    | fabric    | 0       |
|     add_ln55_18_fu_3723_p2                           |     |        | add_ln55_18        | add    | fabric    | 0       |
|     mac_muladd_8s_8s_32s_32_4_1_U8                   | 1   |        | mul_ln55_3         | mul    | dsp_slice | 3       |
|     mac_muladd_8s_8s_32s_32_4_1_U8                   | 1   |        | sext_ln55_11       | sext   | dsp_slice | 3       |
|     mac_muladd_8s_8s_32s_32_4_1_U8                   | 1   |        | acc_8              | add    | dsp_slice | 3       |
|     add_ln56_3_fu_5559_p2                            |     |        | add_ln56_3         | add    | fabric    | 0       |
|     add_ln55_20_fu_3734_p2                           |     |        | add_ln55_20        | add    | fabric    | 0       |
|     add_ln55_21_fu_3746_p2                           |     |        | add_ln55_21        | add    | fabric    | 0       |
|     mac_muladd_8s_8s_32s_32_4_1_U9                   | 1   |        | mul_ln55_4         | mul    | dsp_slice | 3       |
|     mac_muladd_8s_8s_32s_32_4_1_U9                   | 1   |        | sext_ln55_14       | sext   | dsp_slice | 3       |
|     mac_muladd_8s_8s_32s_32_4_1_U9                   | 1   |        | acc_10             | add    | dsp_slice | 3       |
|     add_ln56_4_fu_5565_p2                            |     |        | add_ln56_4         | add    | fabric    | 0       |
|     add_ln55_23_fu_3757_p2                           |     |        | add_ln55_23        | add    | fabric    | 0       |
|     add_ln55_24_fu_3769_p2                           |     |        | add_ln55_24        | add    | fabric    | 0       |
|     mac_muladd_8s_8s_32s_32_4_1_U10                  | 1   |        | mul_ln55_5         | mul    | dsp_slice | 3       |
|     mac_muladd_8s_8s_32s_32_4_1_U10                  | 1   |        | sext_ln55_17       | sext   | dsp_slice | 3       |
|     mac_muladd_8s_8s_32s_32_4_1_U10                  | 1   |        | acc_11             | add    | dsp_slice | 3       |
|     add_ln56_5_fu_5571_p2                            |     |        | add_ln56_5         | add    | fabric    | 0       |
|     add_ln55_26_fu_3780_p2                           |     |        | add_ln55_26        | add    | fabric    | 0       |
|     add_ln55_27_fu_3789_p2                           |     |        | add_ln55_27        | add    | fabric    | 0       |
|     add_ln55_28_fu_3800_p2                           |     |        | add_ln55_28        | add    | fabric    | 0       |
|     mac_muladd_8s_8s_32s_32_4_1_U11                  | 1   |        | mul_ln55_6         | mul    | dsp_slice | 3       |
|     mac_muladd_8s_8s_32s_32_4_1_U11                  | 1   |        | sext_ln55_20       | sext   | dsp_slice | 3       |
|     mac_muladd_8s_8s_32s_32_4_1_U11                  | 1   |        | acc_13             | add    | dsp_slice | 3       |
|     add_ln56_6_fu_5577_p2                            |     |        | add_ln56_6         | add    | fabric    | 0       |
|     add_ln55_30_fu_3811_p2                           |     |        | add_ln55_30        | add    | fabric    | 0       |
|     add_ln55_31_fu_3821_p2                           |     |        | add_ln55_31        | add    | fabric    | 0       |
|     add_ln55_32_fu_3832_p2                           |     |        | add_ln55_32        | add    | fabric    | 0       |
|     mac_muladd_8s_8s_32s_32_4_1_U12                  | 1   |        | mul_ln55_7         | mul    | dsp_slice | 3       |
|     mac_muladd_8s_8s_32s_32_4_1_U12                  | 1   |        | sext_ln55_23       | sext   | dsp_slice | 3       |
|     mac_muladd_8s_8s_32s_32_4_1_U12                  | 1   |        | acc_15             | add    | dsp_slice | 3       |
|     add_ln56_7_fu_5583_p2                            |     |        | add_ln56_7         | add    | fabric    | 0       |
|     add_ln55_34_fu_3843_p2                           |     |        | add_ln55_34        | add    | fabric    | 0       |
|     add_ln55_35_fu_3853_p2                           |     |        | add_ln55_35        | add    | fabric    | 0       |
|     add_ln55_36_fu_3864_p2                           |     |        | add_ln55_36        | add    | fabric    | 0       |
|     mac_muladd_8s_8s_32s_32_4_1_U13                  | 1   |        | mul_ln55_8         | mul    | dsp_slice | 3       |
|     mac_muladd_8s_8s_32s_32_4_1_U13                  | 1   |        | sext_ln55_26       | sext   | dsp_slice | 3       |
|     mac_muladd_8s_8s_32s_32_4_1_U13                  | 1   |        | acc_17             | add    | dsp_slice | 3       |
|     add_ln56_8_fu_5619_p2                            |     |        | add_ln56_8         | add    | fabric    | 0       |
|     icmp_ln46_1_fu_2910_p2                           |     |        | icmp_ln46_1        | setlt  | auto      | 0       |
|     add_ln55_51_fu_2937_p2                           |     |        | add_ln55_51        | add    | fabric    | 0       |
|     add_ln55_38_fu_2947_p2                           |     |        | add_ln55_38        | add    | fabric    | 0       |
|     add_ln55_39_fu_2952_p2                           |     |        | add_ln55_39        | add    | fabric    | 0       |
|     add_ln55_40_fu_2962_p2                           |     |        | add_ln55_40        | add    | fabric    | 0       |
|     add_ln55_41_fu_2967_p2                           |     |        | add_ln55_41        | add    | fabric    | 0       |
|     add_ln55_42_fu_2977_p2                           |     |        | add_ln55_42        | add    | fabric    | 0       |
|     mac_muladd_8s_8s_32s_32_4_1_U14                  | 1   |        | mul_ln55_9         | mul    | dsp_slice | 3       |
|     mac_muladd_8s_8s_32s_32_4_1_U14                  | 1   |        | sext_ln55_29       | sext   | dsp_slice | 3       |
|     mac_muladd_8s_8s_32s_32_4_1_U14                  | 1   |        | acc_19             | add    | dsp_slice | 3       |
|     add_ln56_9_fu_5627_p2                            |     |        | add_ln56_9         | add    | fabric    | 0       |
|     add_ln55_44_fu_3881_p2                           |     |        | add_ln55_44        | add    | fabric    | 0       |
|     add_ln55_45_fu_3890_p2                           |     |        | add_ln55_45        | add    | fabric    | 0       |
|     add_ln55_46_fu_3901_p2                           |     |        | add_ln55_46        | add    | fabric    | 0       |
|     mac_muladd_8s_8s_32s_32_4_1_U15                  | 1   |        | mul_ln55_10        | mul    | dsp_slice | 3       |
|     mac_muladd_8s_8s_32s_32_4_1_U15                  | 1   |        | sext_ln55_32       | sext   | dsp_slice | 3       |
|     mac_muladd_8s_8s_32s_32_4_1_U15                  | 1   |        | acc_21             | add    | dsp_slice | 3       |
|     add_ln56_10_fu_5641_p2                           |     |        | add_ln56_10        | add    | fabric    | 0       |
|     add_ln55_48_fu_3912_p2                           |     |        | add_ln55_48        | add    | fabric    | 0       |
|     add_ln55_49_fu_3921_p2                           |     |        | add_ln55_49        | add    | fabric    | 0       |
|     add_ln55_50_fu_3932_p2                           |     |        | add_ln55_50        | add    | fabric    | 0       |
|     mac_muladd_8s_8s_32s_32_4_1_U16                  | 1   |        | mul_ln55_11        | mul    | dsp_slice | 3       |
|     mac_muladd_8s_8s_32s_32_4_1_U16                  | 1   |        | sext_ln55_35       | sext   | dsp_slice | 3       |
|     mac_muladd_8s_8s_32s_32_4_1_U16                  | 1   |        | acc_23             | add    | dsp_slice | 3       |
|     add_ln56_11_fu_5648_p2                           |     |        | add_ln56_11        | add    | fabric    | 0       |
|     add_ln55_52_fu_3943_p2                           |     |        | add_ln55_52        | add    | fabric    | 0       |
|     add_ln55_53_fu_3948_p2                           |     |        | add_ln55_53        | add    | fabric    | 0       |
|     add_ln55_54_fu_3960_p2                           |     |        | add_ln55_54        | add    | fabric    | 0       |
|     mac_muladd_8s_8s_32s_32_4_1_U17                  | 1   |        | mul_ln55_12        | mul    | dsp_slice | 3       |
|     mac_muladd_8s_8s_32s_32_4_1_U17                  | 1   |        | sext_ln55_38       | sext   | dsp_slice | 3       |
|     mac_muladd_8s_8s_32s_32_4_1_U17                  | 1   |        | acc_25             | add    | dsp_slice | 3       |
|     add_ln56_12_fu_5685_p2                           |     |        | add_ln56_12        | add    | fabric    | 0       |
|     add_ln55_56_fu_3971_p2                           |     |        | add_ln55_56        | add    | fabric    | 0       |
|     add_ln55_57_fu_3983_p2                           |     |        | add_ln55_57        | add    | fabric    | 0       |
|     mac_muladd_8s_8s_32s_32_4_1_U18                  | 1   |        | mul_ln55_13        | mul    | dsp_slice | 3       |
|     mac_muladd_8s_8s_32s_32_4_1_U18                  | 1   |        | sext_ln55_41       | sext   | dsp_slice | 3       |
|     mac_muladd_8s_8s_32s_32_4_1_U18                  | 1   |        | acc_27             | add    | dsp_slice | 3       |
|     add_ln56_13_fu_5692_p2                           |     |        | add_ln56_13        | add    | fabric    | 0       |
|     add_ln55_59_fu_3994_p2                           |     |        | add_ln55_59        | add    | fabric    | 0       |
|     add_ln55_60_fu_4006_p2                           |     |        | add_ln55_60        | add    | fabric    | 0       |
|     mac_muladd_8s_8s_32s_32_4_1_U19                  | 1   |        | mul_ln55_14        | mul    | dsp_slice | 3       |
|     mac_muladd_8s_8s_32s_32_4_1_U19                  | 1   |        | sext_ln55_44       | sext   | dsp_slice | 3       |
|     mac_muladd_8s_8s_32s_32_4_1_U19                  | 1   |        | acc_28             | add    | dsp_slice | 3       |
|     add_ln56_14_fu_5698_p2                           |     |        | add_ln56_14        | add    | fabric    | 0       |
|     add_ln55_62_fu_4017_p2                           |     |        | add_ln55_62        | add    | fabric    | 0       |
|     add_ln55_63_fu_4026_p2                           |     |        | add_ln55_63        | add    | fabric    | 0       |
|     add_ln55_64_fu_4037_p2                           |     |        | add_ln55_64        | add    | fabric    | 0       |
|     mac_muladd_8s_8s_32s_32_4_1_U20                  | 1   |        | mul_ln55_15        | mul    | dsp_slice | 3       |
|     mac_muladd_8s_8s_32s_32_4_1_U20                  | 1   |        | sext_ln55_47       | sext   | dsp_slice | 3       |
|     mac_muladd_8s_8s_32s_32_4_1_U20                  | 1   |        | acc_30             | add    | dsp_slice | 3       |
|     add_ln56_15_fu_5720_p2                           |     |        | add_ln56_15        | add    | fabric    | 0       |
|     add_ln55_66_fu_4048_p2                           |     |        | add_ln55_66        | add    | fabric    | 0       |
|     add_ln55_67_fu_4058_p2                           |     |        | add_ln55_67        | add    | fabric    | 0       |
|     add_ln55_68_fu_4069_p2                           |     |        | add_ln55_68        | add    | fabric    | 0       |
|     mac_muladd_8s_8s_32s_32_4_1_U21                  | 1   |        | mul_ln55_16        | mul    | dsp_slice | 3       |
|     mac_muladd_8s_8s_32s_32_4_1_U21                  | 1   |        | sext_ln55_50       | sext   | dsp_slice | 3       |
|     mac_muladd_8s_8s_32s_32_4_1_U21                  | 1   |        | acc_32             | add    | dsp_slice | 3       |
|     add_ln56_16_fu_5727_p2                           |     |        | add_ln56_16        | add    | fabric    | 0       |
|     add_ln55_70_fu_4080_p2                           |     |        | add_ln55_70        | add    | fabric    | 0       |
|     add_ln55_71_fu_4090_p2                           |     |        | add_ln55_71        | add    | fabric    | 0       |
|     add_ln55_72_fu_4101_p2                           |     |        | add_ln55_72        | add    | fabric    | 0       |
|     mac_muladd_8s_8s_32s_32_4_1_U22                  | 1   |        | mul_ln55_17        | mul    | dsp_slice | 3       |
|     mac_muladd_8s_8s_32s_32_4_1_U22                  | 1   |        | sext_ln55_53       | sext   | dsp_slice | 3       |
|     mac_muladd_8s_8s_32s_32_4_1_U22                  | 1   |        | acc_34             | add    | dsp_slice | 3       |
|     add_ln56_17_fu_5749_p2                           |     |        | add_ln56_17        | add    | fabric    | 0       |
|     icmp_ln46_2_fu_3015_p2                           |     |        | icmp_ln46_2        | setlt  | auto      | 0       |
|     add_ln55_91_fu_3042_p2                           |     |        | add_ln55_91        | add    | fabric    | 0       |
|     add_ln55_74_fu_3052_p2                           |     |        | add_ln55_74        | add    | fabric    | 0       |
|     add_ln55_75_fu_3057_p2                           |     |        | add_ln55_75        | add    | fabric    | 0       |
|     add_ln55_76_fu_3067_p2                           |     |        | add_ln55_76        | add    | fabric    | 0       |
|     add_ln55_77_fu_3072_p2                           |     |        | add_ln55_77        | add    | fabric    | 0       |
|     add_ln55_78_fu_3082_p2                           |     |        | add_ln55_78        | add    | fabric    | 0       |
|     mac_muladd_8s_8s_32s_32_4_1_U23                  | 1   |        | mul_ln55_18        | mul    | dsp_slice | 3       |
|     mac_muladd_8s_8s_32s_32_4_1_U23                  | 1   |        | sext_ln55_56       | sext   | dsp_slice | 3       |
|     mac_muladd_8s_8s_32s_32_4_1_U23                  | 1   |        | acc_36             | add    | dsp_slice | 3       |
|     add_ln56_18_fu_5757_p2                           |     |        | add_ln56_18        | add    | fabric    | 0       |
|     add_ln55_80_fu_4118_p2                           |     |        | add_ln55_80        | add    | fabric    | 0       |
|     add_ln55_81_fu_4127_p2                           |     |        | add_ln55_81        | add    | fabric    | 0       |
|     add_ln55_82_fu_4138_p2                           |     |        | add_ln55_82        | add    | fabric    | 0       |
|     mac_muladd_8s_8s_32s_32_4_1_U24                  | 1   |        | mul_ln55_19        | mul    | dsp_slice | 3       |
|     mac_muladd_8s_8s_32s_32_4_1_U24                  | 1   |        | sext_ln55_59       | sext   | dsp_slice | 3       |
|     mac_muladd_8s_8s_32s_32_4_1_U24                  | 1   |        | acc_38             | add    | dsp_slice | 3       |
|     add_ln56_19_fu_5779_p2                           |     |        | add_ln56_19        | add    | fabric    | 0       |
|     add_ln55_84_fu_4149_p2                           |     |        | add_ln55_84        | add    | fabric    | 0       |
|     add_ln55_85_fu_4158_p2                           |     |        | add_ln55_85        | add    | fabric    | 0       |
|     add_ln55_86_fu_4169_p2                           |     |        | add_ln55_86        | add    | fabric    | 0       |
|     mac_muladd_8s_8s_32s_32_4_1_U25                  | 1   |        | mul_ln55_20        | mul    | dsp_slice | 3       |
|     mac_muladd_8s_8s_32s_32_4_1_U25                  | 1   |        | sext_ln55_62       | sext   | dsp_slice | 3       |
|     mac_muladd_8s_8s_32s_32_4_1_U25                  | 1   |        | acc_40             | add    | dsp_slice | 3       |
|     add_ln56_20_fu_5786_p2                           |     |        | add_ln56_20        | add    | fabric    | 0       |
|     add_ln55_88_fu_4180_p2                           |     |        | add_ln55_88        | add    | fabric    | 0       |
|     add_ln55_89_fu_4185_p2                           |     |        | add_ln55_89        | add    | fabric    | 0       |
|     add_ln55_90_fu_4197_p2                           |     |        | add_ln55_90        | add    | fabric    | 0       |
|     mac_muladd_8s_8s_32s_32_4_1_U26                  | 1   |        | mul_ln55_21        | mul    | dsp_slice | 3       |
|     mac_muladd_8s_8s_32s_32_4_1_U26                  | 1   |        | sext_ln55_65       | sext   | dsp_slice | 3       |
|     mac_muladd_8s_8s_32s_32_4_1_U26                  | 1   |        | acc_42             | add    | dsp_slice | 3       |
|     add_ln56_21_fu_5804_p2                           |     |        | add_ln56_21        | add    | fabric    | 0       |
|     add_ln55_92_fu_4208_p2                           |     |        | add_ln55_92        | add    | fabric    | 0       |
|     add_ln55_93_fu_4220_p2                           |     |        | add_ln55_93        | add    | fabric    | 0       |
|     mac_muladd_8s_8s_32s_32_4_1_U27                  | 1   |        | mul_ln55_22        | mul    | dsp_slice | 3       |
|     mac_muladd_8s_8s_32s_32_4_1_U27                  | 1   |        | sext_ln55_68       | sext   | dsp_slice | 3       |
|     mac_muladd_8s_8s_32s_32_4_1_U27                  | 1   |        | acc_44             | add    | dsp_slice | 3       |
|     add_ln56_22_fu_5811_p2                           |     |        | add_ln56_22        | add    | fabric    | 0       |
|     add_ln55_95_fu_4231_p2                           |     |        | add_ln55_95        | add    | fabric    | 0       |
|     add_ln55_96_fu_4243_p2                           |     |        | add_ln55_96        | add    | fabric    | 0       |
|     mac_muladd_8s_8s_32s_32_4_1_U28                  | 1   |        | mul_ln55_23        | mul    | dsp_slice | 3       |
|     mac_muladd_8s_8s_32s_32_4_1_U28                  | 1   |        | sext_ln55_71       | sext   | dsp_slice | 3       |
|     mac_muladd_8s_8s_32s_32_4_1_U28                  | 1   |        | acc_45             | add    | dsp_slice | 3       |
|     add_ln56_23_fu_5817_p2                           |     |        | add_ln56_23        | add    | fabric    | 0       |
|     add_ln55_98_fu_4254_p2                           |     |        | add_ln55_98        | add    | fabric    | 0       |
|     add_ln55_99_fu_4263_p2                           |     |        | add_ln55_99        | add    | fabric    | 0       |
|     add_ln55_100_fu_4274_p2                          |     |        | add_ln55_100       | add    | fabric    | 0       |
|     mac_muladd_8s_8s_32s_32_4_1_U29                  | 1   |        | mul_ln55_24        | mul    | dsp_slice | 3       |
|     mac_muladd_8s_8s_32s_32_4_1_U29                  | 1   |        | sext_ln55_74       | sext   | dsp_slice | 3       |
|     mac_muladd_8s_8s_32s_32_4_1_U29                  | 1   |        | acc_47             | add    | dsp_slice | 3       |
|     add_ln56_24_fu_5835_p2                           |     |        | add_ln56_24        | add    | fabric    | 0       |
|     add_ln55_102_fu_4285_p2                          |     |        | add_ln55_102       | add    | fabric    | 0       |
|     add_ln55_103_fu_4295_p2                          |     |        | add_ln55_103       | add    | fabric    | 0       |
|     add_ln55_104_fu_4306_p2                          |     |        | add_ln55_104       | add    | fabric    | 0       |
|     mac_muladd_8s_8s_32s_32_4_1_U30                  | 1   |        | mul_ln55_25        | mul    | dsp_slice | 3       |
|     mac_muladd_8s_8s_32s_32_4_1_U30                  | 1   |        | sext_ln55_77       | sext   | dsp_slice | 3       |
|     mac_muladd_8s_8s_32s_32_4_1_U30                  | 1   |        | acc_49             | add    | dsp_slice | 3       |
|     add_ln56_25_fu_5842_p2                           |     |        | add_ln56_25        | add    | fabric    | 0       |
|     add_ln55_106_fu_4317_p2                          |     |        | add_ln55_106       | add    | fabric    | 0       |
|     add_ln55_107_fu_4327_p2                          |     |        | add_ln55_107       | add    | fabric    | 0       |
|     add_ln55_108_fu_4338_p2                          |     |        | add_ln55_108       | add    | fabric    | 0       |
|     mac_muladd_8s_8s_32s_32_4_1_U31                  | 1   |        | mul_ln55_26        | mul    | dsp_slice | 3       |
|     mac_muladd_8s_8s_32s_32_4_1_U31                  | 1   |        | sext_ln55_80       | sext   | dsp_slice | 3       |
|     mac_muladd_8s_8s_32s_32_4_1_U31                  | 1   |        | acc_51             | add    | dsp_slice | 3       |
|     add_ln56_26_fu_5860_p2                           |     |        | add_ln56_26        | add    | fabric    | 0       |
|     icmp_ln46_3_fu_3106_p2                           |     |        | icmp_ln46_3        | setlt  | auto      | 0       |
|     add_ln55_130_fu_3133_p2                          |     |        | add_ln55_130       | add    | fabric    | 0       |
|     add_ln55_110_fu_3143_p2                          |     |        | add_ln55_110       | add    | fabric    | 0       |
|     add_ln55_111_fu_3148_p2                          |     |        | add_ln55_111       | add    | fabric    | 0       |
|     add_ln55_112_fu_3158_p2                          |     |        | add_ln55_112       | add    | fabric    | 0       |
|     add_ln55_113_fu_3163_p2                          |     |        | add_ln55_113       | add    | fabric    | 0       |
|     add_ln55_114_fu_3173_p2                          |     |        | add_ln55_114       | add    | fabric    | 0       |
|     mac_muladd_8s_8s_32s_32_4_1_U32                  | 1   |        | mul_ln55_27        | mul    | dsp_slice | 3       |
|     mac_muladd_8s_8s_32s_32_4_1_U32                  | 1   |        | sext_ln55_83       | sext   | dsp_slice | 3       |
|     mac_muladd_8s_8s_32s_32_4_1_U32                  | 1   |        | acc_53             | add    | dsp_slice | 3       |
|     add_ln56_27_fu_5868_p2                           |     |        | add_ln56_27        | add    | fabric    | 0       |
|     add_ln55_116_fu_4355_p2                          |     |        | add_ln55_116       | add    | fabric    | 0       |
|     add_ln55_117_fu_4364_p2                          |     |        | add_ln55_117       | add    | fabric    | 0       |
|     add_ln55_118_fu_4375_p2                          |     |        | add_ln55_118       | add    | fabric    | 0       |
|     mac_muladd_8s_8s_32s_32_4_1_U33                  | 1   |        | mul_ln55_28        | mul    | dsp_slice | 3       |
|     mac_muladd_8s_8s_32s_32_4_1_U33                  | 1   |        | sext_ln55_86       | sext   | dsp_slice | 3       |
|     mac_muladd_8s_8s_32s_32_4_1_U33                  | 1   |        | acc_55             | add    | dsp_slice | 3       |
|     add_ln56_28_fu_5886_p2                           |     |        | add_ln56_28        | add    | fabric    | 0       |
|     add_ln55_120_fu_4386_p2                          |     |        | add_ln55_120       | add    | fabric    | 0       |
|     add_ln55_121_fu_4395_p2                          |     |        | add_ln55_121       | add    | fabric    | 0       |
|     add_ln55_122_fu_4406_p2                          |     |        | add_ln55_122       | add    | fabric    | 0       |
|     mac_muladd_8s_8s_32s_32_4_1_U34                  | 1   |        | mul_ln55_29        | mul    | dsp_slice | 3       |
|     mac_muladd_8s_8s_32s_32_4_1_U34                  | 1   |        | sext_ln55_89       | sext   | dsp_slice | 3       |
|     mac_muladd_8s_8s_32s_32_4_1_U34                  | 1   |        | acc_57             | add    | dsp_slice | 3       |
|     add_ln56_29_fu_5893_p2                           |     |        | add_ln56_29        | add    | fabric    | 0       |
|     add_ln55_124_fu_4417_p2                          |     |        | add_ln55_124       | add    | fabric    | 0       |
|     add_ln55_125_fu_4422_p2                          |     |        | add_ln55_125       | add    | fabric    | 0       |
|     add_ln55_126_fu_4434_p2                          |     |        | add_ln55_126       | add    | fabric    | 0       |
|     mac_muladd_8s_8s_32s_32_4_1_U35                  | 1   |        | mul_ln55_30        | mul    | dsp_slice | 3       |
|     mac_muladd_8s_8s_32s_32_4_1_U35                  | 1   |        | sext_ln55_92       | sext   | dsp_slice | 3       |
|     mac_muladd_8s_8s_32s_32_4_1_U35                  | 1   |        | acc_59             | add    | dsp_slice | 3       |
|     add_ln56_30_fu_5911_p2                           |     |        | add_ln56_30        | add    | fabric    | 0       |
|     add_ln55_128_fu_4445_p2                          |     |        | add_ln55_128       | add    | fabric    | 0       |
|     add_ln55_129_fu_4457_p2                          |     |        | add_ln55_129       | add    | fabric    | 0       |
|     mac_muladd_8s_8s_32s_32_4_1_U36                  | 1   |        | mul_ln55_31        | mul    | dsp_slice | 3       |
|     mac_muladd_8s_8s_32s_32_4_1_U36                  | 1   |        | sext_ln55_95       | sext   | dsp_slice | 3       |
|     mac_muladd_8s_8s_32s_32_4_1_U36                  | 1   |        | acc_61             | add    | dsp_slice | 3       |
|     add_ln56_31_fu_5918_p2                           |     |        | add_ln56_31        | add    | fabric    | 0       |
|     add_ln55_131_fu_4468_p2                          |     |        | add_ln55_131       | add    | fabric    | 0       |
|     add_ln55_132_fu_4480_p2                          |     |        | add_ln55_132       | add    | fabric    | 0       |
|     mac_muladd_8s_8s_32s_32_4_1_U37                  | 1   |        | mul_ln55_32        | mul    | dsp_slice | 3       |
|     mac_muladd_8s_8s_32s_32_4_1_U37                  | 1   |        | sext_ln55_98       | sext   | dsp_slice | 3       |
|     mac_muladd_8s_8s_32s_32_4_1_U37                  | 1   |        | acc_62             | add    | dsp_slice | 3       |
|     add_ln56_32_fu_5924_p2                           |     |        | add_ln56_32        | add    | fabric    | 0       |
|     add_ln55_134_fu_4491_p2                          |     |        | add_ln55_134       | add    | fabric    | 0       |
|     add_ln55_135_fu_4500_p2                          |     |        | add_ln55_135       | add    | fabric    | 0       |
|     add_ln55_136_fu_4511_p2                          |     |        | add_ln55_136       | add    | fabric    | 0       |
|     mac_muladd_8s_8s_32s_32_4_1_U38                  | 1   |        | mul_ln55_33        | mul    | dsp_slice | 3       |
|     mac_muladd_8s_8s_32s_32_4_1_U38                  | 1   |        | sext_ln55_101      | sext   | dsp_slice | 3       |
|     mac_muladd_8s_8s_32s_32_4_1_U38                  | 1   |        | acc_64             | add    | dsp_slice | 3       |
|     add_ln56_33_fu_5942_p2                           |     |        | add_ln56_33        | add    | fabric    | 0       |
|     add_ln55_138_fu_4522_p2                          |     |        | add_ln55_138       | add    | fabric    | 0       |
|     add_ln55_139_fu_4532_p2                          |     |        | add_ln55_139       | add    | fabric    | 0       |
|     add_ln55_140_fu_4543_p2                          |     |        | add_ln55_140       | add    | fabric    | 0       |
|     mac_muladd_8s_8s_32s_32_4_1_U39                  | 1   |        | mul_ln55_34        | mul    | dsp_slice | 3       |
|     mac_muladd_8s_8s_32s_32_4_1_U39                  | 1   |        | sext_ln55_104      | sext   | dsp_slice | 3       |
|     mac_muladd_8s_8s_32s_32_4_1_U39                  | 1   |        | acc_66             | add    | dsp_slice | 3       |
|     add_ln56_34_fu_5949_p2                           |     |        | add_ln56_34        | add    | fabric    | 0       |
|     add_ln55_142_fu_4554_p2                          |     |        | add_ln55_142       | add    | fabric    | 0       |
|     add_ln55_143_fu_4564_p2                          |     |        | add_ln55_143       | add    | fabric    | 0       |
|     add_ln55_144_fu_4575_p2                          |     |        | add_ln55_144       | add    | fabric    | 0       |
|     mac_muladd_8s_8s_32s_32_4_1_U40                  | 1   |        | mul_ln55_35        | mul    | dsp_slice | 3       |
|     mac_muladd_8s_8s_32s_32_4_1_U40                  | 1   |        | sext_ln55_107      | sext   | dsp_slice | 3       |
|     mac_muladd_8s_8s_32s_32_4_1_U40                  | 1   |        | acc_68             | add    | dsp_slice | 3       |
|     add_ln56_35_fu_5967_p2                           |     |        | add_ln56_35        | add    | fabric    | 0       |
|     icmp_ln46_4_fu_3211_p2                           |     |        | icmp_ln46_4        | setlt  | auto      | 0       |
|     add_ln55_169_fu_3238_p2                          |     |        | add_ln55_169       | add    | fabric    | 0       |
|     add_ln55_146_fu_3248_p2                          |     |        | add_ln55_146       | add    | fabric    | 0       |
|     add_ln55_147_fu_3253_p2                          |     |        | add_ln55_147       | add    | fabric    | 0       |
|     add_ln55_148_fu_3263_p2                          |     |        | add_ln55_148       | add    | fabric    | 0       |
|     add_ln55_149_fu_3268_p2                          |     |        | add_ln55_149       | add    | fabric    | 0       |
|     add_ln55_150_fu_3278_p2                          |     |        | add_ln55_150       | add    | fabric    | 0       |
|     mac_muladd_8s_8s_32s_32_4_1_U41                  | 1   |        | mul_ln55_36        | mul    | dsp_slice | 3       |
|     mac_muladd_8s_8s_32s_32_4_1_U41                  | 1   |        | sext_ln55_110      | sext   | dsp_slice | 3       |
|     mac_muladd_8s_8s_32s_32_4_1_U41                  | 1   |        | acc_70             | add    | dsp_slice | 3       |
|     add_ln56_36_fu_5975_p2                           |     |        | add_ln56_36        | add    | fabric    | 0       |
|     add_ln55_152_fu_4592_p2                          |     |        | add_ln55_152       | add    | fabric    | 0       |
|     add_ln55_153_fu_4601_p2                          |     |        | add_ln55_153       | add    | fabric    | 0       |
|     add_ln55_154_fu_4612_p2                          |     |        | add_ln55_154       | add    | fabric    | 0       |
|     mac_muladd_8s_8s_32s_32_4_1_U42                  | 1   |        | mul_ln55_37        | mul    | dsp_slice | 3       |
|     mac_muladd_8s_8s_32s_32_4_1_U42                  | 1   |        | sext_ln55_113      | sext   | dsp_slice | 3       |
|     mac_muladd_8s_8s_32s_32_4_1_U42                  | 1   |        | acc_72             | add    | dsp_slice | 3       |
|     add_ln56_37_fu_5993_p2                           |     |        | add_ln56_37        | add    | fabric    | 0       |
|     add_ln55_156_fu_4623_p2                          |     |        | add_ln55_156       | add    | fabric    | 0       |
|     add_ln55_157_fu_4632_p2                          |     |        | add_ln55_157       | add    | fabric    | 0       |
|     add_ln55_158_fu_4643_p2                          |     |        | add_ln55_158       | add    | fabric    | 0       |
|     mac_muladd_8s_8s_32s_32_4_1_U43                  | 1   |        | mul_ln55_38        | mul    | dsp_slice | 3       |
|     mac_muladd_8s_8s_32s_32_4_1_U43                  | 1   |        | sext_ln55_116      | sext   | dsp_slice | 3       |
|     mac_muladd_8s_8s_32s_32_4_1_U43                  | 1   |        | acc_74             | add    | dsp_slice | 3       |
|     add_ln56_38_fu_6000_p2                           |     |        | add_ln56_38        | add    | fabric    | 0       |
|     add_ln55_160_fu_4654_p2                          |     |        | add_ln55_160       | add    | fabric    | 0       |
|     add_ln55_161_fu_4659_p2                          |     |        | add_ln55_161       | add    | fabric    | 0       |
|     add_ln55_162_fu_4671_p2                          |     |        | add_ln55_162       | add    | fabric    | 0       |
|     mac_muladd_8s_8s_32s_32_4_1_U44                  | 1   |        | mul_ln55_39        | mul    | dsp_slice | 3       |
|     mac_muladd_8s_8s_32s_32_4_1_U44                  | 1   |        | sext_ln55_119      | sext   | dsp_slice | 3       |
|     mac_muladd_8s_8s_32s_32_4_1_U44                  | 1   |        | acc_76             | add    | dsp_slice | 3       |
|     add_ln56_39_fu_6018_p2                           |     |        | add_ln56_39        | add    | fabric    | 0       |
|     add_ln55_164_fu_4682_p2                          |     |        | add_ln55_164       | add    | fabric    | 0       |
|     add_ln55_165_fu_4694_p2                          |     |        | add_ln55_165       | add    | fabric    | 0       |
|     mac_muladd_8s_8s_32s_32_4_1_U45                  | 1   |        | mul_ln55_40        | mul    | dsp_slice | 3       |
|     mac_muladd_8s_8s_32s_32_4_1_U45                  | 1   |        | sext_ln55_122      | sext   | dsp_slice | 3       |
|     mac_muladd_8s_8s_32s_32_4_1_U45                  | 1   |        | acc_78             | add    | dsp_slice | 3       |
|     add_ln56_40_fu_6025_p2                           |     |        | add_ln56_40        | add    | fabric    | 0       |
|     add_ln55_167_fu_4705_p2                          |     |        | add_ln55_167       | add    | fabric    | 0       |
|     add_ln55_168_fu_4717_p2                          |     |        | add_ln55_168       | add    | fabric    | 0       |
|     mac_muladd_8s_8s_32s_32_4_1_U46                  | 1   |        | mul_ln55_41        | mul    | dsp_slice | 3       |
|     mac_muladd_8s_8s_32s_32_4_1_U46                  | 1   |        | sext_ln55_125      | sext   | dsp_slice | 3       |
|     mac_muladd_8s_8s_32s_32_4_1_U46                  | 1   |        | acc_79             | add    | dsp_slice | 3       |
|     add_ln56_41_fu_6031_p2                           |     |        | add_ln56_41        | add    | fabric    | 0       |
|     add_ln55_170_fu_4728_p2                          |     |        | add_ln55_170       | add    | fabric    | 0       |
|     add_ln55_171_fu_4737_p2                          |     |        | add_ln55_171       | add    | fabric    | 0       |
|     add_ln55_172_fu_4748_p2                          |     |        | add_ln55_172       | add    | fabric    | 0       |
|     mac_muladd_8s_8s_32s_32_4_1_U47                  | 1   |        | mul_ln55_42        | mul    | dsp_slice | 3       |
|     mac_muladd_8s_8s_32s_32_4_1_U47                  | 1   |        | sext_ln55_128      | sext   | dsp_slice | 3       |
|     mac_muladd_8s_8s_32s_32_4_1_U47                  | 1   |        | acc_81             | add    | dsp_slice | 3       |
|     add_ln56_42_fu_6049_p2                           |     |        | add_ln56_42        | add    | fabric    | 0       |
|     add_ln55_174_fu_4759_p2                          |     |        | add_ln55_174       | add    | fabric    | 0       |
|     add_ln55_175_fu_4769_p2                          |     |        | add_ln55_175       | add    | fabric    | 0       |
|     add_ln55_176_fu_4780_p2                          |     |        | add_ln55_176       | add    | fabric    | 0       |
|     mac_muladd_8s_8s_32s_32_4_1_U48                  | 1   |        | mul_ln55_43        | mul    | dsp_slice | 3       |
|     mac_muladd_8s_8s_32s_32_4_1_U48                  | 1   |        | sext_ln55_131      | sext   | dsp_slice | 3       |
|     mac_muladd_8s_8s_32s_32_4_1_U48                  | 1   |        | acc_83             | add    | dsp_slice | 3       |
|     add_ln56_43_fu_6056_p2                           |     |        | add_ln56_43        | add    | fabric    | 0       |
|     add_ln55_178_fu_4791_p2                          |     |        | add_ln55_178       | add    | fabric    | 0       |
|     add_ln55_179_fu_4801_p2                          |     |        | add_ln55_179       | add    | fabric    | 0       |
|     add_ln55_180_fu_4812_p2                          |     |        | add_ln55_180       | add    | fabric    | 0       |
|     mac_muladd_8s_8s_32s_32_4_1_U49                  | 1   |        | mul_ln55_44        | mul    | dsp_slice | 3       |
|     mac_muladd_8s_8s_32s_32_4_1_U49                  | 1   |        | sext_ln55_134      | sext   | dsp_slice | 3       |
|     mac_muladd_8s_8s_32s_32_4_1_U49                  | 1   |        | acc_85             | add    | dsp_slice | 3       |
|     add_ln56_44_fu_6074_p2                           |     |        | add_ln56_44        | add    | fabric    | 0       |
|     icmp_ln46_5_fu_3313_p2                           |     |        | icmp_ln46_5        | setlt  | auto      | 0       |
|     add_ln55_209_fu_3340_p2                          |     |        | add_ln55_209       | add    | fabric    | 0       |
|     add_ln55_182_fu_3350_p2                          |     |        | add_ln55_182       | add    | fabric    | 0       |
|     add_ln55_183_fu_3355_p2                          |     |        | add_ln55_183       | add    | fabric    | 0       |
|     add_ln55_184_fu_3365_p2                          |     |        | add_ln55_184       | add    | fabric    | 0       |
|     add_ln55_185_fu_3370_p2                          |     |        | add_ln55_185       | add    | fabric    | 0       |
|     add_ln55_186_fu_3380_p2                          |     |        | add_ln55_186       | add    | fabric    | 0       |
|     mac_muladd_8s_8s_32s_32_4_1_U50                  | 1   |        | mul_ln55_45        | mul    | dsp_slice | 3       |
|     mac_muladd_8s_8s_32s_32_4_1_U50                  | 1   |        | sext_ln55_137      | sext   | dsp_slice | 3       |
|     mac_muladd_8s_8s_32s_32_4_1_U50                  | 1   |        | acc_87             | add    | dsp_slice | 3       |
|     add_ln56_45_fu_6082_p2                           |     |        | add_ln56_45        | add    | fabric    | 0       |
|     add_ln55_188_fu_4829_p2                          |     |        | add_ln55_188       | add    | fabric    | 0       |
|     add_ln55_189_fu_4838_p2                          |     |        | add_ln55_189       | add    | fabric    | 0       |
|     add_ln55_190_fu_4849_p2                          |     |        | add_ln55_190       | add    | fabric    | 0       |
|     mac_muladd_8s_8s_32s_32_4_1_U51                  | 1   |        | mul_ln55_46        | mul    | dsp_slice | 3       |
|     mac_muladd_8s_8s_32s_32_4_1_U51                  | 1   |        | sext_ln55_140      | sext   | dsp_slice | 3       |
|     mac_muladd_8s_8s_32s_32_4_1_U51                  | 1   |        | acc_89             | add    | dsp_slice | 3       |
|     add_ln56_46_fu_6100_p2                           |     |        | add_ln56_46        | add    | fabric    | 0       |
|     add_ln55_192_fu_4860_p2                          |     |        | add_ln55_192       | add    | fabric    | 0       |
|     add_ln55_193_fu_4869_p2                          |     |        | add_ln55_193       | add    | fabric    | 0       |
|     add_ln55_194_fu_4880_p2                          |     |        | add_ln55_194       | add    | fabric    | 0       |
|     mac_muladd_8s_8s_32s_32_4_1_U52                  | 1   |        | mul_ln55_47        | mul    | dsp_slice | 3       |
|     mac_muladd_8s_8s_32s_32_4_1_U52                  | 1   |        | sext_ln55_143      | sext   | dsp_slice | 3       |
|     mac_muladd_8s_8s_32s_32_4_1_U52                  | 1   |        | acc_91             | add    | dsp_slice | 3       |
|     add_ln56_47_fu_6107_p2                           |     |        | add_ln56_47        | add    | fabric    | 0       |
|     add_ln55_196_fu_4891_p2                          |     |        | add_ln55_196       | add    | fabric    | 0       |
|     add_ln55_197_fu_4896_p2                          |     |        | add_ln55_197       | add    | fabric    | 0       |
|     add_ln55_198_fu_4908_p2                          |     |        | add_ln55_198       | add    | fabric    | 0       |
|     mac_muladd_8s_8s_32s_32_4_1_U53                  | 1   |        | mul_ln55_48        | mul    | dsp_slice | 3       |
|     mac_muladd_8s_8s_32s_32_4_1_U53                  | 1   |        | sext_ln55_146      | sext   | dsp_slice | 3       |
|     mac_muladd_8s_8s_32s_32_4_1_U53                  | 1   |        | acc_93             | add    | dsp_slice | 3       |
|     add_ln56_48_fu_6125_p2                           |     |        | add_ln56_48        | add    | fabric    | 0       |
|     add_ln55_200_fu_4919_p2                          |     |        | add_ln55_200       | add    | fabric    | 0       |
|     add_ln55_201_fu_4931_p2                          |     |        | add_ln55_201       | add    | fabric    | 0       |
|     mac_muladd_8s_8s_32s_32_4_1_U54                  | 1   |        | mul_ln55_49        | mul    | dsp_slice | 3       |
|     mac_muladd_8s_8s_32s_32_4_1_U54                  | 1   |        | sext_ln55_149      | sext   | dsp_slice | 3       |
|     mac_muladd_8s_8s_32s_32_4_1_U54                  | 1   |        | acc_95             | add    | dsp_slice | 3       |
|     add_ln56_49_fu_6132_p2                           |     |        | add_ln56_49        | add    | fabric    | 0       |
|     add_ln55_203_fu_4942_p2                          |     |        | add_ln55_203       | add    | fabric    | 0       |
|     add_ln55_204_fu_4954_p2                          |     |        | add_ln55_204       | add    | fabric    | 0       |
|     mac_muladd_8s_8s_32s_32_4_1_U55                  | 1   |        | mul_ln55_50        | mul    | dsp_slice | 3       |
|     mac_muladd_8s_8s_32s_32_4_1_U55                  | 1   |        | sext_ln55_152      | sext   | dsp_slice | 3       |
|     mac_muladd_8s_8s_32s_32_4_1_U55                  | 1   |        | acc_96             | add    | dsp_slice | 3       |
|     add_ln56_50_fu_6138_p2                           |     |        | add_ln56_50        | add    | fabric    | 0       |
|     add_ln55_206_fu_4965_p2                          |     |        | add_ln55_206       | add    | fabric    | 0       |
|     add_ln55_207_fu_4974_p2                          |     |        | add_ln55_207       | add    | fabric    | 0       |
|     add_ln55_208_fu_4985_p2                          |     |        | add_ln55_208       | add    | fabric    | 0       |
|     mac_muladd_8s_8s_32s_32_4_1_U56                  | 1   |        | mul_ln55_51        | mul    | dsp_slice | 3       |
|     mac_muladd_8s_8s_32s_32_4_1_U56                  | 1   |        | sext_ln55_155      | sext   | dsp_slice | 3       |
|     mac_muladd_8s_8s_32s_32_4_1_U56                  | 1   |        | acc_98             | add    | dsp_slice | 3       |
|     add_ln56_51_fu_6156_p2                           |     |        | add_ln56_51        | add    | fabric    | 0       |
|     add_ln55_210_fu_4996_p2                          |     |        | add_ln55_210       | add    | fabric    | 0       |
|     add_ln55_211_fu_5006_p2                          |     |        | add_ln55_211       | add    | fabric    | 0       |
|     add_ln55_212_fu_5017_p2                          |     |        | add_ln55_212       | add    | fabric    | 0       |
|     mac_muladd_8s_8s_32s_32_4_1_U57                  | 1   |        | mul_ln55_52        | mul    | dsp_slice | 3       |
|     mac_muladd_8s_8s_32s_32_4_1_U57                  | 1   |        | sext_ln55_158      | sext   | dsp_slice | 3       |
|     mac_muladd_8s_8s_32s_32_4_1_U57                  | 1   |        | acc_100            | add    | dsp_slice | 3       |
|     add_ln56_52_fu_6163_p2                           |     |        | add_ln56_52        | add    | fabric    | 0       |
|     add_ln55_214_fu_5028_p2                          |     |        | add_ln55_214       | add    | fabric    | 0       |
|     add_ln55_215_fu_5038_p2                          |     |        | add_ln55_215       | add    | fabric    | 0       |
|     add_ln55_216_fu_5049_p2                          |     |        | add_ln55_216       | add    | fabric    | 0       |
|     mac_muladd_8s_8s_32s_32_4_1_U58                  | 1   |        | mul_ln55_53        | mul    | dsp_slice | 3       |
|     mac_muladd_8s_8s_32s_32_4_1_U58                  | 1   |        | sext_ln55_161      | sext   | dsp_slice | 3       |
|     mac_muladd_8s_8s_32s_32_4_1_U58                  | 1   |        | acc_102            | add    | dsp_slice | 3       |
|     add_ln56_53_fu_6181_p2                           |     |        | add_ln56_53        | add    | fabric    | 0       |
|     icmp_ln46_6_fu_3406_p2                           |     |        | icmp_ln46_6        | setlt  | auto      | 0       |
|     add_ln55_249_fu_3433_p2                          |     |        | add_ln55_249       | add    | fabric    | 0       |
|     add_ln55_218_fu_3443_p2                          |     |        | add_ln55_218       | add    | fabric    | 0       |
|     add_ln55_219_fu_3448_p2                          |     |        | add_ln55_219       | add    | fabric    | 0       |
|     add_ln55_220_fu_3458_p2                          |     |        | add_ln55_220       | add    | fabric    | 0       |
|     add_ln55_221_fu_3463_p2                          |     |        | add_ln55_221       | add    | fabric    | 0       |
|     add_ln55_222_fu_3473_p2                          |     |        | add_ln55_222       | add    | fabric    | 0       |
|     mac_muladd_8s_8s_32s_32_4_1_U59                  | 1   |        | mul_ln55_54        | mul    | dsp_slice | 3       |
|     mac_muladd_8s_8s_32s_32_4_1_U59                  | 1   |        | sext_ln55_164      | sext   | dsp_slice | 3       |
|     mac_muladd_8s_8s_32s_32_4_1_U59                  | 1   |        | acc_104            | add    | dsp_slice | 3       |
|     add_ln56_54_fu_6189_p2                           |     |        | add_ln56_54        | add    | fabric    | 0       |
|     add_ln55_224_fu_5066_p2                          |     |        | add_ln55_224       | add    | fabric    | 0       |
|     add_ln55_225_fu_5075_p2                          |     |        | add_ln55_225       | add    | fabric    | 0       |
|     add_ln55_226_fu_5086_p2                          |     |        | add_ln55_226       | add    | fabric    | 0       |
|     mac_muladd_8s_8s_32s_32_4_1_U60                  | 1   |        | mul_ln55_55        | mul    | dsp_slice | 3       |
|     mac_muladd_8s_8s_32s_32_4_1_U60                  | 1   |        | sext_ln55_167      | sext   | dsp_slice | 3       |
|     mac_muladd_8s_8s_32s_32_4_1_U60                  | 1   |        | acc_106            | add    | dsp_slice | 3       |
|     add_ln56_55_fu_6207_p2                           |     |        | add_ln56_55        | add    | fabric    | 0       |
|     add_ln55_228_fu_5097_p2                          |     |        | add_ln55_228       | add    | fabric    | 0       |
|     add_ln55_229_fu_5106_p2                          |     |        | add_ln55_229       | add    | fabric    | 0       |
|     add_ln55_230_fu_5117_p2                          |     |        | add_ln55_230       | add    | fabric    | 0       |
|     mac_muladd_8s_8s_32s_32_4_1_U61                  | 1   |        | mul_ln55_56        | mul    | dsp_slice | 3       |
|     mac_muladd_8s_8s_32s_32_4_1_U61                  | 1   |        | sext_ln55_170      | sext   | dsp_slice | 3       |
|     mac_muladd_8s_8s_32s_32_4_1_U61                  | 1   |        | acc_108            | add    | dsp_slice | 3       |
|     add_ln56_56_fu_6214_p2                           |     |        | add_ln56_56        | add    | fabric    | 0       |
|     add_ln55_232_fu_5128_p2                          |     |        | add_ln55_232       | add    | fabric    | 0       |
|     add_ln55_233_fu_5133_p2                          |     |        | add_ln55_233       | add    | fabric    | 0       |
|     add_ln55_234_fu_5145_p2                          |     |        | add_ln55_234       | add    | fabric    | 0       |
|     mac_muladd_8s_8s_32s_32_4_1_U62                  | 1   |        | mul_ln55_57        | mul    | dsp_slice | 3       |
|     mac_muladd_8s_8s_32s_32_4_1_U62                  | 1   |        | sext_ln55_173      | sext   | dsp_slice | 3       |
|     mac_muladd_8s_8s_32s_32_4_1_U62                  | 1   |        | acc_110            | add    | dsp_slice | 3       |
|     add_ln56_57_fu_6232_p2                           |     |        | add_ln56_57        | add    | fabric    | 0       |
|     add_ln55_236_fu_5156_p2                          |     |        | add_ln55_236       | add    | fabric    | 0       |
|     add_ln55_237_fu_5168_p2                          |     |        | add_ln55_237       | add    | fabric    | 0       |
|     mac_muladd_8s_8s_32s_32_4_1_U63                  | 1   |        | mul_ln55_58        | mul    | dsp_slice | 3       |
|     mac_muladd_8s_8s_32s_32_4_1_U63                  | 1   |        | sext_ln55_176      | sext   | dsp_slice | 3       |
|     mac_muladd_8s_8s_32s_32_4_1_U63                  | 1   |        | acc_112            | add    | dsp_slice | 3       |
|     add_ln56_58_fu_6239_p2                           |     |        | add_ln56_58        | add    | fabric    | 0       |
|     add_ln55_239_fu_5179_p2                          |     |        | add_ln55_239       | add    | fabric    | 0       |
|     add_ln55_240_fu_5191_p2                          |     |        | add_ln55_240       | add    | fabric    | 0       |
|     mac_muladd_8s_8s_32s_32_4_1_U64                  | 1   |        | mul_ln55_59        | mul    | dsp_slice | 3       |
|     mac_muladd_8s_8s_32s_32_4_1_U64                  | 1   |        | sext_ln55_179      | sext   | dsp_slice | 3       |
|     mac_muladd_8s_8s_32s_32_4_1_U64                  | 1   |        | acc_113            | add    | dsp_slice | 3       |
|     add_ln56_59_fu_6245_p2                           |     |        | add_ln56_59        | add    | fabric    | 0       |
|     add_ln55_242_fu_5202_p2                          |     |        | add_ln55_242       | add    | fabric    | 0       |
|     add_ln55_243_fu_5211_p2                          |     |        | add_ln55_243       | add    | fabric    | 0       |
|     add_ln55_244_fu_5222_p2                          |     |        | add_ln55_244       | add    | fabric    | 0       |
|     mac_muladd_8s_8s_32s_32_4_1_U65                  | 1   |        | mul_ln55_60        | mul    | dsp_slice | 3       |
|     mac_muladd_8s_8s_32s_32_4_1_U65                  | 1   |        | sext_ln55_182      | sext   | dsp_slice | 3       |
|     mac_muladd_8s_8s_32s_32_4_1_U65                  | 1   |        | acc_115            | add    | dsp_slice | 3       |
|     add_ln56_60_fu_6263_p2                           |     |        | add_ln56_60        | add    | fabric    | 0       |
|     add_ln55_246_fu_5233_p2                          |     |        | add_ln55_246       | add    | fabric    | 0       |
|     add_ln55_247_fu_5243_p2                          |     |        | add_ln55_247       | add    | fabric    | 0       |
|     add_ln55_248_fu_5254_p2                          |     |        | add_ln55_248       | add    | fabric    | 0       |
|     mac_muladd_8s_8s_32s_32_4_1_U66                  | 1   |        | mul_ln55_61        | mul    | dsp_slice | 3       |
|     mac_muladd_8s_8s_32s_32_4_1_U66                  | 1   |        | sext_ln55_185      | sext   | dsp_slice | 3       |
|     mac_muladd_8s_8s_32s_32_4_1_U66                  | 1   |        | acc_117            | add    | dsp_slice | 3       |
|     add_ln56_61_fu_6270_p2                           |     |        | add_ln56_61        | add    | fabric    | 0       |
|     add_ln55_250_fu_5265_p2                          |     |        | add_ln55_250       | add    | fabric    | 0       |
|     add_ln55_251_fu_5275_p2                          |     |        | add_ln55_251       | add    | fabric    | 0       |
|     add_ln55_252_fu_5286_p2                          |     |        | add_ln55_252       | add    | fabric    | 0       |
|     mac_muladd_8s_8s_32s_32_4_1_U67                  | 1   |        | mul_ln55_62        | mul    | dsp_slice | 3       |
|     mac_muladd_8s_8s_32s_32_4_1_U67                  | 1   |        | sext_ln55_188      | sext   | dsp_slice | 3       |
|     mac_muladd_8s_8s_32s_32_4_1_U67                  | 1   |        | acc_119            | add    | dsp_slice | 3       |
|     add_ln56_62_fu_6288_p2                           |     |        | add_ln56_62        | add    | fabric    | 0       |
|     icmp_ln46_7_fu_3497_p2                           |     |        | icmp_ln46_7        | setlt  | auto      | 0       |
|     add_ln55_254_fu_3517_p2                          |     |        | add_ln55_254       | add    | fabric    | 0       |
|     add_ln55_289_fu_3529_p2                          |     |        | add_ln55_289       | add    | fabric    | 0       |
|     add_ln55_255_fu_3539_p2                          |     |        | add_ln55_255       | add    | fabric    | 0       |
|     add_ln55_256_fu_3549_p2                          |     |        | add_ln55_256       | add    | fabric    | 0       |
|     add_ln55_257_fu_3554_p2                          |     |        | add_ln55_257       | add    | fabric    | 0       |
|     add_ln55_258_fu_3564_p2                          |     |        | add_ln55_258       | add    | fabric    | 0       |
|     mac_muladd_8s_8s_32s_32_4_1_U68                  | 1   |        | mul_ln55_63        | mul    | dsp_slice | 3       |
|     mac_muladd_8s_8s_32s_32_4_1_U68                  | 1   |        | sext_ln55_191      | sext   | dsp_slice | 3       |
|     mac_muladd_8s_8s_32s_32_4_1_U68                  | 1   |        | acc_121            | add    | dsp_slice | 3       |
|     add_ln56_63_fu_6296_p2                           |     |        | add_ln56_63        | add    | fabric    | 0       |
|     add_ln55_260_fu_5303_p2                          |     |        | add_ln55_260       | add    | fabric    | 0       |
|     add_ln55_261_fu_5312_p2                          |     |        | add_ln55_261       | add    | fabric    | 0       |
|     add_ln55_262_fu_5323_p2                          |     |        | add_ln55_262       | add    | fabric    | 0       |
|     mac_muladd_8s_8s_32s_32_4_1_U69                  | 1   |        | mul_ln55_64        | mul    | dsp_slice | 3       |
|     mac_muladd_8s_8s_32s_32_4_1_U69                  | 1   |        | sext_ln55_194      | sext   | dsp_slice | 3       |
|     mac_muladd_8s_8s_32s_32_4_1_U69                  | 1   |        | acc_123            | add    | dsp_slice | 3       |
|     add_ln56_64_fu_6314_p2                           |     |        | add_ln56_64        | add    | fabric    | 0       |
|     add_ln55_264_fu_5334_p2                          |     |        | add_ln55_264       | add    | fabric    | 0       |
|     add_ln55_265_fu_5343_p2                          |     |        | add_ln55_265       | add    | fabric    | 0       |
|     add_ln55_266_fu_5354_p2                          |     |        | add_ln55_266       | add    | fabric    | 0       |
|     mac_muladd_8s_8s_32s_32_4_1_U70                  | 1   |        | mul_ln55_65        | mul    | dsp_slice | 3       |
|     mac_muladd_8s_8s_32s_32_4_1_U70                  | 1   |        | sext_ln55_197      | sext   | dsp_slice | 3       |
|     mac_muladd_8s_8s_32s_32_4_1_U70                  | 1   |        | acc_125            | add    | dsp_slice | 3       |
|     add_ln56_65_fu_6321_p2                           |     |        | add_ln56_65        | add    | fabric    | 0       |
|     add_ln55_268_fu_5365_p2                          |     |        | add_ln55_268       | add    | fabric    | 0       |
|     add_ln55_269_fu_5370_p2                          |     |        | add_ln55_269       | add    | fabric    | 0       |
|     add_ln55_270_fu_5382_p2                          |     |        | add_ln55_270       | add    | fabric    | 0       |
|     mac_muladd_8s_8s_32s_32_4_1_U71                  | 1   |        | mul_ln55_66        | mul    | dsp_slice | 3       |
|     mac_muladd_8s_8s_32s_32_4_1_U71                  | 1   |        | sext_ln55_200      | sext   | dsp_slice | 3       |
|     mac_muladd_8s_8s_32s_32_4_1_U71                  | 1   |        | acc_127            | add    | dsp_slice | 3       |
|     add_ln56_66_fu_6339_p2                           |     |        | add_ln56_66        | add    | fabric    | 0       |
|     add_ln55_272_fu_5393_p2                          |     |        | add_ln55_272       | add    | fabric    | 0       |
|     add_ln55_273_fu_5405_p2                          |     |        | add_ln55_273       | add    | fabric    | 0       |
|     mac_muladd_8s_8s_32s_32_4_1_U72                  | 1   |        | mul_ln55_67        | mul    | dsp_slice | 3       |
|     mac_muladd_8s_8s_32s_32_4_1_U72                  | 1   |        | sext_ln55_203      | sext   | dsp_slice | 3       |
|     mac_muladd_8s_8s_32s_32_4_1_U72                  | 1   |        | acc_129            | add    | dsp_slice | 3       |
|     add_ln56_67_fu_6346_p2                           |     |        | add_ln56_67        | add    | fabric    | 0       |
|     add_ln55_275_fu_5416_p2                          |     |        | add_ln55_275       | add    | fabric    | 0       |
|     add_ln55_276_fu_5428_p2                          |     |        | add_ln55_276       | add    | fabric    | 0       |
|     mac_muladd_8s_8s_32s_32_4_1_U73                  | 1   |        | mul_ln55_68        | mul    | dsp_slice | 3       |
|     mac_muladd_8s_8s_32s_32_4_1_U73                  | 1   |        | sext_ln55_206      | sext   | dsp_slice | 3       |
|     mac_muladd_8s_8s_32s_32_4_1_U73                  | 1   |        | acc_130            | add    | dsp_slice | 3       |
|     add_ln56_68_fu_6352_p2                           |     |        | add_ln56_68        | add    | fabric    | 0       |
|     add_ln55_278_fu_5439_p2                          |     |        | add_ln55_278       | add    | fabric    | 0       |
|     add_ln55_279_fu_5448_p2                          |     |        | add_ln55_279       | add    | fabric    | 0       |
|     add_ln55_280_fu_5459_p2                          |     |        | add_ln55_280       | add    | fabric    | 0       |
|     mac_muladd_8s_8s_32s_32_4_1_U74                  | 1   |        | mul_ln55_69        | mul    | dsp_slice | 3       |
|     mac_muladd_8s_8s_32s_32_4_1_U74                  | 1   |        | sext_ln55_209      | sext   | dsp_slice | 3       |
|     mac_muladd_8s_8s_32s_32_4_1_U74                  | 1   |        | acc_132            | add    | dsp_slice | 3       |
|     add_ln56_69_fu_6370_p2                           |     |        | add_ln56_69        | add    | fabric    | 0       |
|     add_ln55_282_fu_5470_p2                          |     |        | add_ln55_282       | add    | fabric    | 0       |
|     add_ln55_283_fu_5480_p2                          |     |        | add_ln55_283       | add    | fabric    | 0       |
|     add_ln55_284_fu_5491_p2                          |     |        | add_ln55_284       | add    | fabric    | 0       |
|     mac_muladd_8s_8s_32s_32_4_1_U75                  | 1   |        | mul_ln55_70        | mul    | dsp_slice | 3       |
|     mac_muladd_8s_8s_32s_32_4_1_U75                  | 1   |        | sext_ln55_212      | sext   | dsp_slice | 3       |
|     mac_muladd_8s_8s_32s_32_4_1_U75                  | 1   |        | acc_134            | add    | dsp_slice | 3       |
|     add_ln56_70_fu_6377_p2                           |     |        | add_ln56_70        | add    | fabric    | 0       |
|     add_ln55_286_fu_5502_p2                          |     |        | add_ln55_286       | add    | fabric    | 0       |
|     add_ln55_287_fu_5512_p2                          |     |        | add_ln55_287       | add    | fabric    | 0       |
|     add_ln55_288_fu_5523_p2                          |     |        | add_ln55_288       | add    | fabric    | 0       |
|     mac_muladd_8s_8s_32s_32_4_1_U76                  | 1   |        | mul_ln55_71        | mul    | dsp_slice | 3       |
|     mac_muladd_8s_8s_32s_32_4_1_U76                  | 1   |        | sext_ln55_215      | sext   | dsp_slice | 3       |
|     mac_muladd_8s_8s_32s_32_4_1_U76                  | 1   |        | acc_136            | add    | dsp_slice | 3       |
|     add_ln56_71_fu_6395_p2                           |     |        | add_ln56_71        | add    | fabric    | 0       |
|     add_ln36_fu_3576_p2                              |     |        | add_ln36           | add    | fabric    | 0       |
|     add_ln70_1_fu_5547_p2                            |     |        | add_ln70_1         | add    | fabric    | 0       |
|     and_ln66_fu_6533_p2                              |     |        | and_ln66           | and    | auto      | 0       |
|     shifted_1_fu_6538_p3                             |     |        | shifted_1          | select | auto_sel  | 0       |
|     icmp_ln67_fu_6556_p2                             |     |        | icmp_ln67          | setgt  | auto      | 0       |
|     shifted_2_fu_6572_p3                             |     |        | shifted_2          | select | auto_sel  | 0       |
|     icmp_ln68_fu_6578_p2                             |     |        | icmp_ln68          | setlt  | auto      | 0       |
|     select_ln70_fu_6588_p3                           |     |        | select_ln70        | select | auto_sel  | 0       |
|     add_ln31_4_fu_2621_p2                            |     |        | add_ln31_4         | add    | fabric    | 0       |
|     select_ln31_2_fu_2627_p3                         |     |        | select_ln31_2      | select | auto_sel  | 0       |
|  + Block_entry_proc                                  | 2   |        |                    |        |           |         |
|   + copy_passthrough                                 | 1   |        |                    |        |           |         |
|     mul_8ns_8ns_16_1_1_U183                          |     |        | bound              | mul    | auto      | 0       |
|     mul_8ns_16ns_24_1_1_U184                         | 1   |        | bound7             | mul    | auto      | 0       |
|    + copy_passthrough_Pipeline_COPY_OC_COPY_H_COPY_W | 0   |        |                    |        |           |         |
|      add_ln119_fu_415_p2                             |     |        | add_ln119          | add    | fabric    | 0       |
|      icmp_ln115_fu_226_p2                            |     |        | icmp_ln115         | seteq  | auto      | 0       |
|      add_ln115_1_fu_231_p2                           |     |        | add_ln115_1        | add    | fabric    | 0       |
|      add_ln115_fu_275_p2                             |     |        | add_ln115          | add    | fabric    | 0       |
|      icmp_ln117_fu_237_p2                            |     |        | icmp_ln117         | seteq  | auto      | 0       |
|      select_ln115_fu_281_p3                          |     |        | select_ln115       | select | auto_sel  | 0       |
|      select_ln115_1_fu_428_p3                        |     |        | select_ln115_1     | select | auto_sel  | 0       |
|      select_ln115_2_fu_443_p3                        |     |        | select_ln115_2     | select | auto_sel  | 0       |
|      icmp_ln119_fu_288_p2                            |     |        | icmp_ln119         | seteq  | auto      | 0       |
|      icmp_ln119_1_fu_293_p2                          |     |        | icmp_ln119_1       | seteq  | auto      | 0       |
|      select_ln115_3_fu_298_p3                        |     |        | select_ln115_3     | select | auto_sel  | 0       |
|      select_ln115_4_fu_305_p3                        |     |        | select_ln115_4     | select | auto_sel  | 0       |
|      add_ln117_fu_316_p2                             |     |        | add_ln117          | add    | fabric    | 0       |
|      empty_fu_322_p2                                 |     |        | empty              | or     | auto      | 0       |
|      ow_mid2_fu_327_p3                               |     |        | ow_mid2            | select | auto_sel  | 0       |
|      add_ln119_1_fu_461_p2                           |     |        | add_ln119_1        | add    | fabric    | 0       |
|      add_ln119_1_mid2_v_fu_467_p3                    |     |        | add_ln119_1_mid2_v | select | auto_sel  | 0       |
|      add_ln119_1_mid2_fu_478_p2                      |     |        | add_ln119_1_mid2   | add    | fabric    | 0       |
|      select_ln117_fu_335_p3                          |     |        | select_ln117       | select | auto_sel  | 0       |
|      first_iter_0_fu_343_p2                          |     |        | first_iter_0       | seteq  | auto      | 0       |
|      add_ln121_fu_361_p2                             |     |        | add_ln121          | add    | fabric    | 0       |
|      add_ln121_1_fu_512_p2                           |     |        | add_ln121_1        | add    | fabric    | 0       |
|      select_ln121_fu_530_p3                          |     |        | select_ln121       | select | auto_sel  | 0       |
|      add_ln119_2_fu_367_p2                           |     |        | add_ln119_2        | add    | fabric    | 0       |
|      icmp_ln119_2_fu_373_p2                          |     |        | icmp_ln119_2       | seteq  | auto      | 0       |
|      add_ln117_1_fu_242_p2                           |     |        | add_ln117_1        | add    | fabric    | 0       |
|      select_ln117_1_fu_248_p3                        |     |        | select_ln117_1     | select | auto_sel  | 0       |
|   + maxpool2x2                                       | 1   |        |                    |        |           |         |
|     mul_7ns_7ns_14_1_1_U202                          |     |        | bound              | mul    | auto      | 0       |
|     mul_8ns_14ns_22_1_1_U203                         | 1   |        | bound7             | mul    | auto      | 0       |
|    + maxpool2x2_Pipeline_POOL_OC_POOL_H_POOL_W       | 0   |        |                    |        |           |         |
|      add_ln91_fu_425_p2                              |     |        | add_ln91           | add    | fabric    | 0       |
|      icmp_ln85_fu_254_p2                             |     |        | icmp_ln85          | seteq  | auto      | 0       |
|      add_ln85_1_fu_259_p2                            |     |        | add_ln85_1         | add    | fabric    | 0       |
|      add_ln85_fu_303_p2                              |     |        | add_ln85           | add    | fabric    | 0       |
|      icmp_ln87_fu_265_p2                             |     |        | icmp_ln87          | seteq  | auto      | 0       |
|      select_ln85_fu_309_p3                           |     |        | select_ln85        | select | auto_sel  | 0       |
|      select_ln85_1_fu_438_p3                         |     |        | select_ln85_1      | select | auto_sel  | 0       |
|      select_ln85_2_fu_453_p3                         |     |        | select_ln85_2      | select | auto_sel  | 0       |
|      icmp_ln89_fu_316_p2                             |     |        | icmp_ln89          | seteq  | auto      | 0       |
|      icmp_ln89_1_fu_321_p2                           |     |        | icmp_ln89_1        | seteq  | auto      | 0       |
|      select_ln85_3_fu_326_p3                         |     |        | select_ln85_3      | select | auto_sel  | 0       |
|      select_ln85_4_fu_333_p3                         |     |        | select_ln85_4      | select | auto_sel  | 0       |
|      add_ln87_fu_344_p2                              |     |        | add_ln87           | add    | fabric    | 0       |
|      empty_fu_350_p2                                 |     |        | empty              | or     | auto      | 0       |
|      ow_mid2_fu_355_p3                               |     |        | ow_mid2            | select | auto_sel  | 0       |
|      add_ln91_1_fu_471_p2                            |     |        | add_ln91_1         | add    | fabric    | 0       |
|      add_ln91_1_mid2_v_fu_477_p3                     |     |        | add_ln91_1_mid2_v  | select | auto_sel  | 0       |
|      add_ln91_1_mid2_fu_488_p2                       |     |        | add_ln91_1_mid2    | add    | fabric    | 0       |
|      select_ln87_fu_363_p3                           |     |        | select_ln87        | select | auto_sel  | 0       |
|      first_iter_0_fu_371_p2                          |     |        | first_iter_0       | seteq  | auto      | 0       |
|      add_ln91_2_fu_517_p2                            |     |        | add_ln91_2         | add    | fabric    | 0       |
|      add_ln93_fu_542_p2                              |     |        | add_ln93           | add    | fabric    | 0       |
|      add_ln91_3_fu_559_p2                            |     |        | add_ln91_3         | add    | fabric    | 0       |
|      add_ln93_1_fu_571_p2                            |     |        | add_ln93_1         | add    | fabric    | 0       |
|      icmp_ln96_fu_589_p2                             |     |        | icmp_ln96          | setgt  | auto      | 0       |
|      m0_fu_595_p3                                    |     |        | m0                 | select | auto_sel  | 0       |
|      icmp_ln97_fu_603_p2                             |     |        | icmp_ln97          | setgt  | auto      | 0       |
|      m1_fu_609_p3                                    |     |        | m1                 | select | auto_sel  | 0       |
|      icmp_ln98_fu_617_p2                             |     |        | icmp_ln98          | setgt  | auto      | 0       |
|      select_ln98_fu_621_p3                           |     |        | select_ln98        | select | auto_sel  | 0       |
|      add_ln89_fu_377_p2                              |     |        | add_ln89           | add    | fabric    | 0       |
|      icmp_ln89_2_fu_383_p2                           |     |        | icmp_ln89_2        | seteq  | auto      | 0       |
|      add_ln87_1_fu_270_p2                            |     |        | add_ln87_1         | add    | fabric    | 0       |
|      select_ln87_1_fu_276_p3                         |     |        | select_ln87_1      | select | auto_sel  | 0       |
+------------------------------------------------------+-----+--------+--------------------+--------+-----------+---------+


================================================================
== Storage Report
================================================================
+-----------------------------------------------------------------------------+----------------+-------------+------+------+--------+-------------------------------------------------------------------------+------+---------+------------------+
| Name                                                                        | Usage          | Type        | BRAM | URAM | Pragma | Variable                                                                | Impl | Latency | Bitwidth, Depth, |
|                                                                             |                |             |      |      |        |                                                                         |      |         | Banks            |
+-----------------------------------------------------------------------------+----------------+-------------+------+------+--------+-------------------------------------------------------------------------+------+---------+------------------+
| + dpu_conv_top                                                              |                |             | 290  | 0    |        |                                                                         |      |         |                  |
|   CTRL_s_axi_U                                                              | interface      | s_axilite   |      |      |        |                                                                         |      |         |                  |
|   control_s_axi_U                                                           | interface      | s_axilite   |      |      |        |                                                                         |      |         |                  |
|   gmem0_m_axi_U                                                             | interface      | m_axi       |      |      |        |                                                                         |      |         |                  |
|   gmem0_0_m_axi_U                                                           | interface      | m_axi       | 2    |      |        |                                                                         |      |         |                  |
|   gmem0_1_m_axi_U                                                           | interface      | m_axi       | 2    |      |        |                                                                         |      |         |                  |
|   gmem0_2_m_axi_U                                                           | interface      | m_axi       | 2    |      |        |                                                                         |      |         |                  |
|   gmem0_3_m_axi_U                                                           | interface      | m_axi       | 2    |      |        |                                                                         |      |         |                  |
|   gmem0_4_m_axi_U                                                           | interface      | m_axi       | 2    |      |        |                                                                         |      |         |                  |
|   gmem0_5_m_axi_U                                                           | interface      | m_axi       | 2    |      |        |                                                                         |      |         |                  |
|   gmem0_6_m_axi_U                                                           | interface      | m_axi       | 2    |      |        |                                                                         |      |         |                  |
|   gmem0_7_m_axi_U                                                           | interface      | m_axi       | 2    |      |        |                                                                         |      |         |                  |
|   gmem1_m_axi_U                                                             | interface      | m_axi       | 2    |      |        |                                                                         |      |         |                  |
|   gmem1_0_m_axi_U                                                           | interface      | m_axi       | 2    |      |        |                                                                         |      |         |                  |
|   gmem1_1_m_axi_U                                                           | interface      | m_axi       | 2    |      |        |                                                                         |      |         |                  |
|   gmem1_2_m_axi_U                                                           | interface      | m_axi       | 2    |      |        |                                                                         |      |         |                  |
|   gmem1_3_m_axi_U                                                           | interface      | m_axi       | 2    |      |        |                                                                         |      |         |                  |
|   gmem1_4_m_axi_U                                                           | interface      | m_axi       | 2    |      |        |                                                                         |      |         |                  |
|   gmem1_5_m_axi_U                                                           | interface      | m_axi       | 2    |      |        |                                                                         |      |         |                  |
|   gmem1_6_m_axi_U                                                           | interface      | m_axi       | 2    |      |        |                                                                         |      |         |                  |
|   gmem1_7_m_axi_U                                                           | interface      | m_axi       | 2    |      |        |                                                                         |      |         |                  |
|   ofmap_c_U                                                                 | fifo channel   | scalar prop |      |      |        | ofmap_c                                                                 | srl  | 0       | 64, 4, 1         |
|   do_pool_c_U                                                               | fifo channel   | scalar prop |      |      |        | do_pool_c                                                               | srl  | 0       | 1, 4, 1          |
|   dpu_conv_top_ap_int_64_64_ap_int_64_3_3_ap_int_ap_int_64_64_1_U           | ram_2p channel | pipo        | 128  |      |        | dpu_conv_top_ap_int_64_64_ap_int_64_3_3_ap_int_ap_int_64_64_1           | auto | 1       | 8, 131072, 2     |
|   dpu_mulmulmulmulconv_top_ap_int_64_64_ap_int_64_3_3_ap_int_ap_int_64_64_U | ram_2p channel | pipo        | 128  |      |        | dpu_mulmulmulmulconv_top_ap_int_64_64_ap_int_64_3_3_ap_int_ap_int_64_64 | auto | 1       | 8, 131072, 2     |
|   mac_count_U                                                               | fifo channel   | task level  |      |      |        | mac_count                                                               | srl  | 0       | 32, 2, 1         |
|   cycle_count_U                                                             | fifo channel   | task level  |      |      |        | cycle_count                                                             | srl  | 0       | 32, 2, 1         |
|   in_h_c_channel_U                                                          | fifo channel   | task level  |      |      |        | in_h_c_channel                                                          | srl  | 0       | 8, 2, 1          |
|   in_w_c_channel_U                                                          | fifo channel   | task level  |      |      |        | in_w_c_channel                                                          | srl  | 0       | 8, 2, 1          |
|   out_ch_c_channel_U                                                        | fifo channel   | task level  |      |      |        | out_ch_c_channel                                                        | srl  | 0       | 8, 2, 1          |
+-----------------------------------------------------------------------------+----------------+-------------+------+------+--------+-------------------------------------------------------------------------+------+---------+------------------+


================================================================
== Pragma Report
================================================================
* Pragmas with Warnings
+-----------------+---------------------------------------------------------------------------------------------------------------------------------------------------------------------------------------------------------------------------------------------+----------------------------------------------------------------------------------------------------------------------------------------------------------------------------------------------------------------------------------------------------------------------------------+------------------------------------------------------------------------------------------------------------------------------------------------------------------------------------+
| Type            | Options                                                                                                                                                                                                                                     | Location                                                                                                                                                                                                                                                                         | Messages                                                                                                                                                                           |
+-----------------+---------------------------------------------------------------------------------------------------------------------------------------------------------------------------------------------------------------------------------------------+----------------------------------------------------------------------------------------------------------------------------------------------------------------------------------------------------------------------------------------------------------------------------------+------------------------------------------------------------------------------------------------------------------------------------------------------------------------------------+
| DATAFLOW        |                                                                                                                                                                                                                                             | in dpu_conv_top (C:/Users/user/Downloads/files/dpu_conv.cpp:160)                                                                                                                                                                                                                 | Since the only kind of statements allowed in a canonical dataflow region are variable declarations and function calls, the compiler may not be able to correctly handle the region |
| ARRAY_PARTITION | dim=3 type=cyclic factor=2 variable=dpu_conv_top(ap_int<8> (*) [64][64], ap_int<8> (*) [64][3][3], ap_int<32>*, ap_int<8> (*) [64][64], ap_uint<8>, ap_uint<8>, ap_uint<8>, ap_uint<8>, ap_uint<1>, ap_uint<1>, perf_counters_t&)::conv_buf | variable dpu_conv_top(ap_int<8> (*) [64][64], ap_int<8> (*) [64][3][3], ap_int<32>*, ap_int<8> (*) [64][64], ap_uint<8>, ap_uint<8>, ap_uint<8>, ap_uint<8>, ap_uint<1>, ap_uint<1>, perf_counters_t&)::conv_buf in dpu_conv_top (C:/Users/user/Downloads/files/dpu_conv.cpp:28) | Static scalars and arrays declared inside a dataflow region will be treated like local variables                                                                                   |
+-----------------+---------------------------------------------------------------------------------------------------------------------------------------------------------------------------------------------------------------------------------------------+----------------------------------------------------------------------------------------------------------------------------------------------------------------------------------------------------------------------------------------------------------------------------------+------------------------------------------------------------------------------------------------------------------------------------------------------------------------------------+

* Inferred Pragmas
+-----------------+---------------------------------------------------------------------------------------------------------------------------------------------------------------------------------------------------------------------------------------------+-----------------------------------------------------------------------------------------------------------------------------------------------------------------------------------------------------------------------------------------------------------------------------------+---------------------------------------------------------+
| Type            | Options                                                                                                                                                                                                                                     | Location                                                                                                                                                                                                                                                                          | Inferred From                                           |
+-----------------+---------------------------------------------------------------------------------------------------------------------------------------------------------------------------------------------------------------------------------------------+-----------------------------------------------------------------------------------------------------------------------------------------------------------------------------------------------------------------------------------------------------------------------------------+---------------------------------------------------------+
| LOOP_FLATTEN    |                                                                                                                                                                                                                                             | loop OW_LOOP (C:/Users/user/Downloads/files/dpu_conv.cpp:31:13) in conv3x3_relu (C:/Users/user/Downloads/files/dpu_conv.cpp:31)                                                                                                                                                   | pipeline C:/Users/user/Downloads/files/dpu_conv.cpp:40  |
| LOOP_FLATTEN    |                                                                                                                                                                                                                                             | loop OH_LOOP (C:/Users/user/Downloads/files/dpu_conv.cpp:28:9) in conv3x3_relu (C:/Users/user/Downloads/files/dpu_conv.cpp:28)                                                                                                                                                    | pipeline C:/Users/user/Downloads/files/dpu_conv.cpp:40  |
| ARRAY_PARTITION | dim=3 type=cyclic factor=2 variable=dpu_conv_top(ap_int<8> (*) [64][64], ap_int<8> (*) [64][3][3], ap_int<32>*, ap_int<8> (*) [64][64], ap_uint<8>, ap_uint<8>, ap_uint<8>, ap_uint<8>, ap_uint<1>, ap_uint<1>, perf_counters_t&)::conv_buf | variable dpu_conv_top(ap_int<8> (*) [64][64], ap_int<8> (*) [64][3][3], ap_int<32>*, ap_int<8> (*) [64][64], ap_uint<8>, ap_uint<8>, ap_uint<8>, ap_uint<8>, ap_uint<1>, ap_uint<1>, perf_counters_t&)::conv_buf in dpu_conv_top (C:/Users/user/Downloads/files/dpu_conv.cpp:159) | pipeline C:/Users/user/Downloads/files/dpu_conv.cpp:90  |
| LOOP_FLATTEN    |                                                                                                                                                                                                                                             | loop POOL_H (C:/Users/user/Downloads/files/dpu_conv.cpp:87:9) in maxpool2x2 (C:/Users/user/Downloads/files/dpu_conv.cpp:87)                                                                                                                                                       | pipeline C:/Users/user/Downloads/files/dpu_conv.cpp:90  |
| LOOP_FLATTEN    |                                                                                                                                                                                                                                             | loop POOL_OC (C:/Users/user/Downloads/files/dpu_conv.cpp:85:5) in maxpool2x2 (C:/Users/user/Downloads/files/dpu_conv.cpp:85)                                                                                                                                                      | pipeline C:/Users/user/Downloads/files/dpu_conv.cpp:90  |
| LOOP_FLATTEN    |                                                                                                                                                                                                                                             | loop COPY_H (C:/Users/user/Downloads/files/dpu_conv.cpp:117:9) in copy_passthrough (C:/Users/user/Downloads/files/dpu_conv.cpp:117)                                                                                                                                               | pipeline C:/Users/user/Downloads/files/dpu_conv.cpp:120 |
| LOOP_FLATTEN    |                                                                                                                                                                                                                                             | loop COPY_OC (C:/Users/user/Downloads/files/dpu_conv.cpp:115:5) in copy_passthrough (C:/Users/user/Downloads/files/dpu_conv.cpp:115)                                                                                                                                              | pipeline C:/Users/user/Downloads/files/dpu_conv.cpp:120 |
+-----------------+---------------------------------------------------------------------------------------------------------------------------------------------------------------------------------------------------------------------------------------------+-----------------------------------------------------------------------------------------------------------------------------------------------------------------------------------------------------------------------------------------------------------------------------------+---------------------------------------------------------+

* Valid Pragma Syntax
+-----------------+---------------------------------------------------------+----------------------------------------------------------------------+
| Type            | Options                                                 | Location                                                             |
+-----------------+---------------------------------------------------------+----------------------------------------------------------------------+
| ARRAY_PARTITION | variable=ifmap dim=1 cyclic factor=8                    | in conv3x3_relu (C:/Users/user/Downloads/files/dpu_conv.cpp:19)      |
| ARRAY_PARTITION | variable=weight dim=2 cyclic factor=8                   | in conv3x3_relu (C:/Users/user/Downloads/files/dpu_conv.cpp:20)      |
| LOOP_TRIPCOUNT  | min=1 max=64 avg=4                                      | in conv3x3_relu (C:/Users/user/Downloads/files/dpu_conv.cpp:26)      |
| LOOP_TRIPCOUNT  | min=1 max=64 avg=16                                     | in conv3x3_relu (C:/Users/user/Downloads/files/dpu_conv.cpp:29)      |
| LOOP_TRIPCOUNT  | min=1 max=64 avg=16                                     | in conv3x3_relu (C:/Users/user/Downloads/files/dpu_conv.cpp:32)      |
| PIPELINE        | ii=1                                                    | in conv3x3_relu (C:/Users/user/Downloads/files/dpu_conv.cpp:40)      |
| UNROLL          |                                                         | in conv3x3_relu (C:/Users/user/Downloads/files/dpu_conv.cpp:44)      |
| UNROLL          |                                                         | in conv3x3_relu (C:/Users/user/Downloads/files/dpu_conv.cpp:50)      |
| PIPELINE        | ii=1                                                    | in maxpool2x2 (C:/Users/user/Downloads/files/dpu_conv.cpp:90)        |
| PIPELINE        | ii=1                                                    | in copy_passthrough (C:/Users/user/Downloads/files/dpu_conv.cpp:120) |
| INTERFACE       | m_axi port=ifmap offset=slave bundle=gmem0 depth=262144 | in dpu_conv_top (C:/Users/user/Downloads/files/dpu_conv.cpp:143)     |
| INTERFACE       | m_axi port=weight offset=slave bundle=gmem1 depth=36864 | in dpu_conv_top (C:/Users/user/Downloads/files/dpu_conv.cpp:144)     |
| INTERFACE       | m_axi port=bias offset=slave bundle=gmem1 depth=64      | in dpu_conv_top (C:/Users/user/Downloads/files/dpu_conv.cpp:145)     |
| INTERFACE       | m_axi port=ofmap offset=slave bundle=gmem0 depth=262144 | in dpu_conv_top (C:/Users/user/Downloads/files/dpu_conv.cpp:146)     |
| INTERFACE       | s_axilite port=in_h bundle=CTRL                         | in dpu_conv_top (C:/Users/user/Downloads/files/dpu_conv.cpp:149)     |
| INTERFACE       | s_axilite port=in_w bundle=CTRL                         | in dpu_conv_top (C:/Users/user/Downloads/files/dpu_conv.cpp:150)     |
| INTERFACE       | s_axilite port=in_ch bundle=CTRL                        | in dpu_conv_top (C:/Users/user/Downloads/files/dpu_conv.cpp:151)     |
| INTERFACE       | s_axilite port=out_ch bundle=CTRL                       | in dpu_conv_top (C:/Users/user/Downloads/files/dpu_conv.cpp:152)     |
| INTERFACE       | s_axilite port=do_relu bundle=CTRL                      | in dpu_conv_top (C:/Users/user/Downloads/files/dpu_conv.cpp:153)     |
| INTERFACE       | s_axilite port=do_pool bundle=CTRL                      | in dpu_conv_top (C:/Users/user/Downloads/files/dpu_conv.cpp:154)     |
| INTERFACE       | s_axilite port=perf bundle=CTRL                         | in dpu_conv_top (C:/Users/user/Downloads/files/dpu_conv.cpp:155)     |
| INTERFACE       | s_axilite port=return bundle=CTRL                       | in dpu_conv_top (C:/Users/user/Downloads/files/dpu_conv.cpp:156)     |
+-----------------+---------------------------------------------------------+----------------------------------------------------------------------+


